match_id,date,gender,competition,competition_id,stage,team_a,team_b,team_a_score,team_b_score,sets_a,sets_b,winner,venue,country_host,neutral,source,source_match_id,tournament_no,no_in_tournament
fivb_vis:2228,2009-11-18,men,World Cup,WC_MEN,other,EGY,IRN,101,103,2,3,team_b,Osaka Municipal Central Gym,,True,fivb_vis,2228,,
fivb_vis:2229,2009-11-18,men,World Cup,WC_MEN,other,CUB,BRA,101,112,2,3,team_b,Osaka Municipal Central Gym,,True,fivb_vis,2229,,
fivb_vis:2230,2009-11-18,men,World Cup,WC_MEN,other,JPN,POL,108,96,3,2,team_a,Osaka Municipal Central Gym,,True,fivb_vis,2230,,
fivb_vis:2231,2009-11-19,men,World Cup,WC_MEN,other,IRN,BRA,84,98,1,3,team_b,Osaka Municipal Central Gym,,True,fivb_vis,2231,,
fivb_vis:2232,2009-11-19,men,World Cup,WC_MEN,other,POL,CUB,83,97,1,3,team_b,Osaka Municipal Central Gym,,True,fivb_vis,2232,,
fivb_vis:2233,2009-11-19,men,World Cup,WC_MEN,other,EGY,JPN,78,97,1,3,team_b,Osaka Municipal Central Gym,,True,fivb_vis,2233,,
fivb_vis:2234,2009-11-21,men,World Cup,WC_MEN,other,BRA,POL,75,52,3,0,team_a,Nippongaishi Hall,,True,fivb_vis,2234,,
fivb_vis:2235,2009-11-21,men,World Cup,WC_MEN,other,CUB,EGY,111,88,3,2,team_a,Nippongaishi Hall,,True,fivb_vis,2235,,
fivb_vis:2236,2009-11-21,men,World Cup,WC_MEN,other,JPN,IRN,106,112,3,2,team_a,Nippongaishi Hall,,True,fivb_vis,2236,,
fivb_vis:2237,2009-11-22,men,World Cup,WC_MEN,other,EGY,BRA,65,75,0,3,team_b,Nippongaishi Hall,,True,fivb_vis,2237,,
fivb_vis:2238,2009-11-22,men,World Cup,WC_MEN,other,IRN,POL,97,96,1,3,team_b,Nippongaishi Hall,,True,fivb_vis,2238,,
fivb_vis:2239,2009-11-22,men,World Cup,WC_MEN,other,JPN,CUB,61,75,0,3,team_b,Nippongaishi Hall,,True,fivb_vis,2239,,
fivb_vis:2240,2009-11-23,men,World Cup,WC_MEN,other,CUB,IRN,90,76,3,1,team_a,Nippongaishi Hall,,True,fivb_vis,2240,,
fivb_vis:2241,2009-11-23,men,World Cup,WC_MEN,other,POL,EGY,75,56,3,0,team_a,Nippongaishi Hall,,True,fivb_vis,2241,,
fivb_vis:2242,2009-11-23,men,World Cup,WC_MEN,other,BRA,JPN,76,58,3,0,team_a,Nippongaishi Hall,,True,fivb_vis,2242,,
fivb_vis:7853,2016-11-30,women,World Championship,WCH_WOMEN,other,PAN,SLV,75,67,3,0,team_a,Gimnasio Nacional de Voleibol,,True,fivb_vis,7853,,
fivb_vis:7854,2016-11-30,women,World Championship,WCH_WOMEN,other,GTM,HND,108,97,3,2,team_a,Gimnasio Nacional de Voleibol,,True,fivb_vis,7854,,
fivb_vis:7855,2016-12-01,women,World Championship,WCH_WOMEN,other,SLV,GTM,58,75,0,3,team_b,Gimnasio Nacional de Voleibol,,True,fivb_vis,7855,,
fivb_vis:7856,2016-12-01,women,World Championship,WCH_WOMEN,other,NIC,PAN,97,86,3,1,team_a,Gimnasio Nacional de Voleibol,,True,fivb_vis,7856,,
fivb_vis:7857,2016-12-02,women,World Championship,WCH_WOMEN,other,PAN,GTM,53,75,0,3,team_b,Gimnasio Nacional de Voleibol,,True,fivb_vis,7857,,
fivb_vis:7858,2016-12-02,women,World Championship,WCH_WOMEN,other,NIC,HND,75,56,3,0,team_a,Estado Nacional de Voleibol,,True,fivb_vis,7858,,
fivb_vis:7859,2016-12-03,women,World Championship,WCH_WOMEN,other,HND,SLV,98,109,2,3,team_b,Gimnasio Nacional de Voleibol,,True,fivb_vis,7859,,
fivb_vis:7860,2016-12-03,women,World Championship,WCH_WOMEN,other,GTM,NIC,51,75,0,3,team_b,Gimnasio Nacional de Voleibol,,True,fivb_vis,7860,,
fivb_vis:7861,2016-12-04,women,World Championship,WCH_WOMEN,other,HND,PAN,84,102,1,3,team_b,Gimnasio Nacional de Voleibol,,True,fivb_vis,7861,,
fivb_vis:7862,2016-12-04,women,World Championship,WCH_WOMEN,other,SLV,NIC,54,75,0,3,team_b,Gimnasio Nacional de Voleibol,,True,fivb_vis,7862,,
fivb_vis:7459,2016-09-11,men,World Championship,WCH_MEN,other,CHN,LKA,87,91,1,3,team_b,Volleyball House,,True,fivb_vis,7459,,
fivb_vis:7460,2016-09-11,men,World Championship,WCH_MEN,other,VEN,LBN,75,57,3,0,team_a,Volleyball House,,True,fivb_vis,7460,,
fivb_vis:7461,2016-09-11,men,World Championship,WCH_MEN,other,IRN,ZMB,75,25,3,0,team_a,Volleyball House,,True,fivb_vis,7461,,
fivb_vis:7462,2016-09-11,men,World Championship,WCH_MEN,other,PSE,KOR,36,75,0,3,team_b,Volleyball House,,True,fivb_vis,7462,,
fivb_vis:7463,2016-09-12,men,World Championship,WCH_MEN,other,LKA,VEN,99,109,2,3,team_b,Volleyball House,,True,fivb_vis,7463,,
fivb_vis:7464,2016-09-12,men,World Championship,WCH_MEN,other,ZMB,PAK,31,75,0,3,team_b,Volleyball House,,True,fivb_vis,7464,,
fivb_vis:7465,2016-09-12,men,World Championship,WCH_MEN,other,PSE,IRN,37,75,0,3,team_b,Volleyball House,,True,fivb_vis,7465,,
fivb_vis:7466,2016-09-12,men,World Championship,WCH_MEN,other,PRK,LBN,76,61,3,0,team_a,Volleyball House,,True,fivb_vis,7466,,
fivb_vis:7467,2016-09-13,men,World Championship,WCH_MEN,other,PSE,PAK,47,75,0,3,team_b,Volleyball House,,True,fivb_vis,7467,,
fivb_vis:7468,2016-09-13,men,World Championship,WCH_MEN,other,PRK,LKA,65,75,0,3,team_b,Volleyball House,,True,fivb_vis,7468,,
fivb_vis:7469,2016-09-13,men,World Championship,WCH_MEN,other,KOR,IRN,77,95,1,3,team_b,Volleyball House,,True,fivb_vis,7469,,
fivb_vis:7470,2016-09-13,men,World Championship,WCH_MEN,other,CHN,VEN,76,60,3,0,team_a,Volleyball House,,True,fivb_vis,7470,,
fivb_vis:7471,2016-09-14,men,World Championship,WCH_MEN,other,ZMB,KOR,30,75,0,3,team_b,Volleyball House,,True,fivb_vis,7471,,
fivb_vis:7472,2016-09-14,men,World Championship,WCH_MEN,other,PRK,VEN,123,128,3,2,team_a,Volleyball House,,True,fivb_vis,7472,,
fivb_vis:7473,2016-09-14,men,World Championship,WCH_MEN,other,PAK,IRN,51,75,0,3,team_b,Volleyball House,,True,fivb_vis,7473,,
fivb_vis:7474,2016-09-14,men,World Championship,WCH_MEN,other,LBN,CHN,47,75,0,3,team_b,Volleyball House,,True,fivb_vis,7474,,
fivb_vis:7475,2016-09-15,men,World Championship,WCH_MEN,other,PSE,ZMB,75,59,3,0,team_a,Volleyball House,,True,fivb_vis,7475,,
fivb_vis:7476,2016-09-15,men,World Championship,WCH_MEN,other,PRK,CHN,51,75,0,3,team_b,Volleyball House,,True,fivb_vis,7476,,
fivb_vis:7477,2016-09-15,men,World Championship,WCH_MEN,other,LBN,LKA,58,81,0,3,team_b,Volleyball House,,True,fivb_vis,7477,,
fivb_vis:7478,2016-09-15,men,World Championship,WCH_MEN,other,KOR,PAK,79,70,3,0,team_a,Volleyball House,,True,fivb_vis,7478,,
fivb_vis:7479,2016-09-17,men,World Championship,WCH_MEN,other,ZMB,LBN,57,75,0,3,team_b,Volleyball House,,True,fivb_vis,7479,,
fivb_vis:7480,2016-09-17,men,World Championship,WCH_MEN,other,PAK,PRK,75,60,3,0,team_a,Volleyball House,,True,fivb_vis,7480,,
fivb_vis:7481,2016-09-17,men,World Championship,WCH_MEN,other,VEN,PSE,75,48,3,0,team_a,Volleyball House,,True,fivb_vis,7481,,
fivb_vis:7482,2016-09-17,men,World Championship,WCH_MEN,other,IRN,CHN,90,88,3,1,team_a,Volleyball House,,True,fivb_vis,7482,,
fivb_vis:7483,2016-09-17,men,World Championship,WCH_MEN,other,LKA,KOR,77,100,1,3,team_b,Volleyball House,,True,fivb_vis,7483,,
fivb_vis:7484,2016-09-18,men,World Championship,WCH_MEN,other,PRK,PSE,75,48,3,0,team_a,Volleyball House,,True,fivb_vis,7484,,
fivb_vis:7485,2016-09-18,men,World Championship,WCH_MEN,other,PAK,VEN,75,59,3,0,team_a,Volleyball House,,True,fivb_vis,7485,,
fivb_vis:7486,2016-09-18,men,World Championship,WCH_MEN,other,CHN,LKA,75,45,3,0,team_a,Volleyball House,,True,fivb_vis,7486,,
fivb_vis:7487,2016-09-18,men,World Championship,WCH_MEN,other,IRN,KOR,77,67,3,0,team_a,Volleyball House,,True,fivb_vis,7487,,
fivb_vis:9057,2018-09-09,men,World Championship,WCH_MEN,other,BGR,FIN,75,62,3,0,team_a,Palace Culture & Sport,,True,fivb_vis,9057,,
fivb_vis:9058,2018-09-09,men,World Championship,WCH_MEN,other,ITA,JPN,75,64,3,0,team_a,Foro Italico,,True,fivb_vis,9058,,
fivb_vis:9059,2018-09-12,men,World Championship,WCH_MEN,other,FRA,CHN,75,58,3,0,team_a,Bulstrad Arena,,True,fivb_vis,9059,,
fivb_vis:9060,2018-09-12,men,World Championship,WCH_MEN,other,CMR,TUN,78,67,3,0,team_a,Palaflorio,,True,fivb_vis,9060,,
fivb_vis:9061,2018-09-12,men,World Championship,WCH_MEN,other,NLD,CAN,56,75,0,3,team_b,Bulstrad Arena,,True,fivb_vis,9061,,
fivb_vis:9062,2018-09-12,men,World Championship,WCH_MEN,other,IRN,PRI,75,51,3,0,team_a,Palace Culture & Sport,,True,fivb_vis,9062,,
fivb_vis:9063,2018-09-12,men,World Championship,WCH_MEN,other,DOM,SVN,68,97,1,3,team_b,Mandela Forum,,True,fivb_vis,9063,,
fivb_vis:9064,2018-09-12,men,World Championship,WCH_MEN,other,AUS,RUS,57,75,0,3,team_b,Palaflorio,,True,fivb_vis,9064,,
fivb_vis:9065,2018-09-12,men,World Championship,WCH_MEN,other,BRA,EGY,75,59,3,0,team_a,Monbat Arena,,True,fivb_vis,9065,,
fivb_vis:9066,2018-09-12,men,World Championship,WCH_MEN,other,CUB,POL,76,96,1,3,team_b,Palace Culture & Sport,,True,fivb_vis,9066,,
fivb_vis:9067,2018-09-12,men,World Championship,WCH_MEN,other,BEL,ARG,97,82,3,1,team_a,Mandela Forum,,True,fivb_vis,9067,,
fivb_vis:9068,2018-09-12,men,World Championship,WCH_MEN,other,USA,SRB,101,94,3,2,team_a,Palaflorio,,True,fivb_vis,9068,,
fivb_vis:9069,2018-09-13,men,World Championship,WCH_MEN,other,EGY,CAN,72,82,0,3,team_b,Bulstrad Arena,,True,fivb_vis,9069,,
fivb_vis:9070,2018-09-13,men,World Championship,WCH_MEN,other,PRI,POL,41,75,0,3,team_b,Palace Culture & Sport,,True,fivb_vis,9070,,
fivb_vis:9071,2018-09-13,men,World Championship,WCH_MEN,other,DOM,JPN,52,75,0,3,team_b,Mandela Forum,,True,fivb_vis,9071,,
fivb_vis:9072,2018-09-13,men,World Championship,WCH_MEN,other,AUS,USA,103,110,2,3,team_b,Palaflorio,,True,fivb_vis,9072,,
fivb_vis:9073,2018-09-13,men,World Championship,WCH_MEN,other,BRA,FRA,109,102,3,2,team_a,Bulstrad Arena,,True,fivb_vis,9073,,
fivb_vis:9074,2018-09-13,men,World Championship,WCH_MEN,other,IRN,BGR,97,86,3,1,team_a,Palace Culture & Sport,,True,fivb_vis,9074,,
fivb_vis:9075,2018-09-13,men,World Championship,WCH_MEN,other,ITA,BEL,75,53,3,0,team_a,Mandela Forum,,True,fivb_vis,9075,,
fivb_vis:9076,2018-09-13,men,World Championship,WCH_MEN,other,CMR,SRB,61,80,0,3,team_b,Palaflorio,,True,fivb_vis,9076,,
fivb_vis:9077,2018-09-14,men,World Championship,WCH_MEN,other,CHN,NLD,72,98,1,3,team_b,Monbat Arena,,True,fivb_vis,9077,,
fivb_vis:9078,2018-09-14,men,World Championship,WCH_MEN,other,FIN,CUB,95,79,3,1,team_a,Palace Culture & Sport,,True,fivb_vis,9078,,
fivb_vis:9079,2018-09-14,men,World Championship,WCH_MEN,other,JPN,SVN,78,97,1,3,team_b,Mandela Forum,,True,fivb_vis,9079,,
fivb_vis:9080,2018-09-14,men,World Championship,WCH_MEN,other,AUS,CMR,96,84,3,1,team_a,Palaflorio,,True,fivb_vis,9080,,
fivb_vis:9081,2018-09-14,men,World Championship,WCH_MEN,other,FRA,EGY,75,61,3,0,team_a,Monbat Arena,,True,fivb_vis,9081,,
fivb_vis:9082,2018-09-14,men,World Championship,WCH_MEN,other,BGR,PRI,75,55,3,0,team_a,Palace Culture & Sport,,True,fivb_vis,9082,,
fivb_vis:9083,2018-09-14,men,World Championship,WCH_MEN,other,ARG,DOM,76,54,3,0,team_a,Mandela Forum,,True,fivb_vis,9083,,
fivb_vis:9084,2018-09-14,men,World Championship,WCH_MEN,other,RUS,TUN,75,44,3,0,team_a,Palaflorio,,True,fivb_vis,9084,,
fivb_vis:9085,2018-09-15,men,World Championship,WCH_MEN,other,CAN,CHN,96,89,3,1,team_a,Monbat Arena,,True,fivb_vis,9085,,
fivb_vis:9086,2018-09-15,men,World Championship,WCH_MEN,other,CUB,IRN,84,92,1,3,team_b,Palace Culture & Sport,,True,fivb_vis,9086,,
fivb_vis:9087,2018-09-15,men,World Championship,WCH_MEN,other,BEL,SVN,105,108,2,3,team_b,Mandela Forum,,True,fivb_vis,9087,,
fivb_vis:9088,2018-09-15,men,World Championship,WCH_MEN,other,SRB,TUN,95,86,3,1,team_a,Palaflorio,,True,fivb_vis,9088,,
fivb_vis:9089,2018-09-15,men,World Championship,WCH_MEN,other,NLD,BRA,96,86,3,1,team_a,Monbat Arena,,True,fivb_vis,9089,,
fivb_vis:9090,2018-09-15,men,World Championship,WCH_MEN,other,POL,FIN,101,79,3,1,team_a,Palace Culture & Sport,,True,fivb_vis,9090,,
fivb_vis:9091,2018-09-15,men,World Championship,WCH_MEN,other,ITA,ARG,100,89,3,1,team_a,Mandela Forum,,True,fivb_vis,9091,,
fivb_vis:9092,2018-09-15,men,World Championship,WCH_MEN,other,USA,RUS,95,91,3,1,team_a,Palaflorio,,True,fivb_vis,9092,,
fivb_vis:9093,2018-09-16,men,World Championship,WCH_MEN,other,CHN,EGY,96,96,1,3,team_b,Monbat Arena,,True,fivb_vis,9093,,
fivb_vis:9094,2018-09-16,men,World Championship,WCH_MEN,other,PRI,FIN,106,113,2,3,team_b,Palace Culture & Sport,,True,fivb_vis,9094,,
fivb_vis:9095,2018-09-16,men,World Championship,WCH_MEN,other,JPN,BEL,81,89,1,3,team_b,Mandela Forum,,True,fivb_vis,9095,,
fivb_vis:9096,2018-09-16,men,World Championship,WCH_MEN,other,CMR,USA,52,75,0,3,team_b,Palaflorio,,True,fivb_vis,9096,,
fivb_vis:9097,2018-09-16,men,World Championship,WCH_MEN,other,NLD,FRA,107,107,3,2,team_a,Monbat Arena,,True,fivb_vis,9097,,
fivb_vis:9098,2018-09-16,men,World Championship,WCH_MEN,other,CUB,BGR,56,75,0,3,team_b,Palace Culture & Sport,,True,fivb_vis,9098,,
fivb_vis:9099,2018-09-16,men,World Championship,WCH_MEN,other,DOM,ITA,45,75,0,3,team_b,Mandela Forum,,True,fivb_vis,9099,,
fivb_vis:9100,2018-09-16,men,World Championship,WCH_MEN,other,SRB,AUS,96,81,3,1,team_a,Palaflorio,,True,fivb_vis,9100,,
fivb_vis:9101,2018-09-17,men,World Championship,WCH_MEN,other,EGY,NLD,80,98,1,3,team_b,Monbat Arena,,True,fivb_vis,9101,,
fivb_vis:9102,2018-09-17,men,World Championship,WCH_MEN,other,CUB,PRI,97,78,3,1,team_a,Palace Culture & Sport,,True,fivb_vis,9102,,
fivb_vis:9103,2018-09-17,men,World Championship,WCH_MEN,other,BEL,DOM,75,48,3,0,team_a,Mandela Forum,,True,fivb_vis,9103,,
fivb_vis:9104,2018-09-17,men,World Championship,WCH_MEN,other,RUS,CMR,80,59,3,0,team_a,Palaflorio,,True,fivb_vis,9104,,
fivb_vis:9105,2018-09-17,men,World Championship,WCH_MEN,other,BRA,CAN,94,88,3,1,team_a,Monbat Arena,,True,fivb_vis,9105,,
fivb_vis:9106,2018-09-17,men,World Championship,WCH_MEN,other,IRN,POL,63,75,0,3,team_b,Palace Culture & Sport,,True,fivb_vis,9106,,
fivb_vis:9107,2018-09-17,men,World Championship,WCH_MEN,other,ARG,SVN,114,102,3,2,team_a,Mandela Forum,,True,fivb_vis,9107,,
fivb_vis:9108,2018-09-17,men,World Championship,WCH_MEN,other,AUS,TUN,91,77,3,1,team_a,Palaflorio,,True,fivb_vis,9108,,
fivb_vis:9109,2018-09-18,men,World Championship,WCH_MEN,other,CHN,BRA,60,75,0,3,team_b,Monbat Arena,,True,fivb_vis,9109,,
fivb_vis:9110,2018-09-18,men,World Championship,WCH_MEN,other,FIN,IRN,104,110,2,3,team_b,Palace Culture & Sport,,True,fivb_vis,9110,,
fivb_vis:9111,2018-09-18,men,World Championship,WCH_MEN,other,JPN,ARG,116,114,3,2,team_a,Mandela Forum,,True,fivb_vis,9111,,
fivb_vis:9112,2018-09-18,men,World Championship,WCH_MEN,other,USA,TUN,75,43,3,0,team_a,Palaflorio,,True,fivb_vis,9112,,
fivb_vis:9113,2018-09-18,men,World Championship,WCH_MEN,other,CAN,FRA,85,97,1,3,team_b,Monbat Arena,,True,fivb_vis,9113,,
fivb_vis:9114,2018-09-18,men,World Championship,WCH_MEN,other,BGR,POL,84,98,1,3,team_b,Palace Culture & Sport,,True,fivb_vis,9114,,
fivb_vis:9115,2018-09-18,men,World Championship,WCH_MEN,other,ITA,SVN,98,75,3,1,team_a,Mandela Forum,,True,fivb_vis,9115,,
fivb_vis:9116,2018-09-18,men,World Championship,WCH_MEN,other,SRB,RUS,111,101,3,2,team_a,Palaflorio,,True,fivb_vis,9116,,
fivb_vis:9117,2018-09-21,men,World Championship,WCH_MEN,other,USA,CAN,96,73,3,1,team_a,Arena Armeec,,True,fivb_vis,9117,,
fivb_vis:9118,2018-09-21,men,World Championship,WCH_MEN,other,SRB,FRA,109,110,3,2,team_a,Palace Culture & Sport,,True,fivb_vis,9118,,
fivb_vis:9119,2018-09-21,men,World Championship,WCH_MEN,other,NLD,RUS,54,75,0,3,team_b,Forum di Assago,,True,fivb_vis,9119,,
fivb_vis:9120,2018-09-21,men,World Championship,WCH_MEN,other,BRA,AUS,75,58,3,0,team_a,PalaDozza,,True,fivb_vis,9120,,
fivb_vis:9121,2018-09-21,men,World Championship,WCH_MEN,other,BGR,IRN,79,69,3,0,team_a,Arena Armeec,,True,fivb_vis,9121,,
fivb_vis:9122,2018-09-21,men,World Championship,WCH_MEN,other,POL,ARG,106,105,2,3,team_b,Palace Culture & Sport,,True,fivb_vis,9122,,
fivb_vis:9123,2018-09-21,men,World Championship,WCH_MEN,other,ITA,FIN,75,54,3,0,team_a,Forum di Assago,,True,fivb_vis,9123,,
fivb_vis:9124,2018-09-21,men,World Championship,WCH_MEN,other,BEL,SVN,71,81,0,3,team_b,PalaDozza,,True,fivb_vis,9124,,
fivb_vis:9125,2018-09-22,men,World Championship,WCH_MEN,other,IRN,CAN,97,108,2,3,team_b,Arena Armeec,,True,fivb_vis,9125,,
fivb_vis:9126,2018-09-22,men,World Championship,WCH_MEN,other,SRB,ARG,75,62,3,0,team_a,Palace Culture & Sport,,True,fivb_vis,9126,,
fivb_vis:9127,2018-09-22,men,World Championship,WCH_MEN,other,NLD,FIN,98,73,3,1,team_a,Forum di Assago,,True,fivb_vis,9127,,
fivb_vis:9128,2018-09-22,men,World Championship,WCH_MEN,other,AUS,BEL,72,81,0,3,team_b,PalaDozza,,True,fivb_vis,9128,,
fivb_vis:9129,2018-09-22,men,World Championship,WCH_MEN,other,BGR,USA,58,75,0,3,team_b,Arena Armeec,,True,fivb_vis,9129,,
fivb_vis:9130,2018-09-22,men,World Championship,WCH_MEN,other,POL,FRA,76,98,1,3,team_b,Palace Culture & Sport,,True,fivb_vis,9130,,
fivb_vis:9131,2018-09-22,men,World Championship,WCH_MEN,other,RUS,ITA,103,100,3,2,team_a,Forum di Assago,,True,fivb_vis,9131,,
fivb_vis:9132,2018-09-22,men,World Championship,WCH_MEN,other,SVN,BRA,59,75,0,3,team_b,PalaDozza,,True,fivb_vis,9132,,
fivb_vis:9133,2018-09-23,men,World Championship,WCH_MEN,other,USA,IRN,77,71,3,0,team_a,Arena Armeec,,True,fivb_vis,9133,,
fivb_vis:9134,2018-09-23,men,World Championship,WCH_MEN,other,FRA,ARG,101,83,3,1,team_a,Palace Culture & Sport,,True,fivb_vis,9134,,
fivb_vis:9135,2018-09-23,men,World Championship,WCH_MEN,other,RUS,FIN,75,58,3,0,team_a,Forum di Assago,,True,fivb_vis,9135,,
fivb_vis:9136,2018-09-23,men,World Championship,WCH_MEN,other,SVN,AUS,103,107,2,3,team_b,PalaDozza,,True,fivb_vis,9136,,
fivb_vis:9137,2018-09-23,men,World Championship,WCH_MEN,other,BGR,CAN,93,105,2,3,team_b,Arena Armeec,,True,fivb_vis,9137,,
fivb_vis:9138,2018-09-23,men,World Championship,WCH_MEN,other,POL,SRB,75,47,3,0,team_a,Palace Culture & Sport,,True,fivb_vis,9138,,
fivb_vis:9139,2018-09-23,men,World Championship,WCH_MEN,other,ITA,NLD,93,85,3,1,team_a,Forum di Assago,,True,fivb_vis,9139,,
fivb_vis:9140,2018-09-23,men,World Championship,WCH_MEN,other,BEL,BRA,96,110,2,3,team_b,PalaDozza,,True,fivb_vis,9140,,
fivb_vis:9141,2018-09-26,men,World Championship,WCH_MEN,other,BRA,RUS,106,107,3,2,team_a,Pala Alpitour,,True,fivb_vis,9141,,
fivb_vis:9142,2018-09-26,men,World Championship,WCH_MEN,other,ITA,SRB,53,75,0,3,team_b,Pala Alpitour,,True,fivb_vis,9142,,
fivb_vis:9143,2018-09-27,men,World Championship,WCH_MEN,other,USA,RUS,75,68,3,0,team_a,Pala Alpitour,,True,fivb_vis,9143,,
fivb_vis:9144,2018-09-27,men,World Championship,WCH_MEN,other,POL,SRB,81,74,3,0,team_a,Pala Alpitour,,True,fivb_vis,9144,,
fivb_vis:9145,2018-09-28,men,World Championship,WCH_MEN,other,BRA,USA,75,57,3,0,team_a,Pala Alpitour,,True,fivb_vis,9145,,
fivb_vis:9146,2018-09-28,men,World Championship,WCH_MEN,other,ITA,POL,97,99,3,2,team_a,Pala Alpitour,,True,fivb_vis,9146,,
fivb_vis:9147,2018-09-29,men,World Championship,WCH_MEN,other,BRA,SRB,75,65,3,0,team_a,Pala Alpitour,,True,fivb_vis,9147,,
fivb_vis:9148,2018-09-29,men,World Championship,WCH_MEN,other,POL,USA,108,103,3,2,team_a,Pala Alpitour,,True,fivb_vis,9148,,
fivb_vis:9149,2018-09-30,men,World Championship,WCH_MEN,other,SRB,USA,91,105,1,3,team_b,Pala Alpitour,,True,fivb_vis,9149,,
fivb_vis:9150,2018-09-30,men,World Championship,WCH_MEN,other,BRA,POL,69,78,0,3,team_b,Pala Alpitour,,True,fivb_vis,9150,,
fivb_vis:9151,2018-09-29,women,World Championship,WCH_WOMEN,other,MEX,CMR,85,92,1,3,team_b,Yokohama Arena,,True,fivb_vis,9151,,
fivb_vis:9152,2018-09-29,women,World Championship,WCH_WOMEN,other,BGR,ITA,56,75,0,3,team_b,Hokkaido Prefectural Sports Center,,True,fivb_vis,9152,,
fivb_vis:9153,2018-09-29,women,World Championship,WCH_WOMEN,other,RUS,TTO,75,44,3,0,team_a,Kobe Green Arena,,True,fivb_vis,9153,,
fivb_vis:9154,2018-09-29,women,World Championship,WCH_WOMEN,other,PRI,BRA,44,77,0,3,team_b,Hamamatsu Arena,,True,fivb_vis,9154,,
fivb_vis:9155,2018-09-29,women,World Championship,WCH_WOMEN,other,DEU,NLD,98,104,1,3,team_b,Yokohama Arena,,True,fivb_vis,9155,,
fivb_vis:9156,2018-09-29,women,World Championship,WCH_WOMEN,other,TUR,CAN,75,46,3,0,team_a,Hokkaido Prefectural Sports Center,,True,fivb_vis,9156,,
fivb_vis:9157,2018-09-29,women,World Championship,WCH_WOMEN,other,AZE,USA,69,79,0,3,team_b,Kobe Green Arena,,True,fivb_vis,9157,,
fivb_vis:9158,2018-09-29,women,World Championship,WCH_WOMEN,other,DOM,SRB,59,75,0,3,team_b,Hamamatsu Arena,,True,fivb_vis,9158,,
fivb_vis:9159,2018-09-29,women,World Championship,WCH_WOMEN,other,ARG,JPN,40,75,0,3,team_b,Yokohama Arena,,True,fivb_vis,9159,,
fivb_vis:9160,2018-09-29,women,World Championship,WCH_WOMEN,other,CHN,CUB,75,49,3,0,team_a,Hokkaido Prefectural Sports Center,,True,fivb_vis,9160,,
fivb_vis:9161,2018-09-29,women,World Championship,WCH_WOMEN,other,KOR,THA,102,96,2,3,team_b,Kobe Green Arena,,True,fivb_vis,9161,,
fivb_vis:9162,2018-09-29,women,World Championship,WCH_WOMEN,other,KAZ,KEN,66,75,0,3,team_b,Hamamatsu Arena,,True,fivb_vis,9162,,
fivb_vis:9163,2018-09-30,women,World Championship,WCH_WOMEN,other,CMR,DEU,40,75,0,3,team_b,Yokohama Arena,,True,fivb_vis,9163,,
fivb_vis:9164,2018-09-30,women,World Championship,WCH_WOMEN,other,CAN,ITA,48,75,0,3,team_b,Hokkaido Prefectural Sports Center,,True,fivb_vis,9164,,
fivb_vis:9165,2018-09-30,women,World Championship,WCH_WOMEN,other,USA,TTO,75,34,3,0,team_a,Kobe Green Arena,,True,fivb_vis,9165,,
fivb_vis:9166,2018-09-30,women,World Championship,WCH_WOMEN,other,BRA,DOM,75,57,3,0,team_a,Hamamatsu Arena,,True,fivb_vis,9166,,
fivb_vis:9167,2018-09-30,women,World Championship,WCH_WOMEN,other,ARG,MEX,66,75,0,3,team_b,Yokohama Arena,,True,fivb_vis,9167,,
fivb_vis:9168,2018-09-30,women,World Championship,WCH_WOMEN,other,CUB,BGR,44,75,0,3,team_b,Hokkaido Prefectural Sports Center,,True,fivb_vis,9168,,
fivb_vis:9169,2018-09-30,women,World Championship,WCH_WOMEN,other,AZE,KOR,98,79,3,1,team_a,Kobe Green Arena,,True,fivb_vis,9169,,
fivb_vis:9170,2018-09-30,women,World Championship,WCH_WOMEN,other,KAZ,PRI,58,75,0,3,team_b,Hamamatsu Arena,,True,fivb_vis,9170,,
fivb_vis:9171,2018-09-30,women,World Championship,WCH_WOMEN,other,JPN,NLD,114,105,2,3,team_b,Yokohama Arena,,True,fivb_vis,9171,,
fivb_vis:9172,2018-09-30,women,World Championship,WCH_WOMEN,other,TUR,CHN,64,75,0,3,team_b,Hokkaido Prefectural Sports Center,,True,fivb_vis,9172,,
fivb_vis:9173,2018-09-30,women,World Championship,WCH_WOMEN,other,THA,RUS,93,103,2,3,team_b,Kobe Green Arena,,True,fivb_vis,9173,,
fivb_vis:9174,2018-09-30,women,World Championship,WCH_WOMEN,other,KEN,SRB,33,75,0,3,team_b,Hamamatsu Arena,,True,fivb_vis,9174,,
fivb_vis:9175,2018-10-01,women,World Championship,WCH_WOMEN,other,DEU,ARG,84,71,3,0,team_a,Yokohama Arena,,True,fivb_vis,9175,,
fivb_vis:9176,2018-10-01,women,World Championship,WCH_WOMEN,other,DOM,KAZ,75,56,3,0,team_a,Hamamatsu Arena,,True,fivb_vis,9176,,
fivb_vis:9177,2018-10-01,women,World Championship,WCH_WOMEN,other,NLD,CMR,76,58,3,0,team_a,Yokohama Arena,,True,fivb_vis,9177,,
fivb_vis:9178,2018-10-01,women,World Championship,WCH_WOMEN,other,PRI,KEN,75,57,3,0,team_a,Hamamatsu Arena,,True,fivb_vis,9178,,
fivb_vis:9179,2018-10-01,women,World Championship,WCH_WOMEN,other,MEX,JPN,45,75,0,3,team_b,Yokohama Arena,,True,fivb_vis,9179,,
fivb_vis:9180,2018-10-01,women,World Championship,WCH_WOMEN,other,SRB,BRA,75,58,3,0,team_a,Hamamatsu Arena,,True,fivb_vis,9180,,
fivb_vis:9181,2018-10-02,women,World Championship,WCH_WOMEN,other,ITA,CUB,75,49,3,0,team_a,Hokkaido Prefectural Sports Center,,True,fivb_vis,9181,,
fivb_vis:9182,2018-10-02,women,World Championship,WCH_WOMEN,other,RUS,AZE,75,64,3,0,team_a,Kobe Green Arena,,True,fivb_vis,9182,,
fivb_vis:9183,2018-10-02,women,World Championship,WCH_WOMEN,other,BGR,TUR,52,75,0,3,team_b,Hokkaido Prefectural Sports Center,,True,fivb_vis,9183,,
fivb_vis:9184,2018-10-02,women,World Championship,WCH_WOMEN,other,TTO,THA,70,98,1,3,team_b,Kobe Green Arena,,True,fivb_vis,9184,,
fivb_vis:9185,2018-10-02,women,World Championship,WCH_WOMEN,other,CHN,CAN,75,55,3,0,team_a,Hokkaido Prefectural Sports Center,,True,fivb_vis,9185,,
fivb_vis:9186,2018-10-02,women,World Championship,WCH_WOMEN,other,USA,KOR,94,85,3,1,team_a,Kobe Green Arena,,True,fivb_vis,9186,,
fivb_vis:9187,2018-10-03,women,World Championship,WCH_WOMEN,other,ARG,NLD,56,75,0,3,team_b,Yokohama Arena,,True,fivb_vis,9187,,
fivb_vis:9188,2018-10-03,women,World Championship,WCH_WOMEN,other,TUR,ITA,52,75,0,3,team_b,Hokkaido Prefectural Sports Center,,True,fivb_vis,9188,,
fivb_vis:9189,2018-10-03,women,World Championship,WCH_WOMEN,other,AZE,TTO,79,60,3,0,team_a,Kobe Green Arena,,True,fivb_vis,9189,,
fivb_vis:9190,2018-10-03,women,World Championship,WCH_WOMEN,other,PRI,DOM,59,75,0,3,team_b,Hamamatsu Arena,,True,fivb_vis,9190,,
fivb_vis:9191,2018-10-03,women,World Championship,WCH_WOMEN,other,MEX,DEU,58,75,0,3,team_b,Yokohama Arena,,True,fivb_vis,9191,,
fivb_vis:9192,2018-10-03,women,World Championship,WCH_WOMEN,other,CAN,CUB,91,76,3,1,team_a,Hokkaido Prefectural Sports Center,,True,fivb_vis,9192,,
fivb_vis:9193,2018-10-03,women,World Championship,WCH_WOMEN,other,KOR,RUS,58,75,0,3,team_b,Kobe Green Arena,,True,fivb_vis,9193,,
fivb_vis:9194,2018-10-03,women,World Championship,WCH_WOMEN,other,KAZ,SRB,47,75,0,3,team_b,Hamamatsu Arena,,True,fivb_vis,9194,,
fivb_vis:9195,2018-10-03,women,World Championship,WCH_WOMEN,other,JPN,CMR,75,50,3,0,team_a,Yokohama Arena,,True,fivb_vis,9195,,
fivb_vis:9196,2018-10-03,women,World Championship,WCH_WOMEN,other,CHN,BGR,97,78,3,1,team_a,Hokkaido Prefectural Sports Center,,True,fivb_vis,9196,,
fivb_vis:9197,2018-10-03,women,World Championship,WCH_WOMEN,other,USA,THA,109,94,3,2,team_a,Kobe Green Arena,,True,fivb_vis,9197,,
fivb_vis:9198,2018-10-03,women,World Championship,WCH_WOMEN,other,KEN,BRA,39,75,0,3,team_b,Hamamatsu Arena,,True,fivb_vis,9198,,
fivb_vis:9199,2018-10-04,women,World Championship,WCH_WOMEN,other,NLD,MEX,75,49,3,0,team_a,Yokohama Arena,,True,fivb_vis,9199,,
fivb_vis:9200,2018-10-04,women,World Championship,WCH_WOMEN,other,BGR,CAN,100,92,3,1,team_a,Hokkaido Prefectural Sports Center,,True,fivb_vis,9200,,
fivb_vis:9201,2018-10-04,women,World Championship,WCH_WOMEN,other,TTO,KOR,63,76,0,3,team_b,Kobe Green Arena,,True,fivb_vis,9201,,
fivb_vis:9202,2018-10-04,women,World Championship,WCH_WOMEN,other,SRB,PRI,77,65,3,0,team_a,Hamamatsu Arena,,True,fivb_vis,9202,,
fivb_vis:9203,2018-10-04,women,World Championship,WCH_WOMEN,other,CMR,ARG,54,75,0,3,team_b,Yokohama Arena,,True,fivb_vis,9203,,
fivb_vis:9204,2018-10-04,women,World Championship,WCH_WOMEN,other,CUB,TUR,61,98,1,3,team_b,Hokkaido Prefectural Sports Center,,True,fivb_vis,9204,,
fivb_vis:9205,2018-10-04,women,World Championship,WCH_WOMEN,other,THA,AZE,90,83,3,1,team_a,Kobe Green Arena,,True,fivb_vis,9205,,
fivb_vis:9206,2018-10-04,women,World Championship,WCH_WOMEN,other,DOM,KEN,75,27,3,0,team_a,Hamamatsu Arena,,True,fivb_vis,9206,,
fivb_vis:9207,2018-10-04,women,World Championship,WCH_WOMEN,other,DEU,JPN,69,78,0,3,team_b,Yokohama Arena,,True,fivb_vis,9207,,
fivb_vis:9208,2018-10-04,women,World Championship,WCH_WOMEN,other,ITA,CHN,96,85,3,1,team_a,Hokkaido Prefectural Sports Center,,True,fivb_vis,9208,,
fivb_vis:9209,2018-10-04,women,World Championship,WCH_WOMEN,other,RUS,USA,105,97,2,3,team_b,Kobe Green Arena,,True,fivb_vis,9209,,
fivb_vis:9210,2018-10-04,women,World Championship,WCH_WOMEN,other,BRA,KAZ,75,44,3,0,team_a,Hamamatsu Arena,,True,fivb_vis,9210,,
fivb_vis:9211,2018-10-07,women,World Championship,WCH_WOMEN,other,DEU,BRA,107,114,3,2,team_a,Nippongaishi Hall,,True,fivb_vis,9211,,
fivb_vis:9212,2018-10-07,women,World Championship,WCH_WOMEN,other,TUR,RUS,48,75,0,3,team_b,Osaka Municipal Central Gymnasium,,True,fivb_vis,9212,,
fivb_vis:9213,2018-10-07,women,World Championship,WCH_WOMEN,other,MEX,SRB,51,75,0,3,team_b,Nippongaishi Hall,,True,fivb_vis,9213,,
fivb_vis:9214,2018-10-07,women,World Championship,WCH_WOMEN,other,BGR,USA,44,75,0,3,team_b,Osaka Municipal Central Gymnasium,,True,fivb_vis,9214,,
fivb_vis:9215,2018-10-07,women,World Championship,WCH_WOMEN,other,NLD,PRI,75,51,3,0,team_a,Nippongaishi Hall,,True,fivb_vis,9215,,
fivb_vis:9216,2018-10-07,women,World Championship,WCH_WOMEN,other,ITA,AZE,75,41,3,0,team_a,Osaka Municipal Central Gymnasium,,True,fivb_vis,9216,,
fivb_vis:9217,2018-10-07,women,World Championship,WCH_WOMEN,other,JPN,DOM,115,106,3,2,team_a,Nippongaishi Hall,,True,fivb_vis,9217,,
fivb_vis:9218,2018-10-07,women,World Championship,WCH_WOMEN,other,CHN,THA,78,69,3,0,team_a,Osaka Municipal Central Gymnasium,,True,fivb_vis,9218,,
fivb_vis:9219,2018-10-08,women,World Championship,WCH_WOMEN,other,MEX,BRA,80,98,1,3,team_b,Nippongaishi Hall,,True,fivb_vis,9219,,
fivb_vis:9220,2018-10-08,women,World Championship,WCH_WOMEN,other,BGR,RUS,85,98,1,3,team_b,Osaka Municipal Central Gymnasium,,True,fivb_vis,9220,,
fivb_vis:9221,2018-10-08,women,World Championship,WCH_WOMEN,other,DEU,SRB,54,75,0,3,team_b,Nippongaishi Hall,,True,fivb_vis,9221,,
fivb_vis:9222,2018-10-08,women,World Championship,WCH_WOMEN,other,TUR,USA,56,75,0,3,team_b,Osaka Municipal Central Gymnasium,,True,fivb_vis,9222,,
fivb_vis:9223,2018-10-08,women,World Championship,WCH_WOMEN,other,NLD,DOM,75,49,3,0,team_a,Nippongaishi Hall,,True,fivb_vis,9223,,
fivb_vis:9224,2018-10-08,women,World Championship,WCH_WOMEN,other,CHN,AZE,75,50,3,0,team_a,Osaka Municipal Central Gymnasium,,True,fivb_vis,9224,,
fivb_vis:9225,2018-10-08,women,World Championship,WCH_WOMEN,other,JPN,PRI,75,54,3,0,team_a,Nippongaishi Hall,,True,fivb_vis,9225,,
fivb_vis:9226,2018-10-08,women,World Championship,WCH_WOMEN,other,ITA,THA,75,42,3,0,team_a,Osaka Municipal Central Gymnasium,,True,fivb_vis,9226,,
fivb_vis:9227,2018-10-10,women,World Championship,WCH_WOMEN,other,NLD,BRA,96,111,2,3,team_b,Nippongaishi Hall,,True,fivb_vis,9227,,
fivb_vis:9228,2018-10-10,women,World Championship,WCH_WOMEN,other,TUR,AZE,98,87,3,1,team_a,Osaka Municipal Central Gymnasium,,True,fivb_vis,9228,,
fivb_vis:9229,2018-10-10,women,World Championship,WCH_WOMEN,other,MEX,DOM,46,75,0,3,team_b,Nippongaishi Hall,,True,fivb_vis,9229,,
fivb_vis:9230,2018-10-10,women,World Championship,WCH_WOMEN,other,BGR,THA,109,107,3,2,team_a,Osaka Municipal Central Gymnasium,,True,fivb_vis,9230,,
fivb_vis:9231,2018-10-10,women,World Championship,WCH_WOMEN,other,DEU,PRI,104,99,3,1,team_a,Nippongaishi Hall,,True,fivb_vis,9231,,
fivb_vis:9232,2018-10-10,women,World Championship,WCH_WOMEN,other,ITA,RUS,97,85,3,1,team_a,Osaka Municipal Central Gymnasium,,True,fivb_vis,9232,,
fivb_vis:9233,2018-10-10,women,World Championship,WCH_WOMEN,other,JPN,SRB,90,94,3,1,team_a,Nippongaishi Hall,,True,fivb_vis,9233,,
fivb_vis:9234,2018-10-10,women,World Championship,WCH_WOMEN,other,CHN,USA,76,59,3,0,team_a,Osaka Municipal Central Gymnasium,,True,fivb_vis,9234,,
fivb_vis:9235,2018-10-11,women,World Championship,WCH_WOMEN,other,MEX,PRI,80,93,1,3,team_b,Nippongaishi Hall,,True,fivb_vis,9235,,
fivb_vis:9236,2018-10-11,women,World Championship,WCH_WOMEN,other,BGR,AZE,75,59,3,0,team_a,Osaka Municipal Central Gymnasium,,True,fivb_vis,9236,,
fivb_vis:9237,2018-10-11,women,World Championship,WCH_WOMEN,other,DEU,DOM,48,75,0,3,team_b,Nippongaishi Hall,,True,fivb_vis,9237,,
fivb_vis:9238,2018-10-11,women,World Championship,WCH_WOMEN,other,TUR,THA,97,87,3,1,team_a,Osaka Municipal Central Gymnasium,,True,fivb_vis,9238,,
fivb_vis:9239,2018-10-11,women,World Championship,WCH_WOMEN,other,NLD,SRB,75,48,3,0,team_a,Nippongaishi Hall,,True,fivb_vis,9239,,
fivb_vis:9240,2018-10-11,women,World Championship,WCH_WOMEN,other,ITA,USA,95,80,3,1,team_a,Osaka Municipal Central Gymnasium,,True,fivb_vis,9240,,
fivb_vis:9241,2018-10-11,women,World Championship,WCH_WOMEN,other,JPN,BRA,108,107,2,3,team_b,Nippongaishi Hall,,True,fivb_vis,9241,,
fivb_vis:9242,2018-10-11,women,World Championship,WCH_WOMEN,other,CHN,RUS,96,85,3,1,team_a,Osaka Municipal Central Gymnasium,,True,fivb_vis,9242,,
fivb_vis:9243,2018-10-14,women,World Championship,WCH_WOMEN,other,CHN,USA,104,104,3,2,team_a,Nippongaishi Hall,,True,fivb_vis,9243,,
fivb_vis:9244,2018-10-14,women,World Championship,WCH_WOMEN,other,JPN,SRB,60,75,0,3,team_b,Nippongaishi Hall,,True,fivb_vis,9244,,
fivb_vis:9245,2018-10-15,women,World Championship,WCH_WOMEN,other,NLD,USA,110,103,3,2,team_a,Nippongaishi Hall,,True,fivb_vis,9245,,
fivb_vis:9246,2018-10-15,women,World Championship,WCH_WOMEN,other,ITA,JPN,106,104,3,2,team_a,Nippongaishi Hall,,True,fivb_vis,9246,,
fivb_vis:9247,2018-10-16,women,World Championship,WCH_WOMEN,other,ITA,SRB,88,98,1,3,team_b,Nippongaishi Hall,,True,fivb_vis,9247,,
fivb_vis:9248,2018-10-16,women,World Championship,WCH_WOMEN,other,NLD,CHN,73,98,1,3,team_b,Nippongaishi Hall,,True,fivb_vis,9248,,
fivb_vis:9249,2018-10-19,women,World Championship,WCH_WOMEN,other,SRB,NLD,101,92,3,1,team_a,Yokohama Arena,,True,fivb_vis,9249,,
fivb_vis:9250,2018-10-19,women,World Championship,WCH_WOMEN,other,CHN,ITA,105,117,2,3,team_b,Yokohama Arena,,True,fivb_vis,9250,,
fivb_vis:9251,2018-10-19,women,World Championship,WCH_WOMEN,other,JPN,USA,87,98,1,3,team_b,Yokohama Arena,,True,fivb_vis,9251,,
fivb_vis:9252,2018-10-20,women,World Championship,WCH_WOMEN,other,NLD,CHN,55,75,0,3,team_b,Yokohama Arena,,True,fivb_vis,9252,,
fivb_vis:9253,2018-10-20,women,World Championship,WCH_WOMEN,other,SRB,ITA,109,95,3,2,team_a,Yokohama Arena,,True,fivb_vis,9253,,
fivb_vis:8675,2017-09-26,men,NORCECA Championship,NORCECA_MEN,other,TTO,LCA,75,48,3,0,team_a,Main Competition Hall,,True,fivb_vis,8675,,
fivb_vis:8676,2017-09-26,men,NORCECA Championship,NORCECA_MEN,other,CRI,MTQ,98,81,3,1,team_a,Olympic Training Center,,True,fivb_vis,8676,,
fivb_vis:8677,2017-09-26,men,NORCECA Championship,NORCECA_MEN,other,USA,GTM,75,36,3,0,team_a,Main Competition Hall,,True,fivb_vis,8677,,
fivb_vis:8678,2017-09-26,men,NORCECA Championship,NORCECA_MEN,other,MEX,VCT,75,33,3,0,team_a,Olympic Training Center,,True,fivb_vis,8678,,
fivb_vis:8679,2017-09-27,men,NORCECA Championship,NORCECA_MEN,other,CAN,LCA,75,30,3,0,team_a,Main Competition Hall,,True,fivb_vis,8679,,
fivb_vis:8680,2017-09-27,men,NORCECA Championship,NORCECA_MEN,other,CRI,VCT,75,50,3,0,team_a,Olympic Training Center,,True,fivb_vis,8680,,
fivb_vis:8681,2017-09-27,men,NORCECA Championship,NORCECA_MEN,other,DOM,GTM,75,54,3,0,team_a,Main Competition Hall,,True,fivb_vis,8681,,
fivb_vis:8682,2017-09-27,men,NORCECA Championship,NORCECA_MEN,other,MEX,MTQ,75,38,3,0,team_a,Olympic Training Center,,True,fivb_vis,8682,,
fivb_vis:8683,2017-09-28,men,NORCECA Championship,NORCECA_MEN,other,CAN,TTO,75,43,3,0,team_a,Main Competition Hall,,True,fivb_vis,8683,,
fivb_vis:8684,2017-09-28,men,NORCECA Championship,NORCECA_MEN,other,MTQ,VCT,75,44,3,0,team_a,Olympic Training Center,,True,fivb_vis,8684,,
fivb_vis:8685,2017-09-28,men,NORCECA Championship,NORCECA_MEN,other,USA,DOM,75,48,3,0,team_a,Main Competition Hall,,True,fivb_vis,8685,,
fivb_vis:8686,2017-09-28,men,NORCECA Championship,NORCECA_MEN,other,MEX,CRI,75,45,3,0,team_a,Olympic Training Center,,True,fivb_vis,8686,,
fivb_vis:8687,2017-09-29,men,NORCECA Championship,NORCECA_MEN,other,MTQ,VCT,75,50,3,0,team_a,Olympic Training Center,,True,fivb_vis,8687,,
fivb_vis:8688,2017-09-29,men,NORCECA Championship,NORCECA_MEN,other,GTM,LCA,75,48,3,0,team_a,Olympic Training Center,,True,fivb_vis,8688,,
fivb_vis:8689,2017-09-29,men,NORCECA Championship,NORCECA_MEN,other,TTO,DOM,61,75,0,3,team_b,Main Competition Hall,,True,fivb_vis,8689,,
fivb_vis:8690,2017-09-29,men,NORCECA Championship,NORCECA_MEN,other,USA,CRI,75,26,3,0,team_a,Main Competition Hall,,True,fivb_vis,8690,,
fivb_vis:8691,2017-09-30,men,NORCECA Championship,NORCECA_MEN,other,VCT,LCA,97,79,3,1,team_a,Olympic Training Center,,True,fivb_vis,8691,,
fivb_vis:8692,2017-09-30,men,NORCECA Championship,NORCECA_MEN,other,MTQ,TTO,62,75,0,3,team_b,Olympic Training Center,,True,fivb_vis,8692,,
fivb_vis:8693,2017-09-30,men,NORCECA Championship,NORCECA_MEN,other,GTM,CRI,95,78,3,1,team_a,Main Competition Hall,,True,fivb_vis,8693,,
fivb_vis:8694,2017-09-30,men,NORCECA Championship,NORCECA_MEN,other,MEX,DOM,66,75,0,3,team_b,Main Competition Hall,,True,fivb_vis,8694,,
fivb_vis:8695,2017-09-30,men,NORCECA Championship,NORCECA_MEN,other,CAN,USA,63,75,0,3,team_b,Main Competition Hall,,True,fivb_vis,8695,,
fivb_vis:8696,2017-10-01,men,NORCECA Championship,NORCECA_MEN,other,MTQ,CRI,99,105,3,2,team_a,Olympic Training Center,,True,fivb_vis,8696,,
fivb_vis:8697,2017-10-01,men,NORCECA Championship,NORCECA_MEN,other,GTM,TTO,75,43,3,0,team_a,Olympic Training Center,,True,fivb_vis,8697,,
fivb_vis:8698,2017-10-01,men,NORCECA Championship,NORCECA_MEN,other,MEX,CAN,81,98,1,3,team_b,Main Competition Hall,,True,fivb_vis,8698,,
fivb_vis:8699,2017-10-01,men,NORCECA Championship,NORCECA_MEN,other,DOM,USA,39,75,0,3,team_b,Main Competition Hall,,True,fivb_vis,8699,,
fivb_vis:8737,2017-10-13,women,NORCECA Championship,NORCECA_WOMEN,other,PRI,JAM,75,35,3,0,team_a,Palacio de Voleibol,,True,fivb_vis,8737,,
fivb_vis:8738,2017-10-13,women,NORCECA Championship,NORCECA_WOMEN,other,DOM,GTM,75,25,3,0,team_a,Palacio de Voleibol,,True,fivb_vis,8738,,
fivb_vis:8739,2017-10-14,women,NORCECA Championship,NORCECA_WOMEN,other,GTM,PRI,40,75,0,3,team_b,Palacio de Voleibol,,True,fivb_vis,8739,,
fivb_vis:8740,2017-10-14,women,NORCECA Championship,NORCECA_WOMEN,other,JAM,DOM,31,75,0,3,team_b,Palacio de Voleibol,,True,fivb_vis,8740,,
fivb_vis:8741,2017-10-15,women,NORCECA Championship,NORCECA_WOMEN,other,GTM,JAM,75,62,3,0,team_a,Palacio de Voleibol,,True,fivb_vis,8741,,
fivb_vis:8742,2017-10-15,women,NORCECA Championship,NORCECA_WOMEN,other,DOM,PRI,76,60,3,0,team_a,Palacio de Voleibol,,True,fivb_vis,8742,,
fivb_vis:8709,2017-09-28,women,NORCECA Championship,NORCECA_WOMEN,other,CUB,NIC,75,36,3,0,team_a,Langley Events Centre,,True,fivb_vis,8709,,
fivb_vis:8710,2017-09-28,women,NORCECA Championship,NORCECA_WOMEN,other,CAN,LCA,75,24,3,0,team_a,Langley Events Centre,,True,fivb_vis,8710,,
fivb_vis:8711,2017-09-29,women,NORCECA Championship,NORCECA_WOMEN,other,CUB,LCA,75,24,3,0,team_a,Langley Events Centre,,True,fivb_vis,8711,,
fivb_vis:8712,2017-09-29,women,NORCECA Championship,NORCECA_WOMEN,other,CAN,NIC,75,31,3,0,team_a,Langley Events Centre,,True,fivb_vis,8712,,
fivb_vis:8713,2017-09-30,women,NORCECA Championship,NORCECA_WOMEN,other,LCA,NIC,36,75,0,3,team_b,Langley Events Centre,,True,fivb_vis,8713,,
fivb_vis:8714,2017-09-30,women,NORCECA Championship,NORCECA_WOMEN,other,CAN,CUB,75,56,3,0,team_a,Langley Events Centre,,True,fivb_vis,8714,,
fivb_vis:8743,2017-10-13,women,NORCECA Championship,NORCECA_WOMEN,other,MEX,CRI,75,55,3,0,team_a,National Cycling Centre,,True,fivb_vis,8743,,
fivb_vis:8744,2017-10-13,women,NORCECA Championship,NORCECA_WOMEN,other,TTO,DMA,75,32,3,0,team_a,National Cycling Centre,,True,fivb_vis,8744,,
fivb_vis:8745,2017-10-14,women,NORCECA Championship,NORCECA_WOMEN,other,DMA,MEX,27,75,0,3,team_b,National Cycling Centre,,True,fivb_vis,8745,,
fivb_vis:8746,2017-10-14,women,NORCECA Championship,NORCECA_WOMEN,other,CRI,TTO,57,75,0,3,team_b,National Cycling Centre,,True,fivb_vis,8746,,
fivb_vis:8747,2017-10-15,women,NORCECA Championship,NORCECA_WOMEN,other,DMA,CRI,40,75,0,3,team_b,National Cycling Centre,,True,fivb_vis,8747,,
fivb_vis:8748,2017-10-15,women,NORCECA Championship,NORCECA_WOMEN,other,TTO,MEX,102,110,2,3,team_b,National Cycling Centre,,True,fivb_vis,8748,,
fivb_vis:8192,2017-06-04,women,World Championship,WCH_WOMEN,other,USA,CHN,39,75,0,3,team_b,NS Mayport Fitness Center,,True,fivb_vis,8192,,
fivb_vis:8193,2017-06-04,women,World Championship,WCH_WOMEN,other,CAN,DEU,89,99,1,3,team_b,NS Mayport Fitness Center,,True,fivb_vis,8193,,
fivb_vis:8194,2017-06-05,women,World Championship,WCH_WOMEN,other,CHN,NLD,75,16,3,0,team_a,NS Mayport Fitness Center,,True,fivb_vis,8194,,
fivb_vis:8195,2017-06-05,women,World Championship,WCH_WOMEN,other,CAN,USA,92,106,2,3,team_b,NS Mayport Fitness Center,,True,fivb_vis,8195,,
fivb_vis:8196,2017-06-06,women,World Championship,WCH_WOMEN,other,NLD,CAN,47,75,0,3,team_b,NS Mayport Fitness Center,,True,fivb_vis,8196,,
fivb_vis:8197,2017-06-06,women,World Championship,WCH_WOMEN,other,DEU,USA,57,76,0,3,team_b,NS Mayport Fitness Center,,True,fivb_vis,8197,,
fivb_vis:8198,2017-06-07,women,World Championship,WCH_WOMEN,other,CHN,DEU,75,29,3,0,team_a,NS Mayport Fitness Center,,True,fivb_vis,8198,,
fivb_vis:8199,2017-06-07,women,World Championship,WCH_WOMEN,other,NLD,USA,34,75,0,3,team_b,NS Mayport Fitness Center,,True,fivb_vis,8199,,
fivb_vis:8200,2017-06-08,women,World Championship,WCH_WOMEN,other,CAN,CHN,22,75,0,3,team_b,NS Mayport Fitness Center,,True,fivb_vis,8200,,
fivb_vis:8201,2017-06-08,women,World Championship,WCH_WOMEN,other,DEU,NLD,98,72,3,1,team_a,NS Mayport Fitness Center,,True,fivb_vis,8201,,
fivb_vis:8202,2017-06-09,women,World Championship,WCH_WOMEN,other,CHN,USA,75,38,3,0,team_a,NS Mayport Fitness Center,,True,fivb_vis,8202,,
fivb_vis:8203,2017-06-09,women,World Championship,WCH_WOMEN,other,CAN,DEU,56,76,0,3,team_b,NS Mayport Fitness Center,,True,fivb_vis,8203,,
fivb_vis:10410,2019-10-01,men,World Cup,WC_MEN,other,AUS,EGY,88,96,1,3,team_b,White Ring,,True,fivb_vis,10410,,
fivb_vis:10411,2019-10-01,men,World Cup,WC_MEN,other,USA,ARG,103,105,2,3,team_b,Marinmesse Fukuoka,,True,fivb_vis,10411,,
fivb_vis:10412,2019-10-01,men,World Cup,WC_MEN,other,RUS,IRN,99,87,3,1,team_a,White Ring,,True,fivb_vis,10412,,
fivb_vis:10413,2019-10-01,men,World Cup,WC_MEN,other,POL,TUN,75,51,3,0,team_a,Marinmesse Fukuoka,,True,fivb_vis,10413,,
fivb_vis:10414,2019-10-01,men,World Cup,WC_MEN,other,BRA,CAN,75,50,3,0,team_a,White Ring,,True,fivb_vis,10414,,
fivb_vis:10415,2019-10-01,men,World Cup,WC_MEN,other,JPN,ITA,75,57,3,0,team_a,Marinmesse Fukuoka,,True,fivb_vis,10415,,
fivb_vis:10416,2019-10-02,men,World Cup,WC_MEN,other,EGY,IRN,99,91,3,1,team_a,White Ring,,True,fivb_vis,10416,,
fivb_vis:10417,2019-10-02,men,World Cup,WC_MEN,other,TUN,ARG,76,98,1,3,team_b,Marinmesse Fukuoka,,True,fivb_vis,10417,,
fivb_vis:10418,2019-10-02,men,World Cup,WC_MEN,other,CAN,RUS,100,104,2,3,team_b,White Ring,,True,fivb_vis,10418,,
fivb_vis:10419,2019-10-02,men,World Cup,WC_MEN,other,ITA,USA,77,94,1,3,team_b,Marinmesse Fukuoka,,True,fivb_vis,10419,,
fivb_vis:10420,2019-10-02,men,World Cup,WC_MEN,other,AUS,BRA,52,75,0,3,team_b,White Ring,,True,fivb_vis,10420,,
fivb_vis:10421,2019-10-02,men,World Cup,WC_MEN,other,POL,JPN,94,82,3,1,team_a,Marinmesse Fukuoka,,True,fivb_vis,10421,,
fivb_vis:10422,2019-10-04,men,World Cup,WC_MEN,other,IRN,CAN,95,92,3,1,team_a,White Ring,,True,fivb_vis,10422,,
fivb_vis:10423,2019-10-04,men,World Cup,WC_MEN,other,ARG,ITA,93,108,2,3,team_b,Marinmesse Fukuoka,,True,fivb_vis,10423,,
fivb_vis:10424,2019-10-04,men,World Cup,WC_MEN,other,RUS,AUS,102,113,2,3,team_b,White Ring,,True,fivb_vis,10424,,
fivb_vis:10425,2019-10-04,men,World Cup,WC_MEN,other,USA,POL,101,90,3,1,team_a,Marinmesse Fukuoka,,True,fivb_vis,10425,,
fivb_vis:10426,2019-10-04,men,World Cup,WC_MEN,other,BRA,EGY,96,85,3,1,team_a,White Ring,,True,fivb_vis,10426,,
fivb_vis:10427,2019-10-04,men,World Cup,WC_MEN,other,JPN,TUN,75,55,3,0,team_a,Marinmesse Fukuoka,,True,fivb_vis,10427,,
fivb_vis:10428,2019-10-05,men,World Cup,WC_MEN,other,EGY,CAN,109,107,2,3,team_b,White Ring,,True,fivb_vis,10428,,
fivb_vis:10429,2019-10-05,men,World Cup,WC_MEN,other,POL,ARG,103,88,3,1,team_a,Marinmesse Fukuoka,,True,fivb_vis,10429,,
fivb_vis:10430,2019-10-05,men,World Cup,WC_MEN,other,BRA,RUS,75,60,3,0,team_a,White Ring,,True,fivb_vis,10430,,
fivb_vis:10431,2019-10-05,men,World Cup,WC_MEN,other,TUN,ITA,58,75,0,3,team_b,Marinmesse Fukuoka,,True,fivb_vis,10431,,
fivb_vis:10432,2019-10-05,men,World Cup,WC_MEN,other,AUS,IRN,90,95,1,3,team_b,White Ring,,True,fivb_vis,10432,,
fivb_vis:10433,2019-10-05,men,World Cup,WC_MEN,other,JPN,USA,59,75,0,3,team_b,Marinmesse Fukuoka,,True,fivb_vis,10433,,
fivb_vis:10434,2019-10-06,men,World Cup,WC_MEN,other,RUS,EGY,96,84,3,1,team_a,White Ring,,True,fivb_vis,10434,,
fivb_vis:10435,2019-10-06,men,World Cup,WC_MEN,other,ITA,POL,58,75,0,3,team_b,Marinmesse Fukuoka,,True,fivb_vis,10435,,
fivb_vis:10436,2019-10-06,men,World Cup,WC_MEN,other,IRN,BRA,95,102,1,3,team_b,White Ring,,True,fivb_vis,10436,,
fivb_vis:10437,2019-10-06,men,World Cup,WC_MEN,other,USA,TUN,75,45,3,0,team_a,Marinmesse Fukuoka,,True,fivb_vis,10437,,
fivb_vis:10438,2019-10-06,men,World Cup,WC_MEN,other,CAN,AUS,96,93,3,1,team_a,White Ring,,True,fivb_vis,10438,,
fivb_vis:10439,2019-10-06,men,World Cup,WC_MEN,other,ARG,JPN,89,101,1,3,team_b,Marinmesse Fukuoka,,True,fivb_vis,10439,,
fivb_vis:10440,2019-10-09,men,World Cup,WC_MEN,other,TUN,CAN,109,109,2,3,team_b,Hiroshima Green Arena,,True,fivb_vis,10440,,
fivb_vis:10441,2019-10-09,men,World Cup,WC_MEN,other,ITA,EGY,75,62,3,0,team_a,Hiroshima Green Arena,,True,fivb_vis,10441,,
fivb_vis:10442,2019-10-09,men,World Cup,WC_MEN,other,ARG,BRA,62,76,0,3,team_b,Hiroshima Green Arena,,True,fivb_vis,10442,,
fivb_vis:10443,2019-10-09,men,World Cup,WC_MEN,other,POL,RUS,100,88,3,1,team_a,Hiroshima Green Arena,,True,fivb_vis,10443,,
fivb_vis:10444,2019-10-09,men,World Cup,WC_MEN,other,USA,IRN,97,73,3,1,team_a,Hiroshima Green Arena,,True,fivb_vis,10444,,
fivb_vis:10445,2019-10-09,men,World Cup,WC_MEN,other,JPN,AUS,75,61,3,0,team_a,Hiroshima Green Arena,,True,fivb_vis,10445,,
fivb_vis:10446,2019-10-10,men,World Cup,WC_MEN,other,ARG,CAN,75,58,3,0,team_a,Hiroshima Green Arena,,True,fivb_vis,10446,,
fivb_vis:10447,2019-10-10,men,World Cup,WC_MEN,other,POL,EGY,75,53,3,0,team_a,Hiroshima Green Arena,,True,fivb_vis,10447,,
fivb_vis:10448,2019-10-10,men,World Cup,WC_MEN,other,TUN,IRN,63,76,0,3,team_b,Hiroshima Green Arena,,True,fivb_vis,10448,,
fivb_vis:10449,2019-10-10,men,World Cup,WC_MEN,other,ITA,AUS,80,63,3,0,team_a,Hiroshima Green Arena,,True,fivb_vis,10449,,
fivb_vis:10450,2019-10-10,men,World Cup,WC_MEN,other,USA,BRA,62,75,0,3,team_b,Hiroshima Green Arena,,True,fivb_vis,10450,,
fivb_vis:10451,2019-10-10,men,World Cup,WC_MEN,other,JPN,RUS,96,85,3,1,team_a,Hiroshima Green Arena,,True,fivb_vis,10451,,
fivb_vis:10452,2019-10-11,men,World Cup,WC_MEN,other,ARG,IRN,102,109,2,3,team_b,Hiroshima Green Arena,,True,fivb_vis,10452,,
fivb_vis:10453,2019-10-11,men,World Cup,WC_MEN,other,POL,AUS,75,47,3,0,team_a,Hiroshima Green Arena,,True,fivb_vis,10453,,
fivb_vis:10454,2019-10-11,men,World Cup,WC_MEN,other,TUN,BRA,44,75,0,3,team_b,Hiroshima Green Arena,,True,fivb_vis,10454,,
fivb_vis:10455,2019-10-11,men,World Cup,WC_MEN,other,ITA,RUS,88,93,1,3,team_b,Hiroshima Green Arena,,True,fivb_vis,10455,,
fivb_vis:10456,2019-10-11,men,World Cup,WC_MEN,other,USA,CAN,106,93,3,2,team_a,Hiroshima Green Arena,,True,fivb_vis,10456,,
fivb_vis:10457,2019-10-11,men,World Cup,WC_MEN,other,JPN,EGY,111,105,3,2,team_a,Hiroshima Green Arena,,True,fivb_vis,10457,,
fivb_vis:10458,2019-10-13,men,World Cup,WC_MEN,other,ARG,RUS,96,87,3,1,team_a,Hiroshima Green Arena,,True,fivb_vis,10458,,
fivb_vis:10459,2019-10-13,men,World Cup,WC_MEN,other,ITA,CAN,106,102,2,3,team_b,Hiroshima Green Arena,,True,fivb_vis,10459,,
fivb_vis:10460,2019-10-13,men,World Cup,WC_MEN,other,USA,AUS,75,43,3,0,team_a,Hiroshima Green Arena,,True,fivb_vis,10460,,
fivb_vis:10461,2019-10-13,men,World Cup,WC_MEN,other,POL,BRA,103,100,2,3,team_b,Hiroshima Green Arena,,True,fivb_vis,10461,,
fivb_vis:10462,2019-10-13,men,World Cup,WC_MEN,other,TUN,EGY,89,83,3,1,team_a,Hiroshima Green Arena,,True,fivb_vis,10462,,
fivb_vis:10463,2019-10-13,men,World Cup,WC_MEN,other,JPN,IRN,101,78,3,1,team_a,Hiroshima Green Arena,,True,fivb_vis,10463,,
fivb_vis:10464,2019-10-14,men,World Cup,WC_MEN,other,USA,RUS,75,50,3,0,team_a,Hiroshima Green Arena,,True,fivb_vis,10464,,
fivb_vis:10465,2019-10-14,men,World Cup,WC_MEN,other,POL,CAN,76,67,3,0,team_a,Hiroshima Green Arena,,True,fivb_vis,10465,,
fivb_vis:10466,2019-10-14,men,World Cup,WC_MEN,other,ARG,EGY,100,83,3,1,team_a,Hiroshima Green Arena,,True,fivb_vis,10466,,
fivb_vis:10467,2019-10-14,men,World Cup,WC_MEN,other,ITA,IRN,122,114,3,2,team_a,Hiroshima Green Arena,,True,fivb_vis,10467,,
fivb_vis:10468,2019-10-14,men,World Cup,WC_MEN,other,TUN,AUS,59,75,0,3,team_b,Hiroshima Green Arena,,True,fivb_vis,10468,,
fivb_vis:10469,2019-10-14,men,World Cup,WC_MEN,other,JPN,BRA,82,101,1,3,team_b,Hiroshima Green Arena,,True,fivb_vis,10469,,
fivb_vis:10470,2019-10-15,men,World Cup,WC_MEN,other,USA,EGY,97,68,3,1,team_a,Hiroshima Green Arena,,True,fivb_vis,10470,,
fivb_vis:10471,2019-10-15,men,World Cup,WC_MEN,other,POL,IRN,75,52,3,0,team_a,Hiroshima Green Arena,,True,fivb_vis,10471,,
fivb_vis:10472,2019-10-15,men,World Cup,WC_MEN,other,TUN,RUS,47,75,0,3,team_b,Hiroshima Green Arena,,True,fivb_vis,10472,,
fivb_vis:10473,2019-10-15,men,World Cup,WC_MEN,other,ITA,BRA,57,75,0,3,team_b,Hiroshima Green Arena,,True,fivb_vis,10473,,
fivb_vis:10474,2019-10-15,men,World Cup,WC_MEN,other,ARG,AUS,76,65,3,0,team_a,Hiroshima Green Arena,,True,fivb_vis,10474,,
fivb_vis:10475,2019-10-15,men,World Cup,WC_MEN,other,JPN,CAN,110,102,3,2,team_a,Hiroshima Green Arena,,True,fivb_vis,10475,,
fivb_vis:10344,2019-09-14,women,World Cup,WC_WOMEN,other,USA,KEN,75,48,3,0,team_a,Hamamatsu Arena,,True,fivb_vis,10344,,
fivb_vis:10345,2019-09-14,women,World Cup,WC_WOMEN,other,CMR,RUS,39,75,0,3,team_b,Yokohama Arena,,True,fivb_vis,10345,,
fivb_vis:10346,2019-09-14,women,World Cup,WC_WOMEN,other,ARG,NLD,52,75,0,3,team_b,Hamamatsu Arena,,True,fivb_vis,10346,,
fivb_vis:10347,2019-09-14,women,World Cup,WC_WOMEN,other,CHN,KOR,75,50,3,0,team_a,Yokohama Arena,,True,fivb_vis,10347,,
fivb_vis:10348,2019-09-14,women,World Cup,WC_WOMEN,other,SRB,BRA,100,110,2,3,team_b,Hamamatsu Arena,,True,fivb_vis,10348,,
fivb_vis:10349,2019-09-14,women,World Cup,WC_WOMEN,other,DOM,JPN,72,99,1,3,team_b,Yokohama Arena,,True,fivb_vis,10349,,
fivb_vis:10350,2019-09-15,women,World Cup,WC_WOMEN,other,KEN,NLD,48,75,0,3,team_b,Hamamatsu Arena,,True,fivb_vis,10350,,
fivb_vis:10351,2019-09-15,women,World Cup,WC_WOMEN,other,CMR,CHN,51,75,0,3,team_b,Yokohama Arena,,True,fivb_vis,10351,,
fivb_vis:10352,2019-09-15,women,World Cup,WC_WOMEN,other,USA,SRB,98,73,3,1,team_a,Hamamatsu Arena,,True,fivb_vis,10352,,
fivb_vis:10353,2019-09-15,women,World Cup,WC_WOMEN,other,KOR,DOM,89,99,1,3,team_b,Yokohama Arena,,True,fivb_vis,10353,,
fivb_vis:10354,2019-09-15,women,World Cup,WC_WOMEN,other,BRA,ARG,75,52,3,0,team_a,Hamamatsu Arena,,True,fivb_vis,10354,,
fivb_vis:10355,2019-09-15,women,World Cup,WC_WOMEN,other,RUS,JPN,113,89,3,2,team_a,Yokohama Arena,,True,fivb_vis,10355,,
fivb_vis:10356,2019-09-16,women,World Cup,WC_WOMEN,other,SRB,KEN,75,41,3,0,team_a,Hamamatsu Arena,,True,fivb_vis,10356,,
fivb_vis:10357,2019-09-16,women,World Cup,WC_WOMEN,other,DOM,CMR,116,97,3,2,team_a,Yokohama Arena,,True,fivb_vis,10357,,
fivb_vis:10358,2019-09-16,women,World Cup,WC_WOMEN,other,ARG,USA,75,93,1,3,team_b,Hamamatsu Arena,,True,fivb_vis,10358,,
fivb_vis:10359,2019-09-16,women,World Cup,WC_WOMEN,other,CHN,RUS,75,56,3,0,team_a,Yokohama Arena,,True,fivb_vis,10359,,
fivb_vis:10360,2019-09-16,women,World Cup,WC_WOMEN,other,NLD,BRA,75,66,3,0,team_a,Hamamatsu Arena,,True,fivb_vis,10360,,
fivb_vis:10361,2019-09-16,women,World Cup,WC_WOMEN,other,JPN,KOR,91,100,1,3,team_b,Yokohama Arena,,True,fivb_vis,10361,,
fivb_vis:10362,2019-09-18,women,World Cup,WC_WOMEN,other,SRB,ARG,98,86,3,1,team_a,Hamamatsu Arena,,True,fivb_vis,10362,,
fivb_vis:10363,2019-09-18,women,World Cup,WC_WOMEN,other,RUS,KOR,79,57,3,0,team_a,Yokohama Arena,,True,fivb_vis,10363,,
fivb_vis:10364,2019-09-18,women,World Cup,WC_WOMEN,other,USA,NLD,75,60,3,0,team_a,Hamamatsu Arena,,True,fivb_vis,10364,,
fivb_vis:10365,2019-09-18,women,World Cup,WC_WOMEN,other,CHN,DOM,75,59,3,0,team_a,Yokohama Arena,,True,fivb_vis,10365,,
fivb_vis:10366,2019-09-18,women,World Cup,WC_WOMEN,other,KEN,BRA,51,75,0,3,team_b,Hamamatsu Arena,,True,fivb_vis,10366,,
fivb_vis:10367,2019-09-18,women,World Cup,WC_WOMEN,other,CMR,JPN,54,75,0,3,team_b,Yokohama Arena,,True,fivb_vis,10367,,
fivb_vis:10368,2019-09-19,women,World Cup,WC_WOMEN,other,NLD,SRB,102,107,2,3,team_b,Hamamatsu Arena,,True,fivb_vis,10368,,
fivb_vis:10369,2019-09-19,women,World Cup,WC_WOMEN,other,DOM,RUS,94,111,2,3,team_b,Yokohama Arena,,True,fivb_vis,10369,,
fivb_vis:10370,2019-09-19,women,World Cup,WC_WOMEN,other,ARG,KEN,75,48,3,0,team_a,Hamamatsu Arena,,True,fivb_vis,10370,,
fivb_vis:10371,2019-09-19,women,World Cup,WC_WOMEN,other,KOR,CMR,75,57,3,0,team_a,Yokohama Arena,,True,fivb_vis,10371,,
fivb_vis:10372,2019-09-19,women,World Cup,WC_WOMEN,other,BRA,USA,59,75,0,3,team_b,Hamamatsu Arena,,True,fivb_vis,10372,,
fivb_vis:10373,2019-09-19,women,World Cup,WC_WOMEN,other,JPN,CHN,44,75,0,3,team_b,Yokohama Arena,,True,fivb_vis,10373,,
fivb_vis:10374,2019-09-22,women,World Cup,WC_WOMEN,other,KOR,ARG,96,72,3,1,team_a,Toyama City Gymnasium,,True,fivb_vis,10374,,
fivb_vis:10375,2019-09-22,women,World Cup,WC_WOMEN,other,DOM,KEN,75,55,3,0,team_a,Hokkaido Prefectural Sports Center,,True,fivb_vis,10375,,
fivb_vis:10376,2019-09-22,women,World Cup,WC_WOMEN,other,CMR,NLD,47,75,0,3,team_b,Toyama City Gymnasium,,True,fivb_vis,10376,,
fivb_vis:10377,2019-09-22,women,World Cup,WC_WOMEN,other,CHN,BRA,110,101,3,2,team_a,Hokkaido Prefectural Sports Center,,True,fivb_vis,10377,,
fivb_vis:10378,2019-09-22,women,World Cup,WC_WOMEN,other,RUS,SRB,95,80,3,1,team_a,Toyama City Gymnasium,,True,fivb_vis,10378,,
fivb_vis:10379,2019-09-22,women,World Cup,WC_WOMEN,other,JPN,USA,103,111,2,3,team_b,Hokkaido Prefectural Sports Center,,True,fivb_vis,10379,,
fivb_vis:10380,2019-09-23,women,World Cup,WC_WOMEN,other,KOR,NLD,89,96,1,3,team_b,Toyama City Gymnasium,,True,fivb_vis,10380,,
fivb_vis:10381,2019-09-23,women,World Cup,WC_WOMEN,other,DOM,BRA,82,98,1,3,team_b,Hokkaido Prefectural Sports Center,,True,fivb_vis,10381,,
fivb_vis:10382,2019-09-23,women,World Cup,WC_WOMEN,other,CMR,SRB,53,75,0,3,team_b,Toyama City Gymnasium,,True,fivb_vis,10382,,
fivb_vis:10383,2019-09-23,women,World Cup,WC_WOMEN,other,CHN,USA,75,55,3,0,team_a,Hokkaido Prefectural Sports Center,,True,fivb_vis,10383,,
fivb_vis:10384,2019-09-23,women,World Cup,WC_WOMEN,other,RUS,ARG,75,58,3,0,team_a,Toyama City Gymnasium,,True,fivb_vis,10384,,
fivb_vis:10385,2019-09-23,women,World Cup,WC_WOMEN,other,JPN,KEN,75,60,3,0,team_a,Hokkaido Prefectural Sports Center,,True,fivb_vis,10385,,
fivb_vis:10386,2019-09-24,women,World Cup,WC_WOMEN,other,KOR,SRB,90,87,3,1,team_a,Toyama City Gymnasium,,True,fivb_vis,10386,,
fivb_vis:10387,2019-09-24,women,World Cup,WC_WOMEN,other,DOM,USA,54,75,0,3,team_b,Hokkaido Prefectural Sports Center,,True,fivb_vis,10387,,
fivb_vis:10388,2019-09-24,women,World Cup,WC_WOMEN,other,CMR,ARG,102,106,2,3,team_b,Toyama City Gymnasium,,True,fivb_vis,10388,,
fivb_vis:10389,2019-09-24,women,World Cup,WC_WOMEN,other,CHN,KEN,75,38,3,0,team_a,Hokkaido Prefectural Sports Center,,True,fivb_vis,10389,,
fivb_vis:10390,2019-09-24,women,World Cup,WC_WOMEN,other,RUS,NLD,76,62,3,0,team_a,Toyama City Gymnasium,,True,fivb_vis,10390,,
fivb_vis:10391,2019-09-24,women,World Cup,WC_WOMEN,other,JPN,BRA,58,75,0,3,team_b,Hokkaido Prefectural Sports Center,,True,fivb_vis,10391,,
fivb_vis:10392,2019-09-27,women,World Cup,WC_WOMEN,other,KOR,KEN,75,52,3,0,team_a,Edion Arena,,True,fivb_vis,10392,,
fivb_vis:10393,2019-09-27,women,World Cup,WC_WOMEN,other,DOM,ARG,77,64,3,0,team_a,Maruzen Intec Arena Osaka,,True,fivb_vis,10393,,
fivb_vis:10394,2019-09-27,women,World Cup,WC_WOMEN,other,CMR,BRA,46,75,0,3,team_b,Edion Arena,,True,fivb_vis,10394,,
fivb_vis:10395,2019-09-27,women,World Cup,WC_WOMEN,other,CHN,NLD,96,79,3,1,team_a,Maruzen Intec Arena Osaka,,True,fivb_vis,10395,,
fivb_vis:10396,2019-09-27,women,World Cup,WC_WOMEN,other,RUS,USA,103,106,2,3,team_b,Edion Arena,,True,fivb_vis,10396,,
fivb_vis:10397,2019-09-27,women,World Cup,WC_WOMEN,other,JPN,SRB,107,96,3,2,team_a,Maruzen Intec Arena Osaka,,True,fivb_vis,10397,,
fivb_vis:10398,2019-09-28,women,World Cup,WC_WOMEN,other,KOR,BRA,93,89,3,1,team_a,Edion Arena,,True,fivb_vis,10398,,
fivb_vis:10399,2019-09-28,women,World Cup,WC_WOMEN,other,DOM,NLD,108,101,3,2,team_a,Maruzen Intec Arena Osaka,,True,fivb_vis,10399,,
fivb_vis:10400,2019-09-28,women,World Cup,WC_WOMEN,other,CMR,USA,39,75,0,3,team_b,Edion Arena,,True,fivb_vis,10400,,
fivb_vis:10401,2019-09-28,women,World Cup,WC_WOMEN,other,CHN,SRB,75,51,3,0,team_a,Maruzen Intec Arena Osaka,,True,fivb_vis,10401,,
fivb_vis:10402,2019-09-28,women,World Cup,WC_WOMEN,other,RUS,KEN,75,59,3,0,team_a,Edion Arena,,True,fivb_vis,10402,,
fivb_vis:10403,2019-09-28,women,World Cup,WC_WOMEN,other,JPN,ARG,76,53,3,0,team_a,Maruzen Intec Arena Osaka,,True,fivb_vis,10403,,
fivb_vis:10404,2019-09-29,women,World Cup,WC_WOMEN,other,KOR,USA,84,91,1,3,team_b,Edion Arena,,True,fivb_vis,10404,,
fivb_vis:10405,2019-09-29,women,World Cup,WC_WOMEN,other,DOM,SRB,97,85,3,1,team_a,Maruzen Intec Arena Osaka,,True,fivb_vis,10405,,
fivb_vis:10406,2019-09-29,women,World Cup,WC_WOMEN,other,RUS,BRA,90,99,1,3,team_b,Edion Arena,,True,fivb_vis,10406,,
fivb_vis:10407,2019-09-29,women,World Cup,WC_WOMEN,other,CHN,ARG,75,43,3,0,team_a,Maruzen Intec Arena Osaka,,True,fivb_vis,10407,,
fivb_vis:10408,2019-09-29,women,World Cup,WC_WOMEN,other,CMR,KEN,85,90,1,3,team_b,Edion Arena,,True,fivb_vis,10408,,
fivb_vis:10409,2019-09-29,women,World Cup,WC_WOMEN,other,JPN,NLD,101,90,3,1,team_a,Maruzen Intec Arena Osaka,,True,fivb_vis,10409,,
fivb_vis:8749,2017-11-10,men,NORCECA Championship,NORCECA_MEN,other,PRI,MEX,75,54,3,0,team_a,Sala 19 de Noviembre,,True,fivb_vis,8749,,
fivb_vis:8750,2017-11-10,men,NORCECA Championship,NORCECA_MEN,other,CUB,GTM,75,48,3,0,team_a,Sala 19 de Noviembre,,True,fivb_vis,8750,,
fivb_vis:8751,2017-11-11,men,NORCECA Championship,NORCECA_MEN,other,PRI,GTM,75,57,3,0,team_a,Sala 19 de Noviembre,,True,fivb_vis,8751,,
fivb_vis:8752,2017-11-11,men,NORCECA Championship,NORCECA_MEN,other,CUB,MEX,63,75,0,3,team_b,Sala 19 de Noviembre,,True,fivb_vis,8752,,
fivb_vis:8753,2017-11-12,men,NORCECA Championship,NORCECA_MEN,other,MEX,GTM,75,56,3,0,team_a,Sala 19 de Noviembre,,True,fivb_vis,8753,,
fivb_vis:8754,2017-11-12,men,NORCECA Championship,NORCECA_MEN,other,CUB,PRI,80,71,3,0,team_a,Sala 19 de Noviembre,,True,fivb_vis,8754,,
fivb_vis:8797,2018-05-15,women,Volleyball Nations League,VNL_WOMEN,other,THA,NLD,57,76,0,3,team_b,Palace of Sports,,True,fivb_vis,8797,,
fivb_vis:8798,2018-05-15,women,Volleyball Nations League,VNL_WOMEN,other,RUS,ARG,95,73,3,1,team_a,Palace of Sports,,True,fivb_vis,8798,,
fivb_vis:8799,2018-05-15,women,Volleyball Nations League,VNL_WOMEN,other,BEL,KOR,75,61,3,0,team_a,Beilun Sport and Art Centre,,True,fivb_vis,8799,,
fivb_vis:8800,2018-05-15,women,Volleyball Nations League,VNL_WOMEN,other,CHN,DOM,75,43,3,0,team_a,Beilun Sport and Art Centre,,True,fivb_vis,8800,,
fivb_vis:8801,2018-05-15,women,Volleyball Nations League,VNL_WOMEN,other,TUR,ITA,75,62,3,0,team_a,Devaney Arena,,True,fivb_vis,8801,,
fivb_vis:8802,2018-05-15,women,Volleyball Nations League,VNL_WOMEN,other,USA,POL,100,88,3,1,team_a,Devaney Arena,,True,fivb_vis,8802,,
fivb_vis:8803,2018-05-15,women,Volleyball Nations League,VNL_WOMEN,other,BRA,DEU,85,90,1,3,team_b,Ginasio Poliesportivo Jose Correia,,True,fivb_vis,8803,,
fivb_vis:8804,2018-05-15,women,Volleyball Nations League,VNL_WOMEN,other,JPN,SRB,57,75,0,3,team_b,Ginasio Poliesportivo Jose Correia,,True,fivb_vis,8804,,
fivb_vis:8805,2018-05-16,women,Volleyball Nations League,VNL_WOMEN,other,ARG,NLD,70,97,1,3,team_b,Palace of Sports,,True,fivb_vis,8805,,
fivb_vis:8806,2018-05-16,women,Volleyball Nations League,VNL_WOMEN,other,RUS,THA,93,94,3,1,team_a,Palace of Sports,,True,fivb_vis,8806,,
fivb_vis:8807,2018-05-16,women,Volleyball Nations League,VNL_WOMEN,other,DOM,KOR,102,112,2,3,team_b,Beilun Sport and Art Centre,,True,fivb_vis,8807,,
fivb_vis:8808,2018-05-16,women,Volleyball Nations League,VNL_WOMEN,other,CHN,BEL,75,47,3,0,team_a,Beilun Sport and Art Centre,,True,fivb_vis,8808,,
fivb_vis:8809,2018-05-16,women,Volleyball Nations League,VNL_WOMEN,other,POL,ITA,105,93,3,2,team_a,Devaney Arena,,True,fivb_vis,8809,,
fivb_vis:8810,2018-05-16,women,Volleyball Nations League,VNL_WOMEN,other,USA,TUR,110,113,2,3,team_b,Devaney Arena,,True,fivb_vis,8810,,
fivb_vis:8811,2018-05-16,women,Volleyball Nations League,VNL_WOMEN,other,BRA,JPN,97,77,3,1,team_a,Ginasio Poliesportivo Jose Correia,,True,fivb_vis,8811,,
fivb_vis:8812,2018-05-16,women,Volleyball Nations League,VNL_WOMEN,other,DEU,SRB,54,75,0,3,team_b,Ginasio Poliesportivo Jose Correia,,True,fivb_vis,8812,,
fivb_vis:8813,2018-05-17,women,Volleyball Nations League,VNL_WOMEN,other,ARG,THA,50,75,0,3,team_b,Palace of Sports,,True,fivb_vis,8813,,
fivb_vis:8814,2018-05-17,women,Volleyball Nations League,VNL_WOMEN,other,RUS,NLD,67,77,0,3,team_b,Palace of Sports,,True,fivb_vis,8814,,
fivb_vis:8815,2018-05-17,women,Volleyball Nations League,VNL_WOMEN,other,DOM,BEL,91,102,2,3,team_b,Beilun Sport and Art Centre,,True,fivb_vis,8815,,
fivb_vis:8816,2018-05-17,women,Volleyball Nations League,VNL_WOMEN,other,CHN,KOR,43,75,0,3,team_b,Beilun Sport and Art Centre,,True,fivb_vis,8816,,
fivb_vis:8817,2018-05-17,women,Volleyball Nations League,VNL_WOMEN,other,TUR,POL,75,61,3,0,team_a,Devaney Arena,,True,fivb_vis,8817,,
fivb_vis:8818,2018-05-17,women,Volleyball Nations League,VNL_WOMEN,other,USA,ITA,75,60,3,0,team_a,Devaney Arena,,True,fivb_vis,8818,,
fivb_vis:8819,2018-05-17,women,Volleyball Nations League,VNL_WOMEN,other,BRA,SRB,98,82,3,1,team_a,Ginasio Poliesportivo Jose Correia,,True,fivb_vis,8819,,
fivb_vis:8820,2018-05-17,women,Volleyball Nations League,VNL_WOMEN,other,DEU,JPN,86,96,1,3,team_b,Ginasio Poliesportivo Jose Correia,,True,fivb_vis,8820,,
fivb_vis:8821,2018-05-22,women,Volleyball Nations League,VNL_WOMEN,other,BEL,NLD,108,115,2,3,team_b,Sky Hall Toyota,,True,fivb_vis,8821,,
fivb_vis:8822,2018-05-23,women,Volleyball Nations League,VNL_WOMEN,other,JPN,USA,59,75,0,3,team_b,Sky Hall Toyota,,True,fivb_vis,8822,,
fivb_vis:8823,2018-05-22,women,Volleyball Nations League,VNL_WOMEN,other,ITA,RUS,59,76,0,3,team_b,Suwon Indoor Gimnasium,,True,fivb_vis,8823,,
fivb_vis:8824,2018-05-22,women,Volleyball Nations League,VNL_WOMEN,other,KOR,DEU,99,81,3,1,team_a,Suwon Indoor Gimnasium,,True,fivb_vis,8824,,
fivb_vis:8825,2018-05-22,women,Volleyball Nations League,VNL_WOMEN,other,THA,SRB,85,94,1,3,team_b,Macau Forum,,True,fivb_vis,8825,,
fivb_vis:8826,2018-05-22,women,Volleyball Nations League,VNL_WOMEN,other,CHN,POL,97,105,2,3,team_b,Macau Forum,,True,fivb_vis,8826,,
fivb_vis:8827,2018-05-22,women,Volleyball Nations League,VNL_WOMEN,other,ARG,DOM,67,77,0,3,team_b,Baskent VB Hall,,True,fivb_vis,8827,,
fivb_vis:8828,2018-05-22,women,Volleyball Nations League,VNL_WOMEN,other,TUR,BRA,82,98,1,3,team_b,Baskent VB Hall,,True,fivb_vis,8828,,
fivb_vis:8829,2018-05-23,women,Volleyball Nations League,VNL_WOMEN,other,NLD,USA,63,75,0,3,team_b,Sky Hall Toyota,,True,fivb_vis,8829,,
fivb_vis:8830,2018-05-23,women,Volleyball Nations League,VNL_WOMEN,other,JPN,BEL,75,58,3,0,team_a,Sky Hall Toyota,,True,fivb_vis,8830,,
fivb_vis:8831,2018-05-23,women,Volleyball Nations League,VNL_WOMEN,other,ITA,DEU,75,60,3,0,team_a,Suwon Indoor Gimnasium,,True,fivb_vis,8831,,
fivb_vis:8832,2018-05-23,women,Volleyball Nations League,VNL_WOMEN,other,KOR,RUS,75,50,3,0,team_a,Suwon Indoor Gimnasium,,True,fivb_vis,8832,,
fivb_vis:8833,2018-05-23,women,Volleyball Nations League,VNL_WOMEN,other,POL,SRB,89,98,1,3,team_b,Macau Forum,,True,fivb_vis,8833,,
fivb_vis:8834,2018-05-23,women,Volleyball Nations League,VNL_WOMEN,other,CHN,THA,98,89,3,1,team_a,Macau Forum,,True,fivb_vis,8834,,
fivb_vis:8835,2018-05-23,women,Volleyball Nations League,VNL_WOMEN,other,BRA,ARG,75,44,3,0,team_a,Baskent VB Hall,,True,fivb_vis,8835,,
fivb_vis:8836,2018-05-23,women,Volleyball Nations League,VNL_WOMEN,other,TUR,DOM,92,84,3,1,team_a,Baskent VB Hall,,True,fivb_vis,8836,,
fivb_vis:8837,2018-05-24,women,Volleyball Nations League,VNL_WOMEN,other,BEL,USA,46,75,0,3,team_b,Sky Hall Toyota,,True,fivb_vis,8837,,
fivb_vis:8838,2018-05-24,women,Volleyball Nations League,VNL_WOMEN,other,JPN,NLD,57,75,0,3,team_b,Sky Hall Toyota,,True,fivb_vis,8838,,
fivb_vis:8839,2018-05-24,women,Volleyball Nations League,VNL_WOMEN,other,DEU,RUS,84,94,1,3,team_b,Suwon Indoor Gimnasium,,True,fivb_vis,8839,,
fivb_vis:8840,2018-05-24,women,Volleyball Nations League,VNL_WOMEN,other,KOR,ITA,59,75,0,3,team_b,Suwon Indoor Gimnasium,,True,fivb_vis,8840,,
fivb_vis:8841,2018-05-24,women,Volleyball Nations League,VNL_WOMEN,other,POL,THA,109,108,2,3,team_b,Macau Forum,,True,fivb_vis,8841,,
fivb_vis:8842,2018-05-24,women,Volleyball Nations League,VNL_WOMEN,other,CHN,SRB,86,96,1,3,team_b,Macau Forum,,True,fivb_vis,8842,,
fivb_vis:8843,2018-05-24,women,Volleyball Nations League,VNL_WOMEN,other,DOM,BRA,43,75,0,3,team_b,Baskent VB Hall,,True,fivb_vis,8843,,
fivb_vis:8844,2018-05-24,women,Volleyball Nations League,VNL_WOMEN,other,TUR,ARG,75,51,3,0,team_a,Baskent VB Hall,,True,fivb_vis,8844,,
fivb_vis:8845,2018-05-29,women,Volleyball Nations League,VNL_WOMEN,other,KOR,BRA,78,106,1,3,team_b,Omnisport,,True,fivb_vis,8845,,
fivb_vis:8846,2018-05-29,women,Volleyball Nations League,VNL_WOMEN,other,NLD,POL,77,69,3,0,team_a,Omnisport,,True,fivb_vis,8846,,
fivb_vis:8847,2018-05-29,women,Volleyball Nations League,VNL_WOMEN,other,BEL,TUR,61,76,0,3,team_b,Hala Sportova,,True,fivb_vis,8847,,
fivb_vis:8848,2018-05-29,women,Volleyball Nations League,VNL_WOMEN,other,SRB,RUS,75,60,3,0,team_a,Hala Sportova,,True,fivb_vis,8848,,
fivb_vis:8849,2018-05-29,women,Volleyball Nations League,VNL_WOMEN,other,DEU,USA,52,75,0,3,team_b,Indoor Stadium Hua Mark,,True,fivb_vis,8849,,
fivb_vis:8850,2018-05-29,women,Volleyball Nations League,VNL_WOMEN,other,THA,DOM,63,75,0,3,team_b,Indoor Stadium Hua Mark,,True,fivb_vis,8850,,
fivb_vis:8851,2018-05-29,women,Volleyball Nations League,VNL_WOMEN,other,JPN,ITA,105,107,3,2,team_a,Hong Kong Coliseum,,True,fivb_vis,8851,,
fivb_vis:8852,2018-05-29,women,Volleyball Nations League,VNL_WOMEN,other,CHN,ARG,75,50,3,0,team_a,Hong Kong Coliseum,,True,fivb_vis,8852,,
fivb_vis:8853,2018-05-30,women,Volleyball Nations League,VNL_WOMEN,other,POL,BRA,63,75,0,3,team_b,Omnisport,,True,fivb_vis,8853,,
fivb_vis:8854,2018-05-30,women,Volleyball Nations League,VNL_WOMEN,other,NLD,KOR,75,40,3,0,team_a,Omnisport,,True,fivb_vis,8854,,
fivb_vis:8855,2018-05-30,women,Volleyball Nations League,VNL_WOMEN,other,TUR,RUS,104,107,2,3,team_b,Hala Sportova,,True,fivb_vis,8855,,
fivb_vis:8856,2018-05-30,women,Volleyball Nations League,VNL_WOMEN,other,BEL,SRB,50,75,0,3,team_b,Hala Sportova,,True,fivb_vis,8856,,
fivb_vis:8857,2018-05-30,women,Volleyball Nations League,VNL_WOMEN,other,DOM,USA,64,75,0,3,team_b,Indoor Stadium Hua Mark,,True,fivb_vis,8857,,
fivb_vis:8858,2018-05-30,women,Volleyball Nations League,VNL_WOMEN,other,THA,DEU,109,113,2,3,team_b,Indoor Stadium Hua Mark,,True,fivb_vis,8858,,
fivb_vis:8859,2018-05-30,women,Volleyball Nations League,VNL_WOMEN,other,ARG,ITA,49,75,0,3,team_b,Hong Kong Coliseum,,True,fivb_vis,8859,,
fivb_vis:8860,2018-05-30,women,Volleyball Nations League,VNL_WOMEN,other,CHN,JPN,75,57,3,0,team_a,Hong Kong Coliseum,,True,fivb_vis,8860,,
fivb_vis:8861,2018-05-31,women,Volleyball Nations League,VNL_WOMEN,other,KOR,POL,42,75,0,3,team_b,Omnisport,,True,fivb_vis,8861,,
fivb_vis:8862,2018-05-31,women,Volleyball Nations League,VNL_WOMEN,other,NLD,BRA,94,89,1,3,team_b,Omnisport,,True,fivb_vis,8862,,
fivb_vis:8863,2018-05-31,women,Volleyball Nations League,VNL_WOMEN,other,RUS,BEL,98,84,3,1,team_a,Hala Sportova,,True,fivb_vis,8863,,
fivb_vis:8864,2018-05-31,women,Volleyball Nations League,VNL_WOMEN,other,TUR,SRB,105,105,2,3,team_b,Hala Sportova,,True,fivb_vis,8864,,
fivb_vis:8865,2018-05-31,women,Volleyball Nations League,VNL_WOMEN,other,DOM,DEU,74,96,1,3,team_b,Indoor Stadium Hua Mark,,True,fivb_vis,8865,,
fivb_vis:8866,2018-05-31,women,Volleyball Nations League,VNL_WOMEN,other,THA,USA,48,75,0,3,team_b,Indoor Stadium Hua Mark,,True,fivb_vis,8866,,
fivb_vis:8867,2018-05-31,women,Volleyball Nations League,VNL_WOMEN,other,JPN,ARG,75,58,3,0,team_a,Hong Kong Coliseum,,True,fivb_vis,8867,,
fivb_vis:8868,2018-05-31,women,Volleyball Nations League,VNL_WOMEN,other,CHN,ITA,75,91,1,3,team_b,Hong Kong Coliseum,,True,fivb_vis,8868,,
fivb_vis:8869,2018-06-05,women,Volleyball Nations League,VNL_WOMEN,other,ITA,SRB,102,105,3,2,team_a,Topsportcentrum Rotterdam ,,True,fivb_vis,8869,,
fivb_vis:8870,2018-06-05,women,Volleyball Nations League,VNL_WOMEN,other,NLD,DOM,75,61,3,0,team_a,Topsportcentrum Rotterdam ,,True,fivb_vis,8870,,
fivb_vis:8871,2018-06-05,women,Volleyball Nations League,VNL_WOMEN,other,RUS,USA,50,75,0,3,team_b,Jiangmen Sports Hall,,True,fivb_vis,8871,,
fivb_vis:8872,2018-06-05,women,Volleyball Nations League,VNL_WOMEN,other,CHN,BRA,112,97,2,3,team_b,Jiangmen Sports Hall,,True,fivb_vis,8872,,
fivb_vis:8873,2018-06-05,women,Volleyball Nations League,VNL_WOMEN,other,JPN,TUR,76,88,1,3,team_b,Chartchai Hall,,True,fivb_vis,8873,,
fivb_vis:8874,2018-06-05,women,Volleyball Nations League,VNL_WOMEN,other,THA,KOR,83,96,1,3,team_b,Chartchai Hall,,True,fivb_vis,8874,,
fivb_vis:8875,2018-06-05,women,Volleyball Nations League,VNL_WOMEN,other,DEU,BEL,97,88,3,1,team_a,Luczniczka,,True,fivb_vis,8875,,
fivb_vis:8876,2018-06-05,women,Volleyball Nations League,VNL_WOMEN,other,POL,ARG,75,45,3,0,team_a,Luczniczka,,True,fivb_vis,8876,,
fivb_vis:8877,2018-06-06,women,Volleyball Nations League,VNL_WOMEN,other,SRB,DOM,75,52,3,0,team_a,Topsportcentrum Rotterdam ,,True,fivb_vis,8877,,
fivb_vis:8878,2018-06-06,women,Volleyball Nations League,VNL_WOMEN,other,NLD,ITA,96,102,2,3,team_b,Topsportcentrum Rotterdam ,,True,fivb_vis,8878,,
fivb_vis:8879,2018-06-06,women,Volleyball Nations League,VNL_WOMEN,other,USA,BRA,101,90,3,1,team_a,Jiangmen Sports Hall,,True,fivb_vis,8879,,
fivb_vis:8880,2018-06-06,women,Volleyball Nations League,VNL_WOMEN,other,CHN,RUS,75,62,3,0,team_a,Jiangmen Sports Hall,,True,fivb_vis,8880,,
fivb_vis:8881,2018-06-06,women,Volleyball Nations League,VNL_WOMEN,other,JPN,KOR,75,56,3,0,team_a,Chartchai Hall,,True,fivb_vis,8881,,
fivb_vis:8882,2018-06-06,women,Volleyball Nations League,VNL_WOMEN,other,THA,TUR,92,98,1,3,team_b,Chartchai Hall,,True,fivb_vis,8882,,
fivb_vis:8883,2018-06-06,women,Volleyball Nations League,VNL_WOMEN,other,BEL,ARG,75,52,3,0,team_a,Luczniczka,,True,fivb_vis,8883,,
fivb_vis:8884,2018-06-06,women,Volleyball Nations League,VNL_WOMEN,other,POL,DEU,96,75,3,1,team_a,Luczniczka,,True,fivb_vis,8884,,
fivb_vis:8885,2018-06-07,women,Volleyball Nations League,VNL_WOMEN,other,DOM,ITA,53,75,0,3,team_b,Topsportcentrum Rotterdam ,,True,fivb_vis,8885,,
fivb_vis:8886,2018-06-07,women,Volleyball Nations League,VNL_WOMEN,other,NLD,SRB,108,112,3,2,team_a,Topsportcentrum Rotterdam ,,True,fivb_vis,8886,,
fivb_vis:8887,2018-06-07,women,Volleyball Nations League,VNL_WOMEN,other,BRA,RUS,101,106,3,2,team_a,Jiangmen Sports Hall,,True,fivb_vis,8887,,
fivb_vis:8888,2018-06-07,women,Volleyball Nations League,VNL_WOMEN,other,CHN,USA,62,75,0,3,team_b,Jiangmen Sports Hall,,True,fivb_vis,8888,,
fivb_vis:8889,2018-06-07,women,Volleyball Nations League,VNL_WOMEN,other,KOR,TUR,63,75,0,3,team_b,Chartchai Hall,,True,fivb_vis,8889,,
fivb_vis:8890,2018-06-07,women,Volleyball Nations League,VNL_WOMEN,other,THA,JPN,106,111,2,3,team_b,Chartchai Hall,,True,fivb_vis,8890,,
fivb_vis:8891,2018-06-07,women,Volleyball Nations League,VNL_WOMEN,other,ARG,DEU,45,75,0,3,team_b,Luczniczka,,True,fivb_vis,8891,,
fivb_vis:8892,2018-06-07,women,Volleyball Nations League,VNL_WOMEN,other,POL,BEL,99,86,3,1,team_a,Luczniczka,,True,fivb_vis,8892,,
fivb_vis:8893,2018-06-12,women,Volleyball Nations League,VNL_WOMEN,other,TUR,NLD,100,107,2,3,team_b,Porsche Arena,,True,fivb_vis,8893,,
fivb_vis:8894,2018-06-12,women,Volleyball Nations League,VNL_WOMEN,other,DEU,CHN,100,110,2,3,team_b,Porsche Arena,,True,fivb_vis,8894,,
fivb_vis:8895,2018-06-12,women,Volleyball Nations League,VNL_WOMEN,other,RUS,DOM,75,57,3,0,team_a,Hala Widowiskowo-Sportowa,,True,fivb_vis,8895,,
fivb_vis:8896,2018-06-12,women,Volleyball Nations League,VNL_WOMEN,other,POL,JPN,105,95,3,2,team_a,Hala Widowiskowo-Sportowa,,True,fivb_vis,8896,,
fivb_vis:8897,2018-06-12,women,Volleyball Nations League,VNL_WOMEN,other,BRA,BEL,96,77,3,1,team_a,Pala Sele,,True,fivb_vis,8897,,
fivb_vis:8898,2018-06-12,women,Volleyball Nations League,VNL_WOMEN,other,ITA,THA,75,43,3,0,team_a,Pala Sele,,True,fivb_vis,8898,,
fivb_vis:8899,2018-06-12,women,Volleyball Nations League,VNL_WOMEN,other,SRB,USA,103,91,3,1,team_a,UTN Stadium,,True,fivb_vis,8899,,
fivb_vis:8900,2018-06-12,women,Volleyball Nations League,VNL_WOMEN,other,ARG,KOR,76,63,3,0,team_a,UTN Stadium,,True,fivb_vis,8900,,
fivb_vis:8901,2018-06-13,women,Volleyball Nations League,VNL_WOMEN,other,CHN,NLD,87,93,1,3,team_b,Porsche Arena,,True,fivb_vis,8901,,
fivb_vis:8902,2018-06-13,women,Volleyball Nations League,VNL_WOMEN,other,DEU,TUR,75,95,1,3,team_b,Porsche Arena,,True,fivb_vis,8902,,
fivb_vis:8903,2018-06-13,women,Volleyball Nations League,VNL_WOMEN,other,DOM,JPN,105,104,2,3,team_b,Hala Widowiskowo-Sportowa,,True,fivb_vis,8903,,
fivb_vis:8904,2018-06-13,women,Volleyball Nations League,VNL_WOMEN,other,POL,RUS,75,54,3,0,team_a,Hala Widowiskowo-Sportowa,,True,fivb_vis,8904,,
fivb_vis:8905,2018-06-13,women,Volleyball Nations League,VNL_WOMEN,other,BRA,THA,93,76,3,1,team_a,Pala Sele,,True,fivb_vis,8905,,
fivb_vis:8906,2018-06-13,women,Volleyball Nations League,VNL_WOMEN,other,ITA,BEL,75,59,3,0,team_a,Pala Sele,,True,fivb_vis,8906,,
fivb_vis:8907,2018-06-13,women,Volleyball Nations League,VNL_WOMEN,other,KOR,USA,55,75,0,3,team_b,UTN Stadium,,True,fivb_vis,8907,,
fivb_vis:8908,2018-06-13,women,Volleyball Nations League,VNL_WOMEN,other,ARG,SRB,56,79,0,3,team_b,UTN Stadium,,True,fivb_vis,8908,,
fivb_vis:8909,2018-06-14,women,Volleyball Nations League,VNL_WOMEN,other,CHN,TUR,92,98,1,3,team_b,Porsche Arena,,True,fivb_vis,8909,,
fivb_vis:8910,2018-06-14,women,Volleyball Nations League,VNL_WOMEN,other,DEU,NLD,82,99,1,3,team_b,Porsche Arena,,True,fivb_vis,8910,,
fivb_vis:8911,2018-06-14,women,Volleyball Nations League,VNL_WOMEN,other,RUS,JPN,107,90,3,2,team_a,Hala Widowiskowo-Sportowa,,True,fivb_vis,8911,,
fivb_vis:8912,2018-06-14,women,Volleyball Nations League,VNL_WOMEN,other,POL,DOM,84,91,1,3,team_b,Hala Widowiskowo-Sportowa,,True,fivb_vis,8912,,
fivb_vis:8913,2018-06-14,women,Volleyball Nations League,VNL_WOMEN,other,BEL,THA,99,90,3,1,team_a,Pala Sele,,True,fivb_vis,8913,,
fivb_vis:8914,2018-06-14,women,Volleyball Nations League,VNL_WOMEN,other,ITA,BRA,104,101,3,2,team_a,Pala Sele,,True,fivb_vis,8914,,
fivb_vis:8915,2018-06-14,women,Volleyball Nations League,VNL_WOMEN,other,KOR,SRB,48,75,0,3,team_b,UTN Stadium,,True,fivb_vis,8915,,
fivb_vis:8916,2018-06-14,women,Volleyball Nations League,VNL_WOMEN,other,ARG,USA,44,75,0,3,team_b,UTN Stadium,,True,fivb_vis,8916,,
fivb_vis:8917,2018-06-27,women,Volleyball Nations League,VNL_WOMEN,other,USA,TUR,103,97,3,2,team_a,Olympic Sports Centre,,True,fivb_vis,8917,,
fivb_vis:8918,2018-06-27,women,Volleyball Nations League,VNL_WOMEN,other,CHN,NLD,95,86,3,1,team_a,Olympic Sports Centre,,True,fivb_vis,8918,,
fivb_vis:8919,2018-06-28,women,Volleyball Nations League,VNL_WOMEN,other,SRB,TUR,103,105,2,3,team_b,Olympic Sports Centre,,True,fivb_vis,8919,,
fivb_vis:8920,2018-06-28,women,Volleyball Nations League,VNL_WOMEN,other,BRA,NLD,75,56,3,0,team_a,Olympic Sports Centre,,True,fivb_vis,8920,,
fivb_vis:8921,2018-06-29,women,Volleyball Nations League,VNL_WOMEN,other,USA,SRB,79,68,3,0,team_a,Olympic Sports Centre,,True,fivb_vis,8921,,
fivb_vis:8922,2018-06-29,women,Volleyball Nations League,VNL_WOMEN,other,CHN,BRA,64,75,0,3,team_b,Olympic Sports Centre,,True,fivb_vis,8922,,
fivb_vis:8923,2018-06-30,women,Volleyball Nations League,VNL_WOMEN,other,BRA,TUR,68,75,0,3,team_b,Olympic Sports Centre,,True,fivb_vis,8923,,
fivb_vis:8924,2018-06-30,women,Volleyball Nations League,VNL_WOMEN,other,USA,CHN,93,86,3,1,team_a,Olympic Sports Centre,,True,fivb_vis,8924,,
fivb_vis:8925,2018-07-01,women,Volleyball Nations League,VNL_WOMEN,other,BRA,CHN,62,75,0,3,team_b,Olympic Sports Centre,,True,fivb_vis,8925,,
fivb_vis:8926,2018-07-01,women,Volleyball Nations League,VNL_WOMEN,other,TUR,USA,97,108,2,3,team_b,Olympic Sports Centre,,True,fivb_vis,8926,,
fivb_vis:8927,2018-05-25,men,Volleyball Nations League,VNL_MEN,other,AUS,JPN,75,98,1,3,team_b,Kindarena,,True,fivb_vis,8927,,
fivb_vis:8928,2018-05-25,men,Volleyball Nations League,VNL_MEN,other,FRA,IRN,99,83,3,1,team_a,Kindarena,,True,fivb_vis,8928,,
fivb_vis:8929,2018-05-25,men,Volleyball Nations League,VNL_MEN,other,ARG,USA,108,115,2,3,team_b,Beilun Sport and Art Centre,,True,fivb_vis,8929,,
fivb_vis:8930,2018-05-25,men,Volleyball Nations League,VNL_MEN,other,CHN,BGR,96,102,2,3,team_b,Beilun Sport and Art Centre,,True,fivb_vis,8930,,
fivb_vis:8931,2018-05-25,men,Volleyball Nations League,VNL_MEN,other,POL,KOR,75,59,3,0,team_a,Spodek,,True,fivb_vis,8931,,
fivb_vis:8932,2018-05-25,men,Volleyball Nations League,VNL_MEN,other,RUS,CAN,76,57,3,0,team_a,Spodek,,True,fivb_vis,8932,,
fivb_vis:8933,2018-05-25,men,Volleyball Nations League,VNL_MEN,other,DEU,ITA,82,98,1,3,team_b,Hala Sportova,,True,fivb_vis,8933,,
fivb_vis:8934,2018-05-25,men,Volleyball Nations League,VNL_MEN,other,SRB,BRA,68,76,0,3,team_b,Hala Sportova,,True,fivb_vis,8934,,
fivb_vis:8935,2018-05-26,men,Volleyball Nations League,VNL_MEN,other,AUS,IRN,67,75,0,3,team_b,Kindarena,,True,fivb_vis,8935,,
fivb_vis:8936,2018-05-26,men,Volleyball Nations League,VNL_MEN,other,FRA,JPN,95,83,3,1,team_a,Kindarena,,True,fivb_vis,8936,,
fivb_vis:8937,2018-05-26,men,Volleyball Nations League,VNL_MEN,other,BGR,USA,83,97,1,3,team_b,Beilun Sport and Art Centre,,True,fivb_vis,8937,,
fivb_vis:8938,2018-05-26,men,Volleyball Nations League,VNL_MEN,other,CHN,ARG,75,61,3,0,team_a,Beilun Sport and Art Centre,,True,fivb_vis,8938,,
fivb_vis:8939,2018-05-26,men,Volleyball Nations League,VNL_MEN,other,POL,RUS,75,61,3,0,team_a,Tauron Arena,,True,fivb_vis,8939,,
fivb_vis:8940,2018-05-26,men,Volleyball Nations League,VNL_MEN,other,CAN,KOR,75,56,3,0,team_a,Tauron Arena,,True,fivb_vis,8940,,
fivb_vis:8941,2018-05-26,men,Volleyball Nations League,VNL_MEN,other,ITA,BRA,107,99,3,2,team_a,Hala Sportova,,True,fivb_vis,8941,,
fivb_vis:8942,2018-05-26,men,Volleyball Nations League,VNL_MEN,other,DEU,SRB,76,94,1,3,team_b,Hala Sportova,,True,fivb_vis,8942,,
fivb_vis:8943,2018-05-27,men,Volleyball Nations League,VNL_MEN,other,IRN,JPN,98,103,1,3,team_b,Kindarena,,True,fivb_vis,8943,,
fivb_vis:8944,2018-05-27,men,Volleyball Nations League,VNL_MEN,other,FRA,AUS,86,71,3,0,team_a,Kindarena,,True,fivb_vis,8944,,
fivb_vis:8945,2018-05-27,men,Volleyball Nations League,VNL_MEN,other,BGR,ARG,94,87,3,1,team_a,Beilun Sport and Art Centre,,True,fivb_vis,8945,,
fivb_vis:8946,2018-05-27,men,Volleyball Nations League,VNL_MEN,other,CHN,USA,62,76,0,3,team_b,Beilun Sport and Art Centre,,True,fivb_vis,8946,,
fivb_vis:8947,2018-05-27,men,Volleyball Nations League,VNL_MEN,other,POL,CAN,97,87,3,1,team_a,Tauron Arena,,True,fivb_vis,8947,,
fivb_vis:8948,2018-05-27,men,Volleyball Nations League,VNL_MEN,other,KOR,RUS,62,78,0,3,team_b,Tauron Arena,,True,fivb_vis,8948,,
fivb_vis:8949,2018-05-27,men,Volleyball Nations League,VNL_MEN,other,BRA,DEU,77,71,3,0,team_a,Hala Sportova,,True,fivb_vis,8949,,
fivb_vis:8950,2018-05-27,men,Volleyball Nations League,VNL_MEN,other,ITA,SRB,75,55,3,0,team_a,Hala Sportova,,True,fivb_vis,8950,,
fivb_vis:8951,2018-06-01,men,Volleyball Nations League,VNL_MEN,other,AUS,RUS,84,93,1,3,team_b,Arena Armeec Hall,,True,fivb_vis,8951,,
fivb_vis:8952,2018-06-01,men,Volleyball Nations League,VNL_MEN,other,BGR,SRB,102,112,2,3,team_b,Arena Armeec Hall,,True,fivb_vis,8952,,
fivb_vis:8953,2018-06-01,men,Volleyball Nations League,VNL_MEN,other,JPN,USA,98,101,2,3,team_b,Goiânia Arena,,True,fivb_vis,8953,,
fivb_vis:8954,2018-06-01,men,Volleyball Nations League,VNL_MEN,other,BRA,KOR,75,59,3,0,team_a,Goiânia Arena,,True,fivb_vis,8954,,
fivb_vis:8955,2018-06-01,men,Volleyball Nations League,VNL_MEN,other,CAN,ITA,99,89,3,1,team_a,Cantoni Stadium,,True,fivb_vis,8955,,
fivb_vis:8956,2018-06-01,men,Volleyball Nations League,VNL_MEN,other,ARG,IRN,104,110,2,3,team_b,Cantoni Stadium,,True,fivb_vis,8956,,
fivb_vis:8957,2018-06-01,men,Volleyball Nations League,VNL_MEN,other,POL,FRA,75,61,3,0,team_a,Atlas Arena,,True,fivb_vis,8957,,
fivb_vis:8958,2018-06-01,men,Volleyball Nations League,VNL_MEN,other,CHN,DEU,86,98,1,3,team_b,Atlas Arena,,True,fivb_vis,8958,,
fivb_vis:8959,2018-06-02,men,Volleyball Nations League,VNL_MEN,other,RUS,SRB,108,107,2,3,team_b,Arena Armeec Hall,,True,fivb_vis,8959,,
fivb_vis:8960,2018-06-02,men,Volleyball Nations League,VNL_MEN,other,BGR,AUS,70,76,0,3,team_b,Arena Armeec Hall,,True,fivb_vis,8960,,
fivb_vis:8961,2018-06-02,men,Volleyball Nations League,VNL_MEN,other,BRA,JPN,76,63,3,0,team_a,Goiânia Arena,,True,fivb_vis,8961,,
fivb_vis:8962,2018-06-02,men,Volleyball Nations League,VNL_MEN,other,KOR,USA,55,75,0,3,team_b,Goiânia Arena,,True,fivb_vis,8962,,
fivb_vis:8963,2018-06-02,men,Volleyball Nations League,VNL_MEN,other,IRN,ITA,61,75,0,3,team_b,Cantoni Stadium,,True,fivb_vis,8963,,
fivb_vis:8964,2018-06-02,men,Volleyball Nations League,VNL_MEN,other,ARG,CAN,89,99,1,3,team_b,Cantoni Stadium,,True,fivb_vis,8964,,
fivb_vis:8965,2018-06-02,men,Volleyball Nations League,VNL_MEN,other,POL,CHN,75,58,3,0,team_a,Atlas Arena,,True,fivb_vis,8965,,
fivb_vis:8966,2018-06-02,men,Volleyball Nations League,VNL_MEN,other,DEU,FRA,62,75,0,3,team_b,Atlas Arena,,True,fivb_vis,8966,,
fivb_vis:8967,2018-06-03,men,Volleyball Nations League,VNL_MEN,other,SRB,AUS,110,103,3,2,team_a,Arena Armeec Hall,,True,fivb_vis,8967,,
fivb_vis:8968,2018-06-03,men,Volleyball Nations League,VNL_MEN,other,BGR,RUS,53,75,0,3,team_b,Arena Armeec Hall,,True,fivb_vis,8968,,
fivb_vis:8969,2018-06-03,men,Volleyball Nations League,VNL_MEN,other,KOR,JPN,111,111,2,3,team_b,Goiânia Arena,,True,fivb_vis,8969,,
fivb_vis:8970,2018-06-03,men,Volleyball Nations League,VNL_MEN,other,BRA,USA,111,107,3,2,team_a,Goiânia Arena,,True,fivb_vis,8970,,
fivb_vis:8971,2018-06-03,men,Volleyball Nations League,VNL_MEN,other,IRN,CAN,91,96,1,3,team_b,Cantoni Stadium,,True,fivb_vis,8971,,
fivb_vis:8972,2018-06-03,men,Volleyball Nations League,VNL_MEN,other,ARG,ITA,83,70,3,0,team_a,Cantoni Stadium,,True,fivb_vis,8972,,
fivb_vis:8973,2018-06-03,men,Volleyball Nations League,VNL_MEN,other,POL,DEU,89,98,1,3,team_b,Atlas Arena,,True,fivb_vis,8973,,
fivb_vis:8974,2018-06-03,men,Volleyball Nations League,VNL_MEN,other,FRA,CHN,106,97,2,3,team_b,Atlas Arena,,True,fivb_vis,8974,,
fivb_vis:8975,2018-06-08,men,Volleyball Nations League,VNL_MEN,other,DEU,USA,75,54,3,0,team_a,TD Place Arena,,True,fivb_vis,8975,,
fivb_vis:8976,2018-06-08,men,Volleyball Nations League,VNL_MEN,other,CAN,AUS,76,62,3,0,team_a,TD Place Arena,,True,fivb_vis,8976,,
fivb_vis:8977,2018-06-08,men,Volleyball Nations League,VNL_MEN,other,ITA,POL,100,115,2,3,team_b,Osaka Municipal Central Gym,,True,fivb_vis,8977,,
fivb_vis:8978,2018-06-09,men,Volleyball Nations League,VNL_MEN,other,JPN,BGR,62,79,0,3,team_b,Osaka Municipal Central Gym,,True,fivb_vis,8978,,
fivb_vis:8979,2018-06-08,men,Volleyball Nations League,VNL_MEN,other,CHN,IRN,54,75,0,3,team_b,Ufa - Arena,,True,fivb_vis,8979,,
fivb_vis:8980,2018-06-08,men,Volleyball Nations League,VNL_MEN,other,RUS,BRA,86,100,1,3,team_b,Ufa - Arena,,True,fivb_vis,8980,,
fivb_vis:8981,2018-06-08,men,Volleyball Nations League,VNL_MEN,other,ARG,SRB,85,95,1,3,team_b,L'arena du pays d'Aix,,True,fivb_vis,8981,,
fivb_vis:8982,2018-06-08,men,Volleyball Nations League,VNL_MEN,other,FRA,KOR,75,61,3,0,team_a,L'arena du pays d'Aix,,True,fivb_vis,8982,,
fivb_vis:8983,2018-06-09,men,Volleyball Nations League,VNL_MEN,other,USA,AUS,95,77,3,1,team_a,TD Place Arena,,True,fivb_vis,8983,,
fivb_vis:8984,2018-06-09,men,Volleyball Nations League,VNL_MEN,other,CAN,DEU,89,95,1,3,team_b,TD Place Arena,,True,fivb_vis,8984,,
fivb_vis:8985,2018-06-09,men,Volleyball Nations League,VNL_MEN,other,ITA,BGR,96,86,3,1,team_a,Osaka Municipal Central Gym,,True,fivb_vis,8985,,
fivb_vis:8986,2018-06-10,men,Volleyball Nations League,VNL_MEN,other,JPN,POL,57,75,0,3,team_b,Osaka Municipal Central Gym,,True,fivb_vis,8986,,
fivb_vis:8987,2018-06-09,men,Volleyball Nations League,VNL_MEN,other,IRN,BRA,99,109,2,3,team_b,Ufa - Arena,,True,fivb_vis,8987,,
fivb_vis:8988,2018-06-09,men,Volleyball Nations League,VNL_MEN,other,RUS,CHN,81,75,3,0,team_a,Ufa - Arena,,True,fivb_vis,8988,,
fivb_vis:8989,2018-06-09,men,Volleyball Nations League,VNL_MEN,other,FRA,ARG,98,79,3,1,team_a,L'arena du pays d'Aix,,True,fivb_vis,8989,,
fivb_vis:8990,2018-06-09,men,Volleyball Nations League,VNL_MEN,other,KOR,SRB,58,75,0,3,team_b,L'arena du pays d'Aix,,True,fivb_vis,8990,,
fivb_vis:8991,2018-06-10,men,Volleyball Nations League,VNL_MEN,other,AUS,DEU,100,101,3,2,team_a,TD Place Arena,,True,fivb_vis,8991,,
fivb_vis:8992,2018-06-10,men,Volleyball Nations League,VNL_MEN,other,CAN,USA,77,98,1,3,team_b,TD Place Arena,,True,fivb_vis,8992,,
fivb_vis:8993,2018-06-10,men,Volleyball Nations League,VNL_MEN,other,BGR,POL,84,99,1,3,team_b,Osaka Municipal Central Gym,,True,fivb_vis,8993,,
fivb_vis:8994,2018-06-10,men,Volleyball Nations League,VNL_MEN,other,JPN,ITA,109,103,3,2,team_a,Osaka Municipal Central Gym,,True,fivb_vis,8994,,
fivb_vis:8995,2018-06-10,men,Volleyball Nations League,VNL_MEN,other,CHN,BRA,64,77,0,3,team_b,Ufa - Arena,,True,fivb_vis,8995,,
fivb_vis:8996,2018-06-10,men,Volleyball Nations League,VNL_MEN,other,RUS,IRN,105,99,3,1,team_a,Ufa - Arena,,True,fivb_vis,8996,,
fivb_vis:8997,2018-06-10,men,Volleyball Nations League,VNL_MEN,other,KOR,ARG,67,76,0,3,team_b,L'arena du pays d'Aix,,True,fivb_vis,8997,,
fivb_vis:8998,2018-06-10,men,Volleyball Nations League,VNL_MEN,other,FRA,SRB,81,60,3,0,team_a,L'arena du pays d'Aix,,True,fivb_vis,8998,,
fivb_vis:8999,2018-06-15,men,Volleyball Nations League,VNL_MEN,other,CHN,ITA,86,94,1,3,team_b,Jangchung Gym,,True,fivb_vis,8999,,
fivb_vis:9000,2018-06-15,men,Volleyball Nations League,VNL_MEN,other,KOR,AUS,84,98,1,3,team_b,Jangchung Gym,,True,fivb_vis,9000,,
fivb_vis:9001,2018-06-15,men,Volleyball Nations League,VNL_MEN,other,DEU,JPN,99,106,2,3,team_b,MHP Arena,,True,fivb_vis,9001,,
fivb_vis:9002,2018-06-15,men,Volleyball Nations League,VNL_MEN,other,RUS,ARG,76,64,3,0,team_a,MHP Arena,,True,fivb_vis,9002,,
fivb_vis:9003,2018-06-15,men,Volleyball Nations League,VNL_MEN,other,POL,IRN,70,77,0,3,team_b,Sears Centre Arena,,True,fivb_vis,9003,,
fivb_vis:9004,2018-06-15,men,Volleyball Nations League,VNL_MEN,other,USA,SRB,75,52,3,0,team_a,Sears Centre Arena,,True,fivb_vis,9004,,
fivb_vis:9005,2018-06-15,men,Volleyball Nations League,VNL_MEN,other,CAN,BRA,84,77,3,0,team_a,Palace of Culture & Sport,,True,fivb_vis,9005,,
fivb_vis:9006,2018-06-15,men,Volleyball Nations League,VNL_MEN,other,BGR,FRA,64,75,0,3,team_b,Palace of Culture & Sport,,True,fivb_vis,9006,,
fivb_vis:9007,2018-06-16,men,Volleyball Nations League,VNL_MEN,other,KOR,ITA,104,109,2,3,team_b,Jangchung Gym,,True,fivb_vis,9007,,
fivb_vis:9008,2018-06-16,men,Volleyball Nations League,VNL_MEN,other,AUS,CHN,120,114,3,1,team_a,Jangchung Gym,,True,fivb_vis,9008,,
fivb_vis:9009,2018-06-16,men,Volleyball Nations League,VNL_MEN,other,DEU,ARG,95,85,3,1,team_a,MHP Arena,,True,fivb_vis,9009,,
fivb_vis:9010,2018-06-16,men,Volleyball Nations League,VNL_MEN,other,RUS,JPN,75,61,3,0,team_a,MHP Arena,,True,fivb_vis,9010,,
fivb_vis:9011,2018-06-16,men,Volleyball Nations League,VNL_MEN,other,IRN,SRB,108,108,2,3,team_b,Sears Centre Arena,,True,fivb_vis,9011,,
fivb_vis:9012,2018-06-16,men,Volleyball Nations League,VNL_MEN,other,USA,POL,75,58,3,0,team_a,Sears Centre Arena,,True,fivb_vis,9012,,
fivb_vis:9013,2018-06-16,men,Volleyball Nations League,VNL_MEN,other,FRA,BRA,75,65,3,0,team_a,Palace of Culture & Sport,,True,fivb_vis,9013,,
fivb_vis:9014,2018-06-16,men,Volleyball Nations League,VNL_MEN,other,BGR,CAN,79,68,3,0,team_a,Palace of Culture & Sport,,True,fivb_vis,9014,,
fivb_vis:9015,2018-06-17,men,Volleyball Nations League,VNL_MEN,other,ITA,AUS,92,95,1,3,team_b,Jangchung Gym,,True,fivb_vis,9015,,
fivb_vis:9016,2018-06-17,men,Volleyball Nations League,VNL_MEN,other,KOR,CHN,75,64,3,0,team_a,Jangchung Gym,,True,fivb_vis,9016,,
fivb_vis:9017,2018-06-17,men,Volleyball Nations League,VNL_MEN,other,ARG,JPN,108,101,2,3,team_b,MHP Arena,,True,fivb_vis,9017,,
fivb_vis:9018,2018-06-17,men,Volleyball Nations League,VNL_MEN,other,DEU,RUS,60,76,0,3,team_b,MHP Arena,,True,fivb_vis,9018,,
fivb_vis:9019,2018-06-17,men,Volleyball Nations League,VNL_MEN,other,POL,SRB,69,75,0,3,team_b,Sears Centre Arena,,True,fivb_vis,9019,,
fivb_vis:9020,2018-06-17,men,Volleyball Nations League,VNL_MEN,other,USA,IRN,80,71,3,0,team_a,Sears Centre Arena,,True,fivb_vis,9020,,
fivb_vis:9021,2018-06-17,men,Volleyball Nations League,VNL_MEN,other,FRA,CAN,112,106,3,2,team_a,Palace of Culture & Sport,,True,fivb_vis,9021,,
fivb_vis:9022,2018-06-17,men,Volleyball Nations League,VNL_MEN,other,BGR,BRA,102,99,3,2,team_a,Palace of Culture & Sport,,True,fivb_vis,9022,,
fivb_vis:9023,2018-06-22,men,Volleyball Nations League,VNL_MEN,other,POL,ARG,80,71,3,0,team_a,Hisense Arena,,True,fivb_vis,9023,,
fivb_vis:9024,2018-06-22,men,Volleyball Nations League,VNL_MEN,other,AUS,BRA,60,75,0,3,team_b,Hisense Arena,,True,fivb_vis,9024,,
fivb_vis:9025,2018-06-22,men,Volleyball Nations League,VNL_MEN,other,CAN,SRB,56,75,0,3,team_b,Jiangmen Sports Hall,,True,fivb_vis,9025,,
fivb_vis:9026,2018-06-22,men,Volleyball Nations League,VNL_MEN,other,CHN,JPN,93,84,3,1,team_a,Jiangmen Sports Hall,,True,fivb_vis,9026,,
fivb_vis:9027,2018-06-22,men,Volleyball Nations League,VNL_MEN,other,BGR,DEU,108,109,2,3,team_b,Azadi Sports Complex,,True,fivb_vis,9027,,
fivb_vis:9028,2018-06-22,men,Volleyball Nations League,VNL_MEN,other,IRN,KOR,100,95,3,1,team_a,Azadi Sports Complex,,True,fivb_vis,9028,,
fivb_vis:9029,2018-06-22,men,Volleyball Nations League,VNL_MEN,other,USA,FRA,106,114,2,3,team_b,Pala Panini,,True,fivb_vis,9029,,
fivb_vis:9030,2018-06-22,men,Volleyball Nations League,VNL_MEN,other,ITA,RUS,63,75,0,3,team_b,Pala Panini,,True,fivb_vis,9030,,
fivb_vis:9031,2018-06-23,men,Volleyball Nations League,VNL_MEN,other,AUS,ARG,85,95,1,3,team_b,Hisense Arena,,True,fivb_vis,9031,,
fivb_vis:9032,2018-06-23,men,Volleyball Nations League,VNL_MEN,other,BRA,POL,98,93,3,1,team_a,Hisense Arena,,True,fivb_vis,9032,,
fivb_vis:9033,2018-06-23,men,Volleyball Nations League,VNL_MEN,other,JPN,SRB,100,111,1,3,team_b,Jiangmen Sports Hall,,True,fivb_vis,9033,,
fivb_vis:9034,2018-06-23,men,Volleyball Nations League,VNL_MEN,other,CHN,CAN,66,75,0,3,team_b,Jiangmen Sports Hall,,True,fivb_vis,9034,,
fivb_vis:9035,2018-06-23,men,Volleyball Nations League,VNL_MEN,other,DEU,KOR,75,60,3,0,team_a,Azadi Sports Complex,,True,fivb_vis,9035,,
fivb_vis:9036,2018-06-23,men,Volleyball Nations League,VNL_MEN,other,IRN,BGR,98,76,3,1,team_a,Azadi Sports Complex,,True,fivb_vis,9036,,
fivb_vis:9037,2018-06-23,men,Volleyball Nations League,VNL_MEN,other,USA,RUS,61,75,0,3,team_b,Pala Panini,,True,fivb_vis,9037,,
fivb_vis:9038,2018-06-23,men,Volleyball Nations League,VNL_MEN,other,ITA,FRA,77,68,3,0,team_a,Pala Panini,,True,fivb_vis,9038,,
fivb_vis:9039,2018-06-24,men,Volleyball Nations League,VNL_MEN,other,BRA,ARG,66,75,0,3,team_b,Hisense Arena,,True,fivb_vis,9039,,
fivb_vis:9040,2018-06-24,men,Volleyball Nations League,VNL_MEN,other,AUS,POL,63,76,0,3,team_b,Hisense Arena,,True,fivb_vis,9040,,
fivb_vis:9041,2018-06-24,men,Volleyball Nations League,VNL_MEN,other,JPN,CAN,65,75,0,3,team_b,Jiangmen Sports Hall,,True,fivb_vis,9041,,
fivb_vis:9042,2018-06-24,men,Volleyball Nations League,VNL_MEN,other,CHN,SRB,83,92,1,3,team_b,Jiangmen Sports Hall,,True,fivb_vis,9042,,
fivb_vis:9043,2018-06-24,men,Volleyball Nations League,VNL_MEN,other,BGR,KOR,106,102,3,2,team_a,Azadi Sports Complex,,True,fivb_vis,9043,,
fivb_vis:9044,2018-06-24,men,Volleyball Nations League,VNL_MEN,other,IRN,DEU,110,103,3,2,team_a,Azadi Sports Complex,,True,fivb_vis,9044,,
fivb_vis:9045,2018-06-24,men,Volleyball Nations League,VNL_MEN,other,FRA,RUS,75,51,3,0,team_a,Pala Panini,,True,fivb_vis,9045,,
fivb_vis:9046,2018-06-24,men,Volleyball Nations League,VNL_MEN,other,ITA,USA,67,79,0,3,team_b,Pala Panini,,True,fivb_vis,9046,,
fivb_vis:9047,2018-07-04,men,Volleyball Nations League,VNL_MEN,other,RUS,POL,97,83,3,1,team_a,Stade Pierre Mauroy,,True,fivb_vis,9047,,
fivb_vis:9048,2018-07-04,men,Volleyball Nations League,VNL_MEN,other,FRA,BRA,108,105,3,2,team_a,Stade Pierre Mauroy,,True,fivb_vis,9048,,
fivb_vis:9049,2018-07-05,men,Volleyball Nations League,VNL_MEN,other,USA,POL,78,61,3,0,team_a,Stade Pierre Mauroy,,True,fivb_vis,9049,,
fivb_vis:9050,2018-07-05,men,Volleyball Nations League,VNL_MEN,other,SRB,BRA,61,78,0,3,team_b,Stade Pierre Mauroy,,True,fivb_vis,9050,,
fivb_vis:9051,2018-07-06,men,Volleyball Nations League,VNL_MEN,other,RUS,USA,75,64,3,0,team_a,Stade Pierre Mauroy,,True,fivb_vis,9051,,
fivb_vis:9052,2018-07-06,men,Volleyball Nations League,VNL_MEN,other,FRA,SRB,75,54,3,0,team_a,Stade Pierre Mauroy,,True,fivb_vis,9052,,
fivb_vis:9053,2018-07-07,men,Volleyball Nations League,VNL_MEN,other,FRA,USA,112,99,3,2,team_a,Stade Pierre Mauroy,,True,fivb_vis,9053,,
fivb_vis:9054,2018-07-07,men,Volleyball Nations League,VNL_MEN,other,RUS,BRA,75,49,3,0,team_a,Stade Pierre Mauroy,,True,fivb_vis,9054,,
fivb_vis:9055,2018-07-08,men,Volleyball Nations League,VNL_MEN,other,USA,BRA,81,73,3,0,team_a,Stade Pierre Mauroy,,True,fivb_vis,9055,,
fivb_vis:9056,2018-07-08,men,Volleyball Nations League,VNL_MEN,other,FRA,RUS,65,75,0,3,team_b,Stade Pierre Mauroy,,True,fivb_vis,9056,,
fivb_vis:9274,2018-05-17,women,NORCECA Championship,NORCECA_WOMEN,other,PRI,NIC,75,41,3,0,team_a,Expo Centre,,True,fivb_vis,9274,,
fivb_vis:9276,2018-05-18,women,NORCECA Championship,NORCECA_WOMEN,other,NIC,CUB,32,75,0,3,team_b,Expo Centre,,True,fivb_vis,9276,,
fivb_vis:9277,2018-05-19,women,NORCECA Championship,NORCECA_WOMEN,other,CUB,PRI,62,75,0,3,team_b,Expo Centre,,True,fivb_vis,9277,,
fivb_vis:9278,2018-05-20,women,NORCECA Championship,NORCECA_WOMEN,other,TTO,CUB,48,75,0,3,team_b,Expo Centre,,True,fivb_vis,9278,,
fivb_vis:9305,2018-06-05,men,NORCECA Championship,NORCECA_MEN,other,PRI,TTO,77,54,3,0,team_a,Sala 19 de Noviembre,,True,fivb_vis,9305,,
fivb_vis:9306,2018-06-05,men,NORCECA Championship,NORCECA_MEN,other,CUB,GTM,75,42,3,0,team_a,Sala 19 de Noviembre,,True,fivb_vis,9306,,
fivb_vis:9307,2018-06-06,men,NORCECA Championship,NORCECA_MEN,other,TTO,CRI,78,61,3,0,team_a,Sala 19 de noviembre,,True,fivb_vis,9307,,
fivb_vis:9308,2018-06-06,men,NORCECA Championship,NORCECA_MEN,other,GTM,PRI,47,75,0,3,team_b,Sala 19 de noviembre,,True,fivb_vis,9308,,
fivb_vis:9309,2018-06-07,men,NORCECA Championship,NORCECA_MEN,other,CRI,PRI,41,75,0,3,team_b,Sala 19 de noviembre,,True,fivb_vis,9309,,
fivb_vis:9310,2018-06-07,men,NORCECA Championship,NORCECA_MEN,other,CUB,TTO,75,45,3,0,team_a,Sala 19 de noviembre,,True,fivb_vis,9310,,
fivb_vis:9311,2018-06-08,men,NORCECA Championship,NORCECA_MEN,other,GTM,CRI,97,72,3,1,team_a,Sala 19 de noviembre,,True,fivb_vis,9311,,
fivb_vis:9360,2018-06-09,men,NORCECA Championship,NORCECA_MEN,other,TTO,GTM,94,100,1,3,team_b,Sala 19 de noviembre,,True,fivb_vis,9360,,
fivb_vis:9361,2018-06-09,men,NORCECA Championship,NORCECA_MEN,other,CUB,CRI,75,45,3,0,team_a,Sala 19 de noviembre,,True,fivb_vis,9361,,
fivb_vis:9455,2018-07-08,women,NORCECA Championship,NORCECA_WOMEN,other,TTO,USA,77,96,1,3,team_b,Palacio de Voleibol Ricardo Arias,,True,fivb_vis,9455,,
fivb_vis:9456,2018-07-08,women,NORCECA Championship,NORCECA_WOMEN,other,BRA,MEX,75,57,3,0,team_a,Palacio de Voleibol Ricardo Arias,,True,fivb_vis,9456,,
fivb_vis:9457,2018-07-08,women,NORCECA Championship,NORCECA_WOMEN,other,CAN,PER,75,50,3,0,team_a,Palacio de Voleibol Ricardo Arias,,True,fivb_vis,9457,,
fivb_vis:9458,2018-07-08,women,NORCECA Championship,NORCECA_WOMEN,other,ARG,COL,97,107,2,3,team_b,Palacio de Voleibol Ricardo Arias,,True,fivb_vis,9458,,
fivb_vis:9459,2018-07-08,women,NORCECA Championship,NORCECA_WOMEN,other,PRI,CUB,75,58,3,0,team_a,Palacio de Voleibol Ricardo Arias,,True,fivb_vis,9459,,
fivb_vis:9460,2018-07-08,women,NORCECA Championship,NORCECA_WOMEN,other,DOM,CRI,75,40,3,0,team_a,Palacio de Voleibol Ricardo Arias,,True,fivb_vis,9460,,
fivb_vis:9461,2018-07-09,women,NORCECA Championship,NORCECA_WOMEN,other,CRI,CAN,27,75,0,3,team_b,Palacio de Voleibol Ricardo Arias,,True,fivb_vis,9461,,
fivb_vis:9462,2018-07-09,women,NORCECA Championship,NORCECA_WOMEN,other,TTO,PRI,109,117,2,3,team_b,Palacio de Voleibol Ricardo Arias,,True,fivb_vis,9462,,
fivb_vis:9463,2018-07-09,women,NORCECA Championship,NORCECA_WOMEN,other,COL,BRA,103,107,2,3,team_b,Palacio de Voleibol Ricardo Arias,,True,fivb_vis,9463,,
fivb_vis:9464,2018-07-09,women,NORCECA Championship,NORCECA_WOMEN,other,MEX,ARG,75,55,3,0,team_a,Palacio de Voleibol Ricardo Arias,,True,fivb_vis,9464,,
fivb_vis:9465,2018-07-09,women,NORCECA Championship,NORCECA_WOMEN,other,CUB,USA,96,108,3,2,team_a,Palacio de Voleibol,,True,fivb_vis,9465,,
fivb_vis:9466,2018-07-09,women,NORCECA Championship,NORCECA_WOMEN,other,DOM,PER,75,47,3,0,team_a,Palacio de Voleibol Ricardo Arias,,True,fivb_vis,9466,,
fivb_vis:9467,2018-07-10,women,NORCECA Championship,NORCECA_WOMEN,other,PER,CRI,75,55,3,0,team_a,Palacio de Voleibol Ricardo Arias,,True,fivb_vis,9467,,
fivb_vis:9468,2018-07-10,women,NORCECA Championship,NORCECA_WOMEN,other,CUB,TTO,80,62,3,0,team_a,Palacio de Voleibol Ricardo Arias,,True,fivb_vis,9468,,
fivb_vis:9469,2018-07-10,women,NORCECA Championship,NORCECA_WOMEN,other,COL,MEX,75,49,3,0,team_a,Palacio de Voleibol Ricardo Arias,,True,fivb_vis,9469,,
fivb_vis:9470,2018-07-10,women,NORCECA Championship,NORCECA_WOMEN,other,BRA,ARG,104,91,3,2,team_a,Palacio de Voleibol Ricardo Arias,,True,fivb_vis,9470,,
fivb_vis:9471,2018-07-10,women,NORCECA Championship,NORCECA_WOMEN,other,USA,PRI,75,57,3,0,team_a,Palacio de Voleibol Ricardo Arias,,True,fivb_vis,9471,,
fivb_vis:9472,2018-07-10,women,NORCECA Championship,NORCECA_WOMEN,other,DOM,CAN,57,75,0,3,team_b,Palacio de Voleibol Ricardo Arias,,True,fivb_vis,9472,,
fivb_vis:9473,2018-07-11,women,NORCECA Championship,NORCECA_WOMEN,other,CUB,ARG,100,99,3,2,team_a,Palacio de Voleibol Ricardo Arias,,True,fivb_vis,9473,,
fivb_vis:9474,2018-07-11,women,NORCECA Championship,NORCECA_WOMEN,other,MEX,PER,108,106,1,3,team_b,Palacio de Voleibol Ricardo Arias,,True,fivb_vis,9474,,
fivb_vis:9475,2018-07-11,women,NORCECA Championship,NORCECA_WOMEN,other,DOM,PRI,104,103,3,2,team_a,Palacio de Voleibol Ricardo Arias,,True,fivb_vis,9475,,
fivb_vis:9476,2018-07-11,women,NORCECA Championship,NORCECA_WOMEN,other,USA,COL,75,46,3,0,team_a,Palacio de Voleibol Ricardo Arias,,True,fivb_vis,9476,,
fivb_vis:9477,2018-07-12,women,NORCECA Championship,NORCECA_WOMEN,other,CRI,ARG,41,75,0,3,team_b,Palacio de Voleibol Ricardo Arias,,True,fivb_vis,9477,,
fivb_vis:9478,2018-07-12,women,NORCECA Championship,NORCECA_WOMEN,other,TTO,MEX,72,94,1,3,team_b,Palacio de Voleibol Ricardo Arias,,True,fivb_vis,9478,,
fivb_vis:9479,2018-07-12,women,NORCECA Championship,NORCECA_WOMEN,other,CUB,COL,58,75,0,3,team_b,Palacio de Voleibol Ricardo Arias,,True,fivb_vis,9479,,
fivb_vis:9480,2018-07-12,women,NORCECA Championship,NORCECA_WOMEN,other,PER,PRI,56,75,0,3,team_b,Palacio de Voleibol Ricardo Arias,,True,fivb_vis,9480,,
fivb_vis:9481,2018-07-13,women,NORCECA Championship,NORCECA_WOMEN,other,CRI,TTO,58,76,0,3,team_b,Palacio de Voleibol Ricardo Arias,,True,fivb_vis,9481,,
fivb_vis:9482,2018-07-13,women,NORCECA Championship,NORCECA_WOMEN,other,ARG,MEX,98,88,3,1,team_a,Palacio de Voleibol Ricardo Arias,,True,fivb_vis,9482,,
fivb_vis:9483,2018-07-13,women,NORCECA Championship,NORCECA_WOMEN,other,BRA,DOM,51,75,0,3,team_b,Palacio de Voleibol Ricardo Arias,,True,fivb_vis,9483,,
fivb_vis:9484,2018-07-13,women,NORCECA Championship,NORCECA_WOMEN,other,CAN,USA,85,98,1,3,team_b,Palacio de Voleibol Ricardo Arias,,True,fivb_vis,9484,,
fivb_vis:9485,2018-07-14,women,NORCECA Championship,NORCECA_WOMEN,other,CUB,PER,113,96,3,1,team_a,Palacio de Voleibol Ricardo Arias,,True,fivb_vis,9485,,
fivb_vis:9486,2018-07-14,women,NORCECA Championship,NORCECA_WOMEN,other,COL,PRI,108,98,3,2,team_a,Palacio de Voleibol Ricardo Arias,,True,fivb_vis,9486,,
fivb_vis:9487,2018-07-14,women,NORCECA Championship,NORCECA_WOMEN,other,BRA,CAN,60,75,0,3,team_b,Palacio de Voleibol Ricardo Arias,,True,fivb_vis,9487,,
fivb_vis:9488,2018-07-14,women,NORCECA Championship,NORCECA_WOMEN,other,DOM,USA,99,110,2,3,team_b,Palacio de Voleibol Ricardo Arias,,True,fivb_vis,9488,,
fivb_vis:9597,2018-08-28,men,NORCECA Championship,NORCECA_MEN,other,USA,PER,76,59,3,0,team_a,ARENA CORDOBA,,True,fivb_vis,9597,,
fivb_vis:9598,2018-08-28,men,NORCECA Championship,NORCECA_MEN,other,CHL,CUB,87,92,1,3,team_b,ARENA CORDOBA,,True,fivb_vis,9598,,
fivb_vis:9599,2018-08-28,men,NORCECA Championship,NORCECA_MEN,other,BRA,DOM,75,54,3,0,team_a,ARENA CORDOBA,,True,fivb_vis,9599,,
fivb_vis:9600,2018-08-28,men,NORCECA Championship,NORCECA_MEN,other,CAN,COL,98,88,3,1,team_a,ARENA CORDOBA,,True,fivb_vis,9600,,
fivb_vis:9601,2018-08-28,men,NORCECA Championship,NORCECA_MEN,other,ARG,PRI,103,88,3,1,team_a,ARENA CORDOBA,,True,fivb_vis,9601,,
fivb_vis:9602,2018-08-28,men,NORCECA Championship,NORCECA_MEN,other,MEX,GTM,79,65,3,0,team_a,ARENA CORDOBA,,True,fivb_vis,9602,,
fivb_vis:9603,2018-08-29,men,NORCECA Championship,NORCECA_MEN,other,CUB,GTM,75,45,3,0,team_a,ARENA CORDOBA,,True,fivb_vis,9603,,
fivb_vis:9604,2018-08-29,men,NORCECA Championship,NORCECA_MEN,other,COL,BRA,54,77,0,3,team_b,ARENA CORDOBA,,True,fivb_vis,9604,,
fivb_vis:9605,2018-08-29,men,NORCECA Championship,NORCECA_MEN,other,PER,ARG,57,75,0,3,team_b,ARENA CORDOBA,,True,fivb_vis,9605,,
fivb_vis:9606,2018-08-29,men,NORCECA Championship,NORCECA_MEN,other,DOM,CAN,56,75,0,3,team_b,ARENA CORDOBA,,True,fivb_vis,9606,,
fivb_vis:9607,2018-08-29,men,NORCECA Championship,NORCECA_MEN,other,PRI,USA,98,83,3,1,team_a,ARENA CORDOBA,,True,fivb_vis,9607,,
fivb_vis:9608,2018-08-29,men,NORCECA Championship,NORCECA_MEN,other,MEX,CHL,75,59,3,0,team_a,ARENA CORDOBA,,True,fivb_vis,9608,,
fivb_vis:9609,2018-08-30,men,NORCECA Championship,NORCECA_MEN,other,PER,PRI,58,75,0,3,team_b,ARENA CORDOBA,,True,fivb_vis,9609,,
fivb_vis:9610,2018-08-30,men,NORCECA Championship,NORCECA_MEN,other,GTM,CHL,53,75,0,3,team_b,ARENA CORDOBA,,True,fivb_vis,9610,,
fivb_vis:9611,2018-08-30,men,NORCECA Championship,NORCECA_MEN,other,COL,DOM,72,78,0,3,team_b,ARENA CORDOBA,,True,fivb_vis,9611,,
fivb_vis:9612,2018-08-30,men,NORCECA Championship,NORCECA_MEN,other,BRA,CAN,75,58,3,0,team_a,ARENA CORDOBA,,True,fivb_vis,9612,,
fivb_vis:9613,2018-08-30,men,NORCECA Championship,NORCECA_MEN,other,USA,ARG,56,75,0,3,team_b,ARENA CORDOBA,,True,fivb_vis,9613,,
fivb_vis:9614,2018-08-30,men,NORCECA Championship,NORCECA_MEN,other,MEX,CUB,94,109,2,3,team_b,ARENA CORDOBA,,True,fivb_vis,9614,,
fivb_vis:9615,2018-08-31,men,NORCECA Championship,NORCECA_MEN,other,PER,GTM,83,98,1,3,team_b,ARENA CORDOBA,,True,fivb_vis,9615,,
fivb_vis:9616,2018-08-31,men,NORCECA Championship,NORCECA_MEN,other,CHL,COL,75,49,3,0,team_a,ARENA CORDOBA,,True,fivb_vis,9616,,
fivb_vis:9617,2018-08-31,men,NORCECA Championship,NORCECA_MEN,other,DOM,USA,66,78,0,3,team_b,ARENA CORDOBA,,True,fivb_vis,9617,,
fivb_vis:9618,2018-08-31,men,NORCECA Championship,NORCECA_MEN,other,MEX,PRI,83,93,1,3,team_b,ARENA CORDOBA,,True,fivb_vis,9618,,
fivb_vis:9619,2018-08-31,men,NORCECA Championship,NORCECA_MEN,other,CUB,CAN,75,61,3,0,team_a,ARENA CORDOBA,,True,fivb_vis,9619,,
fivb_vis:9620,2018-09-01,men,NORCECA Championship,NORCECA_MEN,other,COL,DOM,77,71,3,0,team_a,ARENA CORDOBA,,True,fivb_vis,9620,,
fivb_vis:9621,2018-09-01,men,NORCECA Championship,NORCECA_MEN,other,CHL,USA,93,103,1,3,team_b,ARENA CORDOBA,,True,fivb_vis,9621,,
fivb_vis:9622,2018-09-01,men,NORCECA Championship,NORCECA_MEN,other,ARG,CUB,96,82,3,1,team_a,ARENA CORDOBA,,True,fivb_vis,9622,,
fivb_vis:9623,2018-09-01,men,NORCECA Championship,NORCECA_MEN,other,BRA,PRI,108,92,3,1,team_a,ARENA CORDOBA,,True,fivb_vis,9623,,
fivb_vis:9624,2018-09-01,men,NORCECA Championship,NORCECA_MEN,other,MEX,CAN,95,80,3,1,team_a,ARENA CORDOBA,,True,fivb_vis,9624,,
fivb_vis:9625,2018-09-02,men,NORCECA Championship,NORCECA_MEN,other,CUB,PRI,95,69,3,1,team_a,ARENA CORDOBA,,True,fivb_vis,9625,,
fivb_vis:9626,2018-09-02,men,NORCECA Championship,NORCECA_MEN,other,ARG,BRA,115,103,3,2,team_a,ARENA CORDOBA,,True,fivb_vis,9626,,
fivb_vis:1730,2008-05-23,men,Olympic Games,OG_MEN,other,TPE,DEU,50,75,0,3,team_b,ISS Dome,,True,fivb_vis,1730,,
fivb_vis:1731,2008-05-23,men,Olympic Games,OG_MEN,other,ESP,CUB,80,93,1,3,team_b,ISS Dome,,True,fivb_vis,1731,,
fivb_vis:1732,2008-05-24,men,Olympic Games,OG_MEN,other,ESP,TPE,98,79,3,1,team_a,ISS Dome,,True,fivb_vis,1732,,
fivb_vis:1733,2008-05-24,men,Olympic Games,OG_MEN,other,CUB,DEU,103,110,2,3,team_b,ISS Dome,,True,fivb_vis,1733,,
fivb_vis:1734,2008-05-25,men,Olympic Games,OG_MEN,other,TPE,CUB,48,75,0,3,team_b,ISS Dome,,True,fivb_vis,1734,,
fivb_vis:1735,2008-05-25,men,Olympic Games,OG_MEN,other,DEU,ESP,110,106,3,2,team_a,ISS Dome,,True,fivb_vis,1735,,
fivb_vis:1736,2008-05-30,men,Olympic Games,OG_MEN,other,IDN,PRT,61,75,0,3,team_b,Nave Municipal de Espinho,,True,fivb_vis,1736,,
fivb_vis:1737,2008-05-30,men,Olympic Games,OG_MEN,other,POL,PRI,75,55,3,0,team_a,Nave Municipal de Espinho,,True,fivb_vis,1737,,
fivb_vis:1738,2008-05-31,men,Olympic Games,OG_MEN,other,IDN,POL,60,75,0,3,team_b,Nave Municipal de Espinho,,True,fivb_vis,1738,,
fivb_vis:1739,2008-05-31,men,Olympic Games,OG_MEN,other,PRT,PRI,97,69,3,1,team_a,Nave Municipal de Espinho,,True,fivb_vis,1739,,
fivb_vis:1740,2008-06-01,men,Olympic Games,OG_MEN,other,PRI,IDN,75,64,3,0,team_a,Nave Municipal de Espinho,,True,fivb_vis,1740,,
fivb_vis:1741,2008-06-01,men,Olympic Games,OG_MEN,other,PRT,POL,64,76,0,3,team_b,Nave Municipal de Espinho,,True,fivb_vis,1741,,
fivb_vis:9874,2019-05-21,women,Volleyball Nations League,VNL_WOMEN,other,THA,DEU,76,65,3,0,team_a,Stegu Arena,,True,fivb_vis,9874,,
fivb_vis:9875,2019-05-21,women,Volleyball Nations League,VNL_WOMEN,other,POL,ITA,102,106,2,3,team_b,Stegu Arena,,True,fivb_vis,9875,,
fivb_vis:9876,2019-05-21,women,Volleyball Nations League,VNL_WOMEN,other,BEL,USA,53,75,0,3,team_b,Monbat Arena,,True,fivb_vis,9876,,
fivb_vis:9877,2019-05-21,women,Volleyball Nations League,VNL_WOMEN,other,BGR,JPN,90,96,1,3,team_b,Monbat Arena,,True,fivb_vis,9877,,
fivb_vis:9878,2019-05-21,women,Volleyball Nations League,VNL_WOMEN,other,DOM,RUS,100,90,3,1,team_a,Nilson Nelson Gimnasium ,,True,fivb_vis,9878,,
fivb_vis:9879,2019-05-21,women,Volleyball Nations League,VNL_WOMEN,other,BRA,CHN,75,57,3,0,team_a,Nilson Nelson Gimnasium ,,True,fivb_vis,9879,,
fivb_vis:9880,2019-05-21,women,Volleyball Nations League,VNL_WOMEN,other,KOR,TUR,60,78,0,3,team_b,Hall Aleksandar Nikolic,,True,fivb_vis,9880,,
fivb_vis:9881,2019-05-21,women,Volleyball Nations League,VNL_WOMEN,other,SRB,NLD,75,56,3,0,team_a,Hall Aleksandar Nikolic,,True,fivb_vis,9881,,
fivb_vis:9882,2019-05-22,women,Volleyball Nations League,VNL_WOMEN,other,THA,ITA,54,76,0,3,team_b,Stegu Arena,,True,fivb_vis,9882,,
fivb_vis:9883,2019-05-22,women,Volleyball Nations League,VNL_WOMEN,other,POL,DEU,99,93,3,1,team_a,Stegu Arena,,True,fivb_vis,9883,,
fivb_vis:9884,2019-05-22,women,Volleyball Nations League,VNL_WOMEN,other,JPN,USA,88,99,1,3,team_b,Monbat Arena,,True,fivb_vis,9884,,
fivb_vis:9885,2019-05-22,women,Volleyball Nations League,VNL_WOMEN,other,BGR,BEL,101,99,2,3,team_b,Monbat Arena,,True,fivb_vis,9885,,
fivb_vis:9886,2019-05-22,women,Volleyball Nations League,VNL_WOMEN,other,CHN,RUS,86,91,1,3,team_b,Nilson Nelson Gimnasium ,,True,fivb_vis,9886,,
fivb_vis:9887,2019-05-22,women,Volleyball Nations League,VNL_WOMEN,other,BRA,DOM,93,100,1,3,team_b,Nilson Nelson Gimnasium ,,True,fivb_vis,9887,,
fivb_vis:9888,2019-05-22,women,Volleyball Nations League,VNL_WOMEN,other,SRB,KOR,90,74,3,1,team_a,Hall Aleksandar Nikolic,,True,fivb_vis,9888,,
fivb_vis:9889,2019-05-22,women,Volleyball Nations League,VNL_WOMEN,other,NLD,TUR,76,96,1,3,team_b,Hall Aleksandar Nikolic,,True,fivb_vis,9889,,
fivb_vis:9890,2019-05-23,women,Volleyball Nations League,VNL_WOMEN,other,ITA,DEU,78,68,3,0,team_a,Stegu Arena,,True,fivb_vis,9890,,
fivb_vis:9891,2019-05-23,women,Volleyball Nations League,VNL_WOMEN,other,THA,POL,53,75,0,3,team_b,Stegu Arena,,True,fivb_vis,9891,,
fivb_vis:9892,2019-05-23,women,Volleyball Nations League,VNL_WOMEN,other,BEL,JPN,97,86,3,1,team_a,Monbat Arena,,True,fivb_vis,9892,,
fivb_vis:9893,2019-05-23,women,Volleyball Nations League,VNL_WOMEN,other,USA,BGR,75,57,3,0,team_a,Monbat Arena,,True,fivb_vis,9893,,
fivb_vis:9894,2019-05-23,women,Volleyball Nations League,VNL_WOMEN,other,CHN,DOM,91,94,3,1,team_a,Nilson Nelson Gimnasium ,,True,fivb_vis,9894,,
fivb_vis:9895,2019-05-23,women,Volleyball Nations League,VNL_WOMEN,other,BRA,RUS,75,46,3,0,team_a,Nilson Nelson Gimnasium ,,True,fivb_vis,9895,,
fivb_vis:9896,2019-05-23,women,Volleyball Nations League,VNL_WOMEN,other,NLD,KOR,75,57,3,0,team_a,Hall Aleksandar Nikolic,,True,fivb_vis,9896,,
fivb_vis:9897,2019-05-23,women,Volleyball Nations League,VNL_WOMEN,other,TUR,SRB,75,62,3,0,team_a,Hall Aleksandar Nikolic,,True,fivb_vis,9897,,
fivb_vis:9898,2019-05-28,women,Volleyball Nations League,VNL_WOMEN,other,USA,SRB,98,77,3,1,team_a,Zoppas Arena,,True,fivb_vis,9898,,
fivb_vis:9899,2019-05-28,women,Volleyball Nations League,VNL_WOMEN,other,ITA,DOM,95,88,3,1,team_a,Zoppas Arena,,True,fivb_vis,9899,,
fivb_vis:9900,2019-05-28,women,Volleyball Nations League,VNL_WOMEN,other,RUS,DEU,55,75,0,3,team_b,Baskent Volleyball Hall,,True,fivb_vis,9900,,
fivb_vis:9901,2019-05-28,women,Volleyball Nations League,VNL_WOMEN,other,TUR,JPN,59,75,0,3,team_b,Baskent Volleyball Hall,,True,fivb_vis,9901,,
fivb_vis:9902,2019-05-28,women,Volleyball Nations League,VNL_WOMEN,other,BEL,KOR,53,75,0,3,team_b,Macao Forum,,True,fivb_vis,9902,,
fivb_vis:9903,2019-05-28,women,Volleyball Nations League,VNL_WOMEN,other,CHN,THA,75,47,3,0,team_a,Macao Forum,,True,fivb_vis,9903,,
fivb_vis:9904,2019-05-28,women,Volleyball Nations League,VNL_WOMEN,other,BGR,POL,84,98,1,3,team_b,Omnisport,,True,fivb_vis,9904,,
fivb_vis:9905,2019-05-28,women,Volleyball Nations League,VNL_WOMEN,other,NLD,BRA,109,109,2,3,team_b,Omnisport,,True,fivb_vis,9905,,
fivb_vis:9906,2019-05-29,women,Volleyball Nations League,VNL_WOMEN,other,SRB,DOM,93,73,3,1,team_a,Zoppas Arena,,True,fivb_vis,9906,,
fivb_vis:9907,2019-05-29,women,Volleyball Nations League,VNL_WOMEN,other,USA,ITA,105,102,3,2,team_a,Zoppas Arena,,True,fivb_vis,9907,,
fivb_vis:9908,2019-05-29,women,Volleyball Nations League,VNL_WOMEN,other,JPN,RUS,99,89,3,1,team_a,Baskent Volleyball Hall,,True,fivb_vis,9908,,
fivb_vis:9909,2019-05-29,women,Volleyball Nations League,VNL_WOMEN,other,DEU,TUR,52,75,0,3,team_b,Baskent Volleyball Hall,,True,fivb_vis,9909,,
fivb_vis:9910,2019-05-29,women,Volleyball Nations League,VNL_WOMEN,other,KOR,THA,85,94,1,3,team_b,Macao Forum,,True,fivb_vis,9910,,
fivb_vis:9911,2019-05-29,women,Volleyball Nations League,VNL_WOMEN,other,CHN,BEL,75,50,3,0,team_a,Macao Forum,,True,fivb_vis,9911,,
fivb_vis:9912,2019-05-29,women,Volleyball Nations League,VNL_WOMEN,other,POL,BRA,109,104,3,2,team_a,Omnisport,,True,fivb_vis,9912,,
fivb_vis:9913,2019-05-29,women,Volleyball Nations League,VNL_WOMEN,other,NLD,BGR,97,86,3,1,team_a,Omnisport,,True,fivb_vis,9913,,
fivb_vis:9914,2019-05-30,women,Volleyball Nations League,VNL_WOMEN,other,DOM,USA,100,90,3,2,team_a,Zoppas Arena,,True,fivb_vis,9914,,
fivb_vis:9915,2019-05-30,women,Volleyball Nations League,VNL_WOMEN,other,SRB,ITA,92,102,1,3,team_b,Zoppas Arena,,True,fivb_vis,9915,,
fivb_vis:9916,2019-05-30,women,Volleyball Nations League,VNL_WOMEN,other,JPN,DEU,75,59,3,0,team_a,Baskent Volleyball Hall,,True,fivb_vis,9916,,
fivb_vis:9917,2019-05-30,women,Volleyball Nations League,VNL_WOMEN,other,TUR,RUS,75,60,3,0,team_a,Baskent Volleyball Hall,,True,fivb_vis,9917,,
fivb_vis:9918,2019-05-30,women,Volleyball Nations League,VNL_WOMEN,other,BEL,THA,75,66,3,0,team_a,Macao Forum,,True,fivb_vis,9918,,
fivb_vis:9919,2019-05-30,women,Volleyball Nations League,VNL_WOMEN,other,CHN,KOR,75,44,3,0,team_a,Macao Forum,,True,fivb_vis,9919,,
fivb_vis:9920,2019-05-30,women,Volleyball Nations League,VNL_WOMEN,other,POL,NLD,100,75,3,1,team_a,Omnisport,,True,fivb_vis,9920,,
fivb_vis:9921,2019-05-30,women,Volleyball Nations League,VNL_WOMEN,other,BRA,BGR,75,59,3,0,team_a,Omnisport,,True,fivb_vis,9921,,
fivb_vis:9922,2019-06-04,women,Volleyball Nations League,VNL_WOMEN,other,NLD,ITA,73,97,1,3,team_b,Hong Kong Coliseum,,True,fivb_vis,9922,,
fivb_vis:9923,2019-06-04,women,Volleyball Nations League,VNL_WOMEN,other,CHN,JPN,77,64,3,0,team_a,Hong Kong Coliseum,,True,fivb_vis,9923,,
fivb_vis:9924,2019-06-04,women,Volleyball Nations League,VNL_WOMEN,other,BRA,DEU,112,113,2,3,team_b,Pinnacle Bank Arena,,True,fivb_vis,9924,,
fivb_vis:9925,2019-06-04,women,Volleyball Nations League,VNL_WOMEN,other,USA,KOR,94,80,3,1,team_a,Pinnacle Bank Arena,,True,fivb_vis,9925,,
fivb_vis:9926,2019-06-04,women,Volleyball Nations League,VNL_WOMEN,other,DOM,TUR,85,99,1,3,team_b,Indoor Stadium Huamark,,True,fivb_vis,9926,,
fivb_vis:9927,2019-06-04,women,Volleyball Nations League,VNL_WOMEN,other,THA,BGR,100,91,3,1,team_a,Indoor Stadium Huamark,,True,fivb_vis,9927,,
fivb_vis:9928,2019-06-04,women,Volleyball Nations League,VNL_WOMEN,other,SRB,POL,77,68,3,0,team_a,Lange Munte,,True,fivb_vis,9928,,
fivb_vis:9929,2019-06-04,women,Volleyball Nations League,VNL_WOMEN,other,BEL,RUS,75,64,3,0,team_a,Lange Munte,,True,fivb_vis,9929,,
fivb_vis:9930,2019-06-05,women,Volleyball Nations League,VNL_WOMEN,other,ITA,JPN,75,59,3,0,team_a,Hong Kong Coliseum,,True,fivb_vis,9930,,
fivb_vis:9931,2019-06-05,women,Volleyball Nations League,VNL_WOMEN,other,NLD,CHN,54,75,0,3,team_b,Hong Kong Coliseum,,True,fivb_vis,9931,,
fivb_vis:9932,2019-06-05,women,Volleyball Nations League,VNL_WOMEN,other,KOR,BRA,44,75,0,3,team_b,Pinnacle Bank Arena,,True,fivb_vis,9932,,
fivb_vis:9933,2019-06-05,women,Volleyball Nations League,VNL_WOMEN,other,USA,DEU,75,58,3,0,team_a,Pinnacle Bank Arena,,True,fivb_vis,9933,,
fivb_vis:9934,2019-06-05,women,Volleyball Nations League,VNL_WOMEN,other,BGR,TUR,46,75,0,3,team_b,Indoor Stadium Huamark,,True,fivb_vis,9934,,
fivb_vis:9935,2019-06-05,women,Volleyball Nations League,VNL_WOMEN,other,THA,DOM,121,110,2,3,team_b,Indoor Stadium Huamark,,True,fivb_vis,9935,,
fivb_vis:9936,2019-06-05,women,Volleyball Nations League,VNL_WOMEN,other,RUS,SRB,76,97,1,3,team_b,Lange Munte,,True,fivb_vis,9936,,
fivb_vis:9937,2019-06-05,women,Volleyball Nations League,VNL_WOMEN,other,BEL,POL,88,96,1,3,team_b,Lange Munte,,True,fivb_vis,9937,,
fivb_vis:9938,2019-06-06,women,Volleyball Nations League,VNL_WOMEN,other,JPN,NLD,75,55,3,0,team_a,Hong Kong Coliseum,,True,fivb_vis,9938,,
fivb_vis:9939,2019-06-06,women,Volleyball Nations League,VNL_WOMEN,other,CHN,ITA,106,110,3,2,team_a,Hong Kong Coliseum,,True,fivb_vis,9939,,
fivb_vis:9940,2019-06-06,women,Volleyball Nations League,VNL_WOMEN,other,DEU,KOR,75,53,3,0,team_a,Pinnacle Bank Arena,,True,fivb_vis,9940,,
fivb_vis:9941,2019-06-06,women,Volleyball Nations League,VNL_WOMEN,other,USA,BRA,81,97,1,3,team_b,Pinnacle Bank Arena,,True,fivb_vis,9941,,
fivb_vis:9942,2019-06-06,women,Volleyball Nations League,VNL_WOMEN,other,BGR,DOM,92,104,1,3,team_b,Indoor Stadium Huamark,,True,fivb_vis,9942,,
fivb_vis:9943,2019-06-06,women,Volleyball Nations League,VNL_WOMEN,other,THA,TUR,47,75,0,3,team_b,Indoor Stadium Huamark,,True,fivb_vis,9943,,
fivb_vis:9944,2019-06-06,women,Volleyball Nations League,VNL_WOMEN,other,POL,RUS,114,105,3,2,team_a,Lange Munte,,True,fivb_vis,9944,,
fivb_vis:9945,2019-06-06,women,Volleyball Nations League,VNL_WOMEN,other,BEL,SRB,75,56,3,0,team_a,Lange Munte,,True,fivb_vis,9945,,
fivb_vis:9946,2019-06-11,women,Volleyball Nations League,VNL_WOMEN,other,RUS,KOR,90,85,3,1,team_a,Pala Evangelisti / Palabarton,,True,fivb_vis,9946,,
fivb_vis:9947,2019-06-11,women,Volleyball Nations League,VNL_WOMEN,other,ITA,BGR,75,62,3,0,team_a,Pala Evangelisti / Palabarton,,True,fivb_vis,9947,,
fivb_vis:9948,2019-06-11,women,Volleyball Nations League,VNL_WOMEN,other,BEL,NLD,110,96,3,2,team_a,Porsche Arena,,True,fivb_vis,9948,,
fivb_vis:9949,2019-06-11,women,Volleyball Nations League,VNL_WOMEN,other,DEU,DOM,89,84,3,1,team_a,Porsche Arena,,True,fivb_vis,9949,,
fivb_vis:9950,2019-06-11,women,Volleyball Nations League,VNL_WOMEN,other,SRB,THA,66,75,0,3,team_b,Musashino Forest Sport Plaza,,True,fivb_vis,9950,,
fivb_vis:9951,2019-06-11,women,Volleyball Nations League,VNL_WOMEN,other,JPN,BRA,83,95,1,3,team_b,Musashino Forest Sport Plaza,,True,fivb_vis,9951,,
fivb_vis:9952,2019-06-11,women,Volleyball Nations League,VNL_WOMEN,other,USA,TUR,57,77,0,3,team_b,Jiangmen Sports Center Gym,,True,fivb_vis,9952,,
fivb_vis:9953,2019-06-11,women,Volleyball Nations League,VNL_WOMEN,other,CHN,POL,75,52,3,0,team_a,Jiangmen Sports Center Gym,,True,fivb_vis,9953,,
fivb_vis:9954,2019-06-12,women,Volleyball Nations League,VNL_WOMEN,other,BGR,RUS,59,75,0,3,team_b,Pala Evangelisti / Palabarton,,True,fivb_vis,9954,,
fivb_vis:9955,2019-06-12,women,Volleyball Nations League,VNL_WOMEN,other,ITA,KOR,98,76,3,1,team_a,Pala Evangelisti / Palabarton,,True,fivb_vis,9955,,
fivb_vis:9956,2019-06-12,women,Volleyball Nations League,VNL_WOMEN,other,DOM,NLD,58,75,0,3,team_b,Porsche Arena,,True,fivb_vis,9956,,
fivb_vis:9957,2019-06-12,women,Volleyball Nations League,VNL_WOMEN,other,DEU,BEL,99,86,3,1,team_a,Porsche Arena,,True,fivb_vis,9957,,
fivb_vis:9958,2019-06-12,women,Volleyball Nations League,VNL_WOMEN,other,BRA,THA,75,57,3,0,team_a,Musashino Forest Sport Plaza,,True,fivb_vis,9958,,
fivb_vis:9959,2019-06-12,women,Volleyball Nations League,VNL_WOMEN,other,JPN,SRB,94,76,3,1,team_a,Musashino Forest Sport Plaza,,True,fivb_vis,9959,,
fivb_vis:9960,2019-06-12,women,Volleyball Nations League,VNL_WOMEN,other,POL,USA,74,96,1,3,team_b,Jiangmen Sports Center Gym,,True,fivb_vis,9960,,
fivb_vis:9961,2019-06-12,women,Volleyball Nations League,VNL_WOMEN,other,CHN,TUR,76,64,3,0,team_a,Jiangmen Sports Center Gym,,True,fivb_vis,9961,,
fivb_vis:9962,2019-06-13,women,Volleyball Nations League,VNL_WOMEN,other,KOR,BGR,91,96,1,3,team_b,Pala Evangelisti / Palabarton,,True,fivb_vis,9962,,
fivb_vis:9963,2019-06-13,women,Volleyball Nations League,VNL_WOMEN,other,ITA,RUS,97,82,3,1,team_a,Pala Evangelisti / Palabarton,,True,fivb_vis,9963,,
fivb_vis:9964,2019-06-13,women,Volleyball Nations League,VNL_WOMEN,other,BEL,DOM,97,107,2,3,team_b,Porsche Arena,,True,fivb_vis,9964,,
fivb_vis:9965,2019-06-13,women,Volleyball Nations League,VNL_WOMEN,other,DEU,NLD,100,107,2,3,team_b,Porsche Arena,,True,fivb_vis,9965,,
fivb_vis:9966,2019-06-13,women,Volleyball Nations League,VNL_WOMEN,other,BRA,SRB,75,59,3,0,team_a,Musashino Forest Sport Plaza,,True,fivb_vis,9966,,
fivb_vis:9967,2019-06-13,women,Volleyball Nations League,VNL_WOMEN,other,JPN,THA,75,58,3,0,team_a,Musashino Forest Sport Plaza,,True,fivb_vis,9967,,
fivb_vis:9968,2019-06-13,women,Volleyball Nations League,VNL_WOMEN,other,TUR,POL,105,98,3,2,team_a,Jiangmen Sports Center Gym,,True,fivb_vis,9968,,
fivb_vis:9969,2019-06-13,women,Volleyball Nations League,VNL_WOMEN,other,CHN,USA,60,75,0,3,team_b,Jiangmen Sports Center Gym,,True,fivb_vis,9969,,
fivb_vis:9970,2019-06-18,women,Volleyball Nations League,VNL_WOMEN,other,BRA,ITA,75,64,3,0,team_a,Baskent Volleyball Hall,,True,fivb_vis,9970,,
fivb_vis:9971,2019-06-18,women,Volleyball Nations League,VNL_WOMEN,other,TUR,BEL,95,101,1,3,team_b,Baskent Volleyball Hall,,True,fivb_vis,9971,,
fivb_vis:9972,2019-06-18,women,Volleyball Nations League,VNL_WOMEN,other,BGR,SRB,96,86,3,1,team_a,Ningbo Beilun Sports and Arts Center,,True,fivb_vis,9972,,
fivb_vis:9973,2019-06-18,women,Volleyball Nations League,VNL_WOMEN,other,CHN,DEU,75,50,3,0,team_a,Ningbo Beilun Sports and Arts Center,,True,fivb_vis,9973,,
fivb_vis:9974,2019-06-18,women,Volleyball Nations League,VNL_WOMEN,other,NLD,THA,75,54,3,0,team_a,Palace of Sports,,True,fivb_vis,9974,,
fivb_vis:9975,2019-06-18,women,Volleyball Nations League,VNL_WOMEN,other,RUS,USA,58,75,0,3,team_b,Palace of Sports,,True,fivb_vis,9975,,
fivb_vis:9976,2019-06-18,women,Volleyball Nations League,VNL_WOMEN,other,JPN,POL,93,94,1,3,team_b,Boryeong Gymnasium,,True,fivb_vis,9976,,
fivb_vis:9977,2019-06-18,women,Volleyball Nations League,VNL_WOMEN,other,KOR,DOM,96,101,1,3,team_b,Boryeong Gymnasium,,True,fivb_vis,9977,,
fivb_vis:9978,2019-06-19,women,Volleyball Nations League,VNL_WOMEN,other,BEL,BRA,56,75,0,3,team_b,Baskent Volleyball Hall,,True,fivb_vis,9978,,
fivb_vis:9979,2019-06-19,women,Volleyball Nations League,VNL_WOMEN,other,ITA,TUR,106,98,3,2,team_a,Baskent Volleyball Hall,,True,fivb_vis,9979,,
fivb_vis:9980,2019-06-19,women,Volleyball Nations League,VNL_WOMEN,other,SRB,DEU,76,98,1,3,team_b,Ningbo Beilun Sports and Arts Center,,True,fivb_vis,9980,,
fivb_vis:9981,2019-06-19,women,Volleyball Nations League,VNL_WOMEN,other,CHN,BGR,75,53,3,0,team_a,Ningbo Beilun Sports and Arts Center,,True,fivb_vis,9981,,
fivb_vis:9982,2019-06-19,women,Volleyball Nations League,VNL_WOMEN,other,NLD,USA,106,113,2,3,team_b,Palace of Sports,,True,fivb_vis,9982,,
fivb_vis:9983,2019-06-19,women,Volleyball Nations League,VNL_WOMEN,other,RUS,THA,77,94,1,3,team_b,Palace of Sports,,True,fivb_vis,9983,,
fivb_vis:9984,2019-06-19,women,Volleyball Nations League,VNL_WOMEN,other,POL,DOM,112,103,3,2,team_a,Boryeong Gymnasium,,True,fivb_vis,9984,,
fivb_vis:9985,2019-06-19,women,Volleyball Nations League,VNL_WOMEN,other,KOR,JPN,75,59,3,0,team_a,Boryeong Gymnasium,,True,fivb_vis,9985,,
fivb_vis:9986,2019-06-20,women,Volleyball Nations League,VNL_WOMEN,other,BEL,ITA,93,94,3,2,team_a,Baskent Volleyball Hall,,True,fivb_vis,9986,,
fivb_vis:9987,2019-06-20,women,Volleyball Nations League,VNL_WOMEN,other,TUR,BRA,113,108,3,2,team_a,Baskent Volleyball Hall,,True,fivb_vis,9987,,
fivb_vis:9988,2019-06-20,women,Volleyball Nations League,VNL_WOMEN,other,DEU,BGR,75,54,3,0,team_a,Ningbo Beilun Sports and Arts Center,,True,fivb_vis,9988,,
fivb_vis:9989,2019-06-20,women,Volleyball Nations League,VNL_WOMEN,other,CHN,SRB,75,50,3,0,team_a,Ningbo Beilun Sports and Arts Center,,True,fivb_vis,9989,,
fivb_vis:9990,2019-06-20,women,Volleyball Nations League,VNL_WOMEN,other,THA,USA,50,75,0,3,team_b,Palace of Sports,,True,fivb_vis,9990,,
fivb_vis:9991,2019-06-20,women,Volleyball Nations League,VNL_WOMEN,other,RUS,NLD,54,77,0,3,team_b,Palace of Sports,,True,fivb_vis,9991,,
fivb_vis:9992,2019-06-20,women,Volleyball Nations League,VNL_WOMEN,other,JPN,DOM,104,115,2,3,team_b,Boryeong Gymnasium,,True,fivb_vis,9992,,
fivb_vis:9993,2019-06-20,women,Volleyball Nations League,VNL_WOMEN,other,KOR,POL,97,69,3,1,team_a,Boryeong Gymnasium,,True,fivb_vis,9993,,
fivb_vis:9994,2019-07-03,women,Volleyball Nations League,VNL_WOMEN,other,USA,POL,97,80,3,1,team_a,Olympic Sports Centre,,True,fivb_vis,9994,,
fivb_vis:9995,2019-07-03,women,Volleyball Nations League,VNL_WOMEN,other,CHN,TUR,88,97,1,3,team_b,Olympic Sports Centre,,True,fivb_vis,9995,,
fivb_vis:9996,2019-07-04,women,Volleyball Nations League,VNL_WOMEN,other,BRA,POL,109,100,3,2,team_a,Olympic Sports Centre,,True,fivb_vis,9996,,
fivb_vis:9997,2019-07-04,women,Volleyball Nations League,VNL_WOMEN,other,ITA,TUR,57,75,0,3,team_b,Olympic Sports Centre,,True,fivb_vis,9997,,
fivb_vis:9998,2019-07-05,women,Volleyball Nations League,VNL_WOMEN,other,USA,BRA,95,83,3,1,team_a,Olympic Sports Centre,,True,fivb_vis,9998,,
fivb_vis:9999,2019-07-05,women,Volleyball Nations League,VNL_WOMEN,other,CHN,ITA,97,86,3,1,team_a,Olympic Sports Centre,,True,fivb_vis,9999,,
fivb_vis:10000,2019-07-06,women,Volleyball Nations League,VNL_WOMEN,other,TUR,BRA,48,75,0,3,team_b,Olympic Sports Centre,,True,fivb_vis,10000,,
fivb_vis:10001,2019-07-06,women,Volleyball Nations League,VNL_WOMEN,other,USA,CHN,90,73,3,1,team_a,Olympic Sports Centre,,True,fivb_vis,10001,,
fivb_vis:10002,2019-07-07,women,Volleyball Nations League,VNL_WOMEN,other,TUR,CHN,84,95,1,3,team_b,Olympic Sports Centre,,True,fivb_vis,10002,,
fivb_vis:10003,2019-07-07,women,Volleyball Nations League,VNL_WOMEN,other,BRA,USA,99,107,2,3,team_b,Olympic Sports Centre,,True,fivb_vis,10003,,
fivb_vis:10004,2019-05-31,men,Volleyball Nations League,VNL_MEN,other,IRN,ITA,95,94,3,1,team_a,Jiangmen Sports Center Gym,,True,fivb_vis,10004,,
fivb_vis:10005,2019-05-31,men,Volleyball Nations League,VNL_MEN,other,CHN,DEU,103,103,2,3,team_b,Jiangmen Sports Center Gym,,True,fivb_vis,10005,,
fivb_vis:10006,2019-05-31,men,Volleyball Nations League,VNL_MEN,other,CAN,BGR,86,95,1,3,team_b,Aconcagua Arena,,True,fivb_vis,10006,,
fivb_vis:10007,2019-05-31,men,Volleyball Nations League,VNL_MEN,other,ARG,PRT,75,59,3,0,team_a,Aconcagua Arena,,True,fivb_vis,10007,,
fivb_vis:10008,2019-05-31,men,Volleyball Nations League,VNL_MEN,other,USA,BRA,67,75,0,3,team_b,Spodek Arena,,True,fivb_vis,10008,,
fivb_vis:10009,2019-05-31,men,Volleyball Nations League,VNL_MEN,other,POL,AUS,99,76,3,1,team_a,Spodek Arena,,True,fivb_vis,10009,,
fivb_vis:10010,2019-05-31,men,Volleyball Nations League,VNL_MEN,other,SRB,JPN,72,99,1,3,team_b,SPC Vojvodina,,True,fivb_vis,10010,,
fivb_vis:10011,2019-05-31,men,Volleyball Nations League,VNL_MEN,other,FRA,RUS,95,89,3,1,team_a,SPC Vojvodina,,True,fivb_vis,10011,,
fivb_vis:10012,2019-06-01,men,Volleyball Nations League,VNL_MEN,other,ITA,DEU,80,72,3,0,team_a,Jiangmen Sports Center Gym,,True,fivb_vis,10012,,
fivb_vis:10013,2019-06-01,men,Volleyball Nations League,VNL_MEN,other,CHN,IRN,61,75,0,3,team_b,Jiangmen Sports Center Gym,,True,fivb_vis,10013,,
fivb_vis:10014,2019-06-01,men,Volleyball Nations League,VNL_MEN,other,CAN,PRT,75,59,3,0,team_a,Aconcagua Arena,,True,fivb_vis,10014,,
fivb_vis:10015,2019-06-01,men,Volleyball Nations League,VNL_MEN,other,ARG,BGR,75,60,3,0,team_a,Aconcagua Arena,,True,fivb_vis,10015,,
fivb_vis:10016,2019-06-01,men,Volleyball Nations League,VNL_MEN,other,BRA,AUS,124,111,3,2,team_a,Spodek Arena,,True,fivb_vis,10016,,
fivb_vis:10017,2019-06-01,men,Volleyball Nations League,VNL_MEN,other,USA,POL,117,117,2,3,team_b,Spodek Arena,,True,fivb_vis,10017,,
fivb_vis:10018,2019-06-01,men,Volleyball Nations League,VNL_MEN,other,JPN,RUS,89,98,1,3,team_b,SPC Vojvodina,,True,fivb_vis,10018,,
fivb_vis:10019,2019-06-01,men,Volleyball Nations League,VNL_MEN,other,SRB,FRA,79,95,1,3,team_b,SPC Vojvodina,,True,fivb_vis,10019,,
fivb_vis:10020,2019-06-02,men,Volleyball Nations League,VNL_MEN,other,DEU,IRN,75,84,0,3,team_b,Jiangmen Sports Center Gym,,True,fivb_vis,10020,,
fivb_vis:10021,2019-06-02,men,Volleyball Nations League,VNL_MEN,other,CHN,ITA,58,76,0,3,team_b,Jiangmen Sports Center Gym,,True,fivb_vis,10021,,
fivb_vis:10022,2019-06-02,men,Volleyball Nations League,VNL_MEN,other,PRT,BGR,97,95,3,1,team_a,Aconcagua Arena,,True,fivb_vis,10022,,
fivb_vis:10023,2019-06-02,men,Volleyball Nations League,VNL_MEN,other,ARG,CAN,97,96,1,3,team_b,Aconcagua Arena,,True,fivb_vis,10023,,
fivb_vis:10024,2019-06-02,men,Volleyball Nations League,VNL_MEN,other,AUS,USA,82,96,1,3,team_b,Spodek Arena,,True,fivb_vis,10024,,
fivb_vis:10025,2019-06-02,men,Volleyball Nations League,VNL_MEN,other,BRA,POL,97,78,3,1,team_a,Spodek Arena,,True,fivb_vis,10025,,
fivb_vis:10026,2019-06-02,men,Volleyball Nations League,VNL_MEN,other,JPN,FRA,83,100,1,3,team_b,SPC Vojvodina,,True,fivb_vis,10026,,
fivb_vis:10027,2019-06-02,men,Volleyball Nations League,VNL_MEN,other,RUS,SRB,108,107,3,2,team_a,SPC Vojvodina,,True,fivb_vis,10027,,
fivb_vis:10028,2019-06-07,men,Volleyball Nations League,VNL_MEN,other,FRA,POL,102,95,3,1,team_a,Beilun Sports and Arts Center,,True,fivb_vis,10028,,
fivb_vis:10029,2019-06-07,men,Volleyball Nations League,VNL_MEN,other,CHN,BGR,76,61,3,0,team_a,Beilun Sports and Arts Center,,True,fivb_vis,10029,,
fivb_vis:10030,2019-06-07,men,Volleyball Nations League,VNL_MEN,other,ITA,USA,88,91,3,1,team_a,Ufa Arena,,True,fivb_vis,10030,,
fivb_vis:10031,2019-06-07,men,Volleyball Nations League,VNL_MEN,other,RUS,PRT,75,61,3,0,team_a,Ufa Arena,,True,fivb_vis,10031,,
fivb_vis:10032,2019-06-07,men,Volleyball Nations League,VNL_MEN,other,BRA,IRN,117,107,3,2,team_a,Musashino Forest Sport Plaza,,True,fivb_vis,10032,,
fivb_vis:10033,2019-06-07,men,Volleyball Nations League,VNL_MEN,other,JPN,ARG,83,63,3,0,team_a,Musashino Forest Sport Plaza,,True,fivb_vis,10033,,
fivb_vis:10034,2019-06-07,men,Volleyball Nations League,VNL_MEN,other,DEU,SRB,108,106,3,2,team_a,The Arena at TD Place,,True,fivb_vis,10034,,
fivb_vis:10035,2019-06-07,men,Volleyball Nations League,VNL_MEN,other,CAN,AUS,75,58,3,0,team_a,The Arena at TD Place,,True,fivb_vis,10035,,
fivb_vis:10036,2019-06-08,men,Volleyball Nations League,VNL_MEN,other,POL,BGR,99,89,3,1,team_a,Beilun Sports and Arts Center,,True,fivb_vis,10036,,
fivb_vis:10037,2019-06-08,men,Volleyball Nations League,VNL_MEN,other,CHN,FRA,59,75,0,3,team_b,Beilun Sports and Arts Center,,True,fivb_vis,10037,,
fivb_vis:10038,2019-06-08,men,Volleyball Nations League,VNL_MEN,other,ITA,PRT,75,44,3,0,team_a,Ufa Arena,,True,fivb_vis,10038,,
fivb_vis:10039,2019-06-08,men,Volleyball Nations League,VNL_MEN,other,RUS,USA,75,56,3,0,team_a,Ufa Arena,,True,fivb_vis,10039,,
fivb_vis:10040,2019-06-08,men,Volleyball Nations League,VNL_MEN,other,ARG,IRN,98,104,1,3,team_b,Musashino Forest Sport Plaza,,True,fivb_vis,10040,,
fivb_vis:10041,2019-06-08,men,Volleyball Nations League,VNL_MEN,other,JPN,BRA,62,75,0,3,team_b,Musashino Forest Sport Plaza,,True,fivb_vis,10041,,
fivb_vis:10042,2019-06-08,men,Volleyball Nations League,VNL_MEN,other,SRB,AUS,101,101,3,2,team_a,The Arena at TD Place,,True,fivb_vis,10042,,
fivb_vis:10043,2019-06-08,men,Volleyball Nations League,VNL_MEN,other,CAN,DEU,115,107,3,2,team_a,The Arena at TD Place,,True,fivb_vis,10043,,
fivb_vis:10044,2019-06-09,men,Volleyball Nations League,VNL_MEN,other,BGR,FRA,106,105,3,2,team_a,Beilun Sports and Arts Center,,True,fivb_vis,10044,,
fivb_vis:10045,2019-06-09,men,Volleyball Nations League,VNL_MEN,other,CHN,POL,50,75,0,3,team_b,Beilun Sports and Arts Center,,True,fivb_vis,10045,,
fivb_vis:10046,2019-06-09,men,Volleyball Nations League,VNL_MEN,other,PRT,USA,84,97,1,3,team_b,Ufa Arena,,True,fivb_vis,10046,,
fivb_vis:10047,2019-06-09,men,Volleyball Nations League,VNL_MEN,other,RUS,ITA,79,61,3,0,team_a,Ufa Arena,,True,fivb_vis,10047,,
fivb_vis:10048,2019-06-09,men,Volleyball Nations League,VNL_MEN,other,ARG,BRA,108,112,2,3,team_b,Musashino Forest Sport Plaza,,True,fivb_vis,10048,,
fivb_vis:10049,2019-06-09,men,Volleyball Nations League,VNL_MEN,other,JPN,IRN,62,75,0,3,team_b,Musashino Forest Sport Plaza,,True,fivb_vis,10049,,
fivb_vis:10050,2019-06-09,men,Volleyball Nations League,VNL_MEN,other,AUS,DEU,75,56,3,0,team_a,The Arena at TD Place,,True,fivb_vis,10050,,
fivb_vis:10051,2019-06-09,men,Volleyball Nations League,VNL_MEN,other,CAN,SRB,104,115,2,3,team_b,The Arena at TD Place,,True,fivb_vis,10051,,
fivb_vis:10052,2019-06-14,men,Volleyball Nations League,VNL_MEN,other,BRA,SRB,104,99,2,3,team_b,Multiusos de Gondomar,,True,fivb_vis,10052,,
fivb_vis:10053,2019-06-14,men,Volleyball Nations League,VNL_MEN,other,PRT,CHN,75,62,3,0,team_a,Multiusos de Gondomar,,True,fivb_vis,10053,,
fivb_vis:10054,2019-06-14,men,Volleyball Nations League,VNL_MEN,other,JPN,ITA,88,102,1,3,team_b,Palace of Culture and Sport,,True,fivb_vis,10054,,
fivb_vis:10055,2019-06-14,men,Volleyball Nations League,VNL_MEN,other,BGR,AUS,111,111,3,2,team_a,Palace of Culture and Sport,,True,fivb_vis,10055,,
fivb_vis:10056,2019-06-14,men,Volleyball Nations League,VNL_MEN,other,RUS,POL,99,87,3,1,team_a,Al Ghadir Sports Complex,,True,fivb_vis,10056,,
fivb_vis:10057,2019-06-14,men,Volleyball Nations League,VNL_MEN,other,IRN,CAN,76,55,3,0,team_a,Al Ghadir Sports Complex,,True,fivb_vis,10057,,
fivb_vis:10058,2019-06-14,men,Volleyball Nations League,VNL_MEN,other,USA,ARG,96,87,3,1,team_a,Palais des Victoires,,True,fivb_vis,10058,,
fivb_vis:10059,2019-06-14,men,Volleyball Nations League,VNL_MEN,other,FRA,DEU,99,85,3,1,team_a,Palais des Victoires,,True,fivb_vis,10059,,
fivb_vis:10060,2019-06-15,men,Volleyball Nations League,VNL_MEN,other,BRA,CHN,75,55,3,0,team_a,Multiusos de Gondomar,,True,fivb_vis,10060,,
fivb_vis:10061,2019-06-15,men,Volleyball Nations League,VNL_MEN,other,PRT,SRB,103,116,2,3,team_b,Multiusos de Gondomar,,True,fivb_vis,10061,,
fivb_vis:10062,2019-06-15,men,Volleyball Nations League,VNL_MEN,other,AUS,ITA,83,105,1,3,team_b,Palace of Culture and Sport,,True,fivb_vis,10062,,
fivb_vis:10063,2019-06-15,men,Volleyball Nations League,VNL_MEN,other,BGR,JPN,107,109,2,3,team_b,Palace of Culture and Sport,,True,fivb_vis,10063,,
fivb_vis:10064,2019-06-15,men,Volleyball Nations League,VNL_MEN,other,RUS,CAN,97,91,3,1,team_a,Al Ghadir Sports Complex,,True,fivb_vis,10064,,
fivb_vis:10065,2019-06-15,men,Volleyball Nations League,VNL_MEN,other,IRN,POL,104,95,3,2,team_a,Al Ghadir Sports Complex,,True,fivb_vis,10065,,
fivb_vis:10066,2019-06-15,men,Volleyball Nations League,VNL_MEN,other,USA,DEU,96,86,3,1,team_a,Palais des Victoires,,True,fivb_vis,10066,,
fivb_vis:10067,2019-06-15,men,Volleyball Nations League,VNL_MEN,other,FRA,ARG,80,94,1,3,team_b,Palais des Victoires,,True,fivb_vis,10067,,
fivb_vis:10068,2019-06-16,men,Volleyball Nations League,VNL_MEN,other,CHN,SRB,84,100,1,3,team_b,Multiusos de Gondomar,,True,fivb_vis,10068,,
fivb_vis:10069,2019-06-16,men,Volleyball Nations League,VNL_MEN,other,PRT,BRA,58,75,0,3,team_b,Multiusos de Gondomar,,True,fivb_vis,10069,,
fivb_vis:10070,2019-06-16,men,Volleyball Nations League,VNL_MEN,other,JPN,AUS,115,107,3,2,team_a,Palace of Culture and Sport,,True,fivb_vis,10070,,
fivb_vis:10071,2019-06-16,men,Volleyball Nations League,VNL_MEN,other,ITA,BGR,98,80,3,1,team_a,Palace of Culture and Sport,,True,fivb_vis,10071,,
fivb_vis:10072,2019-06-16,men,Volleyball Nations League,VNL_MEN,other,POL,CAN,103,93,3,1,team_a,Al Ghadir Sports Complex,,True,fivb_vis,10072,,
fivb_vis:10073,2019-06-16,men,Volleyball Nations League,VNL_MEN,other,IRN,RUS,76,67,3,0,team_a,Al Ghadir Sports Complex,,True,fivb_vis,10073,,
fivb_vis:10074,2019-06-16,men,Volleyball Nations League,VNL_MEN,other,ARG,DEU,111,102,3,2,team_a,Palais des Victoires,,True,fivb_vis,10074,,
fivb_vis:10075,2019-06-16,men,Volleyball Nations League,VNL_MEN,other,FRA,USA,98,103,1,3,team_b,Palais des Victoires,,True,fivb_vis,10075,,
fivb_vis:10076,2019-06-21,men,Volleyball Nations League,VNL_MEN,other,CAN,CHN,97,84,3,1,team_a,Sears Centre Arena,,True,fivb_vis,10076,,
fivb_vis:10077,2019-06-21,men,Volleyball Nations League,VNL_MEN,other,USA,JPN,75,53,3,0,team_a,Sears Centre Arena,,True,fivb_vis,10077,,
fivb_vis:10078,2019-06-21,men,Volleyball Nations League,VNL_MEN,other,POL,ARG,114,113,3,2,team_a,Pala Lido,,True,fivb_vis,10078,,
fivb_vis:10079,2019-06-21,men,Volleyball Nations League,VNL_MEN,other,ITA,SRB,76,65,3,0,team_a,Pala Lido,,True,fivb_vis,10079,,
fivb_vis:10080,2019-06-21,men,Volleyball Nations League,VNL_MEN,other,FRA,AUS,75,67,3,0,team_a,Rezazadeh Hall,,True,fivb_vis,10080,,
fivb_vis:10081,2019-06-21,men,Volleyball Nations League,VNL_MEN,other,IRN,PRT,100,85,3,1,team_a,Rezazadeh Hall,,True,fivb_vis,10081,,
fivb_vis:10082,2019-06-21,men,Volleyball Nations League,VNL_MEN,other,DEU,RUS,79,97,1,3,team_b,Aecin Tocantins,,True,fivb_vis,10082,,
fivb_vis:10083,2019-06-21,men,Volleyball Nations League,VNL_MEN,other,BRA,BGR,96,78,3,1,team_a,Aecin Tocantins,,True,fivb_vis,10083,,
fivb_vis:10084,2019-06-22,men,Volleyball Nations League,VNL_MEN,other,CHN,JPN,62,75,0,3,team_b,Sears Centre Arena,,True,fivb_vis,10084,,
fivb_vis:10085,2019-06-22,men,Volleyball Nations League,VNL_MEN,other,USA,CAN,87,97,1,3,team_b,Sears Centre Arena,,True,fivb_vis,10085,,
fivb_vis:10086,2019-06-22,men,Volleyball Nations League,VNL_MEN,other,POL,SRB,112,112,3,2,team_a,Pala Lido,,True,fivb_vis,10086,,
fivb_vis:10087,2019-06-22,men,Volleyball Nations League,VNL_MEN,other,ITA,ARG,85,98,1,3,team_b,Pala Lido,,True,fivb_vis,10087,,
fivb_vis:10088,2019-06-22,men,Volleyball Nations League,VNL_MEN,other,FRA,PRT,76,70,3,0,team_a,Rezazadeh Hall,,True,fivb_vis,10088,,
fivb_vis:10089,2019-06-22,men,Volleyball Nations League,VNL_MEN,other,IRN,AUS,75,52,3,0,team_a,Rezazadeh Hall,,True,fivb_vis,10089,,
fivb_vis:10090,2019-06-22,men,Volleyball Nations League,VNL_MEN,other,BGR,RUS,61,75,0,3,team_b,Aecin Tocantins,,True,fivb_vis,10090,,
fivb_vis:10091,2019-06-22,men,Volleyball Nations League,VNL_MEN,other,BRA,DEU,106,98,3,2,team_a,Aecin Tocantins,,True,fivb_vis,10091,,
fivb_vis:10092,2019-06-23,men,Volleyball Nations League,VNL_MEN,other,CAN,JPN,110,105,3,2,team_a,Sears Centre Arena,,True,fivb_vis,10092,,
fivb_vis:10093,2019-06-23,men,Volleyball Nations League,VNL_MEN,other,USA,CHN,75,58,3,0,team_a,Sears Centre Arena,,True,fivb_vis,10093,,
fivb_vis:10094,2019-06-23,men,Volleyball Nations League,VNL_MEN,other,ARG,SRB,75,58,3,0,team_a,Pala Lido,,True,fivb_vis,10094,,
fivb_vis:10095,2019-06-23,men,Volleyball Nations League,VNL_MEN,other,ITA,POL,116,121,2,3,team_b,Pala Lido,,True,fivb_vis,10095,,
fivb_vis:10096,2019-06-23,men,Volleyball Nations League,VNL_MEN,other,PRT,AUS,70,77,0,3,team_b,Rezazadeh Hall,,True,fivb_vis,10096,,
fivb_vis:10097,2019-06-23,men,Volleyball Nations League,VNL_MEN,other,IRN,FRA,63,76,0,3,team_b,Rezazadeh Hall,,True,fivb_vis,10097,,
fivb_vis:10098,2019-06-23,men,Volleyball Nations League,VNL_MEN,other,DEU,BGR,105,109,2,3,team_b,Aecin Tocantins,,True,fivb_vis,10098,,
fivb_vis:10099,2019-06-23,men,Volleyball Nations League,VNL_MEN,other,BRA,RUS,78,64,3,0,team_a,Aecin Tocantins,,True,fivb_vis,10099,,
fivb_vis:10100,2019-06-28,men,Volleyball Nations League,VNL_MEN,other,CHN,ARG,82,95,1,3,team_b,Queensland State Netball Centre,,True,fivb_vis,10100,,
fivb_vis:10101,2019-06-28,men,Volleyball Nations League,VNL_MEN,other,AUS,RUS,53,75,0,3,team_b,Queensland State Netball Centre,,True,fivb_vis,10101,,
fivb_vis:10102,2019-06-28,men,Volleyball Nations League,VNL_MEN,other,ITA,CAN,85,90,1,3,team_b,Nilson Nelson Gymnasium ,,True,fivb_vis,10102,,
fivb_vis:10103,2019-06-28,men,Volleyball Nations League,VNL_MEN,other,BRA,FRA,98,89,3,1,team_a,Nilson Nelson Gymnasium ,,True,fivb_vis,10103,,
fivb_vis:10104,2019-06-28,men,Volleyball Nations League,VNL_MEN,other,IRN,SRB,101,92,3,1,team_a,Kolodruma,,True,fivb_vis,10104,,
fivb_vis:10105,2019-06-28,men,Volleyball Nations League,VNL_MEN,other,BGR,USA,96,90,3,1,team_a,Kolodruma,,True,fivb_vis,10105,,
fivb_vis:10106,2019-06-28,men,Volleyball Nations League,VNL_MEN,other,POL,JPN,99,89,3,1,team_a,Arena Leipzig,,True,fivb_vis,10106,,
fivb_vis:10107,2019-06-28,men,Volleyball Nations League,VNL_MEN,other,DEU,PRT,98,84,3,1,team_a,Arena Leipzig,,True,fivb_vis,10107,,
fivb_vis:10108,2019-06-29,men,Volleyball Nations League,VNL_MEN,other,ARG,RUS,98,108,2,3,team_b,Queensland State Netball Centre,,True,fivb_vis,10108,,
fivb_vis:10109,2019-06-29,men,Volleyball Nations League,VNL_MEN,other,AUS,CHN,99,81,3,1,team_a,Queensland State Netball Centre,,True,fivb_vis,10109,,
fivb_vis:10110,2019-06-29,men,Volleyball Nations League,VNL_MEN,other,FRA,ITA,98,89,3,1,team_a,Nilson Nelson Gymnasium ,,True,fivb_vis,10110,,
fivb_vis:10111,2019-06-29,men,Volleyball Nations League,VNL_MEN,other,BRA,CAN,75,58,3,0,team_a,Nilson Nelson Gymnasium ,,True,fivb_vis,10111,,
fivb_vis:10112,2019-06-29,men,Volleyball Nations League,VNL_MEN,other,USA,SRB,94,96,3,1,team_a,Kolodruma,,True,fivb_vis,10112,,
fivb_vis:10113,2019-06-29,men,Volleyball Nations League,VNL_MEN,other,BGR,IRN,67,75,0,3,team_b,Kolodruma,,True,fivb_vis,10113,,
fivb_vis:10114,2019-06-29,men,Volleyball Nations League,VNL_MEN,other,DEU,POL,81,96,1,3,team_b,Arena Leipzig,,True,fivb_vis,10114,,
fivb_vis:10115,2019-06-29,men,Volleyball Nations League,VNL_MEN,other,PRT,JPN,87,97,1,3,team_b,Arena Leipzig,,True,fivb_vis,10115,,
fivb_vis:10116,2019-06-30,men,Volleyball Nations League,VNL_MEN,other,CHN,RUS,72,78,0,3,team_b,Queensland State Netball Centre,,True,fivb_vis,10116,,
fivb_vis:10117,2019-06-30,men,Volleyball Nations League,VNL_MEN,other,AUS,ARG,65,76,0,3,team_b,Queensland State Netball Centre,,True,fivb_vis,10117,,
fivb_vis:10118,2019-06-30,men,Volleyball Nations League,VNL_MEN,other,CAN,FRA,71,78,0,3,team_b,Nilson Nelson Gymnasium ,,True,fivb_vis,10118,,
fivb_vis:10119,2019-06-30,men,Volleyball Nations League,VNL_MEN,other,BRA,ITA,101,86,3,1,team_a,Nilson Nelson Gymnasium ,,True,fivb_vis,10119,,
fivb_vis:10120,2019-06-30,men,Volleyball Nations League,VNL_MEN,other,IRN,USA,66,77,0,3,team_b,Kolodruma,,True,fivb_vis,10120,,
fivb_vis:10121,2019-06-30,men,Volleyball Nations League,VNL_MEN,other,SRB,BGR,75,53,3,0,team_a,Kolodruma,,True,fivb_vis,10121,,
fivb_vis:10122,2019-06-30,men,Volleyball Nations League,VNL_MEN,other,DEU,JPN,94,109,2,3,team_b,Arena Leipzig,,True,fivb_vis,10122,,
fivb_vis:10123,2019-06-30,men,Volleyball Nations League,VNL_MEN,other,POL,PRT,75,59,3,0,team_a,Arena Leipzig,,True,fivb_vis,10123,,
fivb_vis:10124,2019-07-10,men,Volleyball Nations League,VNL_MEN,other,BRA,POL,103,109,2,3,team_b,Credit Union 1 Arena,,True,fivb_vis,10124,,
fivb_vis:10125,2019-07-11,men,Volleyball Nations League,VNL_MEN,other,IRN,POL,85,96,1,3,team_b,Credit Union 1 Arena,,True,fivb_vis,10125,,
fivb_vis:10126,2019-07-12,men,Volleyball Nations League,VNL_MEN,other,BRA,IRN,109,104,3,2,team_a,Credit Union 1 Arena,,True,fivb_vis,10126,,
fivb_vis:10127,2019-07-10,men,Volleyball Nations League,VNL_MEN,other,USA,FRA,98,84,3,1,team_a,Credit Union 1 Arena,,True,fivb_vis,10127,,
fivb_vis:10128,2019-07-11,men,Volleyball Nations League,VNL_MEN,other,RUS,FRA,75,56,3,0,team_a,Credit Union 1 Arena,,True,fivb_vis,10128,,
fivb_vis:10129,2019-07-12,men,Volleyball Nations League,VNL_MEN,other,USA,RUS,75,58,3,0,team_a,Credit Union 1 Arena,,True,fivb_vis,10129,,
fivb_vis:10130,2019-07-13,men,Volleyball Nations League,VNL_MEN,other,USA,BRA,103,100,3,2,team_a,Credit Union 1 Arena,,True,fivb_vis,10130,,
fivb_vis:10131,2019-07-13,men,Volleyball Nations League,VNL_MEN,other,POL,RUS,88,99,1,3,team_b,Credit Union 1 Arena,,True,fivb_vis,10131,,
fivb_vis:10132,2019-07-14,men,Volleyball Nations League,VNL_MEN,other,POL,BRA,75,61,3,0,team_a,Credit Union 1 Arena,,True,fivb_vis,10132,,
fivb_vis:10133,2019-07-14,men,Volleyball Nations League,VNL_MEN,other,RUS,USA,95,89,3,1,team_a,Credit Union 1 Arena,,True,fivb_vis,10133,,
fivb_vis:1742,2008-05-31,men,Olympic Games,OG_MEN,other,AUS,THA,75,41,3,0,team_a,Tokyo Metropolitan Gymnasium,,True,fivb_vis,1742,,
fivb_vis:1743,2008-05-31,men,Olympic Games,OG_MEN,other,KOR,ARG,98,95,1,3,team_b,Tokyo Metropolitan Gymnasium,,True,fivb_vis,1743,,
fivb_vis:1744,2008-05-31,men,Olympic Games,OG_MEN,other,DZA,IRN,124,125,3,2,team_a,Tokyo Metropolitan Gymnasium,,True,fivb_vis,1744,,
fivb_vis:1745,2008-05-31,men,Olympic Games,OG_MEN,other,ITA,JPN,131,120,3,2,team_a,Tokyo Metropolitan Gymnasium,,True,fivb_vis,1745,,
fivb_vis:1746,2008-06-01,men,Olympic Games,OG_MEN,other,THA,DZA,59,75,0,3,team_b,Tokyo Metropolitan Gymnasium,,True,fivb_vis,1746,,
fivb_vis:1747,2008-06-01,men,Olympic Games,OG_MEN,other,ARG,AUS,54,75,0,3,team_b,Tokyo Metropolitan Gymnasium,,True,fivb_vis,1747,,
fivb_vis:1748,2008-06-01,men,Olympic Games,OG_MEN,other,ITA,KOR,75,56,3,0,team_a,Tokyo Metropolitan Gymnasium,,True,fivb_vis,1748,,
fivb_vis:1749,2008-06-01,men,Olympic Games,OG_MEN,other,JPN,IRN,98,83,3,1,team_a,Tokyo Metropolitan Gymnasium,,True,fivb_vis,1749,,
fivb_vis:1750,2008-06-03,men,Olympic Games,OG_MEN,other,DZA,ARG,64,76,0,3,team_b,Tokyo Metropolitan Gymnasium,,True,fivb_vis,1750,,
fivb_vis:1751,2008-06-03,men,Olympic Games,OG_MEN,other,AUS,ITA,42,75,0,3,team_b,Tokyo Metropolitan Gymnasium,,True,fivb_vis,1751,,
fivb_vis:1752,2008-06-03,men,Olympic Games,OG_MEN,other,IRN,THA,94,77,3,1,team_a,Tokyo Metropolitan Gymnasium,,True,fivb_vis,1752,,
fivb_vis:1753,2008-06-03,men,Olympic Games,OG_MEN,other,KOR,JPN,88,96,1,3,team_b,Tokyo Metropolitan Gymnasium,,True,fivb_vis,1753,,
fivb_vis:1754,2008-06-04,men,Olympic Games,OG_MEN,other,ARG,IRN,102,80,3,1,team_a,Tokyo Metropolitan Gymnasium,,True,fivb_vis,1754,,
fivb_vis:1755,2008-06-04,men,Olympic Games,OG_MEN,other,KOR,AUS,113,105,3,2,team_a,Tokyo Metropolitan Gymnasium,,True,fivb_vis,1755,,
fivb_vis:1756,2008-06-04,men,Olympic Games,OG_MEN,other,ITA,DZA,75,56,3,0,team_a,Tokyo Metropolitan Gymnasium,,True,fivb_vis,1756,,
fivb_vis:1757,2008-06-04,men,Olympic Games,OG_MEN,other,JPN,THA,75,53,3,0,team_a,Tokyo Metropolitan Gymnasium,,True,fivb_vis,1757,,
fivb_vis:1758,2008-06-06,men,Olympic Games,OG_MEN,other,THA,ARG,51,75,0,3,team_b,Tokyo Metropolitan Gymnasium,,True,fivb_vis,1758,,
fivb_vis:1759,2008-06-06,men,Olympic Games,OG_MEN,other,IRN,ITA,54,75,0,3,team_b,Tokyo Metropolitan Gymnasium,,True,fivb_vis,1759,,
fivb_vis:1760,2008-06-06,men,Olympic Games,OG_MEN,other,DZA,KOR,45,75,0,3,team_b,Tokyo Metropolitan Gymnasium,,True,fivb_vis,1760,,
fivb_vis:1761,2008-06-06,men,Olympic Games,OG_MEN,other,AUS,JPN,75,82,0,3,team_b,Tokyo Metropolitan Gymnasium,,True,fivb_vis,1761,,
fivb_vis:1762,2008-06-07,men,Olympic Games,OG_MEN,other,KOR,IRN,97,86,3,1,team_a,Tokyo Metropolitan Gymnasium,,True,fivb_vis,1762,,
fivb_vis:1763,2008-06-07,men,Olympic Games,OG_MEN,other,AUS,DZA,93,86,3,1,team_a,Tokyo Metropolitan Gymnasium,,True,fivb_vis,1763,,
fivb_vis:1764,2008-06-07,men,Olympic Games,OG_MEN,other,ITA,THA,76,62,3,0,team_a,Tokyo Metropolitan Gymnasium,,True,fivb_vis,1764,,
fivb_vis:1765,2008-06-07,men,Olympic Games,OG_MEN,other,JPN,ARG,113,103,3,2,team_a,Tokyo Metropolitan Gymnasium,,True,fivb_vis,1765,,
fivb_vis:1766,2008-06-08,men,Olympic Games,OG_MEN,other,THA,KOR,82,95,1,3,team_b,Tokyo Metropolitan Gymnasium,,True,fivb_vis,1766,,
fivb_vis:1767,2008-06-08,men,Olympic Games,OG_MEN,other,IRN,AUS,75,57,3,0,team_a,Tokyo Metropolitan Gymnasium,,True,fivb_vis,1767,,
fivb_vis:1768,2008-06-08,men,Olympic Games,OG_MEN,other,ARG,ITA,93,108,2,3,team_b,Tokyo Metropolitan Gymnasium,,True,fivb_vis,1768,,
fivb_vis:1769,2008-06-08,men,Olympic Games,OG_MEN,other,DZA,JPN,51,75,0,3,team_b,Tokyo Metropolitan Gymnasium,,True,fivb_vis,1769,,
fivb_vis:1770,2008-08-09,women,Olympic Games,OG_WOMEN,other,ITA,RUS,92,84,3,1,team_a,Beijing Institute of Technology Gym.,,True,fivb_vis,1770,,
fivb_vis:1771,2008-08-09,women,Olympic Games,OG_WOMEN,other,SRB,KAZ,98,84,3,1,team_a,Beijing Institute of Technology Gym.,,True,fivb_vis,1771,,
fivb_vis:1772,2008-08-09,women,Olympic Games,OG_WOMEN,other,DZA,BRA,32,75,0,3,team_b,Capital Indoor Stadium,,True,fivb_vis,1772,,
fivb_vis:1773,2008-08-09,women,Olympic Games,OG_WOMEN,other,POL,CUB,79,96,1,3,team_b,Capital Indoor Stadium,,True,fivb_vis,1773,,
fivb_vis:1774,2008-08-09,women,Olympic Games,OG_WOMEN,other,VEN,CHN,44,75,0,3,team_b,Capital Indoor Stadium,,True,fivb_vis,1774,,
fivb_vis:1775,2008-08-09,women,Olympic Games,OG_WOMEN,other,JPN,USA,85,95,1,3,team_b,Capital Indoor Stadium,,True,fivb_vis,1775,,
fivb_vis:1776,2008-08-11,women,Olympic Games,OG_WOMEN,other,DZA,SRB,40,75,0,3,team_b,Beijing Institute of Technology Gym.,,True,fivb_vis,1776,,
fivb_vis:1777,2008-08-11,women,Olympic Games,OG_WOMEN,other,KAZ,ITA,55,75,0,3,team_b,Beijing Institute of Technology Gym.,,True,fivb_vis,1777,,
fivb_vis:1778,2008-08-11,women,Olympic Games,OG_WOMEN,other,USA,CUB,56,76,0,3,team_b,Capital Indoor Stadium,,True,fivb_vis,1778,,
fivb_vis:1779,2008-08-11,women,Olympic Games,OG_WOMEN,other,BRA,RUS,75,44,3,0,team_a,Capital Indoor Stadium,,True,fivb_vis,1779,,
fivb_vis:1780,2008-08-11,women,Olympic Games,OG_WOMEN,other,CHN,POL,97,82,3,1,team_a,Capital Indoor Stadium,,True,fivb_vis,1780,,
fivb_vis:1781,2008-08-11,women,Olympic Games,OG_WOMEN,other,JPN,VEN,75,41,3,0,team_a,Capital Indoor Stadium,,True,fivb_vis,1781,,
fivb_vis:1782,2008-08-13,women,Olympic Games,OG_WOMEN,other,ITA,DZA,75,39,3,0,team_a,Beijing Institute of Technology Gym.,,True,fivb_vis,1782,,
fivb_vis:1783,2008-08-13,women,Olympic Games,OG_WOMEN,other,VEN,USA,74,95,1,3,team_b,Beijing Institute of Technology Gym.,,True,fivb_vis,1783,,
fivb_vis:1784,2008-08-13,women,Olympic Games,OG_WOMEN,other,RUS,KAZ,75,48,3,0,team_a,Capital Indoor Stadium,,True,fivb_vis,1784,,
fivb_vis:1785,2008-08-13,women,Olympic Games,OG_WOMEN,other,SRB,BRA,51,75,0,3,team_b,Capital Indoor Stadium,,True,fivb_vis,1785,,
fivb_vis:1786,2008-08-13,women,Olympic Games,OG_WOMEN,other,CUB,CHN,104,116,3,2,team_a,Capital Indoor Stadium,,True,fivb_vis,1786,,
fivb_vis:1787,2008-08-13,women,Olympic Games,OG_WOMEN,other,POL,JPN,102,106,2,3,team_b,Capital Indoor Stadium,,True,fivb_vis,1787,,
fivb_vis:1788,2008-08-15,women,Olympic Games,OG_WOMEN,other,DZA,RUS,40,75,0,3,team_b,Beijing Institute of Technology Gym.,,True,fivb_vis,1788,,
fivb_vis:1789,2008-08-15,women,Olympic Games,OG_WOMEN,other,BRA,KAZ,77,44,3,0,team_a,Beijing Institute of Technology Gym.,,True,fivb_vis,1789,,
fivb_vis:1790,2008-08-15,women,Olympic Games,OG_WOMEN,other,VEN,POL,44,75,0,3,team_b,Capital Indoor Stadium,,True,fivb_vis,1790,,
fivb_vis:1791,2008-08-15,women,Olympic Games,OG_WOMEN,other,SRB,ITA,62,75,0,3,team_b,Capital Indoor Stadium,,True,fivb_vis,1791,,
fivb_vis:1792,2008-08-15,women,Olympic Games,OG_WOMEN,other,USA,CHN,111,103,3,2,team_a,Capital Indoor Stadium,,True,fivb_vis,1792,,
fivb_vis:1793,2008-08-15,women,Olympic Games,OG_WOMEN,other,JPN,CUB,61,75,0,3,team_b,Capital Indoor Stadium,,True,fivb_vis,1793,,
fivb_vis:1794,2008-08-17,women,Olympic Games,OG_WOMEN,other,KAZ,DZA,92,79,3,1,team_a,Beijing Institute of Technology Gym.,,True,fivb_vis,1794,,
fivb_vis:1795,2008-08-17,women,Olympic Games,OG_WOMEN,other,CUB,VEN,75,59,3,0,team_a,Beijing Institute of Technology Gym.,,True,fivb_vis,1795,,
fivb_vis:1796,2008-08-17,women,Olympic Games,OG_WOMEN,other,POL,USA,103,102,2,3,team_b,Capital Indoor Stadium,,True,fivb_vis,1796,,
fivb_vis:1797,2008-08-17,women,Olympic Games,OG_WOMEN,other,ITA,BRA,55,75,0,3,team_b,Capital Indoor Stadium,,True,fivb_vis,1797,,
fivb_vis:1798,2008-08-17,women,Olympic Games,OG_WOMEN,other,CHN,JPN,76,54,3,0,team_a,Capital Indoor Stadium,,True,fivb_vis,1798,,
fivb_vis:1799,2008-08-17,women,Olympic Games,OG_WOMEN,other,RUS,SRB,75,57,3,0,team_a,Capital Indoor Stadium,,True,fivb_vis,1799,,
fivb_vis:1800,2008-08-19,women,Olympic Games,OG_WOMEN,other,CUB,SRB,77,67,3,0,team_a,Capital Indoor Stadium,,True,fivb_vis,1800,,
fivb_vis:1801,2008-08-19,women,Olympic Games,OG_WOMEN,other,USA,ITA,104,95,3,2,team_a,Capital Indoor Stadium,,True,fivb_vis,1801,,
fivb_vis:1802,2008-08-19,women,Olympic Games,OG_WOMEN,other,CHN,RUS,77,66,3,0,team_a,Capital Indoor Stadium,,True,fivb_vis,1802,,
fivb_vis:1803,2008-08-19,women,Olympic Games,OG_WOMEN,other,JPN,BRA,48,75,0,3,team_b,Capital Indoor Stadium,,True,fivb_vis,1803,,
fivb_vis:1804,2008-08-21,women,Olympic Games,OG_WOMEN,other,CUB,USA,53,75,0,3,team_b,Capital Indoor Stadium,,True,fivb_vis,1804,,
fivb_vis:1805,2008-08-21,women,Olympic Games,OG_WOMEN,other,CHN,BRA,61,77,0,3,team_b,Capital Indoor Stadium,,True,fivb_vis,1805,,
fivb_vis:1806,2008-08-23,women,Olympic Games,OG_WOMEN,other,CUB,CHN,74,96,1,3,team_b,Capital Indoor Stadium,,True,fivb_vis,1806,,
fivb_vis:1807,2008-08-23,women,Olympic Games,OG_WOMEN,other,USA,BRA,74,93,1,3,team_b,Capital Indoor Stadium,,True,fivb_vis,1807,,
fivb_vis:11248,2020-01-10,women,NORCECA Championship,NORCECA_WOMEN,other,CAN,PRI,107,109,2,3,team_b,"Palacio de los Deportes ""Virgilio Travieso Soto""",,True,fivb_vis,11248,,
fivb_vis:11249,2020-01-10,women,NORCECA Championship,NORCECA_WOMEN,other,DOM,MEX,109,91,3,2,team_a,"Palacio de los Deportes ""Virgilio Travieso Soto""",,True,fivb_vis,11249,,
fivb_vis:11250,2020-01-11,women,NORCECA Championship,NORCECA_WOMEN,other,PRI,MEX,75,65,3,0,team_a,"Palacio de los Deportes ""Virgilio Travieso Soto""",,True,fivb_vis,11250,,
fivb_vis:11251,2020-01-11,women,NORCECA Championship,NORCECA_WOMEN,other,CAN,DOM,72,96,1,3,team_b,"Palacio de los Deportes ""Virgilio Travieso Soto""",,True,fivb_vis,11251,,
fivb_vis:11252,2020-01-12,women,NORCECA Championship,NORCECA_WOMEN,other,MEX,CAN,85,96,1,3,team_b,"Palacio de los Deportes ""Virgilio Travieso Soto""",,True,fivb_vis,11252,,
fivb_vis:11253,2020-01-12,women,NORCECA Championship,NORCECA_WOMEN,other,DOM,PRI,75,53,3,0,team_a,"Palacio de los Deportes ""Virgilio Travieso Soto""",,True,fivb_vis,11253,,
fivb_vis:11242,2020-01-10,men,NORCECA Championship,NORCECA_MEN,other,CAN,MEX,75,47,3,0,team_a,Pacific Coliseum,,True,fivb_vis,11242,,
fivb_vis:11243,2020-01-10,men,NORCECA Championship,NORCECA_MEN,other,CUB,PRI,75,51,3,0,team_a,Pacific Coliseum,,True,fivb_vis,11243,,
fivb_vis:11244,2020-01-11,men,NORCECA Championship,NORCECA_MEN,other,PRI,MEX,76,70,3,0,team_a,Pacific Coliseum,,True,fivb_vis,11244,,
fivb_vis:11245,2020-01-11,men,NORCECA Championship,NORCECA_MEN,other,CAN,CUB,109,92,3,2,team_a,Pacific Coliseum,,True,fivb_vis,11245,,
fivb_vis:11246,2020-01-12,men,NORCECA Championship,NORCECA_MEN,other,CUB,MEX,101,89,3,1,team_a,Pacific Coliseum,,True,fivb_vis,11246,,
fivb_vis:11247,2020-01-12,men,NORCECA Championship,NORCECA_MEN,other,CAN,PRI,75,51,3,0,team_a,Pacific Coliseum,,True,fivb_vis,11247,,
fivb_vis:10898,2019-08-22,women,NORCECA Championship,NORCECA_WOMEN,other,DOM,PRI,107,106,3,2,team_a,Olympic Training Center Sports Center 1,,True,fivb_vis,10898,,
fivb_vis:10899,2019-08-22,women,NORCECA Championship,NORCECA_WOMEN,other,USA,CAN,93,82,3,1,team_a,Olympic Training Center Sports Center 1,,True,fivb_vis,10899,,
fivb_vis:10900,2019-08-23,women,NORCECA Championship,NORCECA_WOMEN,other,CAN,DOM,82,99,1,3,team_b,Olympic Training Center Sports Center 1,,True,fivb_vis,10900,,
fivb_vis:10901,2019-08-23,women,NORCECA Championship,NORCECA_WOMEN,other,USA,PRI,75,57,3,0,team_a,Olympic Training Center Sports Center 1,,True,fivb_vis,10901,,
fivb_vis:10902,2019-08-24,women,NORCECA Championship,NORCECA_WOMEN,other,PRI,CAN,80,97,1,3,team_b,Olympic Training Center Sports Center 1,,True,fivb_vis,10902,,
fivb_vis:10903,2019-08-24,women,NORCECA Championship,NORCECA_WOMEN,other,USA,DOM,100,85,3,1,team_a,Olympic Training Center Sports Center 1,,True,fivb_vis,10903,,
fivb_vis:10892,2019-08-22,men,NORCECA Championship,NORCECA_MEN,other,CUB,CAN,106,97,3,2,team_a,Olympic Training Center Sports Center 1,,True,fivb_vis,10892,,
fivb_vis:10893,2019-08-22,men,NORCECA Championship,NORCECA_MEN,other,USA,PRI,75,44,3,0,team_a,Olympic Training Center Sports Center 1,,True,fivb_vis,10893,,
fivb_vis:10894,2019-08-23,men,NORCECA Championship,NORCECA_MEN,other,CAN,PRI,64,76,0,3,team_b,Olympic Training Center Sports Center 1,,True,fivb_vis,10894,,
fivb_vis:10895,2019-08-23,men,NORCECA Championship,NORCECA_MEN,other,USA,CUB,81,97,1,3,team_b,Olympic Training Center Sports Center 1,,True,fivb_vis,10895,,
fivb_vis:10896,2019-08-24,men,NORCECA Championship,NORCECA_MEN,other,PRI,CUB,67,80,0,3,team_b,Olympic Training Center Sports Center 1,,True,fivb_vis,10896,,
fivb_vis:10897,2019-08-24,men,NORCECA Championship,NORCECA_MEN,other,USA,CAN,99,106,1,3,team_b,Olympic Training Center Sports Center 1,,True,fivb_vis,10897,,
fivb_vis:10914,2019-09-02,men,NORCECA Championship,NORCECA_MEN,other,GTM,CUB,62,87,0,3,team_b,Duckworth Center,,True,fivb_vis,10914,,
fivb_vis:10915,2019-09-02,men,NORCECA Championship,NORCECA_MEN,other,MEX,PRI,78,66,3,0,team_a,Duckworth Center,,True,fivb_vis,10915,,
fivb_vis:10916,2019-09-02,men,NORCECA Championship,NORCECA_MEN,other,USA,DOM,75,45,3,0,team_a,Duckworth Center,,True,fivb_vis,10916,,
fivb_vis:10917,2019-09-02,men,NORCECA Championship,NORCECA_MEN,other,CAN,SUR,75,0,3,0,team_a,Duckworth Center,,True,fivb_vis,10917,,
fivb_vis:10918,2019-09-03,men,NORCECA Championship,NORCECA_MEN,other,PRI,SUR,75,0,3,0,team_a,Duckworth Center,,True,fivb_vis,10918,,
fivb_vis:10919,2019-09-03,men,NORCECA Championship,NORCECA_MEN,other,GTM,USA,67,76,0,3,team_b,Duckworth Center,,True,fivb_vis,10919,,
fivb_vis:10920,2019-09-03,men,NORCECA Championship,NORCECA_MEN,other,CUB,DOM,75,52,3,0,team_a,Duckworth Center,,True,fivb_vis,10920,,
fivb_vis:10921,2019-09-03,men,NORCECA Championship,NORCECA_MEN,other,CAN,MEX,75,42,3,0,team_a,Duckworth Center,,True,fivb_vis,10921,,
fivb_vis:10922,2019-09-04,men,NORCECA Championship,NORCECA_MEN,other,MEX,SUR,75,0,3,0,team_a,Duckworth Center,,True,fivb_vis,10922,,
fivb_vis:10923,2019-09-04,men,NORCECA Championship,NORCECA_MEN,other,DOM,GTM,104,91,3,1,team_a,Duckworth Center,,True,fivb_vis,10923,,
fivb_vis:10924,2019-09-04,men,NORCECA Championship,NORCECA_MEN,other,USA,CUB,75,60,3,0,team_a,Duckworth Center,,True,fivb_vis,10924,,
fivb_vis:10925,2019-09-04,men,NORCECA Championship,NORCECA_MEN,other,CAN,PRI,75,59,3,0,team_a,Duckworth Center,,True,fivb_vis,10925,,
fivb_vis:10926,2019-09-05,men,NORCECA Championship,NORCECA_MEN,other,MEX,DOM,92,82,3,1,team_a,Duckworth Center,,True,fivb_vis,10926,,
fivb_vis:10927,2019-09-05,men,NORCECA Championship,NORCECA_MEN,other,CUB,PRI,78,69,3,0,team_a,Duckworth Center,,True,fivb_vis,10927,,
fivb_vis:10928,2019-09-06,men,NORCECA Championship,NORCECA_MEN,other,DOM,PRI,93,109,2,3,team_b,Duckworth Center,,True,fivb_vis,10928,,
fivb_vis:10929,2019-09-06,men,NORCECA Championship,NORCECA_MEN,other,CAN,CUB,88,92,1,3,team_b,Duckworth Center,,True,fivb_vis,10929,,
fivb_vis:10930,2019-09-06,men,NORCECA Championship,NORCECA_MEN,other,USA,MEX,75,57,3,0,team_a,Duckworth Center,,True,fivb_vis,10930,,
fivb_vis:10931,2019-09-07,men,NORCECA Championship,NORCECA_MEN,other,DOM,GTM,106,88,3,1,team_a,Duckworth Center,,True,fivb_vis,10931,,
fivb_vis:10932,2019-09-07,men,NORCECA Championship,NORCECA_MEN,other,CAN,MEX,75,44,3,0,team_a,Duckworth Center,,True,fivb_vis,10932,,
fivb_vis:10933,2019-09-07,men,NORCECA Championship,NORCECA_MEN,other,CUB,USA,96,83,3,1,team_a,Duckworth Center,,True,fivb_vis,10933,,
fivb_vis:11382,2021-07-25,women,Olympic Games,OG_WOMEN,other,MAR,ITA,56,75,0,3,team_b,Ariake Arena,,True,fivb_vis,11382,,
fivb_vis:11383,2021-07-25,women,Olympic Games,OG_WOMEN,other,USA,ARG,75,59,3,0,team_a,Ariake Arena,,True,fivb_vis,11383,,
fivb_vis:11384,2021-07-25,women,Olympic Games,OG_WOMEN,other,SRB,DOM,75,50,3,0,team_a,Ariake Arena,,True,fivb_vis,11384,,
fivb_vis:11385,2021-07-25,women,Olympic Games,OG_WOMEN,other,CHN,TUR,49,75,0,3,team_b,Ariake Arena,,True,fivb_vis,11385,,
fivb_vis:11386,2021-07-25,women,Olympic Games,OG_WOMEN,other,JPN,KEN,75,49,3,0,team_a,Ariake Arena,,True,fivb_vis,11386,,
fivb_vis:11387,2021-07-25,women,Olympic Games,OG_WOMEN,other,BRA,KOR,75,51,3,0,team_a,Ariake Arena,,True,fivb_vis,11387,,
fivb_vis:11388,2021-07-27,women,Olympic Games,OG_WOMEN,other,MAR,ARG,75,47,3,0,team_a,Ariake Arena,,True,fivb_vis,11388,,
fivb_vis:11389,2021-07-27,women,Olympic Games,OG_WOMEN,other,CHN,USA,70,79,0,3,team_b,Ariake Arena,,True,fivb_vis,11389,,
fivb_vis:11390,2021-07-27,women,Olympic Games,OG_WOMEN,other,JPN,SRB,63,76,0,3,team_b,Ariake Arena,,True,fivb_vis,11390,,
fivb_vis:11391,2021-07-27,women,Olympic Games,OG_WOMEN,other,ITA,TUR,98,82,3,1,team_a,Ariake Arena,,True,fivb_vis,11391,,
fivb_vis:11392,2021-07-27,women,Olympic Games,OG_WOMEN,other,BRA,DOM,110,92,3,2,team_a,Ariake Arena,,True,fivb_vis,11392,,
fivb_vis:11393,2021-07-27,women,Olympic Games,OG_WOMEN,other,KOR,KEN,76,60,3,0,team_a,Ariake Arena,,True,fivb_vis,11393,,
fivb_vis:11394,2021-07-29,women,Olympic Games,OG_WOMEN,other,ITA,ARG,75,52,3,0,team_a,Ariake Arena,,True,fivb_vis,11394,,
fivb_vis:11395,2021-07-29,women,Olympic Games,OG_WOMEN,other,KOR,DOM,97,100,3,2,team_a,Ariake Arena,,True,fivb_vis,11395,,
fivb_vis:11396,2021-07-29,women,Olympic Games,OG_WOMEN,other,SRB,KEN,75,52,3,0,team_a,Ariake Arena,,True,fivb_vis,11396,,
fivb_vis:11397,2021-07-29,women,Olympic Games,OG_WOMEN,other,CHN,MAR,104,110,2,3,team_b,Ariake Arena,,True,fivb_vis,11397,,
fivb_vis:11398,2021-07-29,women,Olympic Games,OG_WOMEN,other,JPN,BRA,58,76,0,3,team_b,Ariake Arena,,True,fivb_vis,11398,,
fivb_vis:11399,2021-07-29,women,Olympic Games,OG_WOMEN,other,USA,TUR,102,101,3,2,team_a,Ariake Arena,,True,fivb_vis,11399,,
fivb_vis:11400,2021-07-31,women,Olympic Games,OG_WOMEN,other,DOM,KEN,75,47,3,0,team_a,Ariake Arena,,True,fivb_vis,11400,,
fivb_vis:11401,2021-07-31,women,Olympic Games,OG_WOMEN,other,USA,MAR,51,75,0,3,team_b,Ariake Arena,,True,fivb_vis,11401,,
fivb_vis:11402,2021-07-31,women,Olympic Games,OG_WOMEN,other,ARG,TUR,61,75,0,3,team_b,Ariake Arena,,True,fivb_vis,11402,,
fivb_vis:11403,2021-07-31,women,Olympic Games,OG_WOMEN,other,SRB,BRA,80,98,1,3,team_b,Ariake Arena,,True,fivb_vis,11403,,
fivb_vis:11404,2021-07-31,women,Olympic Games,OG_WOMEN,other,JPN,KOR,105,100,2,3,team_b,Ariake Arena,,True,fivb_vis,11404,,
fivb_vis:11405,2021-07-31,women,Olympic Games,OG_WOMEN,other,CHN,ITA,76,65,3,0,team_a,Ariake Arena,,True,fivb_vis,11405,,
fivb_vis:11406,2021-08-02,women,Olympic Games,OG_WOMEN,other,SRB,KOR,75,50,3,0,team_a,Ariake Arena,,True,fivb_vis,11406,,
fivb_vis:11407,2021-08-02,women,Olympic Games,OG_WOMEN,other,USA,ITA,111,96,3,2,team_a,Ariake Arena,,True,fivb_vis,11407,,
fivb_vis:11408,2021-08-02,women,Olympic Games,OG_WOMEN,other,MAR,TUR,106,101,2,3,team_b,Ariake Arena,,True,fivb_vis,11408,,
fivb_vis:11409,2021-08-02,women,Olympic Games,OG_WOMEN,other,CHN,ARG,75,56,3,0,team_a,Ariake Arena,,True,fivb_vis,11409,,
fivb_vis:11410,2021-08-02,women,Olympic Games,OG_WOMEN,other,JPN,DOM,77,94,1,3,team_b,Ariake Arena,,True,fivb_vis,11410,,
fivb_vis:11411,2021-08-02,women,Olympic Games,OG_WOMEN,other,BRA,KEN,75,34,3,0,team_a,Ariake Arena,,True,fivb_vis,11411,,
fivb_vis:11412,2021-08-04,women,Olympic Games,OG_WOMEN,other,BRA,MAR,98,87,3,1,team_a,Ariake Arena,,True,fivb_vis,11412,,
fivb_vis:11413,2021-08-04,women,Olympic Games,OG_WOMEN,other,KOR,TUR,103,106,3,2,team_a,Ariake Arena,,True,fivb_vis,11413,,
fivb_vis:11414,2021-08-04,women,Olympic Games,OG_WOMEN,other,SRB,ITA,75,56,3,0,team_a,Ariake Arena,,True,fivb_vis,11414,,
fivb_vis:11415,2021-08-04,women,Olympic Games,OG_WOMEN,other,DOM,USA,50,75,0,3,team_b,Ariake Arena,,True,fivb_vis,11415,,
fivb_vis:11416,2021-08-06,women,Olympic Games,OG_WOMEN,other,BRA,KOR,75,48,3,0,team_a,Ariake Arena,,True,fivb_vis,11416,,
fivb_vis:11417,2021-08-06,women,Olympic Games,OG_WOMEN,other,SRB,USA,57,75,0,3,team_b,Ariake Arena,,True,fivb_vis,11417,,
fivb_vis:11418,2021-08-08,women,Olympic Games,OG_WOMEN,other,KOR,SRB,48,75,0,3,team_b,Ariake Arena,,True,fivb_vis,11418,,
fivb_vis:11419,2021-08-08,women,Olympic Games,OG_WOMEN,other,BRA,USA,55,75,0,3,team_b,Ariake Arena,,True,fivb_vis,11419,,
fivb_vis:11344,2021-07-24,men,Olympic Games,OG_MEN,other,ITA,CAN,109,103,3,2,team_a,Ariake Arena,,True,fivb_vis,11344,,
fivb_vis:11345,2021-07-24,men,Olympic Games,OG_MEN,other,BRA,TUN,75,57,3,0,team_a,Ariake Arena,,True,fivb_vis,11345,,
fivb_vis:11346,2021-07-24,men,Olympic Games,OG_MEN,other,MAR,ARG,96,86,3,1,team_a,Ariake Arena,,True,fivb_vis,11346,,
fivb_vis:11347,2021-07-24,men,Olympic Games,OG_MEN,other,JPN,VEN,75,56,3,0,team_a,Ariake Arena,,True,fivb_vis,11347,,
fivb_vis:11348,2021-07-24,men,Olympic Games,OG_MEN,other,POL,IRN,115,113,2,3,team_b,Ariake Arena,,True,fivb_vis,11348,,
fivb_vis:11349,2021-07-24,men,Olympic Games,OG_MEN,other,USA,FRA,75,58,3,0,team_a,Ariake Arena,,True,fivb_vis,11349,,
fivb_vis:11350,2021-07-26,men,Olympic Games,OG_MEN,other,IRN,VEN,75,55,3,0,team_a,Ariake Arena,,True,fivb_vis,11350,,
fivb_vis:11351,2021-07-26,men,Olympic Games,OG_MEN,other,USA,MAR,96,98,1,3,team_b,Ariake Arena,,True,fivb_vis,11351,,
fivb_vis:11352,2021-07-26,men,Olympic Games,OG_MEN,other,POL,ITA,76,64,3,0,team_a,Ariake Arena,,True,fivb_vis,11352,,
fivb_vis:11353,2021-07-26,men,Olympic Games,OG_MEN,other,FRA,TUN,75,53,3,0,team_a,Ariake Arena,,True,fivb_vis,11353,,
fivb_vis:11354,2021-07-26,men,Olympic Games,OG_MEN,other,JPN,CAN,98,91,3,1,team_a,Ariake Arena,,True,fivb_vis,11354,,
fivb_vis:11355,2021-07-26,men,Olympic Games,OG_MEN,other,BRA,ARG,106,101,3,2,team_a,Ariake Arena,,True,fivb_vis,11355,,
fivb_vis:11356,2021-07-28,men,Olympic Games,OG_MEN,other,CAN,IRN,75,58,3,0,team_a,Ariake Arena,,True,fivb_vis,11356,,
fivb_vis:11357,2021-07-28,men,Olympic Games,OG_MEN,other,USA,TUN,98,76,3,1,team_a,Ariake Arena,,True,fivb_vis,11357,,
fivb_vis:11358,2021-07-28,men,Olympic Games,OG_MEN,other,ARG,FRA,103,100,3,2,team_a,Ariake Arena,,True,fivb_vis,11358,,
fivb_vis:11359,2021-07-28,men,Olympic Games,OG_MEN,other,POL,VEN,93,69,3,1,team_a,Ariake Arena,,True,fivb_vis,11359,,
fivb_vis:11360,2021-07-28,men,Olympic Games,OG_MEN,other,JPN,ITA,83,98,1,3,team_b,Ariake Arena,,True,fivb_vis,11360,,
fivb_vis:11361,2021-07-28,men,Olympic Games,OG_MEN,other,BRA,MAR,62,75,0,3,team_b,Ariake Arena,,True,fivb_vis,11361,,
fivb_vis:11362,2021-07-30,men,Olympic Games,OG_MEN,other,CAN,VEN,75,47,3,0,team_a,Ariake Arena,,True,fivb_vis,11362,,
fivb_vis:11363,2021-07-30,men,Olympic Games,OG_MEN,other,BRA,USA,105,96,3,1,team_a,Ariake Arena,,True,fivb_vis,11363,,
fivb_vis:11364,2021-07-30,men,Olympic Games,OG_MEN,other,JPN,POL,67,76,0,3,team_b,Ariake Arena,,True,fivb_vis,11364,,
fivb_vis:11365,2021-07-30,men,Olympic Games,OG_MEN,other,ARG,TUN,111,95,3,2,team_a,Ariake Arena,,True,fivb_vis,11365,,
fivb_vis:11366,2021-07-30,men,Olympic Games,OG_MEN,other,ITA,IRN,101,95,3,1,team_a,Ariake Arena,,True,fivb_vis,11366,,
fivb_vis:11367,2021-07-30,men,Olympic Games,OG_MEN,other,MAR,FRA,83,95,1,3,team_b,Ariake Arena,,True,fivb_vis,11367,,
fivb_vis:11368,2021-08-01,men,Olympic Games,OG_MEN,other,POL,CAN,75,52,3,0,team_a,Ariake Arena,,True,fivb_vis,11368,,
fivb_vis:11369,2021-08-01,men,Olympic Games,OG_MEN,other,BRA,FRA,128,121,3,2,team_a,Ariake Arena,,True,fivb_vis,11369,,
fivb_vis:11370,2021-08-01,men,Olympic Games,OG_MEN,other,MAR,TUN,75,58,3,0,team_a,Ariake Arena,,True,fivb_vis,11370,,
fivb_vis:11371,2021-08-01,men,Olympic Games,OG_MEN,other,ITA,VEN,75,54,3,0,team_a,Ariake Arena,,True,fivb_vis,11371,,
fivb_vis:11372,2021-08-01,men,Olympic Games,OG_MEN,other,JPN,IRN,114,112,3,2,team_a,Ariake Arena,,True,fivb_vis,11372,,
fivb_vis:11373,2021-08-01,men,Olympic Games,OG_MEN,other,USA,ARG,67,75,0,3,team_b,Ariake Arena,,True,fivb_vis,11373,,
fivb_vis:11374,2021-08-03,men,Olympic Games,OG_MEN,other,POL,FRA,102,107,2,3,team_b,Ariake Arena,,True,fivb_vis,11374,,
fivb_vis:11375,2021-08-03,men,Olympic Games,OG_MEN,other,ITA,ARG,107,100,2,3,team_b,Ariake Arena,,True,fivb_vis,11375,,
fivb_vis:11376,2021-08-03,men,Olympic Games,OG_MEN,other,JPN,BRA,62,75,0,3,team_b,Ariake Arena,,True,fivb_vis,11376,,
fivb_vis:11377,2021-08-03,men,Olympic Games,OG_MEN,other,CAN,MAR,71,80,0,3,team_b,Ariake Arena,,True,fivb_vis,11377,,
fivb_vis:11378,2021-08-05,men,Olympic Games,OG_MEN,other,FRA,ARG,75,63,3,0,team_a,Ariake Arena,,True,fivb_vis,11378,,
fivb_vis:11379,2021-08-05,men,Olympic Games,OG_MEN,other,BRA,MAR,93,94,1,3,team_b,Ariake Arena,,True,fivb_vis,11379,,
fivb_vis:11380,2021-08-07,men,Olympic Games,OG_MEN,other,ARG,BRA,105,103,3,2,team_a,Ariake Arena,,True,fivb_vis,11380,,
fivb_vis:11381,2021-08-07,men,Olympic Games,OG_MEN,other,FRA,MAR,107,102,3,2,team_a,Ariake Arena,,True,fivb_vis,11381,,
fivb_vis:10872,2019-08-28,women,South American Championship,SAMER_WOMEN,other,ARG,VEN,75,51,3,0,team_a,Coliseo Qhapaq Ñan,,True,fivb_vis,10872,,
fivb_vis:10873,2019-08-28,women,South American Championship,SAMER_WOMEN,other,BRA,ECU,75,27,3,0,team_a,Coliseo Qhapaq Ñan,,True,fivb_vis,10873,,
fivb_vis:10874,2019-08-28,women,South American Championship,SAMER_WOMEN,other,COL,URY,75,37,3,0,team_a,Coliseo Qhapaq Ñan,,True,fivb_vis,10874,,
fivb_vis:10875,2019-08-28,women,South American Championship,SAMER_WOMEN,other,PER,BOL,75,34,3,0,team_a,Coliseo Qhapaq Ñan,,True,fivb_vis,10875,,
fivb_vis:10876,2019-08-29,women,South American Championship,SAMER_WOMEN,other,ARG,ECU,75,44,3,0,team_a,Coliseo Qhapaq Ñan,,True,fivb_vis,10876,,
fivb_vis:10877,2019-08-29,women,South American Championship,SAMER_WOMEN,other,BRA,VEN,75,37,3,0,team_a,Coliseo Qhapaq Ñan,,True,fivb_vis,10877,,
fivb_vis:10878,2019-08-29,women,South American Championship,SAMER_WOMEN,other,COL,BOL,75,30,3,0,team_a,Coliseo Qhapaq Ñan,,True,fivb_vis,10878,,
fivb_vis:10879,2019-08-29,women,South American Championship,SAMER_WOMEN,other,PER,URY,75,41,3,0,team_a,Coliseo Qhapaq Ñan,,True,fivb_vis,10879,,
fivb_vis:10880,2019-08-30,women,South American Championship,SAMER_WOMEN,other,VEN,ECU,109,92,3,2,team_a,Coliseo Qhapaq Ñan,,True,fivb_vis,10880,,
fivb_vis:10881,2019-08-30,women,South American Championship,SAMER_WOMEN,other,BRA,ARG,98,71,3,1,team_a,Coliseo Qhapaq Ñan,,True,fivb_vis,10881,,
fivb_vis:10882,2019-08-30,women,South American Championship,SAMER_WOMEN,other,URY,BOL,79,87,1,3,team_b,Coliseo Qhapaq Ñan,,True,fivb_vis,10882,,
fivb_vis:10883,2019-08-30,women,South American Championship,SAMER_WOMEN,other,PER,COL,95,112,2,3,team_b,Coliseo Qhapaq Ñan,,True,fivb_vis,10883,,
fivb_vis:10884,2019-08-31,women,South American Championship,SAMER_WOMEN,other,BOL,ECU,75,67,3,0,team_a,Coliseo Qhapaq Ñan,,True,fivb_vis,10884,,
fivb_vis:10885,2019-08-31,women,South American Championship,SAMER_WOMEN,other,VEN,URY,75,38,3,0,team_a,Coliseo Qhapaq Ñan,,True,fivb_vis,10885,,
fivb_vis:10886,2019-08-31,women,South American Championship,SAMER_WOMEN,other,ARG,COL,63,75,0,3,team_b,Coliseo Qhapaq Ñan,,True,fivb_vis,10886,,
fivb_vis:10887,2019-08-31,women,South American Championship,SAMER_WOMEN,other,BRA,PER,75,53,3,0,team_a,Coliseo Qhapaq Ñan,,True,fivb_vis,10887,,
fivb_vis:10888,2019-09-01,women,South American Championship,SAMER_WOMEN,other,ECU,URY,75,0,3,0,team_a,Coliseo Qhapaq Ñan,,True,fivb_vis,10888,,
fivb_vis:10889,2019-09-01,women,South American Championship,SAMER_WOMEN,other,BOL,VEN,63,75,0,3,team_b,Coliseo Qhapaq Ñan,,True,fivb_vis,10889,,
fivb_vis:10890,2019-09-01,women,South American Championship,SAMER_WOMEN,other,ARG,PER,107,103,2,3,team_b,Coliseo Qhapaq Ñan,,True,fivb_vis,10890,,
fivb_vis:10891,2019-09-01,women,South American Championship,SAMER_WOMEN,other,COL,BRA,65,75,0,3,team_b,Coliseo Qhapaq Ñan,,True,fivb_vis,10891,,
fivb_vis:10955,2019-09-13,men,Asian Championship,ASIA_MEN,other,AUS,QAT,106,104,3,2,team_a,Azadi Sport Complex,,True,fivb_vis,10955,,
fivb_vis:10956,2019-09-13,men,Asian Championship,ASIA_MEN,other,THA,TPE,78,98,1,3,team_b,Azadi Sport Complex,,True,fivb_vis,10956,,
fivb_vis:10957,2019-09-13,men,Asian Championship,ASIA_MEN,other,IRN,LKA,75,55,3,0,team_a,Azadi Sport Complex,,True,fivb_vis,10957,,
fivb_vis:10958,2019-09-13,men,Asian Championship,ASIA_MEN,other,IDN,KWT,97,80,3,1,team_a,Volleyball Federation,,True,fivb_vis,10958,,
fivb_vis:10959,2019-09-13,men,Asian Championship,ASIA_MEN,other,CHN,OMN,97,76,3,1,team_a,Volleyball Federation,,True,fivb_vis,10959,,
fivb_vis:10960,2019-09-13,men,Asian Championship,ASIA_MEN,other,KAZ,IND,107,117,2,3,team_b,Volleyball Federation,,True,fivb_vis,10960,,
fivb_vis:10961,2019-09-13,men,Asian Championship,ASIA_MEN,other,KOR,PAK,75,65,3,0,team_a,Volleyball Federation,,True,fivb_vis,10961,,
fivb_vis:10962,2019-09-14,men,Asian Championship,ASIA_MEN,other,TPE,HKG,75,38,3,0,team_a,Azadi Sport Complex,,True,fivb_vis,10962,,
fivb_vis:10963,2019-09-14,men,Asian Championship,ASIA_MEN,other,JPN,THA,75,52,3,0,team_a,Azadi Sport Complex,,True,fivb_vis,10963,,
fivb_vis:10964,2019-09-14,men,Asian Championship,ASIA_MEN,other,KWT,KOR,41,75,0,3,team_b,Azadi Sport Complex,,True,fivb_vis,10964,,
fivb_vis:10965,2019-09-14,men,Asian Championship,ASIA_MEN,other,QAT,IRN,50,75,0,3,team_b,Azadi Sport Complex,,True,fivb_vis,10965,,
fivb_vis:10966,2019-09-14,men,Asian Championship,ASIA_MEN,other,OMN,KAZ,63,78,0,3,team_b,Volleyball Federation,,True,fivb_vis,10966,,
fivb_vis:10967,2019-09-14,men,Asian Championship,ASIA_MEN,other,IND,CHN,52,75,0,3,team_b,Volleyball Federation,,True,fivb_vis,10967,,
fivb_vis:10968,2019-09-14,men,Asian Championship,ASIA_MEN,other,PAK,IDN,105,107,3,2,team_a,Volleyball Federation,,True,fivb_vis,10968,,
fivb_vis:10969,2019-09-14,men,Asian Championship,ASIA_MEN,other,LKA,AUS,58,82,0,3,team_b,Volleyball Federation,,True,fivb_vis,10969,,
fivb_vis:10970,2019-09-15,men,Asian Championship,ASIA_MEN,other,KOR,IDN,75,61,3,0,team_a,Azadi Sport Complex,,True,fivb_vis,10970,,
fivb_vis:10971,2019-09-15,men,Asian Championship,ASIA_MEN,other,QAT,LKA,75,50,3,0,team_a,Azadi Sport Complex,,True,fivb_vis,10971,,
fivb_vis:10972,2019-09-15,men,Asian Championship,ASIA_MEN,other,HKG,THA,79,97,1,3,team_b,Azadi Sport Complex,,True,fivb_vis,10972,,
fivb_vis:10973,2019-09-15,men,Asian Championship,ASIA_MEN,other,IRN,AUS,90,97,1,3,team_b,Azadi Sport Complex,,True,fivb_vis,10973,,
fivb_vis:10974,2019-09-15,men,Asian Championship,ASIA_MEN,other,KWT,PAK,82,95,1,3,team_b,Volleyball Federation,,True,fivb_vis,10974,,
fivb_vis:10975,2019-09-15,men,Asian Championship,ASIA_MEN,other,IND,OMN,97,77,3,1,team_a,Volleyball Federation,,True,fivb_vis,10975,,
fivb_vis:10976,2019-09-15,men,Asian Championship,ASIA_MEN,other,TPE,JPN,80,99,1,3,team_b,Volleyball Federation,,True,fivb_vis,10976,,
fivb_vis:10977,2019-09-15,men,Asian Championship,ASIA_MEN,other,CHN,KAZ,75,62,3,0,team_a,Volleyball Federation,,True,fivb_vis,10977,,
fivb_vis:10978,2019-09-17,men,Asian Championship,ASIA_MEN,other,QAT,OMN,75,54,3,0,team_a,Azadi Sport Complex,,True,fivb_vis,10978,,
fivb_vis:10979,2019-09-17,men,Asian Championship,ASIA_MEN,other,KAZ,LKA,100,107,1,3,team_b,Volleyball Federation,,True,fivb_vis,10979,,
fivb_vis:10980,2019-09-17,men,Asian Championship,ASIA_MEN,other,THA,KWT,76,61,3,0,team_a,Azadi Sport Complex,,True,fivb_vis,10980,,
fivb_vis:10981,2019-09-17,men,Asian Championship,ASIA_MEN,other,IDN,HKG,75,59,3,0,team_a,Volleyball Federation,,True,fivb_vis,10981,,
fivb_vis:10982,2019-09-17,men,Asian Championship,ASIA_MEN,other,AUS,IND,80,72,3,0,team_a,Volleyball Federation,,True,fivb_vis,10982,,
fivb_vis:10983,2019-09-17,men,Asian Championship,ASIA_MEN,other,CHN,IRN,58,75,0,3,team_b,Azadi Sport Complex,,True,fivb_vis,10983,,
fivb_vis:10984,2019-09-17,men,Asian Championship,ASIA_MEN,other,JPN,PAK,75,64,3,0,team_a,Volleyball Federation,,True,fivb_vis,10984,,
fivb_vis:10985,2019-09-17,men,Asian Championship,ASIA_MEN,other,KOR,TPE,76,64,3,0,team_a,Azadi Sport Complex,,True,fivb_vis,10985,,
fivb_vis:10986,2019-09-18,men,Asian Championship,ASIA_MEN,other,LKA,OMN,106,98,3,1,team_a,Volleyball Federation,,True,fivb_vis,10986,,
fivb_vis:10987,2019-09-18,men,Asian Championship,ASIA_MEN,other,QAT,KAZ,91,88,1,3,team_b,Azadi Sport Complex,,True,fivb_vis,10987,,
fivb_vis:10988,2019-09-18,men,Asian Championship,ASIA_MEN,other,HKG,KWT,103,93,3,1,team_a,Volleyball Federation,,True,fivb_vis,10988,,
fivb_vis:10989,2019-09-18,men,Asian Championship,ASIA_MEN,other,THA,IDN,111,101,3,2,team_a,Azadi Sport Complex,,True,fivb_vis,10989,,
fivb_vis:10990,2019-09-18,men,Asian Championship,ASIA_MEN,other,IRN,IND,75,58,3,0,team_a,Azadi Sport Complex,,True,fivb_vis,10990,,
fivb_vis:10991,2019-09-18,men,Asian Championship,ASIA_MEN,other,AUS,CHN,99,86,3,1,team_a,Volleyball Federation,,True,fivb_vis,10991,,
fivb_vis:10992,2019-09-18,men,Asian Championship,ASIA_MEN,other,TPE,PAK,100,104,3,2,team_a,Volleyball Federation,,True,fivb_vis,10992,,
fivb_vis:10993,2019-09-18,men,Asian Championship,ASIA_MEN,other,JPN,KOR,110,104,2,3,team_b,Azadi Sport Complex,,True,fivb_vis,10993,,
fivb_vis:10994,2019-09-19,men,Asian Championship,ASIA_MEN,other,LKA,KWT,75,57,3,0,team_a,Volleyball Federation,,True,fivb_vis,10994,,
fivb_vis:10995,2019-09-19,men,Asian Championship,ASIA_MEN,other,HKG,OMN,58,75,0,3,team_b,Volleyball Federation,,True,fivb_vis,10995,,
fivb_vis:10996,2019-09-19,men,Asian Championship,ASIA_MEN,other,QAT,IDN,76,58,3,0,team_a,Volleyball Federation,,True,fivb_vis,10996,,
fivb_vis:10997,2019-09-19,men,Asian Championship,ASIA_MEN,other,THA,KAZ,103,112,2,3,team_b,Volleyball Federation,,True,fivb_vis,10997,,
fivb_vis:10998,2019-09-19,men,Asian Championship,ASIA_MEN,other,AUS,PAK,107,95,3,2,team_a,Azadi Sport Complex,,True,fivb_vis,10998,,
fivb_vis:10999,2019-09-19,men,Asian Championship,ASIA_MEN,other,KOR,IND,95,89,3,1,team_a,Azadi Sport Complex,,True,fivb_vis,10999,,
fivb_vis:11000,2019-09-19,men,Asian Championship,ASIA_MEN,other,IRN,TPE,77,65,3,0,team_a,Azadi Sport Complex,,True,fivb_vis,11000,,
fivb_vis:11001,2019-09-19,men,Asian Championship,ASIA_MEN,other,JPN,CHN,93,87,3,1,team_a,Azadi Sport Complex,,True,fivb_vis,11001,,
fivb_vis:11002,2019-09-20,men,Asian Championship,ASIA_MEN,other,KWT,HKG,105,104,3,2,team_a,Volleyball Federation,,True,fivb_vis,11002,,
fivb_vis:11003,2019-09-20,men,Asian Championship,ASIA_MEN,other,LKA,OMN,97,106,2,3,team_b,Volleyball Federation,,True,fivb_vis,11003,,
fivb_vis:11004,2019-09-20,men,Asian Championship,ASIA_MEN,other,IDN,THA,105,107,2,3,team_b,Volleyball Federation,,True,fivb_vis,11004,,
fivb_vis:11005,2019-09-20,men,Asian Championship,ASIA_MEN,other,QAT,KAZ,104,80,3,1,team_a,Volleyball Federation,,True,fivb_vis,11005,,
fivb_vis:11006,2019-09-20,men,Asian Championship,ASIA_MEN,other,IND,TPE,74,95,1,3,team_b,Azadi Sport Complex,,True,fivb_vis,11006,,
fivb_vis:11007,2019-09-20,men,Asian Championship,ASIA_MEN,other,PAK,CHN,85,91,1,3,team_b,Azadi Sport Complex,,True,fivb_vis,11007,,
fivb_vis:11008,2019-09-20,men,Asian Championship,ASIA_MEN,other,KOR,IRN,92,97,1,3,team_b,Azadi Sport Complex,,True,fivb_vis,11008,,
fivb_vis:11009,2019-09-20,men,Asian Championship,ASIA_MEN,other,AUS,JPN,101,102,3,2,team_a,Azadi Sport Complex,,True,fivb_vis,11009,,
fivb_vis:11010,2019-09-21,men,Asian Championship,ASIA_MEN,other,IND,PAK,100,104,2,3,team_b,Azadi Sport Complex,,True,fivb_vis,11010,,
fivb_vis:11011,2019-09-21,men,Asian Championship,ASIA_MEN,other,TPE,CHN,98,77,3,1,team_a,Azadi Sport Complex,,True,fivb_vis,11011,,
fivb_vis:11012,2019-09-21,men,Asian Championship,ASIA_MEN,other,KOR,JPN,87,98,1,3,team_b,Azadi Sport Complex,,True,fivb_vis,11012,,
fivb_vis:11013,2019-09-21,men,Asian Championship,ASIA_MEN,other,IRN,AUS,75,52,3,0,team_a,Azadi Sport Complex,,True,fivb_vis,11013,,
fivb_vis:10934,2019-09-10,men,South American Championship,SAMER_MEN,other,ARG,COL,75,42,3,0,team_a,Gimnasio Olímpico UFRO,,True,fivb_vis,10934,,
fivb_vis:10935,2019-09-10,men,South American Championship,SAMER_MEN,other,BRA,ECU,75,40,3,0,team_a,Gimnasio Olímpico UFRO,,True,fivb_vis,10935,,
fivb_vis:10936,2019-09-10,men,South American Championship,SAMER_MEN,other,VEN,PER,106,105,2,3,team_b,Estadio Nacional,,True,fivb_vis,10936,,
fivb_vis:10937,2019-09-10,men,South American Championship,SAMER_MEN,other,CHL,BOL,75,39,3,0,team_a,Estadio Nacional,,True,fivb_vis,10937,,
fivb_vis:10938,2019-09-11,men,South American Championship,SAMER_MEN,other,ARG,ECU,75,37,3,0,team_a,Gimnasio Olímpico UFRO,,True,fivb_vis,10938,,
fivb_vis:10939,2019-09-11,men,South American Championship,SAMER_MEN,other,BRA,COL,75,42,3,0,team_a,Gimnasio Olímpico UFRO,,True,fivb_vis,10939,,
fivb_vis:10940,2019-09-11,men,South American Championship,SAMER_MEN,other,VEN,BOL,75,49,3,0,team_a,Estadio Nacional,,True,fivb_vis,10940,,
fivb_vis:10941,2019-09-11,men,South American Championship,SAMER_MEN,other,CHL,PER,75,44,3,0,team_a,Estadio Nacional,,True,fivb_vis,10941,,
fivb_vis:10942,2019-09-12,men,South American Championship,SAMER_MEN,other,ECU,COL,51,75,0,3,team_b,Gimnasio Olímpico UFRO,,True,fivb_vis,10942,,
fivb_vis:10943,2019-09-12,men,South American Championship,SAMER_MEN,other,BRA,ARG,93,90,3,1,team_a,Gimnasio Olímpico UFRO,,True,fivb_vis,10943,,
fivb_vis:10944,2019-09-12,men,South American Championship,SAMER_MEN,other,BOL,PER,50,76,0,3,team_b,Estadio Nacional,,True,fivb_vis,10944,,
fivb_vis:10945,2019-09-12,men,South American Championship,SAMER_MEN,other,VEN,CHL,97,91,3,1,team_a,Estadio Nacional,,True,fivb_vis,10945,,
fivb_vis:10946,2019-09-13,men,South American Championship,SAMER_MEN,other,PER,ECU,75,59,3,0,team_a,Gimnasio Olímpico UFRO,,True,fivb_vis,10946,,
fivb_vis:10947,2019-09-13,men,South American Championship,SAMER_MEN,other,BOL,COL,56,75,0,3,team_b,Gimnasio Olímpico UFRO,,True,fivb_vis,10947,,
fivb_vis:10948,2019-09-13,men,South American Championship,SAMER_MEN,other,BRA,CHL,75,54,3,0,team_a,Estadio Nacional,,True,fivb_vis,10948,,
fivb_vis:10949,2019-09-13,men,South American Championship,SAMER_MEN,other,VEN,ARG,42,75,0,3,team_b,Estadio Nacional,,True,fivb_vis,10949,,
fivb_vis:10950,2019-09-14,men,South American Championship,SAMER_MEN,other,ECU,BOL,97,84,3,1,team_a,Gimnasio Olímpico UFRO,,True,fivb_vis,10950,,
fivb_vis:10951,2019-09-14,men,South American Championship,SAMER_MEN,other,PER,COL,99,107,3,2,team_a,Gimnasio Olímpico UFRO,,True,fivb_vis,10951,,
fivb_vis:10952,2019-09-14,men,South American Championship,SAMER_MEN,other,CHL,VEN,75,52,3,0,team_a,Monticello,,True,fivb_vis,10952,,
fivb_vis:10953,2019-09-14,men,South American Championship,SAMER_MEN,other,BRA,ARG,117,113,3,2,team_a,Monticello,,True,fivb_vis,10953,,
fivb_vis:11037,2019-10-08,women,NORCECA Championship,NORCECA_WOMEN,other,CAN,CUB,97,72,3,1,team_a,Roberto Clemente Coliseum,,True,fivb_vis,11037,,
fivb_vis:11038,2019-10-08,women,NORCECA Championship,NORCECA_WOMEN,other,USA,TTO,75,22,3,0,team_a,Roberto Clemente Coliseum,,True,fivb_vis,11038,,
fivb_vis:11039,2019-10-08,women,NORCECA Championship,NORCECA_WOMEN,other,DOM,MEX,76,49,3,0,team_a,Roberto Clemente Coliseum,,True,fivb_vis,11039,,
fivb_vis:11040,2019-10-08,women,NORCECA Championship,NORCECA_WOMEN,other,PRI,CRI,75,35,3,0,team_a,Roberto Clemente Coliseum,,True,fivb_vis,11040,,
fivb_vis:11041,2019-10-09,women,NORCECA Championship,NORCECA_WOMEN,other,CAN,CRI,75,41,3,0,team_a,Roberto Clemente Coliseum,,True,fivb_vis,11041,,
fivb_vis:11042,2019-10-09,women,NORCECA Championship,NORCECA_WOMEN,other,DOM,TTO,75,29,3,0,team_a,Roberto Clemente Coliseum,,True,fivb_vis,11042,,
fivb_vis:11043,2019-10-09,women,NORCECA Championship,NORCECA_WOMEN,other,USA,MEX,75,37,3,0,team_a,Roberto Clemente Coliseum,,True,fivb_vis,11043,,
fivb_vis:11044,2019-10-09,women,NORCECA Championship,NORCECA_WOMEN,other,PRI,CUB,75,42,3,0,team_a,Roberto Clemente Coliseum,,True,fivb_vis,11044,,
fivb_vis:11045,2019-10-10,women,NORCECA Championship,NORCECA_WOMEN,other,CRI,CUB,48,75,0,3,team_b,Roberto Clemente Coliseum,,True,fivb_vis,11045,,
fivb_vis:11046,2019-10-10,women,NORCECA Championship,NORCECA_WOMEN,other,MEX,TTO,75,31,3,0,team_a,Roberto Clemente Coliseum,,True,fivb_vis,11046,,
fivb_vis:11047,2019-10-10,women,NORCECA Championship,NORCECA_WOMEN,other,USA,DOM,77,56,3,0,team_a,Roberto Clemente Coliseum,,True,fivb_vis,11047,,
fivb_vis:11048,2019-10-10,women,NORCECA Championship,NORCECA_WOMEN,other,PRI,CAN,75,63,3,0,team_a,Roberto Clemente Coliseum,,True,fivb_vis,11048,,
fivb_vis:11049,2019-10-11,women,NORCECA Championship,NORCECA_WOMEN,other,DOM,CUB,75,49,3,0,team_a,Roberto Clemente Coliseum,,True,fivb_vis,11049,,
fivb_vis:11050,2019-10-11,women,NORCECA Championship,NORCECA_WOMEN,other,CAN,MEX,104,88,3,1,team_a,Roberto Clemente Coliseum,,True,fivb_vis,11050,,
fivb_vis:11051,2019-10-12,women,NORCECA Championship,NORCECA_WOMEN,other,CRI,MEX,42,75,0,3,team_b,Roberto Clemente Coliseum,,True,fivb_vis,11051,,
fivb_vis:11052,2019-10-12,women,NORCECA Championship,NORCECA_WOMEN,other,TTO,CUB,47,75,0,3,team_b,Roberto Clemente Coliseum,,True,fivb_vis,11052,,
fivb_vis:11053,2019-10-12,women,NORCECA Championship,NORCECA_WOMEN,other,PRI,DOM,96,106,2,3,team_b,Roberto Clemente Coliseum,,True,fivb_vis,11053,,
fivb_vis:11054,2019-10-12,women,NORCECA Championship,NORCECA_WOMEN,other,USA,CAN,75,51,3,0,team_a,Roberto Clemente Coliseum,,True,fivb_vis,11054,,
fivb_vis:11055,2019-10-13,women,NORCECA Championship,NORCECA_WOMEN,other,CRI,TTO,75,59,3,0,team_a,Roberto Clemente Coliseum,,True,fivb_vis,11055,,
fivb_vis:11056,2019-10-13,women,NORCECA Championship,NORCECA_WOMEN,other,MEX,CUB,92,87,3,1,team_a,Roberto Clemente Coliseum,,True,fivb_vis,11056,,
fivb_vis:11057,2019-10-13,women,NORCECA Championship,NORCECA_WOMEN,other,PRI,CAN,57,76,0,3,team_b,Roberto Clemente Coliseum,,True,fivb_vis,11057,,
fivb_vis:11058,2019-10-13,women,NORCECA Championship,NORCECA_WOMEN,other,DOM,USA,100,101,3,2,team_a,Roberto Clemente Coliseum,,True,fivb_vis,11058,,
fivb_vis:13455,2022-08-26,men,World Championship,WCH_MEN,other,BRA,CUB,120,107,3,2,team_a,Arena Stožice,,True,fivb_vis,13455,,
fivb_vis:13456,2022-08-26,men,World Championship,WCH_MEN,other,JPN,QAT,75,53,3,0,team_a,Arena Stožice,,True,fivb_vis,13456,,
fivb_vis:13457,2022-08-26,men,World Championship,WCH_MEN,other,FRA,DEU,79,72,3,0,team_a,Arena Stožice,,True,fivb_vis,13457,,
fivb_vis:13458,2022-08-26,men,World Championship,WCH_MEN,other,USA,MEX,75,50,3,0,team_a,Spodek Katowice,,True,fivb_vis,13458,,
fivb_vis:13459,2022-08-26,men,World Championship,WCH_MEN,other,POL,BGR,75,52,3,0,team_a,Spodek Katowice,,True,fivb_vis,13459,,
fivb_vis:13460,2022-08-26,men,World Championship,WCH_MEN,other,SVN,CMR,75,63,3,0,team_a,Arena Stožice,,True,fivb_vis,13460,,
fivb_vis:13461,2022-08-27,men,World Championship,WCH_MEN,other,TUR,CHN,75,48,3,0,team_a,Arena Stožice,,True,fivb_vis,13461,,
fivb_vis:13462,2022-08-27,men,World Championship,WCH_MEN,other,NLD,EGY,75,55,3,0,team_a,Arena Stožice,,True,fivb_vis,13462,,
fivb_vis:13463,2022-08-27,men,World Championship,WCH_MEN,other,ARG,IRN,124,130,2,3,team_b,Arena Stožice,,True,fivb_vis,13463,,
fivb_vis:13464,2022-08-27,men,World Championship,WCH_MEN,other,TUN,PRI,75,56,3,0,team_a,Spodek Katowice,,True,fivb_vis,13464,,
fivb_vis:13465,2022-08-27,men,World Championship,WCH_MEN,other,UKR,SRB,67,78,0,3,team_b,Spodek Katowice,,True,fivb_vis,13465,,
fivb_vis:13466,2022-08-27,men,World Championship,WCH_MEN,other,ITA,CAN,89,68,3,0,team_a,Arena Stožice,,True,fivb_vis,13466,,
fivb_vis:13467,2022-08-28,men,World Championship,WCH_MEN,other,CUB,QAT,97,86,3,1,team_a,Arena Stožice,,True,fivb_vis,13467,,
fivb_vis:13468,2022-08-28,men,World Championship,WCH_MEN,other,BRA,JPN,75,55,3,0,team_a,Arena Stožice,,True,fivb_vis,13468,,
fivb_vis:13469,2022-08-28,men,World Championship,WCH_MEN,other,DEU,CMR,80,61,3,0,team_a,Arena Stožice,,True,fivb_vis,13469,,
fivb_vis:13470,2022-08-28,men,World Championship,WCH_MEN,other,USA,BGR,76,67,3,0,team_a,Spodek Katowice,,True,fivb_vis,13470,,
fivb_vis:13471,2022-08-28,men,World Championship,WCH_MEN,other,POL,MEX,75,50,3,0,team_a,Spodek Katowice,,True,fivb_vis,13471,,
fivb_vis:13472,2022-08-28,men,World Championship,WCH_MEN,other,FRA,SVN,119,110,3,2,team_a,Arena Stožice,,True,fivb_vis,13472,,
fivb_vis:13473,2022-08-29,men,World Championship,WCH_MEN,other,CAN,CHN,75,67,3,0,team_a,Arena Stožice,,True,fivb_vis,13473,,
fivb_vis:13474,2022-08-29,men,World Championship,WCH_MEN,other,ARG,NLD,110,115,2,3,team_b,Arena Stožice,,True,fivb_vis,13474,,
fivb_vis:13475,2022-08-29,men,World Championship,WCH_MEN,other,IRN,EGY,98,82,3,1,team_a,Arena Stožice,,True,fivb_vis,13475,,
fivb_vis:13476,2022-08-29,men,World Championship,WCH_MEN,other,SRB,PRI,76,61,3,0,team_a,Spodek Katowice,,True,fivb_vis,13476,,
fivb_vis:13477,2022-08-29,men,World Championship,WCH_MEN,other,UKR,TUN,75,55,3,0,team_a,Spodek Katowice,,True,fivb_vis,13477,,
fivb_vis:13478,2022-08-29,men,World Championship,WCH_MEN,other,ITA,TUR,75,60,3,0,team_a,Arena Stožice,,True,fivb_vis,13478,,
fivb_vis:13479,2022-08-30,men,World Championship,WCH_MEN,other,BRA,QAT,76,60,3,0,team_a,Arena Stožice,,True,fivb_vis,13479,,
fivb_vis:13480,2022-08-30,men,World Championship,WCH_MEN,other,JPN,CUB,96,77,3,1,team_a,Arena Stožice,,True,fivb_vis,13480,,
fivb_vis:13481,2022-08-30,men,World Championship,WCH_MEN,other,FRA,CMR,75,60,3,0,team_a,Arena Stožice,,True,fivb_vis,13481,,
fivb_vis:13482,2022-08-30,men,World Championship,WCH_MEN,other,MEX,BGR,111,109,3,2,team_a,Spodek Katowice,,True,fivb_vis,13482,,
fivb_vis:13483,2022-08-30,men,World Championship,WCH_MEN,other,POL,USA,98,86,3,1,team_a,Spodek Katowice,,True,fivb_vis,13483,,
fivb_vis:13484,2022-08-30,men,World Championship,WCH_MEN,other,SVN,DEU,75,55,3,0,team_a,Arena Stožice,,True,fivb_vis,13484,,
fivb_vis:13485,2022-08-31,men,World Championship,WCH_MEN,other,ARG,EGY,117,102,3,2,team_a,Arena Stožice,,True,fivb_vis,13485,,
fivb_vis:13486,2022-08-31,men,World Championship,WCH_MEN,other,CAN,TUR,63,75,0,3,team_b,Arena Stožice,,True,fivb_vis,13486,,
fivb_vis:13487,2022-08-31,men,World Championship,WCH_MEN,other,IRN,NLD,85,96,1,3,team_b,Arena Stožice,,True,fivb_vis,13487,,
fivb_vis:13488,2022-08-31,men,World Championship,WCH_MEN,other,SRB,TUN,79,59,3,0,team_a,Spodek Katowice,,True,fivb_vis,13488,,
fivb_vis:13489,2022-08-31,men,World Championship,WCH_MEN,other,UKR,PRI,99,80,3,1,team_a,Spodek Katowice,,True,fivb_vis,13489,,
fivb_vis:13490,2022-08-31,men,World Championship,WCH_MEN,other,ITA,CHN,75,38,3,0,team_a,Arena Stožice,,True,fivb_vis,13490,,
fivb_vis:13491,2022-09-03,men,World Championship,WCH_MEN,other,SVN,DEU,96,84,3,1,team_a,Arena Stožice,,True,fivb_vis,13491,,
fivb_vis:13492,2022-09-03,men,World Championship,WCH_MEN,other,ITA,CUB,97,88,3,1,team_a,Arena Stožice,,True,fivb_vis,13492,,
fivb_vis:13493,2022-09-04,men,World Championship,WCH_MEN,other,USA,TUR,106,100,3,2,team_a,Arena Gliwice,,True,fivb_vis,13493,,
fivb_vis:13494,2022-09-04,men,World Championship,WCH_MEN,other,POL,TUN,75,55,3,0,team_a,Arena Gliwice,,True,fivb_vis,13494,,
fivb_vis:13495,2022-09-05,men,World Championship,WCH_MEN,other,NLD,UKR,53,75,0,3,team_b,Arena Stožice,,True,fivb_vis,13495,,
fivb_vis:13496,2022-09-05,men,World Championship,WCH_MEN,other,FRA,JPN,112,107,3,2,team_a,Arena Stožice,,True,fivb_vis,13496,,
fivb_vis:13497,2022-09-06,men,World Championship,WCH_MEN,other,SRB,ARG,67,75,0,3,team_b,Arena Gliwice,,True,fivb_vis,13497,,
fivb_vis:13498,2022-09-06,men,World Championship,WCH_MEN,other,BRA,IRN,75,62,3,0,team_a,Arena Gliwice,,True,fivb_vis,13498,,
fivb_vis:13499,2022-09-07,men,World Championship,WCH_MEN,other,ITA,FRA,112,106,3,2,team_a,Arena Stožice,,True,fivb_vis,13499,,
fivb_vis:13500,2022-09-07,men,World Championship,WCH_MEN,other,SVN,UKR,94,91,3,1,team_a,Arena Stožice,,True,fivb_vis,13500,,
fivb_vis:13501,2022-09-08,men,World Championship,WCH_MEN,other,ARG,BRA,84,98,1,3,team_b,Arena Gliwice,,True,fivb_vis,13501,,
fivb_vis:13502,2022-09-08,men,World Championship,WCH_MEN,other,POL,USA,110,107,3,2,team_a,Arena Gliwice,,True,fivb_vis,13502,,
fivb_vis:13503,2022-09-10,men,World Championship,WCH_MEN,other,POL,BRA,109,100,3,2,team_a,Spodek Katowice,,True,fivb_vis,13503,,
fivb_vis:13504,2022-09-10,men,World Championship,WCH_MEN,other,ITA,SVN,75,64,3,0,team_a,Spodek Katowice,,True,fivb_vis,13504,,
fivb_vis:13505,2022-09-11,men,World Championship,WCH_MEN,other,BRA,SVN,97,79,3,1,team_a,Spodek Katowice,,True,fivb_vis,13505,,
fivb_vis:13506,2022-09-11,men,World Championship,WCH_MEN,other,POL,ITA,84,97,1,3,team_b,Spodek Katowice,,True,fivb_vis,13506,,
fivb_vis:13873,2022-09-23,women,World Championship,WCH_WOMEN,other,POL,HRV,96,82,3,1,team_a,Gelredome,,True,fivb_vis,13873,,
fivb_vis:13874,2022-09-23,women,World Championship,WCH_WOMEN,other,NLD,KEN,75,39,3,0,team_a,Gelredome,,True,fivb_vis,13874,,
fivb_vis:13875,2022-09-24,women,World Championship,WCH_WOMEN,other,TUR,THA,111,110,2,3,team_b,Gelredome,,True,fivb_vis,13875,,
fivb_vis:13876,2022-09-24,women,World Championship,WCH_WOMEN,other,BEL,PRI,77,55,3,0,team_a,Gelredome,,True,fivb_vis,13876,,
fivb_vis:13877,2022-09-24,women,World Championship,WCH_WOMEN,other,ITA,CMR,75,38,3,0,team_a,Gelredome,,True,fivb_vis,13877,,
fivb_vis:13878,2022-09-24,women,World Championship,WCH_WOMEN,other,DOM,KOR,75,46,3,0,team_a,Gelredome,,True,fivb_vis,13878,,
fivb_vis:13879,2022-09-24,women,World Championship,WCH_WOMEN,other,USA,KAZ,75,51,3,0,team_a,Gelredome,,True,fivb_vis,13879,,
fivb_vis:13880,2022-09-24,women,World Championship,WCH_WOMEN,other,BRA,CZE,97,79,3,1,team_a,Gelredome,,True,fivb_vis,13880,,
fivb_vis:13881,2022-09-25,women,World Championship,WCH_WOMEN,other,BEL,KEN,75,40,3,0,team_a,Gelredome,,True,fivb_vis,13881,,
fivb_vis:13882,2022-09-25,women,World Championship,WCH_WOMEN,other,CHN,ARG,75,65,3,0,team_a,Gelredome,,True,fivb_vis,13882,,
fivb_vis:13883,2022-09-25,women,World Championship,WCH_WOMEN,other,JPN,COL,75,59,3,0,team_a,Gelredome,,True,fivb_vis,13883,,
fivb_vis:13884,2022-09-25,women,World Championship,WCH_WOMEN,other,NLD,CMR,75,44,3,0,team_a,Gelredome,,True,fivb_vis,13884,,
fivb_vis:13885,2022-09-25,women,World Championship,WCH_WOMEN,other,DEU,BGR,96,91,3,1,team_a,Gelredome,,True,fivb_vis,13885,,
fivb_vis:13886,2022-09-25,women,World Championship,WCH_WOMEN,other,SRB,CAN,75,59,3,0,team_a,Gelredome,,True,fivb_vis,13886,,
fivb_vis:13887,2022-09-26,women,World Championship,WCH_WOMEN,other,JPN,CZE,75,47,3,0,team_a,Gelredome,,True,fivb_vis,13887,,
fivb_vis:13888,2022-09-26,women,World Championship,WCH_WOMEN,other,DEU,KAZ,75,54,3,0,team_a,Gelredome,,True,fivb_vis,13888,,
fivb_vis:13889,2022-09-26,women,World Championship,WCH_WOMEN,other,SRB,BGR,112,103,3,2,team_a,Gelredome,,True,fivb_vis,13889,,
fivb_vis:13890,2022-09-26,women,World Championship,WCH_WOMEN,other,ITA,PRI,79,71,3,0,team_a,Gelredome,,True,fivb_vis,13890,,
fivb_vis:13891,2022-09-26,women,World Championship,WCH_WOMEN,other,BRA,ARG,75,53,3,0,team_a,Gelredome,,True,fivb_vis,13891,,
fivb_vis:13892,2022-09-26,women,World Championship,WCH_WOMEN,other,USA,CAN,76,58,3,0,team_a,Gelredome,,True,fivb_vis,13892,,
fivb_vis:13893,2022-09-27,women,World Championship,WCH_WOMEN,other,CHN,COL,75,53,3,0,team_a,Gelredome,,True,fivb_vis,13893,,
fivb_vis:13894,2022-09-27,women,World Championship,WCH_WOMEN,other,TUR,KOR,75,40,3,0,team_a,Ergo Arena,,True,fivb_vis,13894,,
fivb_vis:13895,2022-09-27,women,World Championship,WCH_WOMEN,other,DOM,HRV,75,56,3,0,team_a,Ergo Arena,,True,fivb_vis,13895,,
fivb_vis:13896,2022-09-27,women,World Championship,WCH_WOMEN,other,ITA,BEL,105,89,3,1,team_a,Gelredome,,True,fivb_vis,13896,,
fivb_vis:13897,2022-09-27,women,World Championship,WCH_WOMEN,other,CMR,KEN,64,77,0,3,team_b,Gelredome,,True,fivb_vis,13897,,
fivb_vis:13898,2022-09-27,women,World Championship,WCH_WOMEN,other,POL,THA,75,51,3,0,team_a,Ergo Arena,,True,fivb_vis,13898,,
fivb_vis:13899,2022-09-28,women,World Championship,WCH_WOMEN,other,THA,HRV,75,52,3,0,team_a,Ergo Arena,,True,fivb_vis,13899,,
fivb_vis:13900,2022-09-28,women,World Championship,WCH_WOMEN,other,CHN,JPN,82,70,3,0,team_a,Gelredome,,True,fivb_vis,13900,,
fivb_vis:13901,2022-09-28,women,World Championship,WCH_WOMEN,other,BRA,COL,75,46,3,0,team_a,Gelredome,,True,fivb_vis,13901,,
fivb_vis:13902,2022-09-28,women,World Championship,WCH_WOMEN,other,TUR,DOM,102,102,3,2,team_a,Ergo Arena,,True,fivb_vis,13902,,
fivb_vis:13903,2022-09-28,women,World Championship,WCH_WOMEN,other,ARG,CZE,95,89,3,1,team_a,Gelredome,,True,fivb_vis,13903,,
fivb_vis:13904,2022-09-28,women,World Championship,WCH_WOMEN,other,NLD,PRI,98,76,3,1,team_a,Gelredome,,True,fivb_vis,13904,,
fivb_vis:13905,2022-09-28,women,World Championship,WCH_WOMEN,other,POL,KOR,75,51,3,0,team_a,Ergo Arena,,True,fivb_vis,13905,,
fivb_vis:13906,2022-09-29,women,World Championship,WCH_WOMEN,other,CAN,KAZ,75,41,3,0,team_a,Sport Arena,,True,fivb_vis,13906,,
fivb_vis:13907,2022-09-29,women,World Championship,WCH_WOMEN,other,KOR,THA,42,75,0,3,team_b,Ergo Arena,,True,fivb_vis,13907,,
fivb_vis:13908,2022-09-29,women,World Championship,WCH_WOMEN,other,SRB,DEU,75,68,3,0,team_a,Sport Arena,,True,fivb_vis,13908,,
fivb_vis:13909,2022-09-29,women,World Championship,WCH_WOMEN,other,TUR,HRV,75,38,3,0,team_a,Ergo Arena,,True,fivb_vis,13909,,
fivb_vis:13910,2022-09-29,women,World Championship,WCH_WOMEN,other,ITA,KEN,75,55,3,0,team_a,Gelredome,,True,fivb_vis,13910,,
fivb_vis:13911,2022-09-29,women,World Championship,WCH_WOMEN,other,USA,BGR,98,65,3,1,team_a,Sport Arena,,True,fivb_vis,13911,,
fivb_vis:13912,2022-09-29,women,World Championship,WCH_WOMEN,other,PRI,CMR,75,50,3,0,team_a,Gelredome,,True,fivb_vis,13912,,
fivb_vis:13913,2022-09-29,women,World Championship,WCH_WOMEN,other,POL,DOM,89,93,1,3,team_b,Ergo Arena,,True,fivb_vis,13913,,
fivb_vis:13914,2022-09-30,women,World Championship,WCH_WOMEN,other,SRB,KAZ,75,40,3,0,team_a,Sport Arena,,True,fivb_vis,13914,,
fivb_vis:13915,2022-09-30,women,World Championship,WCH_WOMEN,other,CHN,CZE,77,66,3,0,team_a,Gelredome,,True,fivb_vis,13915,,
fivb_vis:13916,2022-09-30,women,World Championship,WCH_WOMEN,other,BRA,JPN,86,92,1,3,team_b,Gelredome,,True,fivb_vis,13916,,
fivb_vis:13917,2022-09-30,women,World Championship,WCH_WOMEN,other,BGR,CAN,83,100,1,3,team_b,Sport Arena,,True,fivb_vis,13917,,
fivb_vis:13918,2022-09-30,women,World Championship,WCH_WOMEN,other,COL,ARG,99,111,2,3,team_b,Gelredome,,True,fivb_vis,13918,,
fivb_vis:13919,2022-09-30,women,World Championship,WCH_WOMEN,other,USA,DEU,76,54,3,0,team_a,Sport Arena,,True,fivb_vis,13919,,
fivb_vis:13920,2022-09-30,women,World Championship,WCH_WOMEN,other,NLD,BEL,90,101,1,3,team_b,Gelredome,,True,fivb_vis,13920,,
fivb_vis:13921,2022-10-01,women,World Championship,WCH_WOMEN,other,BGR,KAZ,75,58,3,0,team_a,Sport Arena,,True,fivb_vis,13921,,
fivb_vis:13922,2022-10-01,women,World Championship,WCH_WOMEN,other,DOM,THA,112,108,2,3,team_b,Ergo Arena,,True,fivb_vis,13922,,
fivb_vis:13923,2022-10-01,women,World Championship,WCH_WOMEN,other,BRA,CHN,98,86,3,1,team_a,Gelredome,,True,fivb_vis,13923,,
fivb_vis:13924,2022-10-01,women,World Championship,WCH_WOMEN,other,PRI,KEN,94,78,3,1,team_a,Gelredome,,True,fivb_vis,13924,,
fivb_vis:13925,2022-10-01,women,World Championship,WCH_WOMEN,other,DEU,CAN,101,101,2,3,team_b,Sport Arena,,True,fivb_vis,13925,,
fivb_vis:13926,2022-10-01,women,World Championship,WCH_WOMEN,other,KOR,HRV,104,98,3,1,team_a,Ergo Arena,,True,fivb_vis,13926,,
fivb_vis:13927,2022-10-01,women,World Championship,WCH_WOMEN,other,COL,CZE,78,94,1,3,team_b,Gelredome,,True,fivb_vis,13927,,
fivb_vis:13928,2022-10-01,women,World Championship,WCH_WOMEN,other,USA,SRB,56,75,0,3,team_b,Sport Arena,,True,fivb_vis,13928,,
fivb_vis:13929,2022-10-01,women,World Championship,WCH_WOMEN,other,POL,TUR,106,105,2,3,team_b,Ergo Arena,,True,fivb_vis,13929,,
fivb_vis:13930,2022-10-02,women,World Championship,WCH_WOMEN,other,BEL,CMR,75,41,3,0,team_a,Gelredome,,True,fivb_vis,13930,,
fivb_vis:13931,2022-10-02,women,World Championship,WCH_WOMEN,other,JPN,ARG,75,53,3,0,team_a,Gelredome,,True,fivb_vis,13931,,
fivb_vis:13932,2022-10-02,women,World Championship,WCH_WOMEN,other,NLD,ITA,75,97,1,3,team_b,Gelredome,,True,fivb_vis,13932,,
fivb_vis:13933,2022-10-04,women,World Championship,WCH_WOMEN,other,JPN,BEL,96,83,3,1,team_a,Ahoy,,True,fivb_vis,13933,,
fivb_vis:13934,2022-10-04,women,World Championship,WCH_WOMEN,other,THA,CAN,87,98,1,3,team_b,Sport Arena,,True,fivb_vis,13934,,
fivb_vis:13935,2022-10-04,women,World Championship,WCH_WOMEN,other,ITA,BRA,106,111,2,3,team_b,Ahoy,,True,fivb_vis,13935,,
fivb_vis:13936,2022-10-04,women,World Championship,WCH_WOMEN,other,USA,DOM,96,78,3,1,team_a,Atlas Arena,,True,fivb_vis,13936,,
fivb_vis:13937,2022-10-04,women,World Championship,WCH_WOMEN,other,TUR,DEU,75,60,3,0,team_a,Sport Arena,,True,fivb_vis,13937,,
fivb_vis:13938,2022-10-04,women,World Championship,WCH_WOMEN,other,NLD,ARG,97,68,3,1,team_a,Ahoy,,True,fivb_vis,13938,,
fivb_vis:13939,2022-10-04,women,World Championship,WCH_WOMEN,other,SRB,POL,76,64,3,0,team_a,Atlas Arena,,True,fivb_vis,13939,,
fivb_vis:13940,2022-10-05,women,World Championship,WCH_WOMEN,other,ITA,JPN,95,74,3,1,team_a,Ahoy,,True,fivb_vis,13940,,
fivb_vis:13941,2022-10-05,women,World Championship,WCH_WOMEN,other,THA,DEU,89,93,1,3,team_b,Sport Arena,,True,fivb_vis,13941,,
fivb_vis:13942,2022-10-05,women,World Championship,WCH_WOMEN,other,CHN,PRI,75,55,3,0,team_a,Ahoy,,True,fivb_vis,13942,,
fivb_vis:13943,2022-10-05,women,World Championship,WCH_WOMEN,other,TUR,CAN,79,72,3,0,team_a,Atlas Arena,,True,fivb_vis,13943,,
fivb_vis:13944,2022-10-05,women,World Championship,WCH_WOMEN,other,SRB,DOM,76,61,3,0,team_a,Sport Arena,,True,fivb_vis,13944,,
fivb_vis:13945,2022-10-05,women,World Championship,WCH_WOMEN,other,BEL,ARG,75,62,3,0,team_a,Ahoy,,True,fivb_vis,13945,,
fivb_vis:13946,2022-10-05,women,World Championship,WCH_WOMEN,other,USA,POL,61,75,0,3,team_b,Atlas Arena,,True,fivb_vis,13946,,
fivb_vis:13947,2022-10-06,women,World Championship,WCH_WOMEN,other,BRA,PRI,75,39,3,0,team_a,Ahoy,,True,fivb_vis,13947,,
fivb_vis:13948,2022-10-06,women,World Championship,WCH_WOMEN,other,CHN,NLD,105,98,3,2,team_a,Ahoy,,True,fivb_vis,13948,,
fivb_vis:13949,2022-10-07,women,World Championship,WCH_WOMEN,other,JPN,PRI,75,56,3,0,team_a,Ahoy,,True,fivb_vis,13949,,
fivb_vis:13950,2022-10-07,women,World Championship,WCH_WOMEN,other,SRB,THA,75,55,3,0,team_a,Sport Arena,,True,fivb_vis,13950,,
fivb_vis:13951,2022-10-07,women,World Championship,WCH_WOMEN,other,USA,TUR,96,89,3,1,team_a,Atlas Arena,,True,fivb_vis,13951,,
fivb_vis:13952,2022-10-07,women,World Championship,WCH_WOMEN,other,DOM,DEU,94,83,3,1,team_a,Sport Arena,,True,fivb_vis,13952,,
fivb_vis:13953,2022-10-07,women,World Championship,WCH_WOMEN,other,ITA,ARG,75,54,3,0,team_a,Ahoy,,True,fivb_vis,13953,,
fivb_vis:13954,2022-10-07,women,World Championship,WCH_WOMEN,other,POL,CAN,100,96,3,2,team_a,Atlas Arena,,True,fivb_vis,13954,,
fivb_vis:13955,2022-10-07,women,World Championship,WCH_WOMEN,other,BRA,NLD,75,58,3,0,team_a,Ahoy,,True,fivb_vis,13955,,
fivb_vis:13956,2022-10-08,women,World Championship,WCH_WOMEN,other,USA,THA,111,107,3,2,team_a,Sport Arena,,True,fivb_vis,13956,,
fivb_vis:13957,2022-10-08,women,World Championship,WCH_WOMEN,other,ITA,CHN,76,60,3,0,team_a,Ahoy,,True,fivb_vis,13957,,
fivb_vis:13958,2022-10-08,women,World Championship,WCH_WOMEN,other,SRB,TUR,75,64,3,0,team_a,Atlas Arena,,True,fivb_vis,13958,,
fivb_vis:13959,2022-10-08,women,World Championship,WCH_WOMEN,other,DOM,CAN,99,108,2,3,team_b,Sport Arena,,True,fivb_vis,13959,,
fivb_vis:13960,2022-10-08,women,World Championship,WCH_WOMEN,other,BRA,BEL,101,72,3,1,team_a,Ahoy,,True,fivb_vis,13960,,
fivb_vis:13961,2022-10-08,women,World Championship,WCH_WOMEN,other,POL,DEU,112,105,3,2,team_a,Atlas Arena,,True,fivb_vis,13961,,
fivb_vis:13962,2022-10-09,women,World Championship,WCH_WOMEN,other,CHN,BEL,77,61,3,0,team_a,Ahoy,,True,fivb_vis,13962,,
fivb_vis:13963,2022-10-09,women,World Championship,WCH_WOMEN,other,JPN,NLD,75,67,3,0,team_a,Ahoy,,True,fivb_vis,13963,,
fivb_vis:13964,2022-10-09,women,World Championship,WCH_WOMEN,other,PRI,ARG,95,83,3,1,team_a,Ahoy,,True,fivb_vis,13964,,
fivb_vis:13965,2022-10-11,women,World Championship,WCH_WOMEN,other,ITA,CHN,88,80,3,1,team_a,Omnisport,,True,fivb_vis,13965,,
fivb_vis:13966,2022-10-11,women,World Championship,WCH_WOMEN,other,USA,TUR,75,57,3,0,team_a,Arena Gliwice,,True,fivb_vis,13966,,
fivb_vis:13967,2022-10-11,women,World Championship,WCH_WOMEN,other,BRA,JPN,103,110,3,2,team_a,Omnisport,,True,fivb_vis,13967,,
fivb_vis:13968,2022-10-11,women,World Championship,WCH_WOMEN,other,SRB,POL,111,105,3,2,team_a,Arena Gliwice,,True,fivb_vis,13968,,
fivb_vis:13969,2022-10-13,women,World Championship,WCH_WOMEN,other,ITA,BRA,91,98,1,3,team_b,Omnisport,,True,fivb_vis,13969,,
fivb_vis:13970,2022-10-12,women,World Championship,WCH_WOMEN,other,SRB,USA,92,89,3,1,team_a,Arena Gliwice,,True,fivb_vis,13970,,
fivb_vis:13971,2022-10-15,women,World Championship,WCH_WOMEN,other,ITA,USA,77,60,3,0,team_a,Omnisport,,True,fivb_vis,13971,,
fivb_vis:13972,2022-10-15,women,World Championship,WCH_WOMEN,other,BRA,SRB,63,76,0,3,team_b,Omnisport,,True,fivb_vis,13972,,
fivb_vis:11830,2021-05-25,women,Volleyball Nations League,VNL_WOMEN,other,NLD,BEL,75,58,3,0,team_a,Fiera - Court 1,,True,fivb_vis,11830,,
fivb_vis:11831,2021-05-25,women,Volleyball Nations League,VNL_WOMEN,other,TUR,SRB,106,108,3,2,team_a,Fiera - Court 2,,True,fivb_vis,11831,,
fivb_vis:11832,2021-05-25,women,Volleyball Nations League,VNL_WOMEN,other,DEU,RUS,62,75,0,3,team_b,Fiera - Court 1,,True,fivb_vis,11832,,
fivb_vis:11833,2021-05-25,women,Volleyball Nations League,VNL_WOMEN,other,JPN,THA,75,48,3,0,team_a,Fiera - Court 2,,True,fivb_vis,11833,,
fivb_vis:11834,2021-05-25,women,Volleyball Nations League,VNL_WOMEN,other,CHN,KOR,98,81,3,1,team_a,Fiera - Court 1,,True,fivb_vis,11834,,
fivb_vis:11835,2021-05-25,women,Volleyball Nations League,VNL_WOMEN,other,DOM,USA,53,75,0,3,team_b,Fiera - Court 2,,True,fivb_vis,11835,,
fivb_vis:11836,2021-05-25,women,Volleyball Nations League,VNL_WOMEN,other,ITA,POL,109,109,2,3,team_b,Fiera - Court 1,,True,fivb_vis,11836,,
fivb_vis:11837,2021-05-25,women,Volleyball Nations League,VNL_WOMEN,other,BRA,CAN,98,59,3,1,team_a,Fiera - Court 2,,True,fivb_vis,11837,,
fivb_vis:11838,2021-05-26,women,Volleyball Nations League,VNL_WOMEN,other,NLD,DEU,108,111,2,3,team_b,Fiera - Court 1,,True,fivb_vis,11838,,
fivb_vis:11839,2021-05-26,women,Volleyball Nations League,VNL_WOMEN,other,THA,KOR,73,90,1,3,team_b,Fiera - Court 2,,True,fivb_vis,11839,,
fivb_vis:11840,2021-05-26,women,Volleyball Nations League,VNL_WOMEN,other,CHN,JPN,49,75,0,3,team_b,Fiera - Court 1,,True,fivb_vis,11840,,
fivb_vis:11841,2021-05-26,women,Volleyball Nations League,VNL_WOMEN,other,BEL,RUS,96,109,2,3,team_b,Fiera - Court 2,,True,fivb_vis,11841,,
fivb_vis:11842,2021-05-26,women,Volleyball Nations League,VNL_WOMEN,other,SRB,POL,95,79,3,1,team_a,Fiera - Court 1,,True,fivb_vis,11842,,
fivb_vis:11843,2021-05-26,women,Volleyball Nations League,VNL_WOMEN,other,BRA,DOM,75,50,3,0,team_a,Fiera - Court 2,,True,fivb_vis,11843,,
fivb_vis:11844,2021-05-26,women,Volleyball Nations League,VNL_WOMEN,other,TUR,ITA,75,52,3,0,team_a,Fiera - Court 1,,True,fivb_vis,11844,,
fivb_vis:11845,2021-05-26,women,Volleyball Nations League,VNL_WOMEN,other,USA,CAN,76,49,3,0,team_a,Fiera - Court 2,,True,fivb_vis,11845,,
fivb_vis:11846,2021-05-27,women,Volleyball Nations League,VNL_WOMEN,other,DEU,BEL,75,52,3,0,team_a,Fiera - Court 1,,True,fivb_vis,11846,,
fivb_vis:11847,2021-05-27,women,Volleyball Nations League,VNL_WOMEN,other,RUS,NLD,81,98,1,3,team_b,Fiera - Court 2,,True,fivb_vis,11847,,
fivb_vis:11848,2021-05-27,women,Volleyball Nations League,VNL_WOMEN,other,KOR,JPN,61,77,0,3,team_b,Fiera - Court 1,,True,fivb_vis,11848,,
fivb_vis:11849,2021-05-27,women,Volleyball Nations League,VNL_WOMEN,other,CAN,DOM,87,104,1,3,team_b,Fiera - Court 2,,True,fivb_vis,11849,,
fivb_vis:11850,2021-05-27,women,Volleyball Nations League,VNL_WOMEN,other,CHN,THA,75,53,3,0,team_a,Fiera - Court 1,,True,fivb_vis,11850,,
fivb_vis:11851,2021-05-27,women,Volleyball Nations League,VNL_WOMEN,other,POL,TUR,93,100,1,3,team_b,Fiera - Court 2,,True,fivb_vis,11851,,
fivb_vis:11852,2021-05-27,women,Volleyball Nations League,VNL_WOMEN,other,BRA,USA,83,98,1,3,team_b,Fiera - Court 1,,True,fivb_vis,11852,,
fivb_vis:11853,2021-05-27,women,Volleyball Nations League,VNL_WOMEN,other,SRB,ITA,99,87,3,1,team_a,Fiera - Court 2,,True,fivb_vis,11853,,
fivb_vis:11854,2021-05-31,women,Volleyball Nations League,VNL_WOMEN,other,THA,NLD,47,75,0,3,team_b,Fiera - Court 1,,True,fivb_vis,11854,,
fivb_vis:11855,2021-05-31,women,Volleyball Nations League,VNL_WOMEN,other,BEL,DOM,115,105,3,2,team_a,Fiera - Court 2,,True,fivb_vis,11855,,
fivb_vis:11856,2021-05-31,women,Volleyball Nations League,VNL_WOMEN,other,CHN,DEU,106,105,3,2,team_a,Fiera - Court 1,,True,fivb_vis,11856,,
fivb_vis:11857,2021-05-31,women,Volleyball Nations League,VNL_WOMEN,other,BRA,JPN,75,55,3,0,team_a,Fiera - Court 2,,True,fivb_vis,11857,,
fivb_vis:11858,2021-05-31,women,Volleyball Nations League,VNL_WOMEN,other,CAN,TUR,108,106,2,3,team_b,Fiera - Court 1,,True,fivb_vis,11858,,
fivb_vis:11859,2021-05-31,women,Volleyball Nations League,VNL_WOMEN,other,KOR,POL,57,75,0,3,team_b,Fiera - Court 2,,True,fivb_vis,11859,,
fivb_vis:11860,2021-05-31,women,Volleyball Nations League,VNL_WOMEN,other,SRB,USA,48,75,0,3,team_b,Fiera - Court 1,,True,fivb_vis,11860,,
fivb_vis:11861,2021-05-31,women,Volleyball Nations League,VNL_WOMEN,other,RUS,ITA,78,72,3,0,team_a,Fiera - Court 2,,True,fivb_vis,11861,,
fivb_vis:11862,2021-06-01,women,Volleyball Nations League,VNL_WOMEN,other,TUR,DEU,75,62,3,0,team_a,Fiera - Court 1,,True,fivb_vis,11862,,
fivb_vis:11863,2021-06-01,women,Volleyball Nations League,VNL_WOMEN,other,DOM,KOR,78,67,3,0,team_a,Fiera - Court 2,,True,fivb_vis,11863,,
fivb_vis:11864,2021-06-01,women,Volleyball Nations League,VNL_WOMEN,other,BEL,POL,104,96,3,2,team_a,Fiera - Court 1,,True,fivb_vis,11864,,
fivb_vis:11865,2021-06-01,women,Volleyball Nations League,VNL_WOMEN,other,SRB,THA,75,65,3,0,team_a,Fiera - Court 2,,True,fivb_vis,11865,,
fivb_vis:11866,2021-06-01,women,Volleyball Nations League,VNL_WOMEN,other,CHN,CAN,101,101,2,3,team_b,Fiera - Court 1,,True,fivb_vis,11866,,
fivb_vis:11867,2021-06-01,women,Volleyball Nations League,VNL_WOMEN,other,USA,NLD,75,55,3,0,team_a,Fiera - Court 2,,True,fivb_vis,11867,,
fivb_vis:11868,2021-06-01,women,Volleyball Nations League,VNL_WOMEN,other,ITA,JPN,107,104,2,3,team_b,Fiera - Court 1,,True,fivb_vis,11868,,
fivb_vis:11869,2021-06-01,women,Volleyball Nations League,VNL_WOMEN,other,BRA,RUS,75,49,3,0,team_a,Fiera - Court 2,,True,fivb_vis,11869,,
fivb_vis:11870,2021-06-02,women,Volleyball Nations League,VNL_WOMEN,other,BEL,KOR,107,101,3,2,team_a,Fiera - Court 1,,True,fivb_vis,11870,,
fivb_vis:11871,2021-06-02,women,Volleyball Nations League,VNL_WOMEN,other,THA,USA,47,75,0,3,team_b,Fiera - Court 2,,True,fivb_vis,11871,,
fivb_vis:11872,2021-06-02,women,Volleyball Nations League,VNL_WOMEN,other,DEU,CAN,67,82,0,3,team_b,Fiera - Court 1,,True,fivb_vis,11872,,
fivb_vis:11873,2021-06-02,women,Volleyball Nations League,VNL_WOMEN,other,JPN,RUS,75,62,3,0,team_a,Fiera - Court 2,,True,fivb_vis,11873,,
fivb_vis:11874,2021-06-02,women,Volleyball Nations League,VNL_WOMEN,other,CHN,TUR,59,75,0,3,team_b,Fiera - Court 1,,True,fivb_vis,11874,,
fivb_vis:11875,2021-06-02,women,Volleyball Nations League,VNL_WOMEN,other,POL,DOM,94,100,1,3,team_b,Fiera - Court 2,,True,fivb_vis,11875,,
fivb_vis:11876,2021-06-02,women,Volleyball Nations League,VNL_WOMEN,other,NLD,SRB,93,84,3,1,team_a,Fiera - Court 1,,True,fivb_vis,11876,,
fivb_vis:11877,2021-06-02,women,Volleyball Nations League,VNL_WOMEN,other,BRA,ITA,94,78,3,1,team_a,Fiera - Court 2,,True,fivb_vis,11877,,
fivb_vis:11878,2021-06-06,women,Volleyball Nations League,VNL_WOMEN,other,CHN,BEL,104,107,2,3,team_b,Fiera - Court 1,,True,fivb_vis,11878,,
fivb_vis:11879,2021-06-06,women,Volleyball Nations League,VNL_WOMEN,other,JPN,NLD,65,75,0,3,team_b,Fiera - Court 2,,True,fivb_vis,11879,,
fivb_vis:11880,2021-06-06,women,Volleyball Nations League,VNL_WOMEN,other,TUR,THA,98,66,3,1,team_a,Fiera - Court 1,,True,fivb_vis,11880,,
fivb_vis:11881,2021-06-06,women,Volleyball Nations League,VNL_WOMEN,other,DOM,RUS,96,108,2,3,team_b,Fiera - Court 2,,True,fivb_vis,11881,,
fivb_vis:11882,2021-06-06,women,Volleyball Nations League,VNL_WOMEN,other,BRA,SRB,75,39,3,0,team_a,Fiera - Court 1,,True,fivb_vis,11882,,
fivb_vis:11883,2021-06-06,women,Volleyball Nations League,VNL_WOMEN,other,CAN,POL,95,108,2,3,team_b,Fiera - Court 2,,True,fivb_vis,11883,,
fivb_vis:11884,2021-06-06,women,Volleyball Nations League,VNL_WOMEN,other,ITA,KOR,100,92,3,1,team_a,Fiera - Court 1,,True,fivb_vis,11884,,
fivb_vis:11885,2021-06-06,women,Volleyball Nations League,VNL_WOMEN,other,DEU,USA,49,75,0,3,team_b,Fiera - Court 2,,True,fivb_vis,11885,,
fivb_vis:11886,2021-06-07,women,Volleyball Nations League,VNL_WOMEN,other,RUS,THA,93,73,3,1,team_a,Fiera - Court 1,,True,fivb_vis,11886,,
fivb_vis:11887,2021-06-07,women,Volleyball Nations League,VNL_WOMEN,other,TUR,DOM,85,98,1,3,team_b,Fiera - Court 2,,True,fivb_vis,11887,,
fivb_vis:11888,2021-06-07,women,Volleyball Nations League,VNL_WOMEN,other,CAN,JPN,46,75,0,3,team_b,Fiera - Court 1,,True,fivb_vis,11888,,
fivb_vis:11889,2021-06-07,women,Volleyball Nations League,VNL_WOMEN,other,CHN,SRB,87,94,1,3,team_b,Fiera - Court 2,,True,fivb_vis,11889,,
fivb_vis:11890,2021-06-07,women,Volleyball Nations League,VNL_WOMEN,other,KOR,USA,43,75,0,3,team_b,Fiera - Court 1,,True,fivb_vis,11890,,
fivb_vis:11891,2021-06-07,women,Volleyball Nations League,VNL_WOMEN,other,POL,NLD,103,108,2,3,team_b,Fiera - Court 2,,True,fivb_vis,11891,,
fivb_vis:11892,2021-06-07,women,Volleyball Nations League,VNL_WOMEN,other,DEU,ITA,51,75,0,3,team_b,Fiera - Court 1,,True,fivb_vis,11892,,
fivb_vis:11893,2021-06-07,women,Volleyball Nations League,VNL_WOMEN,other,BEL,BRA,51,75,0,3,team_b,Fiera - Court 2,,True,fivb_vis,11893,,
fivb_vis:11894,2021-06-08,women,Volleyball Nations League,VNL_WOMEN,other,THA,DOM,56,75,0,3,team_b,Fiera - Court 1,,True,fivb_vis,11894,,
fivb_vis:11895,2021-06-08,women,Volleyball Nations League,VNL_WOMEN,other,TUR,RUS,105,97,3,2,team_a,Fiera - Court 2,,True,fivb_vis,11895,,
fivb_vis:11896,2021-06-08,women,Volleyball Nations League,VNL_WOMEN,other,CAN,NLD,52,75,0,3,team_b,Fiera - Court 1,,True,fivb_vis,11896,,
fivb_vis:11897,2021-06-08,women,Volleyball Nations League,VNL_WOMEN,other,JPN,POL,110,109,3,2,team_a,Fiera - Court 2,,True,fivb_vis,11897,,
fivb_vis:11898,2021-06-08,women,Volleyball Nations League,VNL_WOMEN,other,CHN,BRA,97,104,3,2,team_a,Fiera - Court 1,,True,fivb_vis,11898,,
fivb_vis:11899,2021-06-08,women,Volleyball Nations League,VNL_WOMEN,other,DEU,KOR,75,55,3,0,team_a,Fiera - Court 2,,True,fivb_vis,11899,,
fivb_vis:11900,2021-06-08,women,Volleyball Nations League,VNL_WOMEN,other,BEL,SRB,112,105,3,2,team_a,Fiera - Court 1,,True,fivb_vis,11900,,
fivb_vis:11901,2021-06-08,women,Volleyball Nations League,VNL_WOMEN,other,ITA,USA,80,95,1,3,team_b,Fiera - Court 2,,True,fivb_vis,11901,,
fivb_vis:11902,2021-06-12,women,Volleyball Nations League,VNL_WOMEN,other,RUS,KOR,75,57,3,0,team_a,Fiera - Court 1,,True,fivb_vis,11902,,
fivb_vis:11903,2021-06-12,women,Volleyball Nations League,VNL_WOMEN,other,THA,DEU,99,84,3,1,team_a,Fiera - Court 2,,True,fivb_vis,11903,,
fivb_vis:11904,2021-06-12,women,Volleyball Nations League,VNL_WOMEN,other,JPN,TUR,92,81,3,1,team_a,Fiera - Court 1,,True,fivb_vis,11904,,
fivb_vis:11905,2021-06-12,women,Volleyball Nations League,VNL_WOMEN,other,USA,BEL,76,53,3,0,team_a,Fiera - Court 2,,True,fivb_vis,11905,,
fivb_vis:11906,2021-06-12,women,Volleyball Nations League,VNL_WOMEN,other,CHN,NLD,83,61,3,0,team_a,Fiera - Court 1,,True,fivb_vis,11906,,
fivb_vis:11907,2021-06-12,women,Volleyball Nations League,VNL_WOMEN,other,CAN,SRB,97,85,3,1,team_a,Fiera - Court 2,,True,fivb_vis,11907,,
fivb_vis:11908,2021-06-12,women,Volleyball Nations League,VNL_WOMEN,other,DOM,ITA,98,89,3,1,team_a,Fiera - Court 1,,True,fivb_vis,11908,,
fivb_vis:11909,2021-06-12,women,Volleyball Nations League,VNL_WOMEN,other,POL,BRA,65,75,0,3,team_b,Fiera - Court 2,,True,fivb_vis,11909,,
fivb_vis:11910,2021-06-13,women,Volleyball Nations League,VNL_WOMEN,other,TUR,BEL,75,56,3,0,team_a,Fiera - Court 1,,True,fivb_vis,11910,,
fivb_vis:11911,2021-06-13,women,Volleyball Nations League,VNL_WOMEN,other,USA,JPN,76,67,3,0,team_a,Fiera - Court 2,,True,fivb_vis,11911,,
fivb_vis:11912,2021-06-13,women,Volleyball Nations League,VNL_WOMEN,other,ITA,NLD,105,111,2,3,team_b,Fiera - Court 1,,True,fivb_vis,11912,,
fivb_vis:11913,2021-06-13,women,Volleyball Nations League,VNL_WOMEN,other,DOM,CHN,81,94,1,3,team_b,Fiera - Court 2,,True,fivb_vis,11913,,
fivb_vis:11914,2021-06-13,women,Volleyball Nations League,VNL_WOMEN,other,RUS,CAN,75,41,3,0,team_a,Fiera - Court 1,,True,fivb_vis,11914,,
fivb_vis:11915,2021-06-13,women,Volleyball Nations League,VNL_WOMEN,other,KOR,SRB,98,74,3,1,team_a,Fiera - Court 2,,True,fivb_vis,11915,,
fivb_vis:11916,2021-06-13,women,Volleyball Nations League,VNL_WOMEN,other,THA,POL,58,75,0,3,team_b,Fiera - Court 1,,True,fivb_vis,11916,,
fivb_vis:11917,2021-06-13,women,Volleyball Nations League,VNL_WOMEN,other,DEU,BRA,85,97,1,3,team_b,Fiera - Court 2,,True,fivb_vis,11917,,
fivb_vis:11918,2021-06-14,women,Volleyball Nations League,VNL_WOMEN,other,BEL,JPN,89,98,1,3,team_b,Fiera - Court 1,,True,fivb_vis,11918,,
fivb_vis:11919,2021-06-14,women,Volleyball Nations League,VNL_WOMEN,other,RUS,SRB,75,48,3,0,team_a,Fiera - Court 2,,True,fivb_vis,11919,,
fivb_vis:11920,2021-06-14,women,Volleyball Nations League,VNL_WOMEN,other,NLD,DOM,98,103,1,3,team_b,Fiera - Court 1,,True,fivb_vis,11920,,
fivb_vis:11921,2021-06-14,women,Volleyball Nations League,VNL_WOMEN,other,DEU,POL,75,66,3,0,team_a,Fiera - Court 2,,True,fivb_vis,11921,,
fivb_vis:11922,2021-06-14,women,Volleyball Nations League,VNL_WOMEN,other,CHN,ITA,75,49,3,0,team_a,Fiera - Court 1,,True,fivb_vis,11922,,
fivb_vis:11923,2021-06-14,women,Volleyball Nations League,VNL_WOMEN,other,KOR,CAN,113,111,3,2,team_a,Fiera - Court 2,,True,fivb_vis,11923,,
fivb_vis:11924,2021-06-14,women,Volleyball Nations League,VNL_WOMEN,other,BRA,THA,75,35,3,0,team_a,Fiera - Court 1,,True,fivb_vis,11924,,
fivb_vis:11925,2021-06-14,women,Volleyball Nations League,VNL_WOMEN,other,USA,TUR,98,75,3,1,team_a,Fiera - Court 2,,True,fivb_vis,11925,,
fivb_vis:11926,2021-06-18,women,Volleyball Nations League,VNL_WOMEN,other,DEU,SRB,75,60,3,0,team_a,Fiera - Court 1,,True,fivb_vis,11926,,
fivb_vis:11927,2021-06-18,women,Volleyball Nations League,VNL_WOMEN,other,JPN,DOM,107,99,3,2,team_a,Fiera - Court 2,,True,fivb_vis,11927,,
fivb_vis:11928,2021-06-18,women,Volleyball Nations League,VNL_WOMEN,other,THA,BEL,87,99,1,3,team_b,Fiera - Court 1,,True,fivb_vis,11928,,
fivb_vis:11929,2021-06-18,women,Volleyball Nations League,VNL_WOMEN,other,KOR,BRA,59,75,0,3,team_b,Fiera - Court 2,,True,fivb_vis,11929,,
fivb_vis:11930,2021-06-18,women,Volleyball Nations League,VNL_WOMEN,other,CHN,RUS,75,57,3,0,team_a,Fiera - Court 1,,True,fivb_vis,11930,,
fivb_vis:11931,2021-06-18,women,Volleyball Nations League,VNL_WOMEN,other,POL,USA,68,83,0,3,team_b,Fiera - Court 2,,True,fivb_vis,11931,,
fivb_vis:11932,2021-06-18,women,Volleyball Nations League,VNL_WOMEN,other,CAN,ITA,58,75,0,3,team_b,Fiera - Court 1,,True,fivb_vis,11932,,
fivb_vis:11933,2021-06-18,women,Volleyball Nations League,VNL_WOMEN,other,TUR,NLD,77,65,3,0,team_a,Fiera - Court 2,,True,fivb_vis,11933,,
fivb_vis:11934,2021-06-19,women,Volleyball Nations League,VNL_WOMEN,other,DOM,SRB,75,52,3,0,team_a,Fiera - Court 1,,True,fivb_vis,11934,,
fivb_vis:11935,2021-06-19,women,Volleyball Nations League,VNL_WOMEN,other,USA,RUS,100,86,3,1,team_a,Fiera - Court 2,,True,fivb_vis,11935,,
fivb_vis:11936,2021-06-19,women,Volleyball Nations League,VNL_WOMEN,other,JPN,DEU,95,87,3,1,team_a,Fiera - Court 1,,True,fivb_vis,11936,,
fivb_vis:11937,2021-06-19,women,Volleyball Nations League,VNL_WOMEN,other,THA,CAN,75,50,3,0,team_a,Fiera - Court 2,,True,fivb_vis,11937,,
fivb_vis:11938,2021-06-19,women,Volleyball Nations League,VNL_WOMEN,other,CHN,POL,76,62,3,0,team_a,Fiera - Court 1,,True,fivb_vis,11938,,
fivb_vis:11939,2021-06-19,women,Volleyball Nations League,VNL_WOMEN,other,KOR,TUR,83,95,1,3,team_b,Fiera - Court 2,,True,fivb_vis,11939,,
fivb_vis:11940,2021-06-19,women,Volleyball Nations League,VNL_WOMEN,other,BRA,NLD,75,58,3,0,team_a,Fiera - Court 1,,True,fivb_vis,11940,,
fivb_vis:11941,2021-06-19,women,Volleyball Nations League,VNL_WOMEN,other,BEL,ITA,107,94,3,2,team_a,Fiera - Court 2,,True,fivb_vis,11941,,
fivb_vis:11942,2021-06-20,women,Volleyball Nations League,VNL_WOMEN,other,DOM,DEU,104,104,3,2,team_a,Fiera - Court 1,,True,fivb_vis,11942,,
fivb_vis:11943,2021-06-20,women,Volleyball Nations League,VNL_WOMEN,other,CHN,USA,75,47,3,0,team_a,Fiera - Court 2,,True,fivb_vis,11943,,
fivb_vis:11944,2021-06-20,women,Volleyball Nations League,VNL_WOMEN,other,THA,ITA,101,110,1,3,team_b,Fiera - Court 1,,True,fivb_vis,11944,,
fivb_vis:11945,2021-06-20,women,Volleyball Nations League,VNL_WOMEN,other,JPN,SRB,75,49,3,0,team_a,Fiera - Court 2,,True,fivb_vis,11945,,
fivb_vis:11946,2021-06-20,women,Volleyball Nations League,VNL_WOMEN,other,RUS,POL,90,107,2,3,team_b,Fiera - Court 1,,True,fivb_vis,11946,,
fivb_vis:11947,2021-06-20,women,Volleyball Nations League,VNL_WOMEN,other,KOR,NLD,100,110,2,3,team_b,Fiera - Court 2,,True,fivb_vis,11947,,
fivb_vis:11948,2021-06-20,women,Volleyball Nations League,VNL_WOMEN,other,BEL,CAN,76,58,3,0,team_a,Fiera - Court 1,,True,fivb_vis,11948,,
fivb_vis:11949,2021-06-20,women,Volleyball Nations League,VNL_WOMEN,other,BRA,TUR,100,76,3,1,team_a,Fiera - Court 2,,True,fivb_vis,11949,,
fivb_vis:11950,2021-06-24,women,Volleyball Nations League,VNL_WOMEN,other,BRA,JPN,104,85,3,1,team_a,Fiera - Court 1,,True,fivb_vis,11950,,
fivb_vis:11951,2021-06-24,women,Volleyball Nations League,VNL_WOMEN,other,USA,TUR,75,64,3,0,team_a,Fiera - Court 1,,True,fivb_vis,11951,,
fivb_vis:11952,2021-06-25,women,Volleyball Nations League,VNL_WOMEN,other,JPN,TUR,52,75,0,3,team_b,Fiera - Court 1,,True,fivb_vis,11952,,
fivb_vis:11953,2021-06-25,women,Volleyball Nations League,VNL_WOMEN,other,BRA,USA,95,101,1,3,team_b,Fiera - Court 1,,True,fivb_vis,11953,,
fivb_vis:11700,2021-05-28,men,Volleyball Nations League,VNL_MEN,other,FRA,BGR,77,69,3,0,team_a,Fiera - Court 1,,True,fivb_vis,11700,,
fivb_vis:11701,2021-05-28,men,Volleyball Nations League,VNL_MEN,other,DEU,AUS,75,53,3,0,team_a,Fiera - Court 2,,True,fivb_vis,11701,,
fivb_vis:11702,2021-05-28,men,Volleyball Nations League,VNL_MEN,other,JPN,IRN,76,65,3,0,team_a,Fiera - Court 1,,True,fivb_vis,11702,,
fivb_vis:11703,2021-05-28,men,Volleyball Nations League,VNL_MEN,other,SRB,SVN,108,95,3,1,team_a,Fiera - Court 2,,True,fivb_vis,11703,,
fivb_vis:11704,2021-05-28,men,Volleyball Nations League,VNL_MEN,other,NLD,RUS,86,93,1,3,team_b,Fiera - Court 1,,True,fivb_vis,11704,,
fivb_vis:11705,2021-05-28,men,Volleyball Nations League,VNL_MEN,other,USA,CAN,76,61,3,0,team_a,Fiera - Court 2,,True,fivb_vis,11705,,
fivb_vis:11706,2021-05-28,men,Volleyball Nations League,VNL_MEN,other,POL,ITA,75,57,3,0,team_a,Fiera - Court 1,,True,fivb_vis,11706,,
fivb_vis:11707,2021-05-28,men,Volleyball Nations League,VNL_MEN,other,BRA,ARG,82,69,3,0,team_a,Fiera - Court 2,,True,fivb_vis,11707,,
fivb_vis:11708,2021-05-29,men,Volleyball Nations League,VNL_MEN,other,DEU,FRA,103,111,2,3,team_b,Fiera - Court 1,,True,fivb_vis,11708,,
fivb_vis:11709,2021-05-29,men,Volleyball Nations League,VNL_MEN,other,IRN,RUS,79,95,1,3,team_b,Fiera - Court 2,,True,fivb_vis,11709,,
fivb_vis:11710,2021-05-29,men,Volleyball Nations League,VNL_MEN,other,NLD,JPN,97,110,2,3,team_b,Fiera - Court 1,,True,fivb_vis,11710,,
fivb_vis:11711,2021-05-29,men,Volleyball Nations League,VNL_MEN,other,AUS,BGR,61,75,0,3,team_b,Fiera - Court 2,,True,fivb_vis,11711,,
fivb_vis:11712,2021-05-29,men,Volleyball Nations League,VNL_MEN,other,POL,SRB,97,83,3,1,team_a,Fiera - Court 1,,True,fivb_vis,11712,,
fivb_vis:11713,2021-05-29,men,Volleyball Nations League,VNL_MEN,other,ITA,SVN,57,75,0,3,team_b,Fiera - Court 2,,True,fivb_vis,11713,,
fivb_vis:11714,2021-05-29,men,Volleyball Nations League,VNL_MEN,other,ARG,CAN,55,75,0,3,team_b,Fiera - Court 1,,True,fivb_vis,11714,,
fivb_vis:11715,2021-05-29,men,Volleyball Nations League,VNL_MEN,other,USA,BRA,64,75,0,3,team_b,Fiera - Court 2,,True,fivb_vis,11715,,
fivb_vis:11716,2021-05-30,men,Volleyball Nations League,VNL_MEN,other,AUS,FRA,88,98,1,3,team_b,Fiera - Court 1,,True,fivb_vis,11716,,
fivb_vis:11717,2021-05-30,men,Volleyball Nations League,VNL_MEN,other,NLD,IRN,69,80,0,3,team_b,Fiera - Court 2,,True,fivb_vis,11717,,
fivb_vis:11718,2021-05-30,men,Volleyball Nations League,VNL_MEN,other,DEU,BGR,111,110,3,2,team_a,Fiera - Court 1,,True,fivb_vis,11718,,
fivb_vis:11719,2021-05-30,men,Volleyball Nations League,VNL_MEN,other,RUS,JPN,114,115,2,3,team_b,Fiera - Court 2,,True,fivb_vis,11719,,
fivb_vis:11720,2021-05-30,men,Volleyball Nations League,VNL_MEN,other,USA,ARG,98,80,3,1,team_a,Fiera - Court 1,,True,fivb_vis,11720,,
fivb_vis:11721,2021-05-30,men,Volleyball Nations League,VNL_MEN,other,CAN,BRA,87,99,1,3,team_b,Fiera - Court 2,,True,fivb_vis,11721,,
fivb_vis:11722,2021-05-30,men,Volleyball Nations League,VNL_MEN,other,POL,SVN,89,98,1,3,team_b,Fiera - Court 1,,True,fivb_vis,11722,,
fivb_vis:11723,2021-05-30,men,Volleyball Nations League,VNL_MEN,other,SRB,ITA,97,88,3,1,team_a,Fiera - Court 2,,True,fivb_vis,11723,,
fivb_vis:11724,2021-06-03,men,Volleyball Nations League,VNL_MEN,other,DEU,ARG,105,105,2,3,team_b,Fiera - Court 1,,True,fivb_vis,11724,,
fivb_vis:11725,2021-06-03,men,Volleyball Nations League,VNL_MEN,other,IRN,CAN,97,91,3,1,team_a,Fiera - Court 2,,True,fivb_vis,11725,,
fivb_vis:11726,2021-06-03,men,Volleyball Nations League,VNL_MEN,other,JPN,SRB,83,93,1,3,team_b,Fiera - Court 1,,True,fivb_vis,11726,,
fivb_vis:11727,2021-06-03,men,Volleyball Nations League,VNL_MEN,other,BRA,FRA,83,94,0,3,team_b,Fiera - Court 2,,True,fivb_vis,11727,,
fivb_vis:11728,2021-06-03,men,Volleyball Nations League,VNL_MEN,other,NLD,SVN,51,75,0,3,team_b,Fiera - Court 1,,True,fivb_vis,11728,,
fivb_vis:11729,2021-06-03,men,Volleyball Nations League,VNL_MEN,other,AUS,POL,38,75,0,3,team_b,Fiera - Court 2,,True,fivb_vis,11729,,
fivb_vis:11730,2021-06-03,men,Volleyball Nations League,VNL_MEN,other,ITA,BGR,108,94,3,2,team_a,Fiera - Court 1,,True,fivb_vis,11730,,
fivb_vis:11731,2021-06-03,men,Volleyball Nations League,VNL_MEN,other,RUS,USA,92,85,3,1,team_a,Fiera - Court 2,,True,fivb_vis,11731,,
fivb_vis:11732,2021-06-04,men,Volleyball Nations League,VNL_MEN,other,ARG,SVN,59,75,0,3,team_b,Fiera - Court 1,,True,fivb_vis,11732,,
fivb_vis:11733,2021-06-04,men,Volleyball Nations League,VNL_MEN,other,NLD,DEU,111,101,3,2,team_a,Fiera - Court 2,,True,fivb_vis,11733,,
fivb_vis:11734,2021-06-04,men,Volleyball Nations League,VNL_MEN,other,BRA,JPN,75,56,3,0,team_a,Fiera - Court 1,,True,fivb_vis,11734,,
fivb_vis:11735,2021-06-04,men,Volleyball Nations League,VNL_MEN,other,SRB,FRA,111,105,3,2,team_a,Fiera - Court 2,,True,fivb_vis,11735,,
fivb_vis:11736,2021-06-04,men,Volleyball Nations League,VNL_MEN,other,IRN,ITA,101,98,3,1,team_a,Fiera - Court 1,,True,fivb_vis,11736,,
fivb_vis:11737,2021-06-04,men,Volleyball Nations League,VNL_MEN,other,POL,USA,78,60,3,0,team_a,Fiera - Court 2,,True,fivb_vis,11737,,
fivb_vis:11738,2021-06-04,men,Volleyball Nations League,VNL_MEN,other,RUS,AUS,76,64,3,0,team_a,Fiera - Court 1,,True,fivb_vis,11738,,
fivb_vis:11739,2021-06-04,men,Volleyball Nations League,VNL_MEN,other,CAN,BGR,78,65,3,0,team_a,Fiera - Court 2,,True,fivb_vis,11739,,
fivb_vis:11740,2021-06-05,men,Volleyball Nations League,VNL_MEN,other,NLD,ARG,62,75,0,3,team_b,Fiera - Court 1,,True,fivb_vis,11740,,
fivb_vis:11741,2021-06-05,men,Volleyball Nations League,VNL_MEN,other,SVN,DEU,86,94,1,3,team_b,Fiera - Court 2,,True,fivb_vis,11741,,
fivb_vis:11742,2021-06-05,men,Volleyball Nations League,VNL_MEN,other,FRA,JPN,110,105,3,2,team_a,Fiera - Court 1,,True,fivb_vis,11742,,
fivb_vis:11743,2021-06-05,men,Volleyball Nations League,VNL_MEN,other,BRA,SRB,98,85,3,1,team_a,Fiera - Court 2,,True,fivb_vis,11743,,
fivb_vis:11744,2021-06-05,men,Volleyball Nations League,VNL_MEN,other,RUS,POL,77,96,1,3,team_b,Fiera - Court 1,,True,fivb_vis,11744,,
fivb_vis:11745,2021-06-05,men,Volleyball Nations League,VNL_MEN,other,USA,AUS,75,60,3,0,team_a,Fiera - Court 2,,True,fivb_vis,11745,,
fivb_vis:11746,2021-06-05,men,Volleyball Nations League,VNL_MEN,other,BGR,IRN,73,83,0,3,team_b,Fiera - Court 1,,True,fivb_vis,11746,,
fivb_vis:11747,2021-06-05,men,Volleyball Nations League,VNL_MEN,other,CAN,ITA,104,112,2,3,team_b,Fiera - Court 2,,True,fivb_vis,11747,,
fivb_vis:11748,2021-06-09,men,Volleyball Nations League,VNL_MEN,other,SRB,DEU,94,80,3,1,team_a,Fiera - Court 1,,True,fivb_vis,11748,,
fivb_vis:11749,2021-06-09,men,Volleyball Nations League,VNL_MEN,other,JPN,AUS,100,93,3,1,team_a,Fiera - Court 2,,True,fivb_vis,11749,,
fivb_vis:11750,2021-06-09,men,Volleyball Nations League,VNL_MEN,other,FRA,RUS,102,90,3,1,team_a,Fiera - Court 1,,True,fivb_vis,11750,,
fivb_vis:11751,2021-06-09,men,Volleyball Nations League,VNL_MEN,other,SVN,CAN,75,63,3,0,team_a,Fiera - Court 2,,True,fivb_vis,11751,,
fivb_vis:11752,2021-06-09,men,Volleyball Nations League,VNL_MEN,other,ARG,ITA,69,80,0,3,team_b,Fiera - Court 1,,True,fivb_vis,11752,,
fivb_vis:11753,2021-06-09,men,Volleyball Nations League,VNL_MEN,other,IRN,USA,75,65,3,0,team_a,Fiera - Court 2,,True,fivb_vis,11753,,
fivb_vis:11754,2021-06-09,men,Volleyball Nations League,VNL_MEN,other,POL,BGR,75,46,3,0,team_a,Fiera - Court 1,,True,fivb_vis,11754,,
fivb_vis:11755,2021-06-09,men,Volleyball Nations League,VNL_MEN,other,NLD,BRA,66,77,0,3,team_b,Fiera - Court 2,,True,fivb_vis,11755,,
fivb_vis:11756,2021-06-10,men,Volleyball Nations League,VNL_MEN,other,SRB,IRN,112,98,3,2,team_a,Fiera - Court 1,,True,fivb_vis,11756,,
fivb_vis:11757,2021-06-10,men,Volleyball Nations League,VNL_MEN,other,RUS,CAN,98,84,3,1,team_a,Fiera - Court 2,,True,fivb_vis,11757,,
fivb_vis:11758,2021-06-10,men,Volleyball Nations League,VNL_MEN,other,FRA,SVN,101,101,2,3,team_b,Fiera - Court 1,,True,fivb_vis,11758,,
fivb_vis:11759,2021-06-10,men,Volleyball Nations League,VNL_MEN,other,ARG,AUS,75,57,3,0,team_a,Fiera - Court 2,,True,fivb_vis,11759,,
fivb_vis:11760,2021-06-10,men,Volleyball Nations League,VNL_MEN,other,DEU,USA,57,79,0,3,team_b,Fiera - Court 1,,True,fivb_vis,11760,,
fivb_vis:11761,2021-06-10,men,Volleyball Nations League,VNL_MEN,other,BGR,BRA,50,75,0,3,team_b,Fiera - Court 2,,True,fivb_vis,11761,,
fivb_vis:11762,2021-06-10,men,Volleyball Nations League,VNL_MEN,other,JPN,ITA,108,96,3,2,team_a,Fiera - Court 1,,True,fivb_vis,11762,,
fivb_vis:11763,2021-06-10,men,Volleyball Nations League,VNL_MEN,other,POL,NLD,75,47,3,0,team_a,Fiera - Court 2,,True,fivb_vis,11763,,
fivb_vis:11764,2021-06-11,men,Volleyball Nations League,VNL_MEN,other,IRN,DEU,102,107,2,3,team_b,Fiera - Court 1,,True,fivb_vis,11764,,
fivb_vis:11765,2021-06-11,men,Volleyball Nations League,VNL_MEN,other,SVN,RUS,106,101,3,2,team_a,Fiera - Court 2,,True,fivb_vis,11765,,
fivb_vis:11766,2021-06-11,men,Volleyball Nations League,VNL_MEN,other,JPN,ARG,87,105,1,3,team_b,Fiera - Court 1,,True,fivb_vis,11766,,
fivb_vis:11767,2021-06-11,men,Volleyball Nations League,VNL_MEN,other,NLD,BGR,103,100,2,3,team_b,Fiera - Court 2,,True,fivb_vis,11767,,
fivb_vis:11768,2021-06-11,men,Volleyball Nations League,VNL_MEN,other,AUS,ITA,56,75,0,3,team_b,Fiera - Court 1,,True,fivb_vis,11768,,
fivb_vis:11769,2021-06-11,men,Volleyball Nations League,VNL_MEN,other,USA,SRB,90,96,1,3,team_b,Fiera - Court 2,,True,fivb_vis,11769,,
fivb_vis:11770,2021-06-11,men,Volleyball Nations League,VNL_MEN,other,CAN,FRA,85,95,1,3,team_b,Fiera - Court 1,,True,fivb_vis,11770,,
fivb_vis:11771,2021-06-11,men,Volleyball Nations League,VNL_MEN,other,POL,BRA,62,78,0,3,team_b,Fiera - Court 2,,True,fivb_vis,11771,,
fivb_vis:11772,2021-06-15,men,Volleyball Nations League,VNL_MEN,other,RUS,SRB,97,91,3,1,team_a,Fiera - Court 1,,True,fivb_vis,11772,,
fivb_vis:11773,2021-06-15,men,Volleyball Nations League,VNL_MEN,other,IRN,AUS,107,106,2,3,team_b,Fiera - Court 2,,True,fivb_vis,11773,,
fivb_vis:11774,2021-06-15,men,Volleyball Nations League,VNL_MEN,other,ARG,BGR,91,81,3,1,team_a,Fiera - Court 1,,True,fivb_vis,11774,,
fivb_vis:11775,2021-06-15,men,Volleyball Nations League,VNL_MEN,other,JPN,DEU,75,60,3,0,team_a,Fiera - Court 2,,True,fivb_vis,11775,,
fivb_vis:11776,2021-06-15,men,Volleyball Nations League,VNL_MEN,other,ITA,USA,54,75,0,3,team_b,Fiera - Court 1,,True,fivb_vis,11776,,
fivb_vis:11777,2021-06-15,men,Volleyball Nations League,VNL_MEN,other,CAN,POL,64,75,0,3,team_b,Fiera - Court 2,,True,fivb_vis,11777,,
fivb_vis:11778,2021-06-15,men,Volleyball Nations League,VNL_MEN,other,BRA,SVN,99,97,3,2,team_a,Fiera - Court 1,,True,fivb_vis,11778,,
fivb_vis:11779,2021-06-15,men,Volleyball Nations League,VNL_MEN,other,NLD,FRA,109,116,3,2,team_a,Fiera - Court 2,,True,fivb_vis,11779,,
fivb_vis:11780,2021-06-16,men,Volleyball Nations League,VNL_MEN,other,ARG,RUS,86,96,1,3,team_b,Fiera - Court 1,,True,fivb_vis,11780,,
fivb_vis:11781,2021-06-16,men,Volleyball Nations League,VNL_MEN,other,SRB,BGR,75,54,3,0,team_a,Fiera - Court 2,,True,fivb_vis,11781,,
fivb_vis:11782,2021-06-16,men,Volleyball Nations League,VNL_MEN,other,SVN,AUS,93,78,3,1,team_a,Fiera - Court 1,,True,fivb_vis,11782,,
fivb_vis:11783,2021-06-16,men,Volleyball Nations League,VNL_MEN,other,JPN,POL,51,75,0,3,team_b,Fiera - Court 2,,True,fivb_vis,11783,,
fivb_vis:11784,2021-06-16,men,Volleyball Nations League,VNL_MEN,other,NLD,ITA,88,98,1,3,team_b,Fiera - Court 1,,True,fivb_vis,11784,,
fivb_vis:11785,2021-06-16,men,Volleyball Nations League,VNL_MEN,other,CAN,DEU,76,62,3,0,team_a,Fiera - Court 2,,True,fivb_vis,11785,,
fivb_vis:11786,2021-06-16,men,Volleyball Nations League,VNL_MEN,other,USA,FRA,99,103,1,3,team_b,Fiera - Court 1,,True,fivb_vis,11786,,
fivb_vis:11787,2021-06-16,men,Volleyball Nations League,VNL_MEN,other,IRN,BRA,84,98,1,3,team_b,Fiera - Court 2,,True,fivb_vis,11787,,
fivb_vis:11788,2021-06-17,men,Volleyball Nations League,VNL_MEN,other,ARG,SRB,78,69,3,0,team_a,Fiera - Court 1,,True,fivb_vis,11788,,
fivb_vis:11789,2021-06-17,men,Volleyball Nations League,VNL_MEN,other,BGR,RUS,56,75,0,3,team_b,Fiera - Court 2,,True,fivb_vis,11789,,
fivb_vis:11790,2021-06-17,men,Volleyball Nations League,VNL_MEN,other,JPN,CAN,63,75,0,3,team_b,Fiera - Court 1,,True,fivb_vis,11790,,
fivb_vis:11791,2021-06-17,men,Volleyball Nations League,VNL_MEN,other,AUS,BRA,51,75,0,3,team_b,Fiera - Court 2,,True,fivb_vis,11791,,
fivb_vis:11792,2021-06-17,men,Volleyball Nations League,VNL_MEN,other,IRN,SVN,94,96,1,3,team_b,Fiera - Court 1,,True,fivb_vis,11792,,
fivb_vis:11793,2021-06-17,men,Volleyball Nations League,VNL_MEN,other,NLD,USA,95,109,2,3,team_b,Fiera - Court 2,,True,fivb_vis,11793,,
fivb_vis:11794,2021-06-17,men,Volleyball Nations League,VNL_MEN,other,FRA,ITA,101,108,2,3,team_b,Fiera - Court 1,,True,fivb_vis,11794,,
fivb_vis:11795,2021-06-17,men,Volleyball Nations League,VNL_MEN,other,DEU,POL,61,75,0,3,team_b,Fiera - Court 2,,True,fivb_vis,11795,,
fivb_vis:11796,2021-06-21,men,Volleyball Nations League,VNL_MEN,other,AUS,SRB,69,94,1,3,team_b,Fiera - Court 1,,True,fivb_vis,11796,,
fivb_vis:11797,2021-06-21,men,Volleyball Nations League,VNL_MEN,other,JPN,BGR,75,55,3,0,team_a,Fiera - Court 2,,True,fivb_vis,11797,,
fivb_vis:11798,2021-06-21,men,Volleyball Nations League,VNL_MEN,other,FRA,IRN,75,61,3,0,team_a,Fiera - Court 1,,True,fivb_vis,11798,,
fivb_vis:11799,2021-06-21,men,Volleyball Nations League,VNL_MEN,other,CAN,NLD,75,51,3,0,team_a,Fiera - Court 2,,True,fivb_vis,11799,,
fivb_vis:11800,2021-06-21,men,Volleyball Nations League,VNL_MEN,other,BRA,ITA,104,94,3,1,team_a,Fiera - Court 1,,True,fivb_vis,11800,,
fivb_vis:11801,2021-06-21,men,Volleyball Nations League,VNL_MEN,other,SVN,USA,117,113,3,2,team_a,Fiera - Court 2,,True,fivb_vis,11801,,
fivb_vis:11802,2021-06-21,men,Volleyball Nations League,VNL_MEN,other,POL,ARG,75,61,3,0,team_a,Fiera - Court 1,,True,fivb_vis,11802,,
fivb_vis:11803,2021-06-21,men,Volleyball Nations League,VNL_MEN,other,DEU,RUS,76,98,1,3,team_b,Fiera - Court 2,,True,fivb_vis,11803,,
fivb_vis:11804,2021-06-22,men,Volleyball Nations League,VNL_MEN,other,CAN,AUS,75,45,3,0,team_a,Fiera - Court 1,,True,fivb_vis,11804,,
fivb_vis:11805,2021-06-22,men,Volleyball Nations League,VNL_MEN,other,SRB,NLD,109,104,3,2,team_a,Fiera - Court 2,,True,fivb_vis,11805,,
fivb_vis:11806,2021-06-22,men,Volleyball Nations League,VNL_MEN,other,BGR,USA,52,76,0,3,team_b,Fiera - Court 1,,True,fivb_vis,11806,,
fivb_vis:11807,2021-06-22,men,Volleyball Nations League,VNL_MEN,other,IRN,POL,56,75,0,3,team_b,Fiera - Court 2,,True,fivb_vis,11807,,
fivb_vis:11808,2021-06-22,men,Volleyball Nations League,VNL_MEN,other,JPN,SVN,58,78,0,3,team_b,Fiera - Court 1,,True,fivb_vis,11808,,
fivb_vis:11809,2021-06-22,men,Volleyball Nations League,VNL_MEN,other,FRA,ARG,76,67,3,0,team_a,Fiera - Court 2,,True,fivb_vis,11809,,
fivb_vis:11810,2021-06-22,men,Volleyball Nations League,VNL_MEN,other,BRA,DEU,75,65,3,0,team_a,Fiera - Court 1,,True,fivb_vis,11810,,
fivb_vis:11811,2021-06-22,men,Volleyball Nations League,VNL_MEN,other,RUS,ITA,100,100,3,2,team_a,Fiera - Court 2,,True,fivb_vis,11811,,
fivb_vis:11812,2021-06-23,men,Volleyball Nations League,VNL_MEN,other,AUS,NLD,61,75,0,3,team_b,Fiera - Court 1,,True,fivb_vis,11812,,
fivb_vis:11813,2021-06-23,men,Volleyball Nations League,VNL_MEN,other,CAN,SRB,105,102,3,2,team_a,Fiera - Court 2,,True,fivb_vis,11813,,
fivb_vis:11814,2021-06-23,men,Volleyball Nations League,VNL_MEN,other,USA,JPN,75,64,3,0,team_a,Fiera - Court 1,,True,fivb_vis,11814,,
fivb_vis:11815,2021-06-23,men,Volleyball Nations League,VNL_MEN,other,FRA,POL,108,103,3,2,team_a,Fiera - Court 2,,True,fivb_vis,11815,,
fivb_vis:11816,2021-06-23,men,Volleyball Nations League,VNL_MEN,other,IRN,ARG,104,113,1,3,team_b,Fiera - Court 1,,True,fivb_vis,11816,,
fivb_vis:11817,2021-06-23,men,Volleyball Nations League,VNL_MEN,other,SVN,BGR,75,57,3,0,team_a,Fiera - Court 2,,True,fivb_vis,11817,,
fivb_vis:11818,2021-06-23,men,Volleyball Nations League,VNL_MEN,other,ITA,DEU,110,98,3,2,team_a,Fiera - Court 1,,True,fivb_vis,11818,,
fivb_vis:11819,2021-06-23,men,Volleyball Nations League,VNL_MEN,other,BRA,RUS,67,78,0,3,team_b,Fiera - Court 2,,True,fivb_vis,11819,,
fivb_vis:11820,2021-06-26,men,Volleyball Nations League,VNL_MEN,other,BRA,FRA,75,57,3,0,team_a,Fiera - Court 1,,True,fivb_vis,11820,,
fivb_vis:11821,2021-06-26,men,Volleyball Nations League,VNL_MEN,other,POL,SVN,75,66,3,0,team_a,Fiera - Court 1,,True,fivb_vis,11821,,
fivb_vis:11822,2021-06-27,men,Volleyball Nations League,VNL_MEN,other,FRA,SVN,75,57,3,0,team_a,Fiera - Court 1,,True,fivb_vis,11822,,
fivb_vis:11823,2021-06-27,men,Volleyball Nations League,VNL_MEN,other,BRA,POL,97,78,3,1,team_a,Fiera - Court 1,,True,fivb_vis,11823,,
fivb_vis:11960,2020-08-30,men,EuroVolley,EURO_MEN,other,MDA,LVA,51,75,0,3,team_b,Tassos Papadopoulos Eleftheria NICOSIA,,True,fivb_vis,11960,,
fivb_vis:11961,2020-08-30,men,EuroVolley,EURO_MEN,other,CYP,ESP,83,100,1,3,team_b,Tassos Papadopoulos Eleftheria NICOSIA,,True,fivb_vis,11961,,
fivb_vis:11962,2020-08-31,men,EuroVolley,EURO_MEN,other,LVA,ESP,87,91,1,3,team_b,Tassos Papadopoulos Eleftheria NICOSIA,,True,fivb_vis,11962,,
fivb_vis:11963,2020-08-31,men,EuroVolley,EURO_MEN,other,MDA,CYP,75,66,3,0,team_a,Tassos Papadopoulos Eleftheria NICOSIA,,True,fivb_vis,11963,,
fivb_vis:11964,2020-09-01,men,EuroVolley,EURO_MEN,other,ESP,MDA,85,98,1,3,team_b,Tassos Papadopoulos Eleftheria NICOSIA,,True,fivb_vis,11964,,
fivb_vis:11965,2020-09-01,men,EuroVolley,EURO_MEN,other,LVA,CYP,75,44,3,0,team_a,Tassos Papadopoulos Eleftheria NICOSIA,,True,fivb_vis,11965,,
fivb_vis:11966,2020-09-04,men,EuroVolley,EURO_MEN,other,MDA,LVA,61,75,0,3,team_b,Tassos Papadopoulos Eleftheria NICOSIA,,True,fivb_vis,11966,,
fivb_vis:11967,2020-09-04,men,EuroVolley,EURO_MEN,other,CYP,ESP,77,70,3,0,team_a,Tassos Papadopoulos Eleftheria NICOSIA,,True,fivb_vis,11967,,
fivb_vis:11968,2020-09-05,men,EuroVolley,EURO_MEN,other,LVA,ESP,98,98,1,3,team_b,Tassos Papadopoulos Eleftheria NICOSIA,,True,fivb_vis,11968,,
fivb_vis:11969,2020-09-05,men,EuroVolley,EURO_MEN,other,MDA,CYP,102,103,2,3,team_b,Tassos Papadopoulos Eleftheria NICOSIA,,True,fivb_vis,11969,,
fivb_vis:11970,2020-09-06,men,EuroVolley,EURO_MEN,other,ESP,MDA,75,64,3,0,team_a,Tassos Papadopoulos Eleftheria NICOSIA,,True,fivb_vis,11970,,
fivb_vis:11971,2020-09-06,men,EuroVolley,EURO_MEN,other,LVA,CYP,75,59,3,0,team_a,Tassos Papadopoulos Eleftheria NICOSIA,,True,fivb_vis,11971,,
fivb_vis:12133,2021-01-11,men,EuroVolley,EURO_MEN,other,MKD,BIH,100,90,3,1,team_a,Boris Trajkovski SKOPJE,,True,fivb_vis,12133,,
fivb_vis:12134,2021-01-12,men,EuroVolley,EURO_MEN,other,BIH,TUR,50,75,0,3,team_b,Boris Trajkovski SKOPJE,,True,fivb_vis,12134,,
fivb_vis:12135,2021-01-13,men,EuroVolley,EURO_MEN,other,TUR,MKD,93,71,3,1,team_a,Boris Trajkovski SKOPJE,,True,fivb_vis,12135,,
fivb_vis:12136,2021-01-14,men,EuroVolley,EURO_MEN,other,BIH,MKD,57,76,0,3,team_b,Boris Trajkovski SKOPJE,,True,fivb_vis,12136,,
fivb_vis:12137,2021-01-15,men,EuroVolley,EURO_MEN,other,TUR,BIH,75,46,3,0,team_a,Boris Trajkovski SKOPJE,,True,fivb_vis,12137,,
fivb_vis:12138,2021-01-16,men,EuroVolley,EURO_MEN,other,MKD,TUR,96,85,3,1,team_a,Boris Trajkovski SKOPJE,,True,fivb_vis,12138,,
fivb_vis:12139,2021-01-12,men,EuroVolley,EURO_MEN,other,ISR,AUT,68,77,0,3,team_b,Enerbox Sport Palace HADERA,,True,fivb_vis,12139,,
fivb_vis:12140,2021-01-13,men,EuroVolley,EURO_MEN,other,AUT,BGR,87,95,1,3,team_b,Enerbox Sport Palace HADERA,,True,fivb_vis,12140,,
fivb_vis:12141,2021-01-14,men,EuroVolley,EURO_MEN,other,BGR,ISR,77,63,3,0,team_a,Enerbox Sport Palace HADERA,,True,fivb_vis,12141,,
fivb_vis:12142,2021-01-15,men,EuroVolley,EURO_MEN,other,AUT,ISR,107,107,2,3,team_b,Enerbox Sport Palace HADERA,,True,fivb_vis,12142,,
fivb_vis:12143,2021-01-16,men,EuroVolley,EURO_MEN,other,BGR,AUT,75,55,3,0,team_a,Enerbox Sport Palace HADERA,,True,fivb_vis,12143,,
fivb_vis:12144,2021-01-17,men,EuroVolley,EURO_MEN,other,ISR,BGR,64,75,0,3,team_b,Enerbox Sport Palace HADERA,,True,fivb_vis,12144,,
fivb_vis:12214,2021-01-11,men,EuroVolley,EURO_MEN,other,DNK,TUR,0,75,0,3,team_b,,,True,fivb_vis,12214,,
fivb_vis:12215,2021-01-12,men,EuroVolley,EURO_MEN,other,MKD,DNK,75,0,3,0,team_a,,,True,fivb_vis,12215,,
fivb_vis:12216,2021-01-13,men,EuroVolley,EURO_MEN,other,BIH,DNK,75,0,3,0,team_a,,,True,fivb_vis,12216,,
fivb_vis:12217,2021-01-14,men,EuroVolley,EURO_MEN,other,TUR,DNK,75,0,3,0,team_a,,,True,fivb_vis,12217,,
fivb_vis:12218,2021-01-15,men,EuroVolley,EURO_MEN,other,MKD,DNK,75,0,3,0,team_a,,,True,fivb_vis,12218,,
fivb_vis:12219,2021-01-16,men,EuroVolley,EURO_MEN,other,DNK,BIH,0,75,0,3,team_b,,,True,fivb_vis,12219,,
fivb_vis:12220,2021-05-06,men,EuroVolley,EURO_MEN,other,SVK,CHE,75,66,3,0,team_a,City Hall NITRA,,True,fivb_vis,12220,,
fivb_vis:12221,2021-05-06,men,EuroVolley,EURO_MEN,other,ROU,ALB,75,52,3,0,team_a,City Hall NITRA,,True,fivb_vis,12221,,
fivb_vis:12222,2021-05-07,men,EuroVolley,EURO_MEN,other,AZE,MNE,84,96,1,3,team_b,New Volleyball Arena TBILISI,,True,fivb_vis,12222,,
fivb_vis:12223,2021-05-07,men,EuroVolley,EURO_MEN,other,BLR,PRT,106,109,2,3,team_b,Nemzeti Közszolgálati Egyetem Sportcsarnok BUDAPEST,,True,fivb_vis,12223,,
fivb_vis:12224,2021-05-07,men,EuroVolley,EURO_MEN,other,SVK,ROU,89,89,3,1,team_a,City Hall NITRA,,True,fivb_vis,12224,,
fivb_vis:12225,2021-05-07,men,EuroVolley,EURO_MEN,other,HRV,NLD,96,101,1,3,team_b,ŠC Višnjik - Dvorana Krešimir Ćosić ZADAR,,True,fivb_vis,12225,,
fivb_vis:12226,2021-05-07,men,EuroVolley,EURO_MEN,other,GEO,GRC,38,75,0,3,team_b,New Volleyball Arena TBILISI,,True,fivb_vis,12226,,
fivb_vis:12227,2021-05-07,men,EuroVolley,EURO_MEN,other,HUN,NOR,98,91,3,1,team_a,Nemzeti Közszolgálati Egyetem Sportcsarnok BUDAPEST,,True,fivb_vis,12227,,
fivb_vis:12228,2021-05-07,men,EuroVolley,EURO_MEN,other,CHE,ALB,76,63,3,0,team_a,City Hall NITRA,,True,fivb_vis,12228,,
fivb_vis:12229,2021-05-08,men,EuroVolley,EURO_MEN,other,MNE,GRC,103,106,2,3,team_b,New Volleyball Arena TBILISI,,True,fivb_vis,12229,,
fivb_vis:12230,2021-05-08,men,EuroVolley,EURO_MEN,other,PRT,NOR,75,58,3,0,team_a,Nemzeti Közszolgálati Egyetem Sportcsarnok BUDAPEST,,True,fivb_vis,12230,,
fivb_vis:12231,2021-05-08,men,EuroVolley,EURO_MEN,other,CHE,ROU,96,82,3,1,team_a,City Hall NITRA,,True,fivb_vis,12231,,
fivb_vis:12232,2021-05-08,men,EuroVolley,EURO_MEN,other,NLD,SWE,75,49,3,0,team_a,ŠC Višnjik - Dvorana Krešimir Ćosić ZADAR,,True,fivb_vis,12232,,
fivb_vis:12233,2021-05-08,men,EuroVolley,EURO_MEN,other,AZE,GEO,75,57,3,0,team_a,New Volleyball Arena TBILISI,,True,fivb_vis,12233,,
fivb_vis:12234,2021-05-08,men,EuroVolley,EURO_MEN,other,BLR,HUN,75,48,3,0,team_a,Nemzeti Közszolgálati Egyetem Sportcsarnok BUDAPEST,,True,fivb_vis,12234,,
fivb_vis:12235,2021-05-08,men,EuroVolley,EURO_MEN,other,ALB,SVK,77,96,1,3,team_b,City Hall NITRA,,True,fivb_vis,12235,,
fivb_vis:12236,2021-05-09,men,EuroVolley,EURO_MEN,other,GRC,AZE,75,58,3,0,team_a,New Volleyball Arena TBILISI,,True,fivb_vis,12236,,
fivb_vis:12237,2021-05-09,men,EuroVolley,EURO_MEN,other,NOR,BLR,57,75,0,3,team_b,Nemzeti Közszolgálati Egyetem Sportcsarnok BUDAPEST,,True,fivb_vis,12237,,
fivb_vis:12238,2021-05-09,men,EuroVolley,EURO_MEN,other,MNE,GEO,75,31,3,0,team_a,New Volleyball Arena TBILISI,,True,fivb_vis,12238,,
fivb_vis:12239,2021-05-09,men,EuroVolley,EURO_MEN,other,SWE,HRV,82,97,1,3,team_b,ŠC Višnjik - Dvorana Krešimir Ćosić ZADAR,,True,fivb_vis,12239,,
fivb_vis:12240,2021-05-09,men,EuroVolley,EURO_MEN,other,PRT,HUN,75,58,3,0,team_a,Nemzeti Közszolgálati Egyetem Sportcsarnok BUDAPEST,,True,fivb_vis,12240,,
fivb_vis:12241,2021-05-14,men,EuroVolley,EURO_MEN,other,NOR,HUN,97,89,3,1,team_a,Centro de Deportos e Congressos de MATOSINHOS,,True,fivb_vis,12241,,
fivb_vis:12242,2021-05-14,men,EuroVolley,EURO_MEN,other,GEO,GRC,36,75,0,3,team_b,SC Verde  PODGORICA,,True,fivb_vis,12242,,
fivb_vis:12243,2021-05-14,men,EuroVolley,EURO_MEN,other,ALB,ROU,82,99,1,3,team_b,Olimpia Sports Hall PLOIESTI,,True,fivb_vis,12243,,
fivb_vis:12244,2021-05-14,men,EuroVolley,EURO_MEN,other,PRT,BLR,96,87,3,1,team_a,Centro de Deportos e Congressos de MATOSINHOS,,True,fivb_vis,12244,,
fivb_vis:12245,2021-05-14,men,EuroVolley,EURO_MEN,other,SWE,NLD,80,94,1,3,team_b,Omnisport APELDOORN,,True,fivb_vis,12245,,
fivb_vis:12246,2021-05-14,men,EuroVolley,EURO_MEN,other,SVK,CHE,94,89,3,1,team_a,Olimpia Sports Hall PLOIESTI,,True,fivb_vis,12246,,
fivb_vis:12247,2021-05-14,men,EuroVolley,EURO_MEN,other,MNE,AZE,96,77,3,1,team_a,SC Verde  PODGORICA,,True,fivb_vis,12247,,
fivb_vis:12248,2021-05-15,men,EuroVolley,EURO_MEN,other,HUN,BLR,86,94,1,3,team_b,Centro de Deportos e Congressos de MATOSINHOS,,True,fivb_vis,12248,,
fivb_vis:12249,2021-05-15,men,EuroVolley,EURO_MEN,other,HRV,SWE,105,104,3,2,team_a,Omnisport APELDOORN,,True,fivb_vis,12249,,
fivb_vis:12250,2021-05-15,men,EuroVolley,EURO_MEN,other,ROU,CHE,100,107,2,3,team_b,Olimpia Sports Hall PLOIESTI,,True,fivb_vis,12250,,
fivb_vis:12251,2021-05-15,men,EuroVolley,EURO_MEN,other,GRC,AZE,75,46,3,0,team_a,SC Verde  PODGORICA,,True,fivb_vis,12251,,
fivb_vis:12252,2021-05-15,men,EuroVolley,EURO_MEN,other,NOR,PRT,57,75,0,3,team_b,Centro de Deportos e Congressos de MATOSINHOS,,True,fivb_vis,12252,,
fivb_vis:12253,2021-05-15,men,EuroVolley,EURO_MEN,other,GEO,MNE,50,75,0,3,team_b,SC Verde  PODGORICA,,True,fivb_vis,12253,,
fivb_vis:12254,2021-05-15,men,EuroVolley,EURO_MEN,other,ALB,SVK,80,100,1,3,team_b,Olimpia Sports Hall PLOIESTI,,True,fivb_vis,12254,,
fivb_vis:12255,2021-05-16,men,EuroVolley,EURO_MEN,other,BLR,NOR,75,44,3,0,team_a,Centro de Deportos e Congressos de MATOSINHOS,,True,fivb_vis,12255,,
fivb_vis:12256,2021-05-16,men,EuroVolley,EURO_MEN,other,NLD,HRV,112,109,2,3,team_b,Omnisport APELDOORN,,True,fivb_vis,12256,,
fivb_vis:12257,2021-05-16,men,EuroVolley,EURO_MEN,other,ROU,SVK,91,81,3,1,team_a,Olimpia Sports Hall PLOIESTI,,True,fivb_vis,12257,,
fivb_vis:12258,2021-05-16,men,EuroVolley,EURO_MEN,other,AZE,GEO,75,47,3,0,team_a,SC Verde  PODGORICA,,True,fivb_vis,12258,,
fivb_vis:12259,2021-05-16,men,EuroVolley,EURO_MEN,other,HUN,PRT,57,75,0,3,team_b,Centro de Deportos e Congressos de MATOSINHOS,,True,fivb_vis,12259,,
fivb_vis:12260,2021-05-16,men,EuroVolley,EURO_MEN,other,GRC,MNE,59,75,0,3,team_b,SC Verde  PODGORICA,,True,fivb_vis,12260,,
fivb_vis:12261,2021-05-16,men,EuroVolley,EURO_MEN,other,CHE,ALB,100,84,3,1,team_a,Olimpia Sports Hall PLOIESTI,,True,fivb_vis,12261,,
fivb_vis:12750,2021-09-01,men,EuroVolley,EURO_MEN,other,FIN,MKD,99,83,3,1,team_a,Hakametsä Arena TAMPERE,,True,fivb_vis,12750,,
fivb_vis:12751,2021-09-01,men,EuroVolley,EURO_MEN,other,EST,LVA,91,91,1,3,team_b,Saku Suurhall TALLINN,,True,fivb_vis,12751,,
fivb_vis:12752,2021-09-02,men,EuroVolley,EURO_MEN,other,GRC,UKR,99,110,2,3,team_b,Tauron Arena KRAKÓW,,True,fivb_vis,12752,,
fivb_vis:12753,2021-09-02,men,EuroVolley,EURO_MEN,other,RUS,TUR,92,95,1,3,team_b,Hakametsä Arena TAMPERE,,True,fivb_vis,12753,,
fivb_vis:12754,2021-09-02,men,EuroVolley,EURO_MEN,other,POL,PRT,97,76,3,1,team_a,Tauron Arena KRAKÓW,,True,fivb_vis,12754,,
fivb_vis:12755,2021-09-02,men,EuroVolley,EURO_MEN,other,NLD,ESP,76,69,3,0,team_a,Hakametsä Arena TAMPERE,,True,fivb_vis,12755,,
fivb_vis:12756,2021-09-02,men,EuroVolley,EURO_MEN,other,BEL,SRB,76,96,1,3,team_b,Tauron Arena KRAKÓW,,True,fivb_vis,12756,,
fivb_vis:12757,2021-09-03,men,EuroVolley,EURO_MEN,other,ITA,BLR,75,45,3,0,team_a,Ostravar Aréna OSTRAVA,,True,fivb_vis,12757,,
fivb_vis:12758,2021-09-03,men,EuroVolley,EURO_MEN,other,TUR,ESP,106,95,3,1,team_a,Hakametsä Arena TAMPERE,,True,fivb_vis,12758,,
fivb_vis:12759,2021-09-03,men,EuroVolley,EURO_MEN,other,HRV,DEU,52,75,0,3,team_b,Saku Suurhall TALLINN,,True,fivb_vis,12759,,
fivb_vis:12760,2021-09-03,men,EuroVolley,EURO_MEN,other,MNE,BGR,64,77,0,3,team_b,Ostravar Aréna OSTRAVA,,True,fivb_vis,12760,,
fivb_vis:12761,2021-09-03,men,EuroVolley,EURO_MEN,other,BEL,PRT,108,103,2,3,team_b,Tauron Arena KRAKÓW,,True,fivb_vis,12761,,
fivb_vis:12762,2021-09-03,men,EuroVolley,EURO_MEN,other,FRA,SVK,75,61,3,0,team_a,Saku Suurhall TALLINN,,True,fivb_vis,12762,,
fivb_vis:12763,2021-09-03,men,EuroVolley,EURO_MEN,other,NLD,MKD,75,60,3,0,team_a,Hakametsä Arena TAMPERE,,True,fivb_vis,12763,,
fivb_vis:12764,2021-09-03,men,EuroVolley,EURO_MEN,other,CZE,SVN,90,86,3,1,team_a,Ostravar Aréna OSTRAVA,,True,fivb_vis,12764,,
fivb_vis:12765,2021-09-03,men,EuroVolley,EURO_MEN,other,UKR,SRB,70,78,0,3,team_b,Tauron Arena KRAKÓW,,True,fivb_vis,12765,,
fivb_vis:12766,2021-09-04,men,EuroVolley,EURO_MEN,other,ESP,FIN,57,75,0,3,team_b,Hakametsä Arena TAMPERE,,True,fivb_vis,12766,,
fivb_vis:12767,2021-09-04,men,EuroVolley,EURO_MEN,other,SVK,EST,97,112,2,3,team_b,Saku Suurhall TALLINN,,True,fivb_vis,12767,,
fivb_vis:12768,2021-09-04,men,EuroVolley,EURO_MEN,other,MNE,SVN,49,75,0,3,team_b,Ostravar Aréna OSTRAVA,,True,fivb_vis,12768,,
fivb_vis:12769,2021-09-04,men,EuroVolley,EURO_MEN,other,BEL,GRC,75,60,3,0,team_a,Tauron Arena KRAKÓW,,True,fivb_vis,12769,,
fivb_vis:12770,2021-09-04,men,EuroVolley,EURO_MEN,other,NLD,RUS,97,105,2,3,team_b,Hakametsä Arena TAMPERE,,True,fivb_vis,12770,,
fivb_vis:12771,2021-09-04,men,EuroVolley,EURO_MEN,other,HRV,LVA,122,115,3,2,team_a,Saku Suurhall TALLINN,,True,fivb_vis,12771,,
fivb_vis:12772,2021-09-04,men,EuroVolley,EURO_MEN,other,BLR,CZE,94,85,3,1,team_a,Ostravar Aréna OSTRAVA,,True,fivb_vis,12772,,
fivb_vis:12773,2021-09-04,men,EuroVolley,EURO_MEN,other,SRB,POL,105,109,2,3,team_b,Tauron Arena KRAKÓW,,True,fivb_vis,12773,,
fivb_vis:12774,2021-09-05,men,EuroVolley,EURO_MEN,other,MKD,TUR,49,75,0,3,team_b,Hakametsä Arena TAMPERE,,True,fivb_vis,12774,,
fivb_vis:12775,2021-09-05,men,EuroVolley,EURO_MEN,other,EST,DEU,56,75,0,3,team_b,Saku Suurhall TALLINN,,True,fivb_vis,12775,,
fivb_vis:12776,2021-09-05,men,EuroVolley,EURO_MEN,other,CZE,BGR,95,107,2,3,team_b,Ostravar Aréna OSTRAVA,,True,fivb_vis,12776,,
fivb_vis:12777,2021-09-05,men,EuroVolley,EURO_MEN,other,PRT,UKR,103,110,2,3,team_b,Tauron Arena KRAKÓW,,True,fivb_vis,12777,,
fivb_vis:12778,2021-09-05,men,EuroVolley,EURO_MEN,other,RUS,FIN,97,80,3,1,team_a,Hakametsä Arena TAMPERE,,True,fivb_vis,12778,,
fivb_vis:12779,2021-09-05,men,EuroVolley,EURO_MEN,other,FRA,HRV,76,55,3,0,team_a,Saku Suurhall TALLINN,,True,fivb_vis,12779,,
fivb_vis:12780,2021-09-05,men,EuroVolley,EURO_MEN,other,ITA,MNE,76,61,3,0,team_a,Ostravar Aréna OSTRAVA,,True,fivb_vis,12780,,
fivb_vis:12781,2021-09-05,men,EuroVolley,EURO_MEN,other,GRC,POL,86,96,1,3,team_b,Tauron Arena KRAKÓW,,True,fivb_vis,12781,,
fivb_vis:12782,2021-09-06,men,EuroVolley,EURO_MEN,other,BGR,ITA,74,92,1,3,team_b,Ostravar Aréna OSTRAVA,,True,fivb_vis,12782,,
fivb_vis:12783,2021-09-06,men,EuroVolley,EURO_MEN,other,LVA,SVK,94,101,2,3,team_b,Saku Suurhall TALLINN,,True,fivb_vis,12783,,
fivb_vis:12784,2021-09-06,men,EuroVolley,EURO_MEN,other,MKD,ESP,91,101,1,3,team_b,Hakametsä Arena TAMPERE,,True,fivb_vis,12784,,
fivb_vis:12785,2021-09-06,men,EuroVolley,EURO_MEN,other,PRT,SRB,78,97,1,3,team_b,Tauron Arena KRAKÓW,,True,fivb_vis,12785,,
fivb_vis:12786,2021-09-06,men,EuroVolley,EURO_MEN,other,SVN,BLR,75,55,3,0,team_a,Ostravar Aréna OSTRAVA,,True,fivb_vis,12786,,
fivb_vis:12787,2021-09-06,men,EuroVolley,EURO_MEN,other,TUR,NLD,98,101,1,3,team_b,Hakametsä Arena TAMPERE,,True,fivb_vis,12787,,
fivb_vis:12788,2021-09-06,men,EuroVolley,EURO_MEN,other,DEU,FRA,98,96,1,3,team_b,Saku Suurhall TALLINN,,True,fivb_vis,12788,,
fivb_vis:12789,2021-09-06,men,EuroVolley,EURO_MEN,other,POL,BEL,76,58,3,0,team_a,Tauron Arena KRAKÓW,,True,fivb_vis,12789,,
fivb_vis:12790,2021-09-07,men,EuroVolley,EURO_MEN,other,SVN,BGR,75,58,3,0,team_a,Ostravar Aréna OSTRAVA,,True,fivb_vis,12790,,
fivb_vis:12791,2021-09-07,men,EuroVolley,EURO_MEN,other,LVA,DEU,85,100,1,3,team_b,Saku Suurhall TALLINN,,True,fivb_vis,12791,,
fivb_vis:12792,2021-09-07,men,EuroVolley,EURO_MEN,other,ESP,RUS,78,95,1,3,team_b,Hakametsä Arena TAMPERE,,True,fivb_vis,12792,,
fivb_vis:12793,2021-09-07,men,EuroVolley,EURO_MEN,other,SRB,GRC,115,99,3,2,team_a,Tauron Arena KRAKÓW,,True,fivb_vis,12793,,
fivb_vis:12794,2021-09-07,men,EuroVolley,EURO_MEN,other,MNE,CZE,61,80,0,3,team_b,Ostravar Aréna OSTRAVA,,True,fivb_vis,12794,,
fivb_vis:12795,2021-09-07,men,EuroVolley,EURO_MEN,other,FIN,NLD,93,98,1,3,team_b,Hakametsä Arena TAMPERE,,True,fivb_vis,12795,,
fivb_vis:12796,2021-09-07,men,EuroVolley,EURO_MEN,other,HRV,EST,108,101,3,2,team_a,Saku Suurhall TALLINN,,True,fivb_vis,12796,,
fivb_vis:12797,2021-09-07,men,EuroVolley,EURO_MEN,other,UKR,BEL,100,91,3,1,team_a,Tauron Arena KRAKÓW,,True,fivb_vis,12797,,
fivb_vis:12798,2021-09-08,men,EuroVolley,EURO_MEN,other,ITA,SVN,77,68,3,0,team_a,Ostravar Aréna OSTRAVA,,True,fivb_vis,12798,,
fivb_vis:12799,2021-09-08,men,EuroVolley,EURO_MEN,other,SVK,HRV,94,106,1,3,team_b,Saku Suurhall TALLINN,,True,fivb_vis,12799,,
fivb_vis:12800,2021-09-08,men,EuroVolley,EURO_MEN,other,RUS,MKD,75,46,3,0,team_a,Hakametsä Arena TAMPERE,,True,fivb_vis,12800,,
fivb_vis:12801,2021-09-08,men,EuroVolley,EURO_MEN,other,POL,UKR,75,56,3,0,team_a,Tauron Arena KRAKÓW,,True,fivb_vis,12801,,
fivb_vis:12802,2021-09-08,men,EuroVolley,EURO_MEN,other,BLR,MNE,75,56,3,0,team_a,Ostravar Aréna OSTRAVA,,True,fivb_vis,12802,,
fivb_vis:12803,2021-09-08,men,EuroVolley,EURO_MEN,other,FIN,TUR,108,102,3,2,team_a,Hakametsä Arena TAMPERE,,True,fivb_vis,12803,,
fivb_vis:12804,2021-09-08,men,EuroVolley,EURO_MEN,other,FRA,LVA,75,49,3,0,team_a,Saku Suurhall TALLINN,,True,fivb_vis,12804,,
fivb_vis:12805,2021-09-08,men,EuroVolley,EURO_MEN,other,GRC,PRT,90,99,1,3,team_b,Tauron Arena KRAKÓW,,True,fivb_vis,12805,,
fivb_vis:12806,2021-09-09,men,EuroVolley,EURO_MEN,other,BGR,BLR,99,79,3,1,team_a,Ostravar Aréna OSTRAVA,,True,fivb_vis,12806,,
fivb_vis:12807,2021-09-09,men,EuroVolley,EURO_MEN,other,DEU,SVK,115,100,3,2,team_a,Saku Suurhall TALLINN,,True,fivb_vis,12807,,
fivb_vis:12808,2021-09-09,men,EuroVolley,EURO_MEN,other,CZE,ITA,88,98,1,3,team_b,Ostravar Aréna OSTRAVA,,True,fivb_vis,12808,,
fivb_vis:12809,2021-09-09,men,EuroVolley,EURO_MEN,other,EST,FRA,54,75,0,3,team_b,Saku Suurhall TALLINN,,True,fivb_vis,12809,,
fivb_vis:12810,2021-09-11,men,EuroVolley,EURO_MEN,other,POL,FIN,75,46,3,0,team_a,Ergo Arena GDANSK / SOPOT,,True,fivb_vis,12810,,
fivb_vis:12811,2021-09-11,men,EuroVolley,EURO_MEN,other,RUS,UKR,97,85,3,1,team_a,Ergo Arena GDANSK / SOPOT,,True,fivb_vis,12811,,
fivb_vis:12812,2021-09-12,men,EuroVolley,EURO_MEN,other,NLD,PRT,108,109,3,2,team_a,Ergo Arena GDANSK / SOPOT,,True,fivb_vis,12812,,
fivb_vis:12813,2021-09-12,men,EuroVolley,EURO_MEN,other,SRB,TUR,109,103,3,2,team_a,Ergo Arena GDANSK / SOPOT,,True,fivb_vis,12813,,
fivb_vis:12814,2021-09-12,men,EuroVolley,EURO_MEN,other,ITA,LVA,75,43,3,0,team_a,Ostravar Aréna OSTRAVA,,True,fivb_vis,12814,,
fivb_vis:12815,2021-09-12,men,EuroVolley,EURO_MEN,other,DEU,BGR,93,80,3,1,team_a,Ostravar Aréna OSTRAVA,,True,fivb_vis,12815,,
fivb_vis:12816,2021-09-13,men,EuroVolley,EURO_MEN,other,FRA,CZE,73,84,0,3,team_b,Ostravar Aréna OSTRAVA,,True,fivb_vis,12816,,
fivb_vis:12817,2021-09-13,men,EuroVolley,EURO_MEN,other,SVN,HRV,94,75,3,1,team_a,Ostravar Aréna OSTRAVA,,True,fivb_vis,12817,,
fivb_vis:12818,2021-09-14,men,EuroVolley,EURO_MEN,other,POL,RUS,76,57,3,0,team_a,Ergo Arena GDANSK / SOPOT,,True,fivb_vis,12818,,
fivb_vis:12819,2021-09-14,men,EuroVolley,EURO_MEN,other,NLD,SRB,68,77,0,3,team_b,Ergo Arena GDANSK / SOPOT,,True,fivb_vis,12819,,
fivb_vis:12820,2021-09-15,men,EuroVolley,EURO_MEN,other,ITA,DEU,75,50,3,0,team_a,Ostravar Aréna OSTRAVA,,True,fivb_vis,12820,,
fivb_vis:12821,2021-09-15,men,EuroVolley,EURO_MEN,other,CZE,SVN,65,77,0,3,team_b,Ostravar Aréna OSTRAVA,,True,fivb_vis,12821,,
fivb_vis:12822,2021-09-18,men,EuroVolley,EURO_MEN,other,POL,SVN,106,111,1,3,team_b,Spodek KATOWICE,,True,fivb_vis,12822,,
fivb_vis:12823,2021-09-18,men,EuroVolley,EURO_MEN,other,SRB,ITA,92,102,1,3,team_b,Spodek KATOWICE,,True,fivb_vis,12823,,
fivb_vis:12824,2021-09-19,men,EuroVolley,EURO_MEN,other,POL,SRB,75,60,3,0,team_a,Spodek KATOWICE,,True,fivb_vis,12824,,
fivb_vis:12825,2021-09-19,men,EuroVolley,EURO_MEN,other,SVN,ITA,101,107,2,3,team_b,Spodek KATOWICE,,True,fivb_vis,12825,,
fivb_vis:12148,2021-05-06,women,EuroVolley,EURO_WOMEN,other,SVN,BIH,67,76,0,3,team_b,Olympic Center DAUGAVPILS,,True,fivb_vis,12148,,
fivb_vis:12149,2021-05-06,women,EuroVolley,EURO_WOMEN,other,LVA,CZE,45,75,0,3,team_b,Olympic Center DAUGAVPILS,,True,fivb_vis,12149,,
fivb_vis:12150,2021-05-07,women,EuroVolley,EURO_WOMEN,other,GEO,SWE,0,75,0,3,team_b,Centro de Deportos e Congressos de MATOSINHOS,,True,fivb_vis,12150,,
fivb_vis:12151,2021-05-07,women,EuroVolley,EURO_WOMEN,other,BIH,CZE,58,75,0,3,team_b,Olympic Center DAUGAVPILS,,True,fivb_vis,12151,,
fivb_vis:12152,2021-05-07,women,EuroVolley,EURO_WOMEN,other,ESP,AUT,101,92,3,1,team_a,Neapolis National Sports Hall LARISSA,,True,fivb_vis,12152,,
fivb_vis:12153,2021-05-07,women,EuroVolley,EURO_WOMEN,other,FIN,SVK,82,98,1,3,team_b,SC Verde  PODGORICA,,True,fivb_vis,12153,,
fivb_vis:12154,2021-05-07,women,EuroVolley,EURO_WOMEN,other,ISR,HUN,44,75,0,3,team_b,Le Phare BELFORT,,True,fivb_vis,12154,,
fivb_vis:12155,2021-05-07,women,EuroVolley,EURO_WOMEN,other,PRT,UKR,88,95,1,3,team_b,Centro de Deportos e Congressos de MATOSINHOS,,True,fivb_vis,12155,,
fivb_vis:12156,2021-05-07,women,EuroVolley,EURO_WOMEN,other,SVN,LVA,79,56,3,0,team_a,Olympic Center DAUGAVPILS,,True,fivb_vis,12156,,
fivb_vis:12157,2021-05-07,women,EuroVolley,EURO_WOMEN,other,DNK,FRA,49,75,0,3,team_b,Le Phare BELFORT,,True,fivb_vis,12157,,
fivb_vis:12158,2021-05-07,women,EuroVolley,EURO_WOMEN,other,MNE,XKX,76,59,3,0,team_a,SC Verde  PODGORICA,,True,fivb_vis,12158,,
fivb_vis:12159,2021-05-07,women,EuroVolley,EURO_WOMEN,other,GRC,NOR,75,47,3,0,team_a,Neapolis National Sports Hall LARISSA,,True,fivb_vis,12159,,
fivb_vis:12160,2021-05-08,women,EuroVolley,EURO_WOMEN,other,GEO,PRT,0,75,0,3,team_b,Centro de Deportos e Congressos de MATOSINHOS,,True,fivb_vis,12160,,
fivb_vis:12161,2021-05-08,women,EuroVolley,EURO_WOMEN,other,SWE,UKR,77,62,3,0,team_a,Centro de Deportos e Congressos de MATOSINHOS,,True,fivb_vis,12161,,
fivb_vis:12162,2021-05-08,women,EuroVolley,EURO_WOMEN,other,CZE,SVN,96,82,3,1,team_a,Olympic Center DAUGAVPILS,,True,fivb_vis,12162,,
fivb_vis:12163,2021-05-08,women,EuroVolley,EURO_WOMEN,other,AUT,NOR,75,48,3,0,team_a,Neapolis National Sports Hall LARISSA,,True,fivb_vis,12163,,
fivb_vis:12164,2021-05-08,women,EuroVolley,EURO_WOMEN,other,SVK,XKX,75,48,3,0,team_a,SC Verde  PODGORICA,,True,fivb_vis,12164,,
fivb_vis:12165,2021-05-08,women,EuroVolley,EURO_WOMEN,other,FRA,HUN,109,99,2,3,team_b,Le Phare BELFORT,,True,fivb_vis,12165,,
fivb_vis:12166,2021-05-08,women,EuroVolley,EURO_WOMEN,other,BIH,LVA,75,46,3,0,team_a,Olympic Center DAUGAVPILS,,True,fivb_vis,12166,,
fivb_vis:12167,2021-05-08,women,EuroVolley,EURO_WOMEN,other,DNK,ISR,51,75,0,3,team_b,Le Phare BELFORT,,True,fivb_vis,12167,,
fivb_vis:12168,2021-05-08,women,EuroVolley,EURO_WOMEN,other,FIN,MNE,111,104,3,2,team_a,SC Verde  PODGORICA,,True,fivb_vis,12168,,
fivb_vis:12169,2021-05-08,women,EuroVolley,EURO_WOMEN,other,ESP,GRC,60,75,0,3,team_b,Neapolis National Sports Hall LARISSA,,True,fivb_vis,12169,,
fivb_vis:12170,2021-05-09,women,EuroVolley,EURO_WOMEN,other,UKR,GEO,75,0,3,0,team_a,Centro de Deportos e Congressos de MATOSINHOS,,True,fivb_vis,12170,,
fivb_vis:12171,2021-05-09,women,EuroVolley,EURO_WOMEN,other,SWE,PRT,94,77,3,1,team_a,Centro de Deportos e Congressos de MATOSINHOS,,True,fivb_vis,12171,,
fivb_vis:12172,2021-05-09,women,EuroVolley,EURO_WOMEN,other,FRA,ISR,75,49,3,0,team_a,Le Phare BELFORT,,True,fivb_vis,12172,,
fivb_vis:12173,2021-05-09,women,EuroVolley,EURO_WOMEN,other,NOR,ESP,45,75,0,3,team_b,Neapolis National Sports Hall LARISSA,,True,fivb_vis,12173,,
fivb_vis:12174,2021-05-09,women,EuroVolley,EURO_WOMEN,other,XKX,FIN,40,75,0,3,team_b,SC Verde  PODGORICA,,True,fivb_vis,12174,,
fivb_vis:12175,2021-05-09,women,EuroVolley,EURO_WOMEN,other,HUN,DNK,75,51,3,0,team_a,Le Phare BELFORT,,True,fivb_vis,12175,,
fivb_vis:12176,2021-05-09,women,EuroVolley,EURO_WOMEN,other,SVK,MNE,75,62,3,0,team_a,SC Verde  PODGORICA,,True,fivb_vis,12176,,
fivb_vis:12177,2021-05-09,women,EuroVolley,EURO_WOMEN,other,AUT,GRC,40,75,0,3,team_b,Neapolis National Sports Hall LARISSA,,True,fivb_vis,12177,,
fivb_vis:12178,2021-05-10,women,EuroVolley,EURO_WOMEN,other,BLR,EST,75,61,3,0,team_a,"Chyzhovka-Arena, Team Sports Hall MINSK",,True,fivb_vis,12178,,
fivb_vis:12179,2021-05-11,women,EuroVolley,EURO_WOMEN,other,EST,CHE,98,107,2,3,team_b,"Chyzhovka-Arena, Team Sports Hall MINSK",,True,fivb_vis,12179,,
fivb_vis:12180,2021-05-12,women,EuroVolley,EURO_WOMEN,other,CHE,BLR,83,93,1,3,team_b,"Chyzhovka-Arena, Team Sports Hall MINSK",,True,fivb_vis,12180,,
fivb_vis:12181,2021-05-13,women,EuroVolley,EURO_WOMEN,other,SVK,MNE,75,47,3,0,team_a,City Hall NITRA,,True,fivb_vis,12181,,
fivb_vis:12182,2021-05-13,women,EuroVolley,EURO_WOMEN,other,AUT,ESP,60,75,0,3,team_b,Raiffeisen Sportpark GRAZ / A,,True,fivb_vis,12182,,
fivb_vis:12183,2021-05-13,women,EuroVolley,EURO_WOMEN,other,EST,BLR,65,79,0,3,team_b,"Chyzhovka-Arena, Team Sports Hall MINSK",,True,fivb_vis,12183,,
fivb_vis:12184,2021-05-13,women,EuroVolley,EURO_WOMEN,other,NOR,GRC,0,75,0,3,team_b,Raiffeisen Sportpark GRAZ / A,,True,fivb_vis,12184,,
fivb_vis:12185,2021-05-13,women,EuroVolley,EURO_WOMEN,other,XKX,FIN,39,75,0,3,team_b,City Hall NITRA,,True,fivb_vis,12185,,
fivb_vis:12186,2021-05-14,women,EuroVolley,EURO_WOMEN,other,GEO,PRT,50,75,0,3,team_b,New Volleyball Arena TBILISI,,True,fivb_vis,12186,,
fivb_vis:12187,2021-05-14,women,EuroVolley,EURO_WOMEN,other,DNK,FRA,61,75,0,3,team_b,Nemzeti Közszolgálati Egyetem Sportcsarnok BUDAPEST,,True,fivb_vis,12187,,
fivb_vis:12188,2021-05-14,women,EuroVolley,EURO_WOMEN,other,LVA,SVN,82,98,1,3,team_b,"Gradska Arena ""Husejin Smajlović"" ZENICA",,True,fivb_vis,12188,,
fivb_vis:12189,2021-05-14,women,EuroVolley,EURO_WOMEN,other,MNE,FIN,85,97,1,3,team_b,City Hall NITRA,,True,fivb_vis,12189,,
fivb_vis:12190,2021-05-14,women,EuroVolley,EURO_WOMEN,other,ESP,GRC,55,75,0,3,team_b,Raiffeisen Sportpark GRAZ / A,,True,fivb_vis,12190,,
fivb_vis:12191,2021-05-14,women,EuroVolley,EURO_WOMEN,other,CHE,EST,98,79,3,1,team_a,"Chyzhovka-Arena, Team Sports Hall MINSK",,True,fivb_vis,12191,,
fivb_vis:12192,2021-05-14,women,EuroVolley,EURO_WOMEN,other,SWE,UKR,98,102,3,2,team_a,New Volleyball Arena TBILISI,,True,fivb_vis,12192,,
fivb_vis:12193,2021-05-14,women,EuroVolley,EURO_WOMEN,other,HUN,ISR,75,51,3,0,team_a,Nemzeti Közszolgálati Egyetem Sportcsarnok BUDAPEST,,True,fivb_vis,12193,,
fivb_vis:12194,2021-05-14,women,EuroVolley,EURO_WOMEN,other,BIH,CZE,70,94,1,3,team_b,"Gradska Arena ""Husejin Smajlović"" ZENICA",,True,fivb_vis,12194,,
fivb_vis:12195,2021-05-14,women,EuroVolley,EURO_WOMEN,other,NOR,AUT,0,75,0,3,team_b,Raiffeisen Sportpark GRAZ / A,,True,fivb_vis,12195,,
fivb_vis:12196,2021-05-14,women,EuroVolley,EURO_WOMEN,other,SVK,XKX,75,51,3,0,team_a,City Hall NITRA,,True,fivb_vis,12196,,
fivb_vis:12197,2021-05-15,women,EuroVolley,EURO_WOMEN,other,PRT,UKR,40,75,0,3,team_b,New Volleyball Arena TBILISI,,True,fivb_vis,12197,,
fivb_vis:12198,2021-05-15,women,EuroVolley,EURO_WOMEN,other,FRA,ISR,75,45,3,0,team_a,Nemzeti Közszolgálati Egyetem Sportcsarnok BUDAPEST,,True,fivb_vis,12198,,
fivb_vis:12199,2021-05-15,women,EuroVolley,EURO_WOMEN,other,SVN,CZE,55,75,0,3,team_b,"Gradska Arena ""Husejin Smajlović"" ZENICA",,True,fivb_vis,12199,,
fivb_vis:12200,2021-05-15,women,EuroVolley,EURO_WOMEN,other,MNE,XKX,89,79,3,1,team_a,City Hall NITRA,,True,fivb_vis,12200,,
fivb_vis:12201,2021-05-15,women,EuroVolley,EURO_WOMEN,other,ESP,NOR,75,0,3,0,team_a,Raiffeisen Sportpark GRAZ / A,,True,fivb_vis,12201,,
fivb_vis:12202,2021-05-15,women,EuroVolley,EURO_WOMEN,other,BLR,CHE,75,51,3,0,team_a,"Chyzhovka-Arena, Team Sports Hall MINSK",,True,fivb_vis,12202,,
fivb_vis:12203,2021-05-15,women,EuroVolley,EURO_WOMEN,other,GEO,SWE,39,75,0,3,team_b,New Volleyball Arena TBILISI,,True,fivb_vis,12203,,
fivb_vis:12204,2021-05-15,women,EuroVolley,EURO_WOMEN,other,DNK,HUN,39,75,0,3,team_b,Nemzeti Közszolgálati Egyetem Sportcsarnok BUDAPEST,,True,fivb_vis,12204,,
fivb_vis:12205,2021-05-15,women,EuroVolley,EURO_WOMEN,other,LVA,BIH,46,75,0,3,team_b,"Gradska Arena ""Husejin Smajlović"" ZENICA",,True,fivb_vis,12205,,
fivb_vis:12206,2021-05-15,women,EuroVolley,EURO_WOMEN,other,GRC,AUT,75,51,3,0,team_a,Raiffeisen Sportpark GRAZ / A,,True,fivb_vis,12206,,
fivb_vis:12207,2021-05-15,women,EuroVolley,EURO_WOMEN,other,FIN,SVK,0,75,0,3,team_b,City Hall NITRA,,True,fivb_vis,12207,,
fivb_vis:12208,2021-05-16,women,EuroVolley,EURO_WOMEN,other,UKR,GEO,75,34,3,0,team_a,New Volleyball Arena TBILISI,,True,fivb_vis,12208,,
fivb_vis:12209,2021-05-16,women,EuroVolley,EURO_WOMEN,other,FRA,HUN,116,110,3,2,team_a,Nemzeti Közszolgálati Egyetem Sportcsarnok BUDAPEST,,True,fivb_vis,12209,,
fivb_vis:12210,2021-05-16,women,EuroVolley,EURO_WOMEN,other,CZE,LVA,76,62,3,0,team_a,"Gradska Arena ""Husejin Smajlović"" ZENICA",,True,fivb_vis,12210,,
fivb_vis:12211,2021-05-16,women,EuroVolley,EURO_WOMEN,other,PRT,SWE,97,88,3,1,team_a,New Volleyball Arena TBILISI,,True,fivb_vis,12211,,
fivb_vis:12212,2021-05-16,women,EuroVolley,EURO_WOMEN,other,ISR,DNK,103,103,3,2,team_a,Nemzeti Közszolgálati Egyetem Sportcsarnok BUDAPEST,,True,fivb_vis,12212,,
fivb_vis:12213,2021-05-16,women,EuroVolley,EURO_WOMEN,other,SVN,BIH,98,91,3,1,team_a,"Gradska Arena ""Husejin Smajlović"" ZENICA",,True,fivb_vis,12213,,
fivb_vis:12582,2021-08-18,women,EuroVolley,EURO_WOMEN,other,BGR,GRC,75,54,3,0,team_a,Kolodruma Sport Hall PLOVDIV,,True,fivb_vis,12582,,
fivb_vis:12583,2021-08-18,women,EuroVolley,EURO_WOMEN,other,ROU,TUR,72,98,1,3,team_b,BT Arena CLUJ NAPOCA,,True,fivb_vis,12583,,
fivb_vis:12584,2021-08-19,women,EuroVolley,EURO_WOMEN,other,SWE,FIN,108,108,3,2,team_a,BT Arena CLUJ NAPOCA,,True,fivb_vis,12584,,
fivb_vis:12585,2021-08-19,women,EuroVolley,EURO_WOMEN,other,SRB,BIH,75,43,3,0,team_a,Štark Arena BELGRADE,,True,fivb_vis,12585,,
fivb_vis:12586,2021-08-19,women,EuroVolley,EURO_WOMEN,other,HRV,CHE,75,60,3,0,team_a,ŠC Višnjik - Dvorana Krešimir Ćosić ZADAR,,True,fivb_vis,12586,,
fivb_vis:12587,2021-08-19,women,EuroVolley,EURO_WOMEN,other,ESP,CZE,87,97,1,3,team_b,Kolodruma Sport Hall PLOVDIV,,True,fivb_vis,12587,,
fivb_vis:12588,2021-08-19,women,EuroVolley,EURO_WOMEN,other,NLD,UKR,75,51,3,0,team_a,BT Arena CLUJ NAPOCA,,True,fivb_vis,12588,,
fivb_vis:12589,2021-08-19,women,EuroVolley,EURO_WOMEN,other,DEU,POL,90,98,1,3,team_b,Kolodruma Sport Hall PLOVDIV,,True,fivb_vis,12589,,
fivb_vis:12590,2021-08-20,women,EuroVolley,EURO_WOMEN,other,AZE,BEL,50,76,0,3,team_b,Štark Arena BELGRADE,,True,fivb_vis,12590,,
fivb_vis:12591,2021-08-20,women,EuroVolley,EURO_WOMEN,other,ITA,BLR,75,54,3,0,team_a,ŠC Višnjik - Dvorana Krešimir Ćosić ZADAR,,True,fivb_vis,12591,,
fivb_vis:12592,2021-08-20,women,EuroVolley,EURO_WOMEN,other,CZE,DEU,92,95,1,3,team_b,Kolodruma Sport Hall PLOVDIV,,True,fivb_vis,12592,,
fivb_vis:12593,2021-08-20,women,EuroVolley,EURO_WOMEN,other,FIN,NLD,38,75,0,3,team_b,BT Arena CLUJ NAPOCA,,True,fivb_vis,12593,,
fivb_vis:12594,2021-08-20,women,EuroVolley,EURO_WOMEN,other,RUS,FRA,89,82,3,1,team_a,Štark Arena BELGRADE,,True,fivb_vis,12594,,
fivb_vis:12595,2021-08-20,women,EuroVolley,EURO_WOMEN,other,HUN,SVK,95,86,3,1,team_a,ŠC Višnjik - Dvorana Krešimir Ćosić ZADAR,,True,fivb_vis,12595,,
fivb_vis:12596,2021-08-20,women,EuroVolley,EURO_WOMEN,other,GRC,POL,55,75,0,3,team_b,Kolodruma Sport Hall PLOVDIV,,True,fivb_vis,12596,,
fivb_vis:12597,2021-08-20,women,EuroVolley,EURO_WOMEN,other,TUR,UKR,76,57,3,0,team_a,BT Arena CLUJ NAPOCA,,True,fivb_vis,12597,,
fivb_vis:12598,2021-08-21,women,EuroVolley,EURO_WOMEN,other,BLR,HRV,57,75,0,3,team_b,ŠC Višnjik - Dvorana Krešimir Ćosić ZADAR,,True,fivb_vis,12598,,
fivb_vis:12599,2021-08-21,women,EuroVolley,EURO_WOMEN,other,CZE,POL,79,95,1,3,team_b,Kolodruma Sport Hall PLOVDIV,,True,fivb_vis,12599,,
fivb_vis:12600,2021-08-21,women,EuroVolley,EURO_WOMEN,other,FIN,UKR,92,101,1,3,team_b,BT Arena CLUJ NAPOCA,,True,fivb_vis,12600,,
fivb_vis:12601,2021-08-21,women,EuroVolley,EURO_WOMEN,other,AZE,BIH,54,75,0,3,team_b,Štark Arena BELGRADE,,True,fivb_vis,12601,,
fivb_vis:12602,2021-08-21,women,EuroVolley,EURO_WOMEN,other,HUN,CHE,111,114,2,3,team_b,ŠC Višnjik - Dvorana Krešimir Ćosić ZADAR,,True,fivb_vis,12602,,
fivb_vis:12603,2021-08-21,women,EuroVolley,EURO_WOMEN,other,BGR,ESP,75,52,3,0,team_a,Kolodruma Sport Hall PLOVDIV,,True,fivb_vis,12603,,
fivb_vis:12604,2021-08-21,women,EuroVolley,EURO_WOMEN,other,ROU,SWE,54,75,0,3,team_b,BT Arena CLUJ NAPOCA,,True,fivb_vis,12604,,
fivb_vis:12605,2021-08-21,women,EuroVolley,EURO_WOMEN,other,FRA,SRB,43,75,0,3,team_b,Štark Arena BELGRADE,,True,fivb_vis,12605,,
fivb_vis:12606,2021-08-22,women,EuroVolley,EURO_WOMEN,other,GRC,ESP,102,111,2,3,team_b,Kolodruma Sport Hall PLOVDIV,,True,fivb_vis,12606,,
fivb_vis:12607,2021-08-22,women,EuroVolley,EURO_WOMEN,other,HRV,SVK,75,48,3,0,team_a,ŠC Višnjik - Dvorana Krešimir Ćosić ZADAR,,True,fivb_vis,12607,,
fivb_vis:12608,2021-08-22,women,EuroVolley,EURO_WOMEN,other,RUS,AZE,75,46,3,0,team_a,Štark Arena BELGRADE,,True,fivb_vis,12608,,
fivb_vis:12609,2021-08-22,women,EuroVolley,EURO_WOMEN,other,TUR,SWE,81,61,3,0,team_a,BT Arena CLUJ NAPOCA,,True,fivb_vis,12609,,
fivb_vis:12610,2021-08-22,women,EuroVolley,EURO_WOMEN,other,DEU,BGR,99,104,3,2,team_a,Kolodruma Sport Hall PLOVDIV,,True,fivb_vis,12610,,
fivb_vis:12611,2021-08-22,women,EuroVolley,EURO_WOMEN,other,ITA,HUN,75,50,3,0,team_a,ŠC Višnjik - Dvorana Krešimir Ćosić ZADAR,,True,fivb_vis,12611,,
fivb_vis:12612,2021-08-22,women,EuroVolley,EURO_WOMEN,other,SRB,BEL,75,63,3,0,team_a,Štark Arena BELGRADE,,True,fivb_vis,12612,,
fivb_vis:12613,2021-08-22,women,EuroVolley,EURO_WOMEN,other,NLD,ROU,100,70,3,1,team_a,BT Arena CLUJ NAPOCA,,True,fivb_vis,12613,,
fivb_vis:12614,2021-08-23,women,EuroVolley,EURO_WOMEN,other,BEL,RUS,115,102,3,2,team_a,Štark Arena BELGRADE,,True,fivb_vis,12614,,
fivb_vis:12615,2021-08-23,women,EuroVolley,EURO_WOMEN,other,SVK,ITA,81,100,1,3,team_b,ŠC Višnjik - Dvorana Krešimir Ćosić ZADAR,,True,fivb_vis,12615,,
fivb_vis:12616,2021-08-23,women,EuroVolley,EURO_WOMEN,other,UKR,SWE,75,60,3,0,team_a,BT Arena CLUJ NAPOCA,,True,fivb_vis,12616,,
fivb_vis:12617,2021-08-23,women,EuroVolley,EURO_WOMEN,other,GRC,CZE,65,79,0,3,team_b,Kolodruma Sport Hall PLOVDIV,,True,fivb_vis,12617,,
fivb_vis:12618,2021-08-23,women,EuroVolley,EURO_WOMEN,other,BIH,FRA,57,76,0,3,team_b,Štark Arena BELGRADE,,True,fivb_vis,12618,,
fivb_vis:12619,2021-08-23,women,EuroVolley,EURO_WOMEN,other,CHE,BLR,53,75,0,3,team_b,ŠC Višnjik - Dvorana Krešimir Ćosić ZADAR,,True,fivb_vis,12619,,
fivb_vis:12620,2021-08-23,women,EuroVolley,EURO_WOMEN,other,TUR,FIN,75,46,3,0,team_a,BT Arena CLUJ NAPOCA,,True,fivb_vis,12620,,
fivb_vis:12621,2021-08-23,women,EuroVolley,EURO_WOMEN,other,POL,ESP,75,38,3,0,team_a,Kolodruma Sport Hall PLOVDIV,,True,fivb_vis,12621,,
fivb_vis:12622,2021-08-24,women,EuroVolley,EURO_WOMEN,other,HUN,HRV,82,96,1,3,team_b,ŠC Višnjik - Dvorana Krešimir Ćosić ZADAR,,True,fivb_vis,12622,,
fivb_vis:12623,2021-08-24,women,EuroVolley,EURO_WOMEN,other,BIH,BEL,57,75,0,3,team_b,Štark Arena BELGRADE,,True,fivb_vis,12623,,
fivb_vis:12624,2021-08-24,women,EuroVolley,EURO_WOMEN,other,NLD,TUR,62,75,0,3,team_b,BT Arena CLUJ NAPOCA,,True,fivb_vis,12624,,
fivb_vis:12625,2021-08-24,women,EuroVolley,EURO_WOMEN,other,DEU,GRC,75,59,3,0,team_a,Kolodruma Sport Hall PLOVDIV,,True,fivb_vis,12625,,
fivb_vis:12626,2021-08-24,women,EuroVolley,EURO_WOMEN,other,CHE,SVK,80,96,1,3,team_b,ŠC Višnjik - Dvorana Krešimir Ćosić ZADAR,,True,fivb_vis,12626,,
fivb_vis:12627,2021-08-24,women,EuroVolley,EURO_WOMEN,other,AZE,SRB,56,75,0,3,team_b,Štark Arena BELGRADE,,True,fivb_vis,12627,,
fivb_vis:12628,2021-08-24,women,EuroVolley,EURO_WOMEN,other,ROU,FIN,91,93,1,3,team_b,BT Arena CLUJ NAPOCA,,True,fivb_vis,12628,,
fivb_vis:12629,2021-08-24,women,EuroVolley,EURO_WOMEN,other,BGR,CZE,76,55,3,0,team_a,Kolodruma Sport Hall PLOVDIV,,True,fivb_vis,12629,,
fivb_vis:12630,2021-08-25,women,EuroVolley,EURO_WOMEN,other,FRA,AZE,101,76,3,1,team_a,Štark Arena BELGRADE,,True,fivb_vis,12630,,
fivb_vis:12631,2021-08-25,women,EuroVolley,EURO_WOMEN,other,SWE,NLD,54,75,0,3,team_b,BT Arena CLUJ NAPOCA,,True,fivb_vis,12631,,
fivb_vis:12632,2021-08-25,women,EuroVolley,EURO_WOMEN,other,ESP,DEU,51,75,0,3,team_b,Kolodruma Sport Hall PLOVDIV,,True,fivb_vis,12632,,
fivb_vis:12633,2021-08-25,women,EuroVolley,EURO_WOMEN,other,BLR,HUN,99,101,3,2,team_a,ŠC Višnjik - Dvorana Krešimir Ćosić ZADAR,,True,fivb_vis,12633,,
fivb_vis:12634,2021-08-25,women,EuroVolley,EURO_WOMEN,other,SRB,RUS,105,102,3,2,team_a,Štark Arena BELGRADE,,True,fivb_vis,12634,,
fivb_vis:12635,2021-08-25,women,EuroVolley,EURO_WOMEN,other,ROU,UKR,43,75,0,3,team_b,BT Arena CLUJ NAPOCA,,True,fivb_vis,12635,,
fivb_vis:12636,2021-08-25,women,EuroVolley,EURO_WOMEN,other,BGR,POL,93,90,3,1,team_a,Kolodruma Sport Hall PLOVDIV,,True,fivb_vis,12636,,
fivb_vis:12637,2021-08-25,women,EuroVolley,EURO_WOMEN,other,HRV,ITA,52,75,0,3,team_b,ŠC Višnjik - Dvorana Krešimir Ćosić ZADAR,,True,fivb_vis,12637,,
fivb_vis:12638,2021-08-26,women,EuroVolley,EURO_WOMEN,other,SVK,BLR,113,111,2,3,team_b,ŠC Višnjik - Dvorana Krešimir Ćosić ZADAR,,True,fivb_vis,12638,,
fivb_vis:12639,2021-08-26,women,EuroVolley,EURO_WOMEN,other,RUS,BIH,75,51,3,0,team_a,Štark Arena BELGRADE,,True,fivb_vis,12639,,
fivb_vis:12640,2021-08-26,women,EuroVolley,EURO_WOMEN,other,BEL,FRA,89,90,1,3,team_b,Štark Arena BELGRADE,,True,fivb_vis,12640,,
fivb_vis:12641,2021-08-26,women,EuroVolley,EURO_WOMEN,other,ITA,CHE,77,60,3,0,team_a,ŠC Višnjik - Dvorana Krešimir Ćosić ZADAR,,True,fivb_vis,12641,,
fivb_vis:12642,2021-08-28,women,EuroVolley,EURO_WOMEN,other,BGR,SWE,110,95,2,3,team_b,Kolodruma Sport Hall PLOVDIV,,True,fivb_vis,12642,,
fivb_vis:12643,2021-08-28,women,EuroVolley,EURO_WOMEN,other,NLD,DEU,98,89,3,1,team_a,Kolodruma Sport Hall PLOVDIV,,True,fivb_vis,12643,,
fivb_vis:12644,2021-08-29,women,EuroVolley,EURO_WOMEN,other,TUR,CZE,97,65,3,1,team_a,Kolodruma Sport Hall PLOVDIV,,True,fivb_vis,12644,,
fivb_vis:12645,2021-08-29,women,EuroVolley,EURO_WOMEN,other,POL,UKR,96,85,3,1,team_a,Kolodruma Sport Hall PLOVDIV,,True,fivb_vis,12645,,
fivb_vis:12646,2021-08-29,women,EuroVolley,EURO_WOMEN,other,SRB,HUN,75,56,3,0,team_a,Štark Arena BELGRADE,,True,fivb_vis,12646,,
fivb_vis:12647,2021-08-29,women,EuroVolley,EURO_WOMEN,other,HRV,FRA,105,103,2,3,team_b,Štark Arena BELGRADE,,True,fivb_vis,12647,,
fivb_vis:12648,2021-08-30,women,EuroVolley,EURO_WOMEN,other,ITA,BEL,98,68,3,1,team_a,Štark Arena BELGRADE,,True,fivb_vis,12648,,
fivb_vis:12649,2021-08-30,women,EuroVolley,EURO_WOMEN,other,RUS,BLR,96,93,3,1,team_a,Štark Arena BELGRADE,,True,fivb_vis,12649,,
fivb_vis:12650,2021-08-31,women,EuroVolley,EURO_WOMEN,other,SWE,NLD,60,77,0,3,team_b,Kolodruma Sport Hall PLOVDIV,,True,fivb_vis,12650,,
fivb_vis:12651,2021-08-31,women,EuroVolley,EURO_WOMEN,other,TUR,POL,75,55,3,0,team_a,Kolodruma Sport Hall PLOVDIV,,True,fivb_vis,12651,,
fivb_vis:12652,2021-09-01,women,EuroVolley,EURO_WOMEN,other,SRB,FRA,97,70,3,1,team_a,Štark Arena BELGRADE,,True,fivb_vis,12652,,
fivb_vis:12653,2021-09-01,women,EuroVolley,EURO_WOMEN,other,ITA,RUS,75,43,3,0,team_a,Štark Arena BELGRADE,,True,fivb_vis,12653,,
fivb_vis:12654,2021-09-03,women,EuroVolley,EURO_WOMEN,other,TUR,SRB,96,110,1,3,team_b,Štark Arena BELGRADE,,True,fivb_vis,12654,,
fivb_vis:12655,2021-09-03,women,EuroVolley,EURO_WOMEN,other,NLD,ITA,79,91,1,3,team_b,Štark Arena BELGRADE,,True,fivb_vis,12655,,
fivb_vis:12656,2021-09-04,women,EuroVolley,EURO_WOMEN,other,TUR,NLD,75,62,3,0,team_a,Štark Arena BELGRADE,,True,fivb_vis,12656,,
fivb_vis:12657,2021-09-04,women,EuroVolley,EURO_WOMEN,other,SRB,ITA,78,99,1,3,team_b,Štark Arena BELGRADE,,True,fivb_vis,12657,,
fivb_vis:12482,2021-08-18,men,NORCECA Championship,NORCECA_MEN,other,USA,GTM,112,104,3,2,team_a,Auditorio del Pueblo,,True,fivb_vis,12482,,
fivb_vis:12483,2021-08-18,men,NORCECA Championship,NORCECA_MEN,other,CAN,PRI,61,75,0,3,team_b,Auditorio del Pueblo,,True,fivb_vis,12483,,
fivb_vis:12484,2021-08-18,men,NORCECA Championship,NORCECA_MEN,other,CUB,DOM,104,88,3,1,team_a,Auditorio del Pueblo,,True,fivb_vis,12484,,
fivb_vis:12485,2021-08-18,men,NORCECA Championship,NORCECA_MEN,other,MEX,TTO,75,32,3,0,team_a,Auditorio del Pueblo,,True,fivb_vis,12485,,
fivb_vis:12486,2021-08-19,men,NORCECA Championship,NORCECA_MEN,other,CAN,TTO,75,54,3,0,team_a,Auditorio del Pueblo,,True,fivb_vis,12486,,
fivb_vis:12487,2021-08-19,men,NORCECA Championship,NORCECA_MEN,other,CUB,GTM,75,63,3,0,team_a,Auditorio del Pueblo,,True,fivb_vis,12487,,
fivb_vis:12488,2021-08-19,men,NORCECA Championship,NORCECA_MEN,other,USA,DOM,99,85,3,1,team_a,Auditorio del Pueblo,,True,fivb_vis,12488,,
fivb_vis:12489,2021-08-19,men,NORCECA Championship,NORCECA_MEN,other,MEX,PRI,95,85,3,1,team_a,Auditorio del Pueblo,,True,fivb_vis,12489,,
fivb_vis:12490,2021-08-20,men,NORCECA Championship,NORCECA_MEN,other,PRI,TTO,75,51,3,0,team_a,Auditorio del Pueblo,,True,fivb_vis,12490,,
fivb_vis:12491,2021-08-20,men,NORCECA Championship,NORCECA_MEN,other,DOM,GTM,104,85,3,1,team_a,Auditorio del Pueblo,,True,fivb_vis,12491,,
fivb_vis:12492,2021-08-20,men,NORCECA Championship,NORCECA_MEN,other,USA,CUB,66,75,0,3,team_b,Auditorio del Pueblo,,True,fivb_vis,12492,,
fivb_vis:12493,2021-08-20,men,NORCECA Championship,NORCECA_MEN,other,MEX,CAN,78,68,3,0,team_a,Auditorio del Pueblo,,True,fivb_vis,12493,,
fivb_vis:12494,2021-08-21,men,NORCECA Championship,NORCECA_MEN,other,USA,CAN,97,109,2,3,team_b,Auditorio del Pueblo,,True,fivb_vis,12494,,
fivb_vis:12495,2021-08-21,men,NORCECA Championship,NORCECA_MEN,other,PRI,DOM,97,86,3,1,team_a,Auditorio del Pueblo,,True,fivb_vis,12495,,
fivb_vis:12496,2021-08-22,men,NORCECA Championship,NORCECA_MEN,other,TTO,DOM,61,75,0,3,team_b,Auditorio del Pueblo,,True,fivb_vis,12496,,
fivb_vis:12497,2021-08-22,men,NORCECA Championship,NORCECA_MEN,other,GTM,USA,97,106,1,3,team_b,Auditorio del Pueblo,,True,fivb_vis,12497,,
fivb_vis:12498,2021-08-22,men,NORCECA Championship,NORCECA_MEN,other,CUB,PRI,94,101,1,3,team_b,Auditorio del Pueblo,,True,fivb_vis,12498,,
fivb_vis:12499,2021-08-22,men,NORCECA Championship,NORCECA_MEN,other,MEX,CAN,57,75,0,3,team_b,Auditorio del Pueblo,,True,fivb_vis,12499,,
fivb_vis:12500,2021-08-23,men,NORCECA Championship,NORCECA_MEN,other,TTO,GTM,65,75,0,3,team_b,Auditorio del Pueblo,,True,fivb_vis,12500,,
fivb_vis:12501,2021-08-23,men,NORCECA Championship,NORCECA_MEN,other,DOM,USA,90,96,1,3,team_b,Auditorio del Pueblo,,True,fivb_vis,12501,,
fivb_vis:12502,2021-08-23,men,NORCECA Championship,NORCECA_MEN,other,CUB,MEX,96,104,1,3,team_b,Auditorio del Pueblo,,True,fivb_vis,12502,,
fivb_vis:12503,2021-08-23,men,NORCECA Championship,NORCECA_MEN,other,PRI,CAN,75,62,3,0,team_a,Auditorio del Pueblo,,True,fivb_vis,12503,,
fivb_vis:12658,2021-08-26,women,NORCECA Championship,NORCECA_WOMEN,other,USA,PRI,104,110,2,3,team_b,Arena Astros,,True,fivb_vis,12658,,
fivb_vis:12659,2021-08-26,women,NORCECA Championship,NORCECA_WOMEN,other,DOM,CRI,75,47,3,0,team_a,Arena Astros,,True,fivb_vis,12659,,
fivb_vis:12660,2021-08-26,women,NORCECA Championship,NORCECA_WOMEN,other,MEX,TTO,75,32,3,0,team_a,Arena Astros,,True,fivb_vis,12660,,
fivb_vis:12661,2021-08-27,women,NORCECA Championship,NORCECA_WOMEN,other,DOM,TTO,75,34,3,0,team_a,Arena Astros,,True,fivb_vis,12661,,
fivb_vis:12662,2021-08-27,women,NORCECA Championship,NORCECA_WOMEN,other,USA,CAN,99,90,3,2,team_a,Arena Astros,,True,fivb_vis,12662,,
fivb_vis:12663,2021-08-27,women,NORCECA Championship,NORCECA_WOMEN,other,MEX,CRI,75,47,3,0,team_a,Arena Astros,,True,fivb_vis,12663,,
fivb_vis:12664,2021-08-28,women,NORCECA Championship,NORCECA_WOMEN,other,TTO,CRI,27,75,0,3,team_b,Arena Astros,,True,fivb_vis,12664,,
fivb_vis:12665,2021-08-28,women,NORCECA Championship,NORCECA_WOMEN,other,PRI,CAN,79,99,1,3,team_b,Arena Astros,,True,fivb_vis,12665,,
fivb_vis:12666,2021-08-28,women,NORCECA Championship,NORCECA_WOMEN,other,MEX,DOM,91,109,1,3,team_b,Arena Astros,,True,fivb_vis,12666,,
fivb_vis:12667,2021-08-29,women,NORCECA Championship,NORCECA_WOMEN,other,USA,CRI,75,38,3,0,team_a,Arena Astros,,True,fivb_vis,12667,,
fivb_vis:12668,2021-08-29,women,NORCECA Championship,NORCECA_WOMEN,other,MEX,PRI,91,100,1,3,team_b,Arena Astros,,True,fivb_vis,12668,,
fivb_vis:12669,2021-08-30,women,NORCECA Championship,NORCECA_WOMEN,other,CRI,MEX,40,75,0,3,team_b,Arena Astros,,True,fivb_vis,12669,,
fivb_vis:12670,2021-08-30,women,NORCECA Championship,NORCECA_WOMEN,other,CAN,PRI,86,94,1,3,team_b,Arena Astros,,True,fivb_vis,12670,,
fivb_vis:12671,2021-08-30,women,NORCECA Championship,NORCECA_WOMEN,other,DOM,USA,75,54,3,0,team_a,Arena Astros,,True,fivb_vis,12671,,
fivb_vis:12672,2021-08-31,women,NORCECA Championship,NORCECA_WOMEN,other,CAN,USA,105,97,3,2,team_a,Arena Astros,,True,fivb_vis,12672,,
fivb_vis:12673,2021-08-31,women,NORCECA Championship,NORCECA_WOMEN,other,PRI,DOM,101,101,2,3,team_b,Arena Astros,,True,fivb_vis,12673,,
fivb_vis:12884,2021-09-12,men,Asian Championship,ASIA_MEN,other,BHR,IND,77,67,3,0,team_a,Chiba Port Arena,,True,fivb_vis,12884,,
fivb_vis:12885,2021-09-12,men,Asian Championship,ASIA_MEN,other,SAU,KOR,55,75,0,3,team_b,Chiba Port Arena,,True,fivb_vis,12885,,
fivb_vis:12886,2021-09-12,men,Asian Championship,ASIA_MEN,other,THA,PAK,108,108,2,3,team_b,Chiba Port Arena,,True,fivb_vis,12886,,
fivb_vis:12887,2021-09-12,men,Asian Championship,ASIA_MEN,other,JPN,QAT,75,64,3,0,team_a,Chiba Port Arena,,True,fivb_vis,12887,,
fivb_vis:12888,2021-09-12,men,Asian Championship,ASIA_MEN,other,TPE,KAZ,75,61,3,0,team_a,Funabashi Arena,,True,fivb_vis,12888,,
fivb_vis:12889,2021-09-12,men,Asian Championship,ASIA_MEN,other,KWT,CHN,46,75,0,3,team_b,Funabashi Arena,,True,fivb_vis,12889,,
fivb_vis:12890,2021-09-12,men,Asian Championship,ASIA_MEN,other,IRN,HKG,75,49,3,0,team_a,Funabashi Arena,,True,fivb_vis,12890,,
fivb_vis:12891,2021-09-12,men,Asian Championship,ASIA_MEN,other,AUS,UZB,75,54,3,0,team_a,Funabashi Arena,,True,fivb_vis,12891,,
fivb_vis:12892,2021-09-13,men,Asian Championship,ASIA_MEN,other,HKG,PAK,65,99,1,3,team_b,Chiba Port Arena,,True,fivb_vis,12892,,
fivb_vis:12893,2021-09-13,men,Asian Championship,ASIA_MEN,other,IND,QAT,56,75,0,3,team_b,Chiba Port Arena,,True,fivb_vis,12893,,
fivb_vis:12894,2021-09-13,men,Asian Championship,ASIA_MEN,other,IRN,THA,75,47,3,0,team_a,Chiba Port Arena,,True,fivb_vis,12894,,
fivb_vis:12895,2021-09-13,men,Asian Championship,ASIA_MEN,other,BHR,JPN,81,98,1,3,team_b,Chiba Port Arena,,True,fivb_vis,12895,,
fivb_vis:12896,2021-09-13,men,Asian Championship,ASIA_MEN,other,SAU,TPE,48,75,0,3,team_b,Funabashi Arena,,True,fivb_vis,12896,,
fivb_vis:12897,2021-09-13,men,Asian Championship,ASIA_MEN,other,UZB,CHN,48,75,0,3,team_b,Funabashi Arena,,True,fivb_vis,12897,,
fivb_vis:12898,2021-09-13,men,Asian Championship,ASIA_MEN,other,AUS,KWT,75,44,3,0,team_a,Funabashi Arena,,True,fivb_vis,12898,,
fivb_vis:12899,2021-09-13,men,Asian Championship,ASIA_MEN,other,KOR,KAZ,75,54,3,0,team_a,Funabashi Arena,,True,fivb_vis,12899,,
fivb_vis:12900,2021-09-14,men,Asian Championship,ASIA_MEN,other,PAK,IRN,54,75,0,3,team_b,Chiba Port Arena,,True,fivb_vis,12900,,
fivb_vis:12901,2021-09-14,men,Asian Championship,ASIA_MEN,other,QAT,BHR,76,63,3,0,team_a,Chiba Port Arena,,True,fivb_vis,12901,,
fivb_vis:12902,2021-09-14,men,Asian Championship,ASIA_MEN,other,THA,HKG,96,92,3,1,team_a,Chiba Port Arena,,True,fivb_vis,12902,,
fivb_vis:12903,2021-09-14,men,Asian Championship,ASIA_MEN,other,JPN,IND,75,48,3,0,team_a,Chiba Port Arena,,True,fivb_vis,12903,,
fivb_vis:12904,2021-09-14,men,Asian Championship,ASIA_MEN,other,KWT,UZB,95,94,3,1,team_a,Funabashi Arena,,True,fivb_vis,12904,,
fivb_vis:12905,2021-09-14,men,Asian Championship,ASIA_MEN,other,KAZ,SAU,67,75,0,3,team_b,Funabashi Arena,,True,fivb_vis,12905,,
fivb_vis:12906,2021-09-14,men,Asian Championship,ASIA_MEN,other,TPE,KOR,98,87,3,1,team_a,Funabashi Arena,,True,fivb_vis,12906,,
fivb_vis:12907,2021-09-14,men,Asian Championship,ASIA_MEN,other,CHN,AUS,111,113,2,3,team_b,Funabashi Arena,,True,fivb_vis,12907,,
fivb_vis:12908,2021-09-16,men,Asian Championship,ASIA_MEN,other,BHR,UZB,77,63,3,0,team_a,Funabashi Arena,,True,fivb_vis,12908,,
fivb_vis:12909,2021-09-16,men,Asian Championship,ASIA_MEN,other,IND,KWT,75,60,3,0,team_a,Funabashi Arena,,True,fivb_vis,12909,,
fivb_vis:12910,2021-09-16,men,Asian Championship,ASIA_MEN,other,THA,KAZ,89,93,1,3,team_b,Funabashi Arena,,True,fivb_vis,12910,,
fivb_vis:12911,2021-09-16,men,Asian Championship,ASIA_MEN,other,HKG,SAU,49,75,0,3,team_b,Funabashi Arena,,True,fivb_vis,12911,,
fivb_vis:12912,2021-09-16,men,Asian Championship,ASIA_MEN,other,JPN,CHN,88,102,1,3,team_b,Chiba Port Arena,,True,fivb_vis,12912,,
fivb_vis:12913,2021-09-16,men,Asian Championship,ASIA_MEN,other,QAT,AUS,75,61,3,0,team_a,Chiba Port Arena,,True,fivb_vis,12913,,
fivb_vis:12914,2021-09-16,men,Asian Championship,ASIA_MEN,other,IRN,KOR,75,57,3,0,team_a,Chiba Port Arena,,True,fivb_vis,12914,,
fivb_vis:12915,2021-09-16,men,Asian Championship,ASIA_MEN,other,PAK,TPE,90,97,1,3,team_b,Chiba Port Arena,,True,fivb_vis,12915,,
fivb_vis:12916,2021-09-17,men,Asian Championship,ASIA_MEN,other,IND,UZB,75,54,3,0,team_a,Funabashi Arena,,True,fivb_vis,12916,,
fivb_vis:12917,2021-09-17,men,Asian Championship,ASIA_MEN,other,BHR,KWT,75,59,3,0,team_a,Funabashi Arena,,True,fivb_vis,12917,,
fivb_vis:12918,2021-09-17,men,Asian Championship,ASIA_MEN,other,HKG,KAZ,53,75,0,3,team_b,Funabashi Arena,,True,fivb_vis,12918,,
fivb_vis:12919,2021-09-17,men,Asian Championship,ASIA_MEN,other,THA,SAU,86,95,1,3,team_b,Funabashi Arena,,True,fivb_vis,12919,,
fivb_vis:12920,2021-09-17,men,Asian Championship,ASIA_MEN,other,QAT,CHN,108,115,2,3,team_b,Chiba Port Arena,,True,fivb_vis,12920,,
fivb_vis:12921,2021-09-17,men,Asian Championship,ASIA_MEN,other,JPN,AUS,75,63,3,0,team_a,Chiba Port Arena,,True,fivb_vis,12921,,
fivb_vis:12922,2021-09-17,men,Asian Championship,ASIA_MEN,other,PAK,KOR,75,59,3,0,team_a,Chiba Port Arena,,True,fivb_vis,12922,,
fivb_vis:12923,2021-09-17,men,Asian Championship,ASIA_MEN,other,IRN,TPE,75,44,3,0,team_a,Chiba Port Arena,,True,fivb_vis,12923,,
fivb_vis:12924,2021-09-18,men,Asian Championship,ASIA_MEN,other,KWT,HKG,103,108,2,3,team_b,Funabashi Arena,,True,fivb_vis,12924,,
fivb_vis:12925,2021-09-18,men,Asian Championship,ASIA_MEN,other,UZB,THA,118,113,3,2,team_a,Funabashi Arena,,True,fivb_vis,12925,,
fivb_vis:12926,2021-09-18,men,Asian Championship,ASIA_MEN,other,BHR,KAZ,94,96,3,1,team_a,Funabashi Arena,,True,fivb_vis,12926,,
fivb_vis:12927,2021-09-18,men,Asian Championship,ASIA_MEN,other,IND,SAU,75,67,3,0,team_a,Funabashi Arena,,True,fivb_vis,12927,,
fivb_vis:12928,2021-09-18,men,Asian Championship,ASIA_MEN,other,QAT,KOR,82,68,3,0,team_a,Chiba Port Arena,,True,fivb_vis,12928,,
fivb_vis:12929,2021-09-18,men,Asian Championship,ASIA_MEN,other,AUS,PAK,76,63,3,0,team_a,Chiba Port Arena,,True,fivb_vis,12929,,
fivb_vis:12930,2021-09-18,men,Asian Championship,ASIA_MEN,other,JPN,TPE,97,82,3,1,team_a,Chiba Port Arena,,True,fivb_vis,12930,,
fivb_vis:12931,2021-09-18,men,Asian Championship,ASIA_MEN,other,CHN,IRN,86,92,1,3,team_b,Chiba Port Arena,,True,fivb_vis,12931,,
fivb_vis:12932,2021-09-19,men,Asian Championship,ASIA_MEN,other,KWT,THA,84,96,1,3,team_b,Funabashi Arena,,True,fivb_vis,12932,,
fivb_vis:12933,2021-09-19,men,Asian Championship,ASIA_MEN,other,HKG,UZB,64,75,0,3,team_b,Funabashi Arena,,True,fivb_vis,12933,,
fivb_vis:12934,2021-09-19,men,Asian Championship,ASIA_MEN,other,KAZ,SAU,75,59,3,0,team_a,Funabashi Arena,,True,fivb_vis,12934,,
fivb_vis:12935,2021-09-19,men,Asian Championship,ASIA_MEN,other,BHR,IND,103,109,2,3,team_b,Funabashi Arena,,True,fivb_vis,12935,,
fivb_vis:12936,2021-09-19,men,Asian Championship,ASIA_MEN,other,KOR,PAK,64,78,0,3,team_b,Chiba Port Arena,,True,fivb_vis,12936,,
fivb_vis:12937,2021-09-19,men,Asian Championship,ASIA_MEN,other,QAT,AUS,75,55,3,0,team_a,Chiba Port Arena,,True,fivb_vis,12937,,
fivb_vis:12938,2021-09-19,men,Asian Championship,ASIA_MEN,other,TPE,CHN,50,75,0,3,team_b,Chiba Port Arena,,True,fivb_vis,12938,,
fivb_vis:12939,2021-09-19,men,Asian Championship,ASIA_MEN,other,JPN,IRN,76,83,0,3,team_b,Chiba Port Arena,,True,fivb_vis,12939,,
fivb_vis:12836,2021-09-07,men,African Championship,AFRICA_MEN,other,UGA,BFA,101,74,3,1,team_a,Kigali Arena,,True,fivb_vis,12836,,
fivb_vis:12837,2021-09-07,men,African Championship,AFRICA_MEN,other,CMR,COD,97,76,3,1,team_a,Kigali Arena,,True,fivb_vis,12837,,
fivb_vis:12838,2021-09-07,men,African Championship,AFRICA_MEN,other,SSD,ETH,100,108,2,3,team_b,Kigali Arena,,True,fivb_vis,12838,,
fivb_vis:12839,2021-09-07,men,African Championship,AFRICA_MEN,other,MLI,NER,118,114,3,2,team_a,Kigali Arena,,True,fivb_vis,12839,,
fivb_vis:12840,2021-09-07,men,African Championship,AFRICA_MEN,other,BDI,RWA,46,75,0,3,team_b,Kigali Arena,,True,fivb_vis,12840,,
fivb_vis:12841,2021-09-08,men,African Championship,AFRICA_MEN,other,NGA,TUN,54,75,0,3,team_b,Kigali Arena,,True,fivb_vis,12841,,
fivb_vis:12842,2021-09-08,men,African Championship,AFRICA_MEN,other,NER,COD,110,110,2,3,team_b,Kigali Arena,,True,fivb_vis,12842,,
fivb_vis:12843,2021-09-08,men,African Championship,AFRICA_MEN,other,TUN,ETH,75,43,3,0,team_a,Kigali Arena,,True,fivb_vis,12843,,
fivb_vis:12844,2021-09-08,men,African Championship,AFRICA_MEN,other,NGA,SSD,75,60,3,0,team_a,Kigali Arena,,True,fivb_vis,12844,,
fivb_vis:12845,2021-09-08,men,African Championship,AFRICA_MEN,other,MLI,CMR,41,75,0,3,team_b,Kigali Arena,,True,fivb_vis,12845,,
fivb_vis:12846,2021-09-08,men,African Championship,AFRICA_MEN,other,MAR,TZA,75,50,3,0,team_a,Kigali Arena,,True,fivb_vis,12846,,
fivb_vis:12847,2021-09-08,men,African Championship,AFRICA_MEN,other,KEN,EGY,102,104,3,2,team_a,Kigali Arena,,True,fivb_vis,12847,,
fivb_vis:12848,2021-09-09,men,African Championship,AFRICA_MEN,other,COD,MLI,75,56,3,0,team_a,Kigali Arena,,True,fivb_vis,12848,,
fivb_vis:12849,2021-09-09,men,African Championship,AFRICA_MEN,other,CMR,NER,75,49,3,0,team_a,Kigali Arena,,True,fivb_vis,12849,,
fivb_vis:12850,2021-09-09,men,African Championship,AFRICA_MEN,other,BDI,UGA,51,75,0,3,team_b,Kigali Arena,,True,fivb_vis,12850,,
fivb_vis:12851,2021-09-09,men,African Championship,AFRICA_MEN,other,EGY,TZA,75,46,3,0,team_a,Kigali Arena,,True,fivb_vis,12851,,
fivb_vis:12852,2021-09-09,men,African Championship,AFRICA_MEN,other,BFA,RWA,50,75,0,3,team_b,Kigali Arena,,True,fivb_vis,12852,,
fivb_vis:12853,2021-09-09,men,African Championship,AFRICA_MEN,other,MAR,KEN,94,85,3,1,team_a,Kigali Arena,,True,fivb_vis,12853,,
fivb_vis:12854,2021-09-10,men,African Championship,AFRICA_MEN,other,BFA,BDI,87,99,1,3,team_b,Kigali Arena,,True,fivb_vis,12854,,
fivb_vis:12855,2021-09-10,men,African Championship,AFRICA_MEN,other,KEN,TZA,75,0,3,0,team_a,Kigali Arena,,True,fivb_vis,12855,,
fivb_vis:12856,2021-09-10,men,African Championship,AFRICA_MEN,other,SSD,TUN,37,75,0,3,team_b,Kigali Arena,,True,fivb_vis,12856,,
fivb_vis:12857,2021-09-10,men,African Championship,AFRICA_MEN,other,ETH,NGA,83,107,1,3,team_b,Kigali Arena,,True,fivb_vis,12857,,
fivb_vis:12858,2021-09-10,men,African Championship,AFRICA_MEN,other,RWA,UGA,109,85,3,2,team_a,Kigali Arena,,True,fivb_vis,12858,,
fivb_vis:12859,2021-09-10,men,African Championship,AFRICA_MEN,other,EGY,MAR,97,83,3,1,team_a,Kigali Arena,,True,fivb_vis,12859,,
fivb_vis:12860,2021-09-11,men,African Championship,AFRICA_MEN,other,BDI,TZA,75,0,3,0,team_a,Kigali Arena - Hall 2,,True,fivb_vis,12860,,
fivb_vis:12861,2021-09-11,men,African Championship,AFRICA_MEN,other,KEN,BFA,75,56,3,0,team_a,Kigali Arena - Hall 2,,True,fivb_vis,12861,,
fivb_vis:12862,2021-09-11,men,African Championship,AFRICA_MEN,other,ETH,NER,87,93,1,3,team_b,Kigali Arena - Hall 2,,True,fivb_vis,12862,,
fivb_vis:12863,2021-09-11,men,African Championship,AFRICA_MEN,other,MLI,SSD,109,101,3,2,team_a,Kigali Arena - Hall 2,,True,fivb_vis,12863,,
fivb_vis:12864,2021-09-11,men,African Championship,AFRICA_MEN,other,RWA,MAR,57,75,0,3,team_b,Kigali Arena,,True,fivb_vis,12864,,
fivb_vis:12865,2021-09-11,men,African Championship,AFRICA_MEN,other,EGY,UGA,103,85,3,1,team_a,Kigali Arena,,True,fivb_vis,12865,,
fivb_vis:12866,2021-09-11,men,African Championship,AFRICA_MEN,other,TUN,COD,75,60,3,0,team_a,Kigali Arena,,True,fivb_vis,12866,,
fivb_vis:12867,2021-09-11,men,African Championship,AFRICA_MEN,other,CMR,NGA,100,85,3,1,team_a,Kigali Arena,,True,fivb_vis,12867,,
fivb_vis:12868,2021-09-13,men,African Championship,AFRICA_MEN,other,TZA,SSD,0,75,0,3,team_b,Kigali Arena - Hall 2,,True,fivb_vis,12868,,
fivb_vis:12869,2021-09-13,men,African Championship,AFRICA_MEN,other,BFA,ETH,100,85,3,1,team_a,Kigali Arena - Hall 2,,True,fivb_vis,12869,,
fivb_vis:12870,2021-09-13,men,African Championship,AFRICA_MEN,other,BDI,MLI,80,91,1,3,team_b,Kigali Arena ,,True,fivb_vis,12870,,
fivb_vis:12871,2021-09-13,men,African Championship,AFRICA_MEN,other,KEN,NER,99,71,3,1,team_a,Kigali Arena - Hall 2,,True,fivb_vis,12871,,
fivb_vis:12872,2021-09-13,men,African Championship,AFRICA_MEN,other,RWA,NGA,75,56,3,0,team_a,Kigali Arena - Hall 2,,True,fivb_vis,12872,,
fivb_vis:12873,2021-09-13,men,African Championship,AFRICA_MEN,other,UGA,COD,98,88,3,1,team_a,Kigali Arena - Hall 2,,True,fivb_vis,12873,,
fivb_vis:12874,2021-09-13,men,African Championship,AFRICA_MEN,other,MAR,CMR,102,101,2,3,team_b,Kigali Arena,,True,fivb_vis,12874,,
fivb_vis:12875,2021-09-13,men,African Championship,AFRICA_MEN,other,EGY,TUN,79,91,1,3,team_b,Kigali Arena,,True,fivb_vis,12875,,
fivb_vis:12876,2021-09-14,men,African Championship,AFRICA_MEN,other,TZA,ETH,0,75,0,3,team_b,Kigali Arena - Hall 2,,True,fivb_vis,12876,,
fivb_vis:12877,2021-09-14,men,African Championship,AFRICA_MEN,other,SSD,BFA,102,111,2,3,team_b,Kigali Arena - Hall 2,,True,fivb_vis,12877,,
fivb_vis:12878,2021-09-14,men,African Championship,AFRICA_MEN,other,BDI,NER,91,91,3,1,team_a,Kigali Arena - Hall 2,,True,fivb_vis,12878,,
fivb_vis:12879,2021-09-14,men,African Championship,AFRICA_MEN,other,MLI,KEN,62,75,0,3,team_b,Kigali Arena - Hall 2,,True,fivb_vis,12879,,
fivb_vis:12880,2021-09-14,men,African Championship,AFRICA_MEN,other,NGA,COD,75,52,3,0,team_a,Kigali Arena,,True,fivb_vis,12880,,
fivb_vis:12881,2021-09-14,men,African Championship,AFRICA_MEN,other,RWA,UGA,81,96,1,3,team_b,Kigali Arena,,True,fivb_vis,12881,,
fivb_vis:12882,2021-09-14,men,African Championship,AFRICA_MEN,other,MAR,EGY,90,101,1,3,team_b,Kigali Arena,,True,fivb_vis,12882,,
fivb_vis:12883,2021-09-14,men,African Championship,AFRICA_MEN,other,CMR,TUN,83,91,1,3,team_b,Kigali Arena,,True,fivb_vis,12883,,
fivb_vis:12950,2021-09-12,women,African Championship,AFRICA_WOMEN,other,BDI,COD,46,75,0,3,team_b,Kigali Arena,,True,fivb_vis,12950,,
fivb_vis:12951,2021-09-12,women,African Championship,AFRICA_WOMEN,other,NGA,SEN,75,56,3,0,team_a,Kigali Arena,,True,fivb_vis,12951,,
fivb_vis:12952,2021-09-12,women,African Championship,AFRICA_WOMEN,other,CMR,KEN,75,60,3,0,team_a,Kigali Arena,,True,fivb_vis,12952,,
fivb_vis:12953,2021-09-12,women,African Championship,AFRICA_WOMEN,other,RWA,MAR,0,75,0,3,team_b,Kigali Arena,,True,fivb_vis,12953,,
fivb_vis:12954,2021-09-13,women,African Championship,AFRICA_WOMEN,other,TUN,CMR,50,75,0,3,team_b,Kigali Arena,,True,fivb_vis,12954,,
fivb_vis:12955,2021-09-13,women,African Championship,AFRICA_WOMEN,other,NGA,RWA,75,0,3,0,team_a,Kigali Arena,,True,fivb_vis,12955,,
fivb_vis:12956,2021-09-13,women,African Championship,AFRICA_WOMEN,other,COD,KEN,43,75,0,3,team_b,Kigali Arena - Hall 2,,True,fivb_vis,12956,,
fivb_vis:12957,2021-09-15,women,African Championship,AFRICA_WOMEN,other,CMR,BDI,75,43,3,0,team_a,Kigali Arena,,True,fivb_vis,12957,,
fivb_vis:12958,2021-09-15,women,African Championship,AFRICA_WOMEN,other,SEN,MAR,53,75,0,3,team_b,Kigali Arena,,True,fivb_vis,12958,,
fivb_vis:12959,2021-09-15,women,African Championship,AFRICA_WOMEN,other,KEN,TUN,75,60,3,0,team_a,Kigali Arena,,True,fivb_vis,12959,,
fivb_vis:12960,2021-09-16,women,African Championship,AFRICA_WOMEN,other,BDI,KEN,28,75,0,3,team_b,Kigali Arena,,True,fivb_vis,12960,,
fivb_vis:12961,2021-09-16,women,African Championship,AFRICA_WOMEN,other,COD,TUN,50,75,0,3,team_b,Kigali Arena,,True,fivb_vis,12961,,
fivb_vis:12962,2021-09-16,women,African Championship,AFRICA_WOMEN,other,RWA,SEN,0,75,0,3,team_b,Kigali Arena,,True,fivb_vis,12962,,
fivb_vis:12966,2021-09-19,women,African Championship,AFRICA_WOMEN,other,SEN,COD,0,75,0,3,team_b,Kigali Arena,,True,fivb_vis,12966,,
fivb_vis:12967,2021-09-19,women,African Championship,AFRICA_WOMEN,other,TUN,RWA,75,0,3,0,team_a,Kigali Arena,,True,fivb_vis,12967,,
fivb_vis:12968,2021-09-19,women,African Championship,AFRICA_WOMEN,other,MAR,KEN,44,75,0,3,team_b,Kigali Arena,,True,fivb_vis,12968,,
fivb_vis:12969,2021-09-19,women,African Championship,AFRICA_WOMEN,other,CMR,NGA,85,59,3,0,team_a,Kigali Arena,,True,fivb_vis,12969,,
fivb_vis:12971,2021-09-19,women,African Championship,AFRICA_WOMEN,other,TUN,COD,75,48,3,0,team_a,Kigali Arena ,,True,fivb_vis,12971,,
fivb_vis:12972,2021-09-19,women,African Championship,AFRICA_WOMEN,other,MAR,NGA,75,54,3,0,team_a,Kigali Arena,,True,fivb_vis,12972,,
fivb_vis:12973,2021-09-19,women,African Championship,AFRICA_WOMEN,other,KEN,CMR,92,90,1,3,team_b,Kigali Arena,,True,fivb_vis,12973,,
fivb_vis:13754,2022-05-31,women,Volleyball Nations League,VNL_WOMEN,other,DEU,BRA,98,104,1,3,team_b,Brookshire Grocery Arena,,True,fivb_vis,13754,,
fivb_vis:13755,2022-05-31,women,Volleyball Nations League,VNL_WOMEN,other,USA,DOM,75,56,3,0,team_a,Brookshire Grocery Arena,,True,fivb_vis,13755,,
fivb_vis:13756,2022-05-31,women,Volleyball Nations League,VNL_WOMEN,other,THA,BGR,75,62,3,0,team_a,Ankara Sports Hall,,True,fivb_vis,13756,,
fivb_vis:13757,2022-05-31,women,Volleyball Nations League,VNL_WOMEN,other,TUR,ITA,75,58,3,0,team_a,Ankara Sports Hall,,True,fivb_vis,13757,,
fivb_vis:13758,2022-06-01,women,Volleyball Nations League,VNL_WOMEN,other,POL,CAN,95,90,3,1,team_a,Brookshire Grocery Arena,,True,fivb_vis,13758,,
fivb_vis:13759,2022-06-01,women,Volleyball Nations League,VNL_WOMEN,other,KOR,JPN,44,75,0,3,team_b,Brookshire Grocery Arena,,True,fivb_vis,13759,,
fivb_vis:13760,2022-06-01,women,Volleyball Nations League,VNL_WOMEN,other,BEL,SRB,80,89,1,3,team_b,Ankara Sports Hall,,True,fivb_vis,13760,,
fivb_vis:13761,2022-06-01,women,Volleyball Nations League,VNL_WOMEN,other,CHN,NLD,91,93,3,1,team_a,Ankara Sports Hall,,True,fivb_vis,13761,,
fivb_vis:13762,2022-06-02,women,Volleyball Nations League,VNL_WOMEN,other,BRA,POL,75,66,3,0,team_a,Brookshire Grocery Arena,,True,fivb_vis,13762,,
fivb_vis:13763,2022-06-02,women,Volleyball Nations League,VNL_WOMEN,other,DEU,JPN,106,113,2,3,team_b,Brookshire Grocery Arena,,True,fivb_vis,13763,,
fivb_vis:13764,2022-06-02,women,Volleyball Nations League,VNL_WOMEN,other,CAN,DOM,75,51,3,0,team_a,Brookshire Grocery Arena,,True,fivb_vis,13764,,
fivb_vis:13765,2022-06-02,women,Volleyball Nations League,VNL_WOMEN,other,THA,SRB,110,107,3,2,team_a,Ankara Sports Hall,,True,fivb_vis,13765,,
fivb_vis:13766,2022-06-02,women,Volleyball Nations League,VNL_WOMEN,other,BGR,NLD,96,87,3,2,team_a,Ankara Sports Hall,,True,fivb_vis,13766,,
fivb_vis:13767,2022-06-02,women,Volleyball Nations League,VNL_WOMEN,other,BEL,ITA,87,96,1,3,team_b,Ankara Sports Hall,,True,fivb_vis,13767,,
fivb_vis:13768,2022-06-03,women,Volleyball Nations League,VNL_WOMEN,other,DEU,KOR,75,53,3,0,team_a,Brookshire Grocery Arena,,True,fivb_vis,13768,,
fivb_vis:13769,2022-06-03,women,Volleyball Nations League,VNL_WOMEN,other,DOM,BRA,69,91,1,3,team_b,Brookshire Grocery Arena,,True,fivb_vis,13769,,
fivb_vis:13770,2022-06-03,women,Volleyball Nations League,VNL_WOMEN,other,USA,CAN,75,55,3,0,team_a,Brookshire Grocery Arena,,True,fivb_vis,13770,,
fivb_vis:13771,2022-06-03,women,Volleyball Nations League,VNL_WOMEN,other,SRB,BGR,77,63,3,0,team_a,Ankara Sports Hall,,True,fivb_vis,13771,,
fivb_vis:13772,2022-06-03,women,Volleyball Nations League,VNL_WOMEN,other,NLD,ITA,49,75,0,3,team_b,Ankara Sports Hall,,True,fivb_vis,13772,,
fivb_vis:13773,2022-06-03,women,Volleyball Nations League,VNL_WOMEN,other,TUR,CHN,79,95,1,3,team_b,Ankara Sports Hall,,True,fivb_vis,13773,,
fivb_vis:13774,2022-06-04,women,Volleyball Nations League,VNL_WOMEN,other,KOR,POL,43,75,0,3,team_b,Brookshire Grocery Arena,,True,fivb_vis,13774,,
fivb_vis:13775,2022-06-04,women,Volleyball Nations League,VNL_WOMEN,other,DOM,JPN,73,95,1,3,team_b,Brookshire Grocery Arena,,True,fivb_vis,13775,,
fivb_vis:13776,2022-06-04,women,Volleyball Nations League,VNL_WOMEN,other,USA,BRA,75,59,3,0,team_a,Brookshire Grocery Arena,,True,fivb_vis,13776,,
fivb_vis:13777,2022-06-04,women,Volleyball Nations League,VNL_WOMEN,other,THA,BEL,106,106,2,3,team_b,Ankara Sports Hall,,True,fivb_vis,13777,,
fivb_vis:13778,2022-06-04,women,Volleyball Nations League,VNL_WOMEN,other,CHN,ITA,95,78,3,1,team_a,Ankara Sports Hall,,True,fivb_vis,13778,,
fivb_vis:13779,2022-06-04,women,Volleyball Nations League,VNL_WOMEN,other,BGR,TUR,56,75,0,3,team_b,Ankara Sports Hall,,True,fivb_vis,13779,,
fivb_vis:13780,2022-06-05,women,Volleyball Nations League,VNL_WOMEN,other,POL,DEU,104,104,3,2,team_a,Brookshire Grocery Arena,,True,fivb_vis,13780,,
fivb_vis:13781,2022-06-05,women,Volleyball Nations League,VNL_WOMEN,other,JPN,USA,75,62,3,0,team_a,Brookshire Grocery Arena,,True,fivb_vis,13781,,
fivb_vis:13782,2022-06-05,women,Volleyball Nations League,VNL_WOMEN,other,KOR,CAN,50,75,0,3,team_b,Brookshire Grocery Arena,,True,fivb_vis,13782,,
fivb_vis:13783,2022-06-05,women,Volleyball Nations League,VNL_WOMEN,other,SRB,NLD,106,104,3,2,team_a,Ankara Sports Hall,,True,fivb_vis,13783,,
fivb_vis:13784,2022-06-05,women,Volleyball Nations League,VNL_WOMEN,other,THA,CHN,92,107,3,2,team_a,Ankara Sports Hall,,True,fivb_vis,13784,,
fivb_vis:13785,2022-06-05,women,Volleyball Nations League,VNL_WOMEN,other,TUR,BEL,90,82,3,1,team_a,Ankara Sports Hall,,True,fivb_vis,13785,,
fivb_vis:13786,2022-06-14,women,Volleyball Nations League,VNL_WOMEN,other,NLD,DEU,86,87,1,3,team_b,Arena BRB Nilson Nelson,,True,fivb_vis,13786,,
fivb_vis:13787,2022-06-14,women,Volleyball Nations League,VNL_WOMEN,other,SRB,ITA,74,96,1,3,team_b,Arena BRB Nilson Nelson,,True,fivb_vis,13787,,
fivb_vis:13788,2022-06-14,women,Volleyball Nations League,VNL_WOMEN,other,CAN,THA,65,76,0,3,team_b,Smart Araneta Coliseum,,True,fivb_vis,13788,,
fivb_vis:13789,2022-06-14,women,Volleyball Nations League,VNL_WOMEN,other,JPN,POL,75,63,3,0,team_a,Smart Araneta Coliseum,,True,fivb_vis,13789,,
fivb_vis:13790,2022-06-15,women,Volleyball Nations League,VNL_WOMEN,other,DOM,KOR,75,51,3,0,team_a,Arena BRB Nilson Nelson,,True,fivb_vis,13790,,
fivb_vis:13791,2022-06-15,women,Volleyball Nations League,VNL_WOMEN,other,BRA,TUR,94,94,3,1,team_a,Arena BRB Nilson Nelson,,True,fivb_vis,13791,,
fivb_vis:13792,2022-06-15,women,Volleyball Nations League,VNL_WOMEN,other,BGR,USA,62,75,0,3,team_b,Smart Araneta Coliseum,,True,fivb_vis,13792,,
fivb_vis:13793,2022-06-15,women,Volleyball Nations League,VNL_WOMEN,other,CHN,BEL,75,55,3,0,team_a,Smart Araneta Coliseum,,True,fivb_vis,13793,,
fivb_vis:13794,2022-06-16,women,Volleyball Nations League,VNL_WOMEN,other,SRB,KOR,90,82,3,0,team_a,Arena BRB Nilson Nelson,,True,fivb_vis,13794,,
fivb_vis:13795,2022-06-16,women,Volleyball Nations League,VNL_WOMEN,other,ITA,DOM,101,104,3,2,team_a,Arena BRB Nilson Nelson,,True,fivb_vis,13795,,
fivb_vis:13796,2022-06-16,women,Volleyball Nations League,VNL_WOMEN,other,NLD,BRA,54,75,0,3,team_b,Arena BRB Nilson Nelson,,True,fivb_vis,13796,,
fivb_vis:13797,2022-06-16,women,Volleyball Nations League,VNL_WOMEN,other,POL,THA,114,99,3,2,team_a,Smart Araneta Coliseum,,True,fivb_vis,13797,,
fivb_vis:13798,2022-06-16,women,Volleyball Nations League,VNL_WOMEN,other,CAN,BEL,97,90,3,1,team_a,Smart Araneta Coliseum,,True,fivb_vis,13798,,
fivb_vis:13799,2022-06-16,women,Volleyball Nations League,VNL_WOMEN,other,BGR,JPN,59,75,0,3,team_b,Smart Araneta Coliseum,,True,fivb_vis,13799,,
fivb_vis:13800,2022-06-17,women,Volleyball Nations League,VNL_WOMEN,other,DEU,ITA,66,77,0,3,team_b,Arena BRB Nilson Nelson,,True,fivb_vis,13800,,
fivb_vis:13801,2022-06-17,women,Volleyball Nations League,VNL_WOMEN,other,SRB,TUR,100,104,3,2,team_a,Arena BRB Nilson Nelson,,True,fivb_vis,13801,,
fivb_vis:13802,2022-06-17,women,Volleyball Nations League,VNL_WOMEN,other,NLD,DOM,98,103,2,3,team_b,Arena BRB Nilson Nelson,,True,fivb_vis,13802,,
fivb_vis:13803,2022-06-17,women,Volleyball Nations League,VNL_WOMEN,other,POL,USA,49,75,0,3,team_b,Smart Araneta Coliseum,,True,fivb_vis,13803,,
fivb_vis:13804,2022-06-17,women,Volleyball Nations League,VNL_WOMEN,other,CHN,CAN,93,71,3,1,team_a,Smart Araneta Coliseum,,True,fivb_vis,13804,,
fivb_vis:13805,2022-06-17,women,Volleyball Nations League,VNL_WOMEN,other,JPN,THA,75,52,3,0,team_a,Smart Araneta Coliseum,,True,fivb_vis,13805,,
fivb_vis:13806,2022-06-18,women,Volleyball Nations League,VNL_WOMEN,other,ITA,BRA,89,71,3,1,team_a,Arena BRB Nilson Nelson,,True,fivb_vis,13806,,
fivb_vis:13807,2022-06-18,women,Volleyball Nations League,VNL_WOMEN,other,DEU,TUR,65,75,0,3,team_b,Arena BRB Nilson Nelson,,True,fivb_vis,13807,,
fivb_vis:13808,2022-06-18,women,Volleyball Nations League,VNL_WOMEN,other,NLD,KOR,75,50,3,0,team_a,Arena BRB Nilson Nelson,,True,fivb_vis,13808,,
fivb_vis:13809,2022-06-18,women,Volleyball Nations League,VNL_WOMEN,other,BGR,CAN,76,67,3,0,team_a,Smart Araneta Coliseum,,True,fivb_vis,13809,,
fivb_vis:13810,2022-06-18,women,Volleyball Nations League,VNL_WOMEN,other,BEL,POL,102,105,3,2,team_a,Smart Araneta Coliseum,,True,fivb_vis,13810,,
fivb_vis:13811,2022-06-18,women,Volleyball Nations League,VNL_WOMEN,other,USA,CHN,75,65,3,0,team_a,Smart Araneta Coliseum,,True,fivb_vis,13811,,
fivb_vis:13812,2022-06-19,women,Volleyball Nations League,VNL_WOMEN,other,BRA,SRB,75,51,3,0,team_a,Arena BRB Nilson Nelson,,True,fivb_vis,13812,,
fivb_vis:13813,2022-06-19,women,Volleyball Nations League,VNL_WOMEN,other,DEU,DOM,96,88,1,3,team_b,Arena BRB Nilson Nelson,,True,fivb_vis,13813,,
fivb_vis:13814,2022-06-19,women,Volleyball Nations League,VNL_WOMEN,other,TUR,KOR,95,72,3,1,team_a,Arena BRB Nilson Nelson,,True,fivb_vis,13814,,
fivb_vis:13815,2022-06-19,women,Volleyball Nations League,VNL_WOMEN,other,BGR,BEL,110,107,2,3,team_b,Smart Araneta Coliseum,,True,fivb_vis,13815,,
fivb_vis:13816,2022-06-19,women,Volleyball Nations League,VNL_WOMEN,other,THA,USA,79,92,1,3,team_b,Smart Araneta Coliseum,,True,fivb_vis,13816,,
fivb_vis:13817,2022-06-19,women,Volleyball Nations League,VNL_WOMEN,other,JPN,CHN,94,76,3,1,team_a,Smart Araneta Coliseum,,True,fivb_vis,13817,,
fivb_vis:13818,2022-06-28,women,Volleyball Nations League,VNL_WOMEN,other,SRB,DEU,92,80,3,1,team_a,Seven Chiefs Sportplex,,True,fivb_vis,13818,,
fivb_vis:13819,2022-06-28,women,Volleyball Nations League,VNL_WOMEN,other,CAN,TUR,96,92,3,1,team_a,Seven Chiefs Sportplex,,True,fivb_vis,13819,,
fivb_vis:13820,2022-06-28,women,Volleyball Nations League,VNL_WOMEN,other,CHN,BRA,104,104,2,3,team_b,Arena Armeec,,True,fivb_vis,13820,,
fivb_vis:13821,2022-06-28,women,Volleyball Nations League,VNL_WOMEN,other,DOM,BGR,49,75,0,3,team_b,Arena Armeec,,True,fivb_vis,13821,,
fivb_vis:13822,2022-06-29,women,Volleyball Nations League,VNL_WOMEN,other,JPN,NLD,102,112,2,3,team_b,Seven Chiefs Sportplex,,True,fivb_vis,13822,,
fivb_vis:13823,2022-06-29,women,Volleyball Nations League,VNL_WOMEN,other,BEL,USA,56,75,0,3,team_b,Seven Chiefs Sportplex,,True,fivb_vis,13823,,
fivb_vis:13824,2022-06-29,women,Volleyball Nations League,VNL_WOMEN,other,THA,KOR,75,50,3,0,team_a,Arena Armeec,,True,fivb_vis,13824,,
fivb_vis:13825,2022-06-29,women,Volleyball Nations League,VNL_WOMEN,other,ITA,POL,103,91,3,1,team_a,Arena Armeec,,True,fivb_vis,13825,,
fivb_vis:13826,2022-06-30,women,Volleyball Nations League,VNL_WOMEN,other,TUR,NLD,75,55,3,0,team_a,Seven Chiefs Sportplex,,True,fivb_vis,13826,,
fivb_vis:13827,2022-06-30,women,Volleyball Nations League,VNL_WOMEN,other,DEU,BEL,95,85,3,1,team_a,Seven Chiefs Sportplex,,True,fivb_vis,13827,,
fivb_vis:13828,2022-06-30,women,Volleyball Nations League,VNL_WOMEN,other,USA,SRB,83,64,3,0,team_a,Seven Chiefs Sportplex,,True,fivb_vis,13828,,
fivb_vis:13829,2022-06-30,women,Volleyball Nations League,VNL_WOMEN,other,THA,DOM,92,97,1,3,team_b,Arena Armeec,,True,fivb_vis,13829,,
fivb_vis:13830,2022-06-30,women,Volleyball Nations League,VNL_WOMEN,other,POL,CHN,51,75,0,3,team_b,Arena Armeec,,True,fivb_vis,13830,,
fivb_vis:13831,2022-06-30,women,Volleyball Nations League,VNL_WOMEN,other,KOR,BRA,49,75,0,3,team_b,Arena Armeec,,True,fivb_vis,13831,,
fivb_vis:13832,2022-07-01,women,Volleyball Nations League,VNL_WOMEN,other,BEL,NLD,90,97,1,3,team_b,Seven Chiefs Sportplex,,True,fivb_vis,13832,,
fivb_vis:13833,2022-07-01,women,Volleyball Nations League,VNL_WOMEN,other,TUR,JPN,93,82,3,1,team_a,Seven Chiefs Sportplex,,True,fivb_vis,13833,,
fivb_vis:13834,2022-07-01,women,Volleyball Nations League,VNL_WOMEN,other,SRB,CAN,95,81,3,1,team_a,Seven Chiefs Sportplex,,True,fivb_vis,13834,,
fivb_vis:13835,2022-07-01,women,Volleyball Nations League,VNL_WOMEN,other,CHN,DOM,75,50,3,0,team_a,Arena Armeec,,True,fivb_vis,13835,,
fivb_vis:13836,2022-07-01,women,Volleyball Nations League,VNL_WOMEN,other,ITA,KOR,98,76,3,1,team_a,Arena Armeec,,True,fivb_vis,13836,,
fivb_vis:13837,2022-07-01,women,Volleyball Nations League,VNL_WOMEN,other,BRA,BGR,75,59,3,0,team_a,Arena Armeec,,True,fivb_vis,13837,,
fivb_vis:13838,2022-07-02,women,Volleyball Nations League,VNL_WOMEN,other,TUR,USA,113,111,2,3,team_b,Seven Chiefs Sportplex,,True,fivb_vis,13838,,
fivb_vis:13839,2022-07-02,women,Volleyball Nations League,VNL_WOMEN,other,JPN,SRB,86,97,1,3,team_b,Seven Chiefs Sportplex,,True,fivb_vis,13839,,
fivb_vis:13840,2022-07-02,women,Volleyball Nations League,VNL_WOMEN,other,DEU,CAN,96,92,3,1,team_a,Seven Chiefs Sportplex,,True,fivb_vis,13840,,
fivb_vis:13841,2022-07-02,women,Volleyball Nations League,VNL_WOMEN,other,DOM,POL,111,115,3,2,team_a,Arena Armeec,,True,fivb_vis,13841,,
fivb_vis:13842,2022-07-02,women,Volleyball Nations League,VNL_WOMEN,other,BRA,THA,99,90,3,1,team_a,Arena Armeec,,True,fivb_vis,13842,,
fivb_vis:13843,2022-07-02,women,Volleyball Nations League,VNL_WOMEN,other,ITA,BGR,75,52,3,0,team_a,Arena Armeec,,True,fivb_vis,13843,,
fivb_vis:13844,2022-07-03,women,Volleyball Nations League,VNL_WOMEN,other,BEL,JPN,94,95,3,2,team_a,Seven Chiefs Sportplex,,True,fivb_vis,13844,,
fivb_vis:13845,2022-07-03,women,Volleyball Nations League,VNL_WOMEN,other,USA,DEU,88,77,3,1,team_a,Seven Chiefs Sportplex,,True,fivb_vis,13845,,
fivb_vis:13846,2022-07-03,women,Volleyball Nations League,VNL_WOMEN,other,NLD,CAN,100,97,3,1,team_a,Seven Chiefs Sportplex,,True,fivb_vis,13846,,
fivb_vis:13847,2022-07-03,women,Volleyball Nations League,VNL_WOMEN,other,CHN,KOR,95,81,3,1,team_a,Arena Armeec,,True,fivb_vis,13847,,
fivb_vis:13848,2022-07-03,women,Volleyball Nations League,VNL_WOMEN,other,THA,ITA,48,75,0,3,team_b,Arena Armeec,,True,fivb_vis,13848,,
fivb_vis:13849,2022-07-03,women,Volleyball Nations League,VNL_WOMEN,other,POL,BGR,77,97,1,3,team_b,Arena Armeec,,True,fivb_vis,13849,,
fivb_vis:13850,2022-07-13,women,Volleyball Nations League,VNL_WOMEN,other,USA,SRB,113,109,2,3,team_b,Ankara Sports Hall,,True,fivb_vis,13850,,
fivb_vis:13851,2022-07-13,women,Volleyball Nations League,VNL_WOMEN,other,BRA,JPN,102,92,3,1,team_a,Ankara Sports Hall,,True,fivb_vis,13851,,
fivb_vis:13852,2022-07-14,women,Volleyball Nations League,VNL_WOMEN,other,TUR,THA,98,79,3,1,team_a,Ankara Sports Hall,,True,fivb_vis,13852,,
fivb_vis:13853,2022-07-14,women,Volleyball Nations League,VNL_WOMEN,other,ITA,CHN,99,89,3,1,team_a,Ankara Sports Hall,,True,fivb_vis,13853,,
fivb_vis:13854,2022-07-16,women,Volleyball Nations League,VNL_WOMEN,other,SRB,BRA,86,90,1,3,team_b,Ankara Sports Hall,,True,fivb_vis,13854,,
fivb_vis:13855,2022-07-16,women,Volleyball Nations League,VNL_WOMEN,other,TUR,ITA,66,78,0,3,team_b,Ankara Sports Hall,,True,fivb_vis,13855,,
fivb_vis:13856,2022-07-17,women,Volleyball Nations League,VNL_WOMEN,other,TUR,SRB,66,78,0,3,team_b,Ankara Sports Hall,,True,fivb_vis,13856,,
fivb_vis:13857,2022-07-17,women,Volleyball Nations League,VNL_WOMEN,other,ITA,BRA,75,67,3,0,team_a,Ankara Sports Hall,,True,fivb_vis,13857,,
fivb_vis:13650,2022-06-07,men,Volleyball Nations League,VNL_MEN,other,CHN,IRN,77,94,1,3,team_b,Arena BRB Nilson Nelson,,True,fivb_vis,13650,,
fivb_vis:13651,2022-06-07,men,Volleyball Nations League,VNL_MEN,other,SVN,USA,52,75,0,3,team_b,Arena BRB Nilson Nelson,,True,fivb_vis,13651,,
fivb_vis:13652,2022-06-07,men,Volleyball Nations League,VNL_MEN,other,BGR,SRB,86,94,1,3,team_b,TD Place Arena,,True,fivb_vis,13652,,
fivb_vis:13653,2022-06-07,men,Volleyball Nations League,VNL_MEN,other,CAN,DEU,67,80,0,3,team_b,TD Place Arena,,True,fivb_vis,13653,,
fivb_vis:13654,2022-06-08,men,Volleyball Nations League,VNL_MEN,other,JPN,NLD,98,88,3,1,team_a,Arena BRB Nilson Nelson,,True,fivb_vis,13654,,
fivb_vis:13655,2022-06-08,men,Volleyball Nations League,VNL_MEN,other,BRA,AUS,75,53,3,0,team_a,Arena BRB Nilson Nelson,,True,fivb_vis,13655,,
fivb_vis:13656,2022-06-08,men,Volleyball Nations League,VNL_MEN,other,POL,ARG,75,66,3,0,team_a,TD Place Arena,,True,fivb_vis,13656,,
fivb_vis:13657,2022-06-08,men,Volleyball Nations League,VNL_MEN,other,FRA,ITA,76,65,3,0,team_a,TD Place Arena,,True,fivb_vis,13657,,
fivb_vis:13658,2022-06-09,men,Volleyball Nations League,VNL_MEN,other,JPN,CHN,96,81,3,1,team_a,Arena BRB Nilson Nelson,,True,fivb_vis,13658,,
fivb_vis:13659,2022-06-09,men,Volleyball Nations League,VNL_MEN,other,NLD,USA,46,75,0,3,team_b,Arena BRB Nilson Nelson,,True,fivb_vis,13659,,
fivb_vis:13660,2022-06-09,men,Volleyball Nations League,VNL_MEN,other,BRA,SVN,96,82,3,1,team_a,Arena BRB Nilson Nelson,,True,fivb_vis,13660,,
fivb_vis:13661,2022-06-09,men,Volleyball Nations League,VNL_MEN,other,DEU,ARG,84,93,1,3,team_b,TD Place Arena,,True,fivb_vis,13661,,
fivb_vis:13662,2022-06-09,men,Volleyball Nations League,VNL_MEN,other,SRB,FRA,93,96,1,3,team_b,TD Place Arena,,True,fivb_vis,13662,,
fivb_vis:13663,2022-06-09,men,Volleyball Nations League,VNL_MEN,other,POL,ITA,88,96,1,3,team_b,TD Place Arena,,True,fivb_vis,13663,,
fivb_vis:13664,2022-06-10,men,Volleyball Nations League,VNL_MEN,other,NLD,IRN,76,66,3,0,team_a,Arena BRB Nilson Nelson,,True,fivb_vis,13664,,
fivb_vis:13665,2022-06-10,men,Volleyball Nations League,VNL_MEN,other,JPN,USA,98,108,2,3,team_b,Arena BRB Nilson Nelson,,True,fivb_vis,13665,,
fivb_vis:13666,2022-06-10,men,Volleyball Nations League,VNL_MEN,other,AUS,SVN,63,75,0,3,team_b,Arena BRB Nilson Nelson,,True,fivb_vis,13666,,
fivb_vis:13667,2022-06-10,men,Volleyball Nations League,VNL_MEN,other,SRB,ARG,94,90,3,2,team_a,TD Place Arena,,True,fivb_vis,13667,,
fivb_vis:13668,2022-06-10,men,Volleyball Nations League,VNL_MEN,other,BGR,DEU,96,107,2,3,team_b,TD Place Arena,,True,fivb_vis,13668,,
fivb_vis:13669,2022-06-10,men,Volleyball Nations League,VNL_MEN,other,FRA,CAN,75,60,3,0,team_a,TD Place Arena,,True,fivb_vis,13669,,
fivb_vis:13670,2022-06-11,men,Volleyball Nations League,VNL_MEN,other,USA,BRA,98,90,3,1,team_a,Arena BRB Nilson Nelson,,True,fivb_vis,13670,,
fivb_vis:13671,2022-06-11,men,Volleyball Nations League,VNL_MEN,other,SVN,CHN,95,85,3,1,team_a,Arena BRB Nilson Nelson,,True,fivb_vis,13671,,
fivb_vis:13672,2022-06-11,men,Volleyball Nations League,VNL_MEN,other,IRN,AUS,93,76,3,1,team_a,Arena BRB Nilson Nelson,,True,fivb_vis,13672,,
fivb_vis:13673,2022-06-11,men,Volleyball Nations League,VNL_MEN,other,DEU,SRB,116,119,3,2,team_a,TD Place Arena,,True,fivb_vis,13673,,
fivb_vis:13674,2022-06-11,men,Volleyball Nations League,VNL_MEN,other,BGR,POL,61,75,0,3,team_b,TD Place Arena,,True,fivb_vis,13674,,
fivb_vis:13675,2022-06-11,men,Volleyball Nations League,VNL_MEN,other,CAN,ITA,58,75,0,3,team_b,TD Place Arena,,True,fivb_vis,13675,,
fivb_vis:13676,2022-06-12,men,Volleyball Nations League,VNL_MEN,other,BRA,CHN,75,81,0,3,team_b,Arena BRB Nilson Nelson,,True,fivb_vis,13676,,
fivb_vis:13677,2022-06-12,men,Volleyball Nations League,VNL_MEN,other,IRN,JPN,53,75,0,3,team_b,Arena BRB Nilson Nelson,,True,fivb_vis,13677,,
fivb_vis:13678,2022-06-12,men,Volleyball Nations League,VNL_MEN,other,NLD,AUS,75,58,3,0,team_a,Arena BRB Nilson Nelson,,True,fivb_vis,13678,,
fivb_vis:13679,2022-06-12,men,Volleyball Nations League,VNL_MEN,other,FRA,POL,90,96,1,3,team_b,TD Place Arena,,True,fivb_vis,13679,,
fivb_vis:13680,2022-06-12,men,Volleyball Nations League,VNL_MEN,other,ARG,ITA,94,96,1,3,team_b,TD Place Arena,,True,fivb_vis,13680,,
fivb_vis:13681,2022-06-12,men,Volleyball Nations League,VNL_MEN,other,BGR,CAN,98,110,2,3,team_b,TD Place Arena,,True,fivb_vis,13681,,
fivb_vis:13682,2022-06-21,men,Volleyball Nations League,VNL_MEN,other,SVN,NLD,62,76,0,3,team_b,Smart Araneta Coliseum,,True,fivb_vis,13682,,
fivb_vis:13683,2022-06-21,men,Volleyball Nations League,VNL_MEN,other,ARG,JPN,84,94,1,3,team_b,Smart Araneta Coliseum,,True,fivb_vis,13683,,
fivb_vis:13684,2022-06-21,men,Volleyball Nations League,VNL_MEN,other,AUS,CAN,92,96,1,3,team_b,Arena Armeec,,True,fivb_vis,13684,,
fivb_vis:13685,2022-06-21,men,Volleyball Nations League,VNL_MEN,other,IRN,BGR,66,76,0,3,team_b,Arena Armeec,,True,fivb_vis,13685,,
fivb_vis:13686,2022-06-22,men,Volleyball Nations League,VNL_MEN,other,CHN,FRA,0,75,0,3,team_b,Smart Araneta Coliseum,,True,fivb_vis,13686,,
fivb_vis:13687,2022-06-22,men,Volleyball Nations League,VNL_MEN,other,DEU,ITA,59,75,0,3,team_b,Smart Araneta Coliseum,,True,fivb_vis,13687,,
fivb_vis:13688,2022-06-22,men,Volleyball Nations League,VNL_MEN,other,BRA,POL,79,97,1,3,team_b,Arena Armeec,,True,fivb_vis,13688,,
fivb_vis:13689,2022-06-22,men,Volleyball Nations League,VNL_MEN,other,SRB,USA,92,99,1,3,team_b,Arena Armeec,,True,fivb_vis,13689,,
fivb_vis:13690,2022-06-23,men,Volleyball Nations League,VNL_MEN,other,FRA,NLD,75,50,3,0,team_a,Smart Araneta Coliseum,,True,fivb_vis,13690,,
fivb_vis:13691,2022-06-23,men,Volleyball Nations League,VNL_MEN,other,CHN,DEU,75,0,3,0,team_a,Smart Araneta Coliseum,,True,fivb_vis,13691,,
fivb_vis:13692,2022-06-23,men,Volleyball Nations League,VNL_MEN,other,ARG,SVN,84,102,1,3,team_b,Smart Araneta Coliseum,,True,fivb_vis,13692,,
fivb_vis:13693,2022-06-23,men,Volleyball Nations League,VNL_MEN,other,POL,CAN,75,50,3,0,team_a,Arena Armeec,,True,fivb_vis,13693,,
fivb_vis:13694,2022-06-23,men,Volleyball Nations League,VNL_MEN,other,SRB,BRA,59,76,0,3,team_b,Arena Armeec,,True,fivb_vis,13694,,
fivb_vis:13695,2022-06-23,men,Volleyball Nations League,VNL_MEN,other,USA,IRN,70,81,0,3,team_b,Arena Armeec,,True,fivb_vis,13695,,
fivb_vis:13696,2022-06-24,men,Volleyball Nations League,VNL_MEN,other,DEU,NLD,93,103,1,3,team_b,Smart Araneta Coliseum,,True,fivb_vis,13696,,
fivb_vis:13697,2022-06-24,men,Volleyball Nations League,VNL_MEN,other,ARG,CHN,97,91,3,1,team_a,Smart Araneta Coliseum,,True,fivb_vis,13697,,
fivb_vis:13698,2022-06-24,men,Volleyball Nations League,VNL_MEN,other,JPN,ITA,110,103,3,2,team_a,Smart Araneta Coliseum,,True,fivb_vis,13698,,
fivb_vis:13699,2022-06-24,men,Volleyball Nations League,VNL_MEN,other,SRB,CAN,105,105,3,2,team_a,Arena Armeec,,True,fivb_vis,13699,,
fivb_vis:13700,2022-06-24,men,Volleyball Nations League,VNL_MEN,other,IRN,BRA,70,80,0,3,team_b,Arena Armeec,,True,fivb_vis,13700,,
fivb_vis:13701,2022-06-24,men,Volleyball Nations League,VNL_MEN,other,AUS,BGR,108,100,3,2,team_a,Arena Armeec,,True,fivb_vis,13701,,
fivb_vis:13702,2022-06-25,men,Volleyball Nations League,VNL_MEN,other,ARG,NLD,105,107,2,3,team_b,Smart Araneta Coliseum,,True,fivb_vis,13702,,
fivb_vis:13703,2022-06-25,men,Volleyball Nations League,VNL_MEN,other,JPN,FRA,63,77,0,3,team_b,Smart Araneta Coliseum,,True,fivb_vis,13703,,
fivb_vis:13704,2022-06-25,men,Volleyball Nations League,VNL_MEN,other,ITA,SVN,75,56,3,0,team_a,Smart Araneta Coliseum,,True,fivb_vis,13704,,
fivb_vis:13705,2022-06-25,men,Volleyball Nations League,VNL_MEN,other,CAN,IRN,64,77,0,3,team_b,Arena Armeec,,True,fivb_vis,13705,,
fivb_vis:13706,2022-06-25,men,Volleyball Nations League,VNL_MEN,other,POL,AUS,75,50,3,0,team_a,Arena Armeec,,True,fivb_vis,13706,,
fivb_vis:13707,2022-06-25,men,Volleyball Nations League,VNL_MEN,other,USA,BGR,96,84,3,1,team_a,Arena Armeec,,True,fivb_vis,13707,,
fivb_vis:13708,2022-06-26,men,Volleyball Nations League,VNL_MEN,other,DEU,FRA,81,94,1,3,team_b,Smart Araneta Coliseum,,True,fivb_vis,13708,,
fivb_vis:13709,2022-06-26,men,Volleyball Nations League,VNL_MEN,other,JPN,SVN,97,83,3,1,team_a,Smart Araneta Coliseum,,True,fivb_vis,13709,,
fivb_vis:13710,2022-06-26,men,Volleyball Nations League,VNL_MEN,other,ITA,CHN,75,58,3,0,team_a,Smart Araneta Coliseum,,True,fivb_vis,13710,,
fivb_vis:13711,2022-06-26,men,Volleyball Nations League,VNL_MEN,other,SRB,AUS,75,59,3,0,team_a,Arena Armeec,,True,fivb_vis,13711,,
fivb_vis:13712,2022-06-26,men,Volleyball Nations League,VNL_MEN,other,USA,POL,94,97,1,3,team_b,Arena Armeec,,True,fivb_vis,13712,,
fivb_vis:13713,2022-06-26,men,Volleyball Nations League,VNL_MEN,other,BGR,BRA,62,75,0,3,team_b,Arena Armeec,,True,fivb_vis,13713,,
fivb_vis:13714,2022-07-05,men,Volleyball Nations League,VNL_MEN,other,USA,DEU,97,83,3,1,team_a,Maruzen Intec Arena,,True,fivb_vis,13714,,
fivb_vis:13715,2022-07-05,men,Volleyball Nations League,VNL_MEN,other,CAN,ARG,90,98,1,3,team_b,Maruzen Intec Arena,,True,fivb_vis,13715,,
fivb_vis:13716,2022-07-05,men,Volleyball Nations League,VNL_MEN,other,BGR,ITA,58,75,0,3,team_b,Ergo Arena,,True,fivb_vis,13716,,
fivb_vis:13717,2022-07-05,men,Volleyball Nations League,VNL_MEN,other,IRN,POL,111,104,3,2,team_a,Ergo Arena,,True,fivb_vis,13717,,
fivb_vis:13718,2022-07-06,men,Volleyball Nations League,VNL_MEN,other,BRA,DEU,100,83,3,1,team_a,Maruzen Intec Arena,,True,fivb_vis,13718,,
fivb_vis:13719,2022-07-06,men,Volleyball Nations League,VNL_MEN,other,JPN,AUS,98,77,3,1,team_a,Maruzen Intec Arena,,True,fivb_vis,13719,,
fivb_vis:13720,2022-07-06,men,Volleyball Nations League,VNL_MEN,other,NLD,CHN,79,52,3,0,team_a,Ergo Arena,,True,fivb_vis,13720,,
fivb_vis:13721,2022-07-06,men,Volleyball Nations League,VNL_MEN,other,SVN,SRB,75,57,3,0,team_a,Ergo Arena,,True,fivb_vis,13721,,
fivb_vis:13722,2022-07-07,men,Volleyball Nations League,VNL_MEN,other,FRA,USA,94,102,2,3,team_b,Maruzen Intec Arena,,True,fivb_vis,13722,,
fivb_vis:13723,2022-07-07,men,Volleyball Nations League,VNL_MEN,other,DEU,AUS,96,86,3,1,team_a,Maruzen Intec Arena,,True,fivb_vis,13723,,
fivb_vis:13724,2022-07-07,men,Volleyball Nations League,VNL_MEN,other,CAN,BRA,53,75,0,3,team_b,Maruzen Intec Arena,,True,fivb_vis,13724,,
fivb_vis:13725,2022-07-07,men,Volleyball Nations League,VNL_MEN,other,ITA,IRN,100,89,3,1,team_a,Ergo Arena,,True,fivb_vis,13725,,
fivb_vis:13726,2022-07-07,men,Volleyball Nations League,VNL_MEN,other,BGR,SVN,81,97,1,3,team_b,Ergo Arena,,True,fivb_vis,13726,,
fivb_vis:13727,2022-07-07,men,Volleyball Nations League,VNL_MEN,other,POL,CHN,76,58,3,0,team_a,Ergo Arena,,True,fivb_vis,13727,,
fivb_vis:13728,2022-07-08,men,Volleyball Nations League,VNL_MEN,other,ARG,AUS,96,82,3,1,team_a,Maruzen Intec Arena,,True,fivb_vis,13728,,
fivb_vis:13729,2022-07-08,men,Volleyball Nations League,VNL_MEN,other,FRA,BRA,75,64,3,0,team_a,Maruzen Intec Arena,,True,fivb_vis,13729,,
fivb_vis:13730,2022-07-08,men,Volleyball Nations League,VNL_MEN,other,JPN,CAN,97,81,3,1,team_a,Maruzen Intec Arena,,True,fivb_vis,13730,,
fivb_vis:13731,2022-07-08,men,Volleyball Nations League,VNL_MEN,other,BGR,NLD,97,83,3,1,team_a,Ergo Arena,,True,fivb_vis,13731,,
fivb_vis:13732,2022-07-08,men,Volleyball Nations League,VNL_MEN,other,SVN,IRN,59,76,0,3,team_b,Ergo Arena,,True,fivb_vis,13732,,
fivb_vis:13733,2022-07-08,men,Volleyball Nations League,VNL_MEN,other,ITA,SRB,75,58,3,0,team_a,Ergo Arena,,True,fivb_vis,13733,,
fivb_vis:13734,2022-07-09,men,Volleyball Nations League,VNL_MEN,other,FRA,ARG,89,98,1,3,team_b,Maruzen Intec Arena,,True,fivb_vis,13734,,
fivb_vis:13735,2022-07-09,men,Volleyball Nations League,VNL_MEN,other,CAN,USA,53,75,0,3,team_b,Maruzen Intec Arena,,True,fivb_vis,13735,,
fivb_vis:13736,2022-07-09,men,Volleyball Nations League,VNL_MEN,other,DEU,JPN,87,98,1,3,team_b,Maruzen Intec Arena,,True,fivb_vis,13736,,
fivb_vis:13737,2022-07-09,men,Volleyball Nations League,VNL_MEN,other,CHN,BGR,101,91,3,1,team_a,Ergo Arena,,True,fivb_vis,13737,,
fivb_vis:13738,2022-07-09,men,Volleyball Nations League,VNL_MEN,other,IRN,SRB,85,66,3,0,team_a,Ergo Arena,,True,fivb_vis,13738,,
fivb_vis:13739,2022-07-09,men,Volleyball Nations League,VNL_MEN,other,POL,NLD,75,64,3,0,team_a,Ergo Arena,,True,fivb_vis,13739,,
fivb_vis:13740,2022-07-10,men,Volleyball Nations League,VNL_MEN,other,USA,ARG,113,105,3,2,team_a,Maruzen Intec Arena,,True,fivb_vis,13740,,
fivb_vis:13741,2022-07-10,men,Volleyball Nations League,VNL_MEN,other,AUS,FRA,54,78,0,3,team_b,Maruzen Intec Arena,,True,fivb_vis,13741,,
fivb_vis:13742,2022-07-10,men,Volleyball Nations League,VNL_MEN,other,BRA,JPN,75,68,3,0,team_a,Maruzen Intec Arena,,True,fivb_vis,13742,,
fivb_vis:13743,2022-07-10,men,Volleyball Nations League,VNL_MEN,other,CHN,SRB,81,98,1,3,team_b,Ergo Arena,,True,fivb_vis,13743,,
fivb_vis:13744,2022-07-10,men,Volleyball Nations League,VNL_MEN,other,ITA,NLD,76,68,3,0,team_a,Ergo Arena,,True,fivb_vis,13744,,
fivb_vis:13745,2022-07-10,men,Volleyball Nations League,VNL_MEN,other,POL,SVN,98,79,3,1,team_a,Ergo Arena,,True,fivb_vis,13745,,
fivb_vis:13746,2022-07-20,men,Volleyball Nations League,VNL_MEN,other,USA,BRA,95,87,3,1,team_a,Unipol Arena,,True,fivb_vis,13746,,
fivb_vis:13747,2022-07-20,men,Volleyball Nations League,VNL_MEN,other,ITA,NLD,96,82,3,1,team_a,Unipol Arena,,True,fivb_vis,13747,,
fivb_vis:13748,2022-07-21,men,Volleyball Nations League,VNL_MEN,other,FRA,JPN,76,60,3,0,team_a,Unipol Arena,,True,fivb_vis,13748,,
fivb_vis:13749,2022-07-21,men,Volleyball Nations League,VNL_MEN,other,POL,IRN,105,97,3,2,team_a,Unipol Arena,,True,fivb_vis,13749,,
fivb_vis:13750,2022-07-23,men,Volleyball Nations League,VNL_MEN,other,POL,USA,58,75,0,3,team_b,Unipol Arena,,True,fivb_vis,13750,,
fivb_vis:13751,2022-07-23,men,Volleyball Nations League,VNL_MEN,other,ITA,FRA,57,75,0,3,team_b,Unipol Arena,,True,fivb_vis,13751,,
fivb_vis:13752,2022-07-24,men,Volleyball Nations League,VNL_MEN,other,ITA,POL,59,75,0,3,team_b,Unipol Arena,,True,fivb_vis,13752,,
fivb_vis:13753,2022-07-24,men,Volleyball Nations League,VNL_MEN,other,FRA,USA,101,95,3,2,team_a,Unipol Arena,,True,fivb_vis,13753,,
fivb_vis:14214,2022-06-03,men,NORCECA Championship,NORCECA_MEN,other,PRI,MEX,113,105,2,3,team_b,Sala Polivalente 19 de Noviembre,,True,fivb_vis,14214,,
fivb_vis:14215,2022-06-03,men,NORCECA Championship,NORCECA_MEN,other,CUB,DOM,75,52,3,0,team_a,Sala Polivalente 19 de Noviembre,,True,fivb_vis,14215,,
fivb_vis:14216,2022-06-04,men,NORCECA Championship,NORCECA_MEN,other,PRI,DOM,109,105,2,3,team_b,Sala Polivalente 19 de Noviembre,,True,fivb_vis,14216,,
fivb_vis:14217,2022-06-04,men,NORCECA Championship,NORCECA_MEN,other,MEX,CUB,53,75,0,3,team_b,Sala Polivalente 19 de Noviembre,,True,fivb_vis,14217,,
fivb_vis:14218,2022-06-05,men,NORCECA Championship,NORCECA_MEN,other,DOM,MEX,110,103,3,2,team_a,Sala Polivalente 19 de Noviembre,,True,fivb_vis,14218,,
fivb_vis:14219,2022-06-05,men,NORCECA Championship,NORCECA_MEN,other,CUB,PRI,75,55,3,0,team_a,Sala Polivalente 19 de Noviembre,,True,fivb_vis,14219,,
fivb_vis:14332,2022-06-17,women,NORCECA Championship,NORCECA_WOMEN,other,PRI,CUB,55,75,0,3,team_b,Carlos Hernandez Carrera,,True,fivb_vis,14332,,
fivb_vis:14333,2022-06-17,women,NORCECA Championship,NORCECA_WOMEN,other,MEX,CRI,75,39,3,0,team_a,Carlos Hernandez Carrera,,True,fivb_vis,14333,,
fivb_vis:14334,2022-06-18,women,NORCECA Championship,NORCECA_WOMEN,other,PRI,CRI,78,65,3,0,team_a,Carlos Hernandez Carrera,,True,fivb_vis,14334,,
fivb_vis:14335,2022-06-18,women,NORCECA Championship,NORCECA_WOMEN,other,MEX,CUB,75,63,3,0,team_a,Carlos Hernandez Carrera,,True,fivb_vis,14335,,
fivb_vis:14336,2022-06-19,women,NORCECA Championship,NORCECA_WOMEN,other,CUB,CRI,75,45,3,0,team_a,Carlos Hernandez Carrera,,True,fivb_vis,14336,,
fivb_vis:14337,2022-06-19,women,NORCECA Championship,NORCECA_WOMEN,other,MEX,PRI,75,60,3,0,team_a,Carlos Hernandez Carrera,,True,fivb_vis,14337,,
fivb_vis:14476,2022-07-11,men,NORCECA Championship,NORCECA_MEN,other,CUB,DOM,75,52,3,0,team_a,Auditorio Amado Nervo,,True,fivb_vis,14476,,
fivb_vis:14477,2022-07-11,men,NORCECA Championship,NORCECA_MEN,other,USA,CAN,59,75,0,3,team_b,Auditorio Amado Nervo,,True,fivb_vis,14477,,
fivb_vis:14478,2022-07-11,men,NORCECA Championship,NORCECA_MEN,other,MEX,PRI,109,108,2,3,team_b,Auditorio Amado Nervo,,True,fivb_vis,14478,,
fivb_vis:14479,2022-07-12,men,NORCECA Championship,NORCECA_MEN,other,PRI,DOM,119,113,3,2,team_a,Auditorio Amado Nervo,,True,fivb_vis,14479,,
fivb_vis:14480,2022-07-12,men,NORCECA Championship,NORCECA_MEN,other,USA,CUB,107,111,2,3,team_b,Auditorio Amado Nervo,,True,fivb_vis,14480,,
fivb_vis:14481,2022-07-12,men,NORCECA Championship,NORCECA_MEN,other,MEX,CAN,96,105,1,3,team_b,Auditorio Amado Nervo,,True,fivb_vis,14481,,
fivb_vis:14482,2022-07-13,men,NORCECA Championship,NORCECA_MEN,other,USA,PRI,77,64,3,0,team_a,Auditorio Amado Nervo,,True,fivb_vis,14482,,
fivb_vis:14483,2022-07-13,men,NORCECA Championship,NORCECA_MEN,other,CAN,CUB,56,75,0,3,team_b,Auditorio Amado Nervo,,True,fivb_vis,14483,,
fivb_vis:14484,2022-07-13,men,NORCECA Championship,NORCECA_MEN,other,MEX,DOM,96,81,3,1,team_a,Auditorio Amado Nervo,,True,fivb_vis,14484,,
fivb_vis:14485,2022-07-14,men,NORCECA Championship,NORCECA_MEN,other,CAN,DOM,75,60,3,0,team_a,Auditorio Amado Nervo,,True,fivb_vis,14485,,
fivb_vis:14486,2022-07-14,men,NORCECA Championship,NORCECA_MEN,other,CUB,PRI,98,82,3,1,team_a,Auditorio Amado Nervo,,True,fivb_vis,14486,,
fivb_vis:14487,2022-07-14,men,NORCECA Championship,NORCECA_MEN,other,MEX,USA,60,75,0,3,team_b,Auditorio Amado Nervo,,True,fivb_vis,14487,,
fivb_vis:14488,2022-07-15,men,NORCECA Championship,NORCECA_MEN,other,PRI,CAN,63,75,0,3,team_b,Auditorio Amado Nervo,,True,fivb_vis,14488,,
fivb_vis:14489,2022-07-15,men,NORCECA Championship,NORCECA_MEN,other,USA,DOM,75,49,3,0,team_a,Auditorio Amado Nervo,,True,fivb_vis,14489,,
fivb_vis:14490,2022-07-15,men,NORCECA Championship,NORCECA_MEN,other,MEX,CUB,60,75,0,3,team_b,Auditorio Amado Nervo,,True,fivb_vis,14490,,
fivb_vis:14491,2022-07-16,men,NORCECA Championship,NORCECA_MEN,other,MEX,DOM,97,87,3,1,team_a,Auditorio Amado Nervo,,True,fivb_vis,14491,,
fivb_vis:14492,2022-07-16,men,NORCECA Championship,NORCECA_MEN,other,CAN,USA,106,101,3,2,team_a,Auditorio Amado Nervo,,True,fivb_vis,14492,,
fivb_vis:14493,2022-07-16,men,NORCECA Championship,NORCECA_MEN,other,CUB,PRI,75,56,3,0,team_a,Auditorio Amado Nervo,,True,fivb_vis,14493,,
fivb_vis:14494,2022-07-17,men,NORCECA Championship,NORCECA_MEN,other,USA,PRI,77,70,3,0,team_a,Auditorio Amado Nervo,,True,fivb_vis,14494,,
fivb_vis:14495,2022-07-17,men,NORCECA Championship,NORCECA_MEN,other,CAN,CUB,65,75,0,3,team_b,Auditorio Amado Nervo,,True,fivb_vis,14495,,
fivb_vis:14557,2022-08-03,men,EuroVolley,EURO_MEN,other,ROU,ALB,75,47,3,0,team_a,Sports Hall GALATI,,True,fivb_vis,14557,,
fivb_vis:14558,2022-08-03,men,EuroVolley,EURO_MEN,other,HUN,ESP,98,107,2,3,team_b,Riz Levente Sporthall BUDAPEST,,True,fivb_vis,14558,,
fivb_vis:14559,2022-08-03,men,EuroVolley,EURO_MEN,other,SVK,GEO,75,44,3,0,team_a,City Hall NITRA,,True,fivb_vis,14559,,
fivb_vis:14560,2022-08-03,men,EuroVolley,EURO_MEN,other,AZE,DNK,79,98,1,3,team_b,A.Y.S. Sport Hall BAKU,,True,fivb_vis,14560,,
fivb_vis:14561,2022-08-03,men,EuroVolley,EURO_MEN,other,MNE,LUX,75,46,3,0,team_a,SC KOLASIN,,True,fivb_vis,14561,,
fivb_vis:14562,2022-08-03,men,EuroVolley,EURO_MEN,other,NOR,GRC,105,109,2,3,team_b,VOLDA Campus Sparebank1 Arena,,True,fivb_vis,14562,,
fivb_vis:14563,2022-08-03,men,EuroVolley,EURO_MEN,other,HRV,CYP,75,49,3,0,team_a,Nastavno-Sportska Dvorana Gradski Vrt OSIJEK,,True,fivb_vis,14563,,
fivb_vis:14564,2022-08-03,men,EuroVolley,EURO_MEN,other,BEL,FRO,75,31,3,0,team_a,Topsporthal BEVEREN,,True,fivb_vis,14564,,
fivb_vis:14565,2022-08-03,men,EuroVolley,EURO_MEN,other,BIH,CHE,85,98,1,3,team_b,SKPC Mejdan TUZLA,,True,fivb_vis,14565,,
fivb_vis:14566,2022-08-03,men,EuroVolley,EURO_MEN,other,AUT,LVA,89,96,1,3,team_b,UVC Raiffeisen Volleydome RIED IM INNKREIS,,True,fivb_vis,14566,,
fivb_vis:14567,2022-08-03,men,EuroVolley,EURO_MEN,other,PRT,ISL,75,40,3,0,team_a,Pavilhao Desportivo Municipal POVOA DE VARZIM,,True,fivb_vis,14567,,
fivb_vis:14568,2022-08-06,men,EuroVolley,EURO_MEN,other,GEO,HUN,42,75,0,3,team_b,New Volleyball Arena TBILISI,,True,fivb_vis,14568,,
fivb_vis:14569,2022-08-06,men,EuroVolley,EURO_MEN,other,LVA,FIN,83,95,1,3,team_b,Vidzeme Olympic Centre VALMIERA,,True,fivb_vis,14569,,
fivb_vis:14570,2022-08-06,men,EuroVolley,EURO_MEN,other,AZE,TUR,47,75,0,3,team_b,A.Y.S. Sport Hall BAKU,,True,fivb_vis,14570,,
fivb_vis:14571,2022-08-06,men,EuroVolley,EURO_MEN,other,CYP,NOR,77,65,3,0,team_a,Tassos Papadopoulos Eleftheria NICOSIA,,True,fivb_vis,14571,,
fivb_vis:14572,2022-08-07,men,EuroVolley,EURO_MEN,other,ISL,LUX,62,76,0,3,team_b,Digranes KOPAVOGUR,,True,fivb_vis,14572,,
fivb_vis:14573,2022-08-07,men,EuroVolley,EURO_MEN,other,EST,BEL,110,115,2,3,team_b,Kalev Sports Hall TALLINN,,True,fivb_vis,14573,,
fivb_vis:14574,2022-08-07,men,EuroVolley,EURO_MEN,other,MNE,PRT,111,107,3,2,team_a,SC KOLASIN,,True,fivb_vis,14574,,
fivb_vis:14575,2022-08-07,men,EuroVolley,EURO_MEN,other,CHE,ROU,107,105,3,2,team_a,Betoncoupe Arena SCHÖNENWERD,,True,fivb_vis,14575,,
fivb_vis:14576,2022-08-07,men,EuroVolley,EURO_MEN,other,ALB,BIH,76,96,1,3,team_b,TIRANA Olimpik Park Feti Borova Hall,,True,fivb_vis,14576,,
fivb_vis:14577,2022-08-07,men,EuroVolley,EURO_MEN,other,ESP,SVK,75,56,3,0,team_a,Pabellon Municipal Los Planos TERUEL,,True,fivb_vis,14577,,
fivb_vis:14578,2022-08-07,men,EuroVolley,EURO_MEN,other,GRC,HRV,75,50,3,0,team_a,National Athletic Center Makis Liougas GLYFADA,,True,fivb_vis,14578,,
fivb_vis:14579,2022-08-10,men,EuroVolley,EURO_MEN,other,ROU,BIH,94,81,3,1,team_a,Sports Hall GALATI,,True,fivb_vis,14579,,
fivb_vis:14580,2022-08-10,men,EuroVolley,EURO_MEN,other,TUR,DNK,94,74,3,1,team_a,Burhan Felek Voleybol Salonu ISTANBUL,,True,fivb_vis,14580,,
fivb_vis:14581,2022-08-10,men,EuroVolley,EURO_MEN,other,MNE,ISL,75,41,3,0,team_a,SC KOLASIN,,True,fivb_vis,14581,,
fivb_vis:14582,2022-08-10,men,EuroVolley,EURO_MEN,other,SVK,HUN,75,64,3,0,team_a,City Hall NITRA,,True,fivb_vis,14582,,
fivb_vis:14583,2022-08-10,men,EuroVolley,EURO_MEN,other,HRV,NOR,75,58,3,0,team_a,Nastavno-Sportska Dvorana Gradski Vrt OSIJEK,,True,fivb_vis,14583,,
fivb_vis:14584,2022-08-10,men,EuroVolley,EURO_MEN,other,FIN,AUT,98,79,3,1,team_a,Hakametsä Arena TAMPERE,,True,fivb_vis,14584,,
fivb_vis:14585,2022-08-10,men,EuroVolley,EURO_MEN,other,FRO,EST,33,75,0,3,team_b,TORSHAVNAR Ittrottar - og Samkomuholl,,True,fivb_vis,14585,,
fivb_vis:14586,2022-08-10,men,EuroVolley,EURO_MEN,other,CHE,ALB,98,71,3,1,team_a,Betoncoupe Arena SCHÖNENWERD,,True,fivb_vis,14586,,
fivb_vis:14587,2022-08-10,men,EuroVolley,EURO_MEN,other,ESP,GEO,75,34,3,0,team_a,Pabellon Municipal Los Planos TERUEL,,True,fivb_vis,14587,,
fivb_vis:14588,2022-08-10,men,EuroVolley,EURO_MEN,other,GRC,CYP,75,57,3,0,team_a,National Athletic Center Makis Liougas GLYFADA,,True,fivb_vis,14588,,
fivb_vis:14589,2022-08-10,men,EuroVolley,EURO_MEN,other,PRT,LUX,75,51,3,0,team_a,Pavilhao Desportivo Municipal POVOA DE VARZIM,,True,fivb_vis,14589,,
fivb_vis:14590,2022-08-13,men,EuroVolley,EURO_MEN,other,GEO,ESP,36,75,0,3,team_b,New Volleyball Arena TBILISI,,True,fivb_vis,14590,,
fivb_vis:14591,2022-08-13,men,EuroVolley,EURO_MEN,other,HUN,SVK,82,97,1,3,team_b,Riz Levente Sporthall BUDAPEST,,True,fivb_vis,14591,,
fivb_vis:14592,2022-08-13,men,EuroVolley,EURO_MEN,other,EST,FRO,75,43,3,0,team_a,Kalev Sports Hall TALLINN,,True,fivb_vis,14592,,
fivb_vis:14593,2022-08-13,men,EuroVolley,EURO_MEN,other,LUX,PRT,53,75,0,3,team_b,"d'Coque ""Gymnase"" LUXEMBOURG",,True,fivb_vis,14593,,
fivb_vis:14594,2022-08-13,men,EuroVolley,EURO_MEN,other,ALB,CHE,56,75,0,3,team_b,TIRANA Olimpik Park Feti Borova Hall,,True,fivb_vis,14594,,
fivb_vis:14595,2022-08-11,men,EuroVolley,EURO_MEN,other,BIH,ROU,57,75,0,3,team_b,Sports Hall GALATI,,True,fivb_vis,14595,,
fivb_vis:14596,2022-08-13,men,EuroVolley,EURO_MEN,other,CYP,GRC,60,75,0,3,team_b,Tassos Papadopoulos Eleftheria NICOSIA,,True,fivb_vis,14596,,
fivb_vis:14597,2022-08-14,men,EuroVolley,EURO_MEN,other,ISL,MNE,55,75,0,3,team_b,Digranes KOPAVOGUR,,True,fivb_vis,14597,,
fivb_vis:14598,2022-08-14,men,EuroVolley,EURO_MEN,other,NOR,HRV,54,75,0,3,team_b,VOLDA Campus Sparebank1 Arena,,True,fivb_vis,14598,,
fivb_vis:14599,2022-08-14,men,EuroVolley,EURO_MEN,other,DNK,TUR,107,105,3,2,team_a,Lillebeltshallen MIDDELFART,,True,fivb_vis,14599,,
fivb_vis:14600,2022-08-14,men,EuroVolley,EURO_MEN,other,AUT,FIN,106,109,2,3,team_b,UVC Raiffeisen Volleydome RIED IM INNKREIS,,True,fivb_vis,14600,,
fivb_vis:14601,2022-08-17,men,EuroVolley,EURO_MEN,other,ROU,CHE,100,102,3,2,team_a,Sports Hall GALATI,,True,fivb_vis,14601,,
fivb_vis:14602,2022-08-17,men,EuroVolley,EURO_MEN,other,TUR,AZE,75,50,3,0,team_a,Burhan Felek Voleybol Salonu ISTANBUL,,True,fivb_vis,14602,,
fivb_vis:14603,2022-08-17,men,EuroVolley,EURO_MEN,other,SVK,ESP,87,94,1,3,team_b,City Hall NITRA,,True,fivb_vis,14603,,
fivb_vis:14604,2022-08-17,men,EuroVolley,EURO_MEN,other,HUN,GEO,75,38,3,0,team_a,Riz Levente Sporthall BUDAPEST,,True,fivb_vis,14604,,
fivb_vis:14605,2022-08-17,men,EuroVolley,EURO_MEN,other,NOR,CYP,69,76,0,3,team_b,VOLDA Campus Sparebank1 Arena,,True,fivb_vis,14605,,
fivb_vis:14606,2022-08-17,men,EuroVolley,EURO_MEN,other,FIN,LVA,75,50,3,0,team_a,Kupittaan Palloiluhalli TURKU,,True,fivb_vis,14606,,
fivb_vis:14607,2022-08-17,men,EuroVolley,EURO_MEN,other,HRV,GRC,95,101,1,3,team_b,Nastavno-Sportska Dvorana Gradski Vrt OSIJEK,,True,fivb_vis,14607,,
fivb_vis:14608,2022-08-17,men,EuroVolley,EURO_MEN,other,LUX,ISL,77,67,3,0,team_a,"d'Coque ""Gymnase"" LUXEMBOURG",,True,fivb_vis,14608,,
fivb_vis:14609,2022-08-17,men,EuroVolley,EURO_MEN,other,BEL,EST,75,61,3,0,team_a,Tomabel Hall ROESELARE,,True,fivb_vis,14609,,
fivb_vis:14610,2022-08-06,men,EuroVolley,EURO_MEN,other,BIH,ALB,106,95,2,3,team_b,Sportska Dvorana Ramiz Salcin SARAJEVO,,True,fivb_vis,14610,,
fivb_vis:14611,2022-08-17,men,EuroVolley,EURO_MEN,other,PRT,MNE,77,52,3,0,team_a,Desportivo Municipal de SANTO TIRSO,,True,fivb_vis,14611,,
fivb_vis:14612,2022-08-20,men,EuroVolley,EURO_MEN,other,GEO,SVK,43,75,0,3,team_b,New Volleyball Arena TBILISI,,True,fivb_vis,14612,,
fivb_vis:14613,2022-08-20,men,EuroVolley,EURO_MEN,other,ALB,ROU,49,75,0,3,team_b,TIRANA Olimpik Park Feti Borova Hall,,True,fivb_vis,14613,,
fivb_vis:14614,2022-08-20,men,EuroVolley,EURO_MEN,other,DNK,AZE,75,53,3,0,team_a,Lillebeltshallen MIDDELFART,,True,fivb_vis,14614,,
fivb_vis:14615,2022-08-20,men,EuroVolley,EURO_MEN,other,LUX,MNE,87,102,1,3,team_b,"d'Coque ""Gymnase"" LUXEMBOURG",,True,fivb_vis,14615,,
fivb_vis:14616,2022-08-20,men,EuroVolley,EURO_MEN,other,CYP,HRV,52,75,0,3,team_b,Tassos Papadopoulos Eleftheria NICOSIA,,True,fivb_vis,14616,,
fivb_vis:14617,2022-08-21,men,EuroVolley,EURO_MEN,other,ISL,PRT,40,75,0,3,team_b,Digranes KOPAVOGUR,,True,fivb_vis,14617,,
fivb_vis:14618,2022-08-21,men,EuroVolley,EURO_MEN,other,FRO,BEL,52,75,0,3,team_b,TORSHAVNAR Ittrottar - og Samkomuholl,,True,fivb_vis,14618,,
fivb_vis:14619,2022-08-21,men,EuroVolley,EURO_MEN,other,LVA,AUT,110,106,3,2,team_a,Zemgales Olympic Center JELGAVA,,True,fivb_vis,14619,,
fivb_vis:14620,2022-08-21,men,EuroVolley,EURO_MEN,other,CHE,BIH,75,55,3,0,team_a,Betoncoupe Arena SCHÖNENWERD,,True,fivb_vis,14620,,
fivb_vis:14621,2022-08-21,men,EuroVolley,EURO_MEN,other,ESP,HUN,76,59,3,0,team_a,Pabellon Municipal Los Planos TERUEL,,True,fivb_vis,14621,,
fivb_vis:14622,2022-08-21,men,EuroVolley,EURO_MEN,other,GRC,NOR,76,59,3,0,team_a,National Athletic Center Makis Liougas GLYFADA,,True,fivb_vis,14622,,
fivb_vis:17987,2023-09-09,men,EuroVolley,EURO_MEN,other,NLD,DEU,105,105,3,2,team_a,Palaflorio BARI,,True,fivb_vis,17987,,
fivb_vis:17988,2023-09-08,men,EuroVolley,EURO_MEN,other,FRA,BGR,75,57,3,0,team_a,Palace of Culture and Sports VARNA,,True,fivb_vis,17988,,
fivb_vis:17989,2023-09-10,men,EuroVolley,EURO_MEN,other,POL,BEL,98,80,3,1,team_a,Palaflorio BARI,,True,fivb_vis,17989,,
fivb_vis:17990,2023-09-08,men,EuroVolley,EURO_MEN,other,HRV,ROU,102,108,2,3,team_b,Palace of Culture and Sports VARNA,,True,fivb_vis,17990,,
fivb_vis:17991,2023-09-10,men,EuroVolley,EURO_MEN,other,SRB,CZE,76,66,3,0,team_a,Palaflorio BARI,,True,fivb_vis,17991,,
fivb_vis:17992,2023-09-09,men,EuroVolley,EURO_MEN,other,ITA,MKD,75,47,3,0,team_a,Palaflorio BARI,,True,fivb_vis,17992,,
fivb_vis:17993,2023-09-09,men,EuroVolley,EURO_MEN,other,PRT,UKR,61,75,0,3,team_b,Palace of Culture and Sports VARNA,,True,fivb_vis,17993,,
fivb_vis:17994,2023-08-29,men,EuroVolley,EURO_MEN,other,ESP,BGR,96,82,3,1,team_a,Palace of Culture and Sports VARNA,,True,fivb_vis,17994,,
fivb_vis:17995,2023-08-30,men,EuroVolley,EURO_MEN,other,ROU,PRT,60,75,0,3,team_b,Shlomo Group Arena TEL AVIV-YAFO,,True,fivb_vis,17995,,
fivb_vis:17996,2023-08-31,men,EuroVolley,EURO_MEN,other,UKR,HRV,100,102,2,3,team_b,Palace of Culture and Sports VARNA,,True,fivb_vis,17996,,
fivb_vis:17997,2023-08-31,men,EuroVolley,EURO_MEN,other,EST,ITA,58,75,0,3,team_b,Pala Barton PERUGIA,,True,fivb_vis,17997,,
fivb_vis:17998,2023-09-01,men,EuroVolley,EURO_MEN,other,PRT,GRC,98,106,2,3,team_b,Shlomo Group Arena TEL AVIV-YAFO,,True,fivb_vis,17998,,
fivb_vis:17999,2023-09-02,men,EuroVolley,EURO_MEN,other,SVN,ESP,75,49,3,0,team_a,Palace of Culture and Sports VARNA,,True,fivb_vis,17999,,
fivb_vis:18000,2023-09-03,men,EuroVolley,EURO_MEN,other,GRC,ROU,80,98,1,3,team_b,Shlomo Group Arena TEL AVIV-YAFO,,True,fivb_vis,18000,,
fivb_vis:18001,2023-08-29,men,EuroVolley,EURO_MEN,other,GRC,ISR,105,113,2,3,team_b,Shlomo Group Arena TEL AVIV-YAFO,,True,fivb_vis,18001,,
fivb_vis:18002,2023-08-30,men,EuroVolley,EURO_MEN,other,MKD,DNK,97,88,3,1,team_a,Boris Trajkovski SKOPJE,,True,fivb_vis,18002,,
fivb_vis:18003,2023-08-31,men,EuroVolley,EURO_MEN,other,FRA,PRT,100,82,3,1,team_a,Shlomo Group Arena TEL AVIV-YAFO,,True,fivb_vis,18003,,
fivb_vis:18004,2023-08-31,men,EuroVolley,EURO_MEN,other,FIN,BGR,92,95,1,3,team_b,Palace of Culture and Sports VARNA,,True,fivb_vis,18004,,
fivb_vis:18005,2023-09-01,men,EuroVolley,EURO_MEN,other,DEU,CHE,75,51,3,0,team_a,Pala Barton PERUGIA,,True,fivb_vis,18005,,
fivb_vis:18006,2023-09-02,men,EuroVolley,EURO_MEN,other,NLD,CZE,75,66,3,0,team_a,Boris Trajkovski SKOPJE,,True,fivb_vis,18006,,
fivb_vis:18007,2023-09-02,men,EuroVolley,EURO_MEN,other,ISR,FRA,65,79,0,3,team_b,Shlomo Group Arena TEL AVIV-YAFO,,True,fivb_vis,18007,,
fivb_vis:18008,2023-08-30,men,EuroVolley,EURO_MEN,other,TUR,FRA,73,82,0,3,team_b,Shlomo Group Arena TEL AVIV-YAFO,,True,fivb_vis,18008,,
fivb_vis:18009,2023-08-30,men,EuroVolley,EURO_MEN,other,FIN,HRV,75,60,3,0,team_a,Palace of Culture and Sports VARNA,,True,fivb_vis,18009,,
fivb_vis:18010,2023-08-31,men,EuroVolley,EURO_MEN,other,SRB,BEL,93,87,3,1,team_a,Pala Barton PERUGIA,,True,fivb_vis,18010,,
fivb_vis:18011,2023-09-01,men,EuroVolley,EURO_MEN,other,ROU,TUR,108,108,3,2,team_a,Shlomo Group Arena TEL AVIV-YAFO,,True,fivb_vis,18011,,
fivb_vis:18012,2023-09-01,men,EuroVolley,EURO_MEN,other,NLD,POL,79,98,1,3,team_b,Boris Trajkovski SKOPJE,,True,fivb_vis,18012,,
fivb_vis:18013,2023-09-02,men,EuroVolley,EURO_MEN,other,TUR,GRC,98,91,3,1,team_a,Shlomo Group Arena TEL AVIV-YAFO,,True,fivb_vis,18013,,
fivb_vis:18014,2023-09-03,men,EuroVolley,EURO_MEN,other,DNK,MNE,99,99,1,3,team_b,Boris Trajkovski SKOPJE,,True,fivb_vis,18014,,
fivb_vis:18015,2023-08-30,men,EuroVolley,EURO_MEN,other,SVN,UKR,98,87,3,1,team_a,Palace of Culture and Sports VARNA,,True,fivb_vis,18015,,
fivb_vis:18016,2023-08-30,men,EuroVolley,EURO_MEN,other,CHE,SRB,54,75,0,3,team_b,Pala Barton PERUGIA,,True,fivb_vis,18016,,
fivb_vis:18017,2023-08-31,men,EuroVolley,EURO_MEN,other,POL,CZE,75,57,3,0,team_a,Boris Trajkovski SKOPJE,,True,fivb_vis,18017,,
fivb_vis:18018,2023-09-01,men,EuroVolley,EURO_MEN,other,DNK,CZE,89,102,1,3,team_b,Boris Trajkovski SKOPJE,,True,fivb_vis,18018,,
fivb_vis:18019,2023-09-01,men,EuroVolley,EURO_MEN,other,HRV,ESP,75,61,3,0,team_a,Palace of Culture and Sports VARNA,,True,fivb_vis,18019,,
fivb_vis:18020,2023-09-02,men,EuroVolley,EURO_MEN,other,MKD,MNE,75,60,3,0,team_a,Boris Trajkovski SKOPJE,,True,fivb_vis,18020,,
fivb_vis:18021,2023-09-03,men,EuroVolley,EURO_MEN,other,ESP,FIN,94,90,3,1,team_a,Palace of Culture and Sports VARNA,,True,fivb_vis,18021,,
fivb_vis:18022,2023-09-09,men,EuroVolley,EURO_MEN,other,SVN,TUR,107,107,3,2,team_a,Palace of Culture and Sports VARNA,,True,fivb_vis,18022,,
fivb_vis:18023,2023-08-28,men,EuroVolley,EURO_MEN,other,BEL,ITA,50,75,0,3,team_b,Unipol Arena BOLOGNA,,True,fivb_vis,18023,,
fivb_vis:18024,2023-08-30,men,EuroVolley,EURO_MEN,other,DEU,EST,75,60,3,0,team_a,Pala Barton PERUGIA,,True,fivb_vis,18024,,
fivb_vis:18025,2023-08-31,men,EuroVolley,EURO_MEN,other,MNE,NLD,59,75,0,3,team_b,Boris Trajkovski SKOPJE,,True,fivb_vis,18025,,
fivb_vis:18026,2023-08-31,men,EuroVolley,EURO_MEN,other,ROU,ISR,105,100,2,3,team_b,Shlomo Group Arena TEL AVIV-YAFO,,True,fivb_vis,18026,,
fivb_vis:18027,2023-09-01,men,EuroVolley,EURO_MEN,other,FIN,SVN,62,75,0,3,team_b,Palace of Culture and Sports VARNA,,True,fivb_vis,18027,,
fivb_vis:18028,2023-09-01,men,EuroVolley,EURO_MEN,other,SRB,ITA,55,75,0,3,team_b,Pala Barton PERUGIA,,True,fivb_vis,18028,,
fivb_vis:18029,2023-09-02,men,EuroVolley,EURO_MEN,other,BGR,UKR,95,85,3,1,team_a,Palace of Culture and Sports VARNA,,True,fivb_vis,18029,,
fivb_vis:18030,2023-09-03,men,EuroVolley,EURO_MEN,other,EST,CHE,108,102,3,2,team_a,Pala Rossini ANCONA,,True,fivb_vis,18030,,
fivb_vis:18031,2023-09-03,men,EuroVolley,EURO_MEN,other,ISR,PRT,55,75,0,3,team_b,Shlomo Group Arena TEL AVIV-YAFO,,True,fivb_vis,18031,,
fivb_vis:18032,2023-09-04,men,EuroVolley,EURO_MEN,other,UKR,FIN,112,104,3,2,team_a,Palace of Culture and Sports VARNA,,True,fivb_vis,18032,,
fivb_vis:18033,2023-09-04,men,EuroVolley,EURO_MEN,other,ITA,CHE,75,57,3,0,team_a,Pala Rossini ANCONA,,True,fivb_vis,18033,,
fivb_vis:18034,2023-09-05,men,EuroVolley,EURO_MEN,other,POL,DNK,75,52,3,0,team_a,Boris Trajkovski SKOPJE,,True,fivb_vis,18034,,
fivb_vis:18035,2023-09-06,men,EuroVolley,EURO_MEN,other,CHE,BEL,61,75,0,3,team_b,Pala Rossini ANCONA,,True,fivb_vis,18035,,
fivb_vis:18036,2023-09-12,men,EuroVolley,EURO_MEN,other,ITA,NLD,107,95,3,2,team_a,Palaflorio BARI,,True,fivb_vis,18036,,
fivb_vis:18037,2023-09-16,men,EuroVolley,EURO_MEN,other,ITA,POL,64,75,0,3,team_b,Palazzetto dello Sport ROME,,True,fivb_vis,18037,,
fivb_vis:18038,2023-09-03,men,EuroVolley,EURO_MEN,other,POL,MKD,75,47,3,0,team_a,Boris Trajkovski SKOPJE,,True,fivb_vis,18038,,
fivb_vis:18039,2023-09-04,men,EuroVolley,EURO_MEN,other,FRA,ROU,87,91,1,3,team_b,Shlomo Group Arena TEL AVIV-YAFO,,True,fivb_vis,18039,,
fivb_vis:18040,2023-09-04,men,EuroVolley,EURO_MEN,other,HRV,SVN,49,75,0,3,team_b,Palace of Culture and Sports VARNA,,True,fivb_vis,18040,,
fivb_vis:18041,2023-09-05,men,EuroVolley,EURO_MEN,other,BEL,EST,87,79,3,1,team_a,Pala Rossini ANCONA,,True,fivb_vis,18041,,
fivb_vis:18042,2023-09-06,men,EuroVolley,EURO_MEN,other,MNE,POL,37,75,0,3,team_b,Boris Trajkovski SKOPJE,,True,fivb_vis,18042,,
fivb_vis:18043,2023-09-11,men,EuroVolley,EURO_MEN,other,FRA,ROU,77,61,3,0,team_a,Palace of Culture and Sports VARNA,,True,fivb_vis,18043,,
fivb_vis:18044,2023-09-16,men,EuroVolley,EURO_MEN,other,FRA,SVN,99,104,2,3,team_b,Palazzetto dello Sport ROME,,True,fivb_vis,18044,,
fivb_vis:18045,2023-09-03,men,EuroVolley,EURO_MEN,other,BGR,HRV,84,97,1,3,team_b,Palace of Culture and Sports VARNA,,True,fivb_vis,18045,,
fivb_vis:18046,2023-09-04,men,EuroVolley,EURO_MEN,other,SRB,EST,75,61,3,0,team_a,Pala Rossini ANCONA,,True,fivb_vis,18046,,
fivb_vis:18047,2023-09-05,men,EuroVolley,EURO_MEN,other,MKD,NLD,54,75,0,3,team_b,Boris Trajkovski SKOPJE,,True,fivb_vis,18047,,
fivb_vis:18048,2023-09-05,men,EuroVolley,EURO_MEN,other,TUR,ISR,75,53,3,0,team_a,Shlomo Group Arena TEL AVIV-YAFO,,True,fivb_vis,18048,,
fivb_vis:18049,2023-09-06,men,EuroVolley,EURO_MEN,other,MKD,CZE,59,75,0,3,team_b,Boris Trajkovski SKOPJE,,True,fivb_vis,18049,,
fivb_vis:18050,2023-09-12,men,EuroVolley,EURO_MEN,other,POL,SRB,112,94,3,1,team_a,Palaflorio BARI,,True,fivb_vis,18050,,
fivb_vis:18051,2023-09-03,men,EuroVolley,EURO_MEN,other,BEL,DEU,99,104,2,3,team_b,Pala Rossini ANCONA,,True,fivb_vis,18051,,
fivb_vis:18052,2023-09-04,men,EuroVolley,EURO_MEN,other,CZE,MNE,75,53,3,0,team_a,Boris Trajkovski SKOPJE,,True,fivb_vis,18052,,
fivb_vis:18053,2023-09-05,men,EuroVolley,EURO_MEN,other,GRC,FRA,58,75,0,3,team_b,Shlomo Group Arena TEL AVIV-YAFO,,True,fivb_vis,18053,,
fivb_vis:18054,2023-09-05,men,EuroVolley,EURO_MEN,other,SVN,BGR,88,81,3,0,team_a,Palace of Culture and Sports VARNA,,True,fivb_vis,18054,,
fivb_vis:18055,2023-09-06,men,EuroVolley,EURO_MEN,other,DEU,ITA,106,102,2,3,team_b,Pala Rossini ANCONA,,True,fivb_vis,18055,,
fivb_vis:18056,2023-09-14,men,EuroVolley,EURO_MEN,other,ITA,FRA,75,63,3,0,team_a,Palazzetto dello Sport ROME,,True,fivb_vis,18056,,
fivb_vis:18057,2023-09-04,men,EuroVolley,EURO_MEN,other,DNK,NLD,87,99,1,3,team_b,Boris Trajkovski SKOPJE,,True,fivb_vis,18057,,
fivb_vis:18058,2023-09-04,men,EuroVolley,EURO_MEN,other,PRT,TUR,105,113,3,2,team_a,Shlomo Group Arena TEL AVIV-YAFO,,True,fivb_vis,18058,,
fivb_vis:18059,2023-09-05,men,EuroVolley,EURO_MEN,other,ESP,UKR,61,75,0,3,team_b,Palace of Culture and Sports VARNA,,True,fivb_vis,18059,,
fivb_vis:18060,2023-09-05,men,EuroVolley,EURO_MEN,other,DEU,SRB,88,95,1,3,team_b,Pala Rossini ANCONA,,True,fivb_vis,18060,,
fivb_vis:18061,2023-09-11,men,EuroVolley,EURO_MEN,other,SVN,UKR,102,94,3,1,team_a,Palace of Culture and Sports VARNA,,True,fivb_vis,18061,,
fivb_vis:18062,2023-09-14,men,EuroVolley,EURO_MEN,other,POL,SVN,98,87,3,1,team_a,Palazzetto dello Sport ROME,,True,fivb_vis,18062,,
fivb_vis:14645,2022-09-09,women,EuroVolley,EURO_WOMEN,other,NOR,BIH,28,75,0,3,team_b,SD Goran Čengić SARAJEVO,,True,fivb_vis,14645,,
fivb_vis:14646,2022-08-20,women,EuroVolley,EURO_WOMEN,other,DNK,ESP,52,75,0,3,team_b,Lillebeltshallen MIDDELFART,,True,fivb_vis,14646,,
fivb_vis:14647,2022-08-20,women,EuroVolley,EURO_WOMEN,other,ROU,ISR,75,39,3,0,team_a,Sala Polivalenta PIATRA-NEAMT,,True,fivb_vis,14647,,
fivb_vis:14648,2022-08-20,women,EuroVolley,EURO_WOMEN,other,CZE,ISL,75,36,3,0,team_a,Sport Hall Mír TÁBOR,,True,fivb_vis,14648,,
fivb_vis:14649,2022-08-20,women,EuroVolley,EURO_WOMEN,other,UKR,CYP,75,40,3,0,team_a,Sport Hall Klimeska KUTNA HORA,,True,fivb_vis,14649,,
fivb_vis:14650,2022-08-20,women,EuroVolley,EURO_WOMEN,other,PRT,HUN,50,75,0,3,team_b,Desportivo Municipal de SANTO TIRSO,,True,fivb_vis,14650,,
fivb_vis:14651,2022-08-20,women,EuroVolley,EURO_WOMEN,other,AZE,GEO,78,57,3,0,team_a,A.Y.S. Sport Hall BAKU,,True,fivb_vis,14651,,
fivb_vis:14652,2022-08-20,women,EuroVolley,EURO_WOMEN,other,SVK,LVA,75,43,3,0,team_a,Arena POPRAD,,True,fivb_vis,14652,,
fivb_vis:14653,2022-08-20,women,EuroVolley,EURO_WOMEN,other,SVN,AUT,78,59,3,0,team_a,Dvorana Tabor MARIBOR,,True,fivb_vis,14653,,
fivb_vis:14654,2022-08-20,women,EuroVolley,EURO_WOMEN,other,GRC,CHE,76,64,3,0,team_a,National Sport Centre of Mikra KALAMARIA-THESSALONIKI,,True,fivb_vis,14654,,
fivb_vis:14655,2022-08-21,women,EuroVolley,EURO_WOMEN,other,MNE,FIN,75,99,1,3,team_b,SC Ada PLJEVLJA,,True,fivb_vis,14655,,
fivb_vis:14656,2022-08-21,women,EuroVolley,EURO_WOMEN,other,HRV,FRO,75,33,3,0,team_a,Nastavno-Sportska Dvorana Gradski Vrt OSIJEK,,True,fivb_vis,14656,,
fivb_vis:14657,2022-08-24,women,EuroVolley,EURO_WOMEN,other,GEO,AZE,35,75,0,3,team_b,New Volleyball Arena TBILISI,,True,fivb_vis,14657,,
fivb_vis:14658,2022-08-24,women,EuroVolley,EURO_WOMEN,other,HUN,UKR,97,114,2,3,team_b,Riz Levente Sporthall BUDAPEST,,True,fivb_vis,14658,,
fivb_vis:14659,2022-08-24,women,EuroVolley,EURO_WOMEN,other,MNE,ISL,75,42,3,0,team_a,SC Ada PLJEVLJA,,True,fivb_vis,14659,,
fivb_vis:14660,2022-08-24,women,EuroVolley,EURO_WOMEN,other,FIN,CZE,67,76,0,3,team_b,SEINÄJOKI Areena,,True,fivb_vis,14660,,
fivb_vis:14661,2022-08-24,women,EuroVolley,EURO_WOMEN,other,FRO,ROU,39,75,0,3,team_b,TORSHAVNAR Ittrottar - og Samkomuholl,,True,fivb_vis,14661,,
fivb_vis:14662,2022-08-24,women,EuroVolley,EURO_WOMEN,other,BIH,GRC,52,75,0,3,team_b,SD Goran Čengić SARAJEVO,,True,fivb_vis,14662,,
fivb_vis:14663,2022-08-24,women,EuroVolley,EURO_WOMEN,other,CHE,NOR,75,40,3,0,team_a,Betoncoupe Arena SCHÖNENWERD,,True,fivb_vis,14663,,
fivb_vis:14664,2022-08-24,women,EuroVolley,EURO_WOMEN,other,ESP,SVK,88,81,3,1,team_a,Palacio de Deportes de La Guía GIJÓN,,True,fivb_vis,14664,,
fivb_vis:14665,2022-08-24,women,EuroVolley,EURO_WOMEN,other,LVA,DNK,103,108,3,2,team_a,Zemgales Olympic Center JELGAVA,,True,fivb_vis,14665,,
fivb_vis:14666,2022-08-24,women,EuroVolley,EURO_WOMEN,other,ISR,HRV,93,107,1,3,team_b,Enerbox Sport Palace HADERA,,True,fivb_vis,14666,,
fivb_vis:14667,2022-08-24,women,EuroVolley,EURO_WOMEN,other,CYP,PRT,53,75,0,3,team_b,Tassos Papadopoulos Eleftheria NICOSIA,,True,fivb_vis,14667,,
fivb_vis:14668,2022-08-24,women,EuroVolley,EURO_WOMEN,other,AUT,SVN,99,106,2,3,team_b,Raiffeisen Sportpark GRAZ / A,,True,fivb_vis,14668,,
fivb_vis:14669,2022-08-27,women,EuroVolley,EURO_WOMEN,other,GEO,SVN,52,75,0,3,team_b,New Volleyball Arena TBILISI,,True,fivb_vis,14669,,
fivb_vis:14670,2022-08-27,women,EuroVolley,EURO_WOMEN,other,HUN,CYP,75,40,3,0,team_a,Riz Levente Sporthall BUDAPEST,,True,fivb_vis,14670,,
fivb_vis:14671,2022-08-27,women,EuroVolley,EURO_WOMEN,other,CZE,MNE,75,52,3,0,team_a,Sport Hall Mír TÁBOR,,True,fivb_vis,14671,,
fivb_vis:14672,2022-08-27,women,EuroVolley,EURO_WOMEN,other,FIN,ISL,75,48,3,0,team_a,Salohalli SALO,,True,fivb_vis,14672,,
fivb_vis:14673,2022-08-27,women,EuroVolley,EURO_WOMEN,other,SVK,DNK,75,34,3,0,team_a,Arena POPRAD,,True,fivb_vis,14673,,
fivb_vis:14674,2022-08-27,women,EuroVolley,EURO_WOMEN,other,BIH,CHE,101,90,3,1,team_a,SD Goran Čengić SARAJEVO,,True,fivb_vis,14674,,
fivb_vis:14675,2022-08-27,women,EuroVolley,EURO_WOMEN,other,ESP,LVA,97,77,3,1,team_a,Palacio de Deportes de AVILES,,True,fivb_vis,14675,,
fivb_vis:14676,2022-08-27,women,EuroVolley,EURO_WOMEN,other,ISR,FRO,75,43,3,0,team_a,Enerbox Sport Palace HADERA,,True,fivb_vis,14676,,
fivb_vis:14677,2022-08-27,women,EuroVolley,EURO_WOMEN,other,GRC,NOR,75,39,3,0,team_a,National Sport Centre of Mikra KALAMARIA-THESSALONIKI,,True,fivb_vis,14677,,
fivb_vis:14678,2022-08-28,women,EuroVolley,EURO_WOMEN,other,AZE,AUT,75,51,3,0,team_a,A.Y.S. Sport Hall BAKU,,True,fivb_vis,14678,,
fivb_vis:14679,2022-08-28,women,EuroVolley,EURO_WOMEN,other,UKR,PRT,75,46,3,0,team_a,Sport Hall Mír TÁBOR,,True,fivb_vis,14679,,
fivb_vis:14680,2022-08-28,women,EuroVolley,EURO_WOMEN,other,HRV,ROU,100,85,3,1,team_a,Nastavno-Sportska Dvorana Gradski Vrt OSIJEK,,True,fivb_vis,14680,,
fivb_vis:14681,2022-09-03,women,EuroVolley,EURO_WOMEN,other,ISL,FIN,46,75,0,3,team_b,Digranes KOPAVOGUR,,True,fivb_vis,14681,,
fivb_vis:14682,2022-09-03,women,EuroVolley,EURO_WOMEN,other,NOR,GRC,38,75,0,3,team_b,Tromsøhallen TROMSØ,,True,fivb_vis,14682,,
fivb_vis:14683,2022-09-03,women,EuroVolley,EURO_WOMEN,other,GEO,AUT,53,75,0,3,team_b,New Volleyball Arena TBILISI,,True,fivb_vis,14683,,
fivb_vis:14684,2022-09-03,women,EuroVolley,EURO_WOMEN,other,ROU,HRV,94,83,3,1,team_a,Sala Polivalenta PIATRA-NEAMT,,True,fivb_vis,14684,,
fivb_vis:14685,2022-09-03,women,EuroVolley,EURO_WOMEN,other,AZE,SVN,75,94,1,3,team_b,A.Y.S. Sport Hall BAKU,,True,fivb_vis,14685,,
fivb_vis:14686,2022-09-03,women,EuroVolley,EURO_WOMEN,other,CHE,BIH,83,99,1,3,team_b,Betoncoupe Arena SCHÖNENWERD,,True,fivb_vis,14686,,
fivb_vis:14687,2022-09-03,women,EuroVolley,EURO_WOMEN,other,CYP,HUN,39,75,0,3,team_b,Tassos Papadopoulos Eleftheria NICOSIA,,True,fivb_vis,14687,,
fivb_vis:14688,2022-09-04,women,EuroVolley,EURO_WOMEN,other,FRO,ISR,35,75,0,3,team_b,TORSHAVNAR Ittrottar - og Samkomuholl,,True,fivb_vis,14688,,
fivb_vis:14689,2022-09-04,women,EuroVolley,EURO_WOMEN,other,LVA,ESP,45,75,0,3,team_b,Olympic Sport Centre Sport Hall RIGA,,True,fivb_vis,14689,,
fivb_vis:14690,2022-09-04,women,EuroVolley,EURO_WOMEN,other,DNK,SVK,42,75,0,3,team_b,"Spar Nord Arena, KØGE",,True,fivb_vis,14690,,
fivb_vis:14691,2022-09-04,women,EuroVolley,EURO_WOMEN,other,MNE,CZE,76,99,1,3,team_b,SC Ada PLJEVLJA,,True,fivb_vis,14691,,
fivb_vis:14692,2022-09-04,women,EuroVolley,EURO_WOMEN,other,PRT,UKR,49,75,0,3,team_b,Desportivo Municipal de SANTO TIRSO,,True,fivb_vis,14692,,
fivb_vis:14693,2022-09-07,women,EuroVolley,EURO_WOMEN,other,ROU,FRO,75,34,3,0,team_a,Sala Polivalenta PIATRA-NEAMT,,True,fivb_vis,14693,,
fivb_vis:14694,2022-09-07,women,EuroVolley,EURO_WOMEN,other,UKR,HUN,75,47,3,0,team_a,Sport Hall Klimeska KUTNA HORA,,True,fivb_vis,14694,,
fivb_vis:14695,2022-09-07,women,EuroVolley,EURO_WOMEN,other,CZE,FIN,75,58,3,0,team_a,Sport Hall Mír TÁBOR,,True,fivb_vis,14695,,
fivb_vis:14696,2022-09-07,women,EuroVolley,EURO_WOMEN,other,SVK,ESP,77,59,3,0,team_a,Arena POPRAD,,True,fivb_vis,14696,,
fivb_vis:14697,2022-09-07,women,EuroVolley,EURO_WOMEN,other,DNK,LVA,76,58,3,0,team_a,"Spar Nord Arena, KØGE",,True,fivb_vis,14697,,
fivb_vis:14698,2022-09-07,women,EuroVolley,EURO_WOMEN,other,NOR,CHE,55,75,0,3,team_b,Tromsøhallen TROMSØ,,True,fivb_vis,14698,,
fivb_vis:14699,2022-09-07,women,EuroVolley,EURO_WOMEN,other,ISL,MNE,54,75,0,3,team_b,Digranes KOPAVOGUR,,True,fivb_vis,14699,,
fivb_vis:14700,2022-09-07,women,EuroVolley,EURO_WOMEN,other,HRV,ISR,111,105,3,2,team_a,Nastavno-Sportska Dvorana Gradski Vrt OSIJEK,,True,fivb_vis,14700,,
fivb_vis:14701,2022-09-07,women,EuroVolley,EURO_WOMEN,other,SVN,AZE,94,74,3,1,team_a,Sportna Dvorana Ljudski Vrt MARIBOR,,True,fivb_vis,14701,,
fivb_vis:14702,2022-09-07,women,EuroVolley,EURO_WOMEN,other,AUT,GEO,75,45,3,0,team_a,SMNS Kleinmünchen LINZ,,True,fivb_vis,14702,,
fivb_vis:14703,2022-09-07,women,EuroVolley,EURO_WOMEN,other,GRC,BIH,63,75,0,3,team_b,National Sport Centre of Mikra KALAMARIA-THESSALONIKI,,True,fivb_vis,14703,,
fivb_vis:14704,2022-09-07,women,EuroVolley,EURO_WOMEN,other,PRT,CYP,75,39,3,0,team_a,Desportivo Municipal de SANTO TIRSO,,True,fivb_vis,14704,,
fivb_vis:14705,2022-09-10,women,EuroVolley,EURO_WOMEN,other,FIN,MNE,102,84,3,1,team_a,Motonet Areena JOENSUU,,True,fivb_vis,14705,,
fivb_vis:14706,2022-09-10,women,EuroVolley,EURO_WOMEN,other,HUN,PRT,75,50,3,0,team_a,Békéscsabai Városi Sportcsarnok BÉKÉSCSABA,,True,fivb_vis,14706,,
fivb_vis:14707,2022-09-10,women,EuroVolley,EURO_WOMEN,other,BIH,NOR,75,48,3,0,team_a,SD Goran Čengić SARAJEVO,,True,fivb_vis,14707,,
fivb_vis:14708,2022-09-10,women,EuroVolley,EURO_WOMEN,other,SVN,GEO,75,54,3,0,team_a,Sportna Dvorana Ljudski Vrt MARIBOR,,True,fivb_vis,14708,,
fivb_vis:14709,2022-09-10,women,EuroVolley,EURO_WOMEN,other,CYP,UKR,46,75,0,3,team_b,Tassos Papadopoulos Eleftheria NICOSIA,,True,fivb_vis,14709,,
fivb_vis:14710,2022-09-10,women,EuroVolley,EURO_WOMEN,other,AUT,AZE,74,98,1,3,team_b,Multiversum SCHWECHAT,,True,fivb_vis,14710,,
fivb_vis:14711,2022-09-11,women,EuroVolley,EURO_WOMEN,other,ISL,CZE,33,75,0,3,team_b,Digranes KOPAVOGUR,,True,fivb_vis,14711,,
fivb_vis:14712,2022-09-11,women,EuroVolley,EURO_WOMEN,other,FRO,HRV,29,75,0,3,team_b,TORSHAVNAR Ittrottar - og Samkomuholl,,True,fivb_vis,14712,,
fivb_vis:14713,2022-09-11,women,EuroVolley,EURO_WOMEN,other,LVA,SVK,33,75,0,3,team_b,Olympic Sport Centre Sport Hall RIGA,,True,fivb_vis,14713,,
fivb_vis:14714,2022-09-11,women,EuroVolley,EURO_WOMEN,other,ESP,DNK,75,59,3,0,team_a,Pabellón Pedro Ferrándiz ALICANTE,,True,fivb_vis,14714,,
fivb_vis:14715,2022-09-11,women,EuroVolley,EURO_WOMEN,other,CHE,GRC,104,85,3,1,team_a,Betoncoupe Arena SCHÖNENWERD,,True,fivb_vis,14715,,
fivb_vis:14716,2022-09-11,women,EuroVolley,EURO_WOMEN,other,ISR,ROU,96,110,2,3,team_b,Enerbox Sport Palace HADERA,,True,fivb_vis,14716,,
fivb_vis:17689,2023-08-28,women,EuroVolley,EURO_WOMEN,other,SRB,SWE,75,46,3,0,team_a,Paleis 12 BRUSSELS,,True,fivb_vis,17689,,
fivb_vis:17690,2023-08-28,women,EuroVolley,EURO_WOMEN,other,CZE,UKR,95,106,3,2,team_a,Paleis 12 BRUSSELS,,True,fivb_vis,17690,,
fivb_vis:17691,2023-08-27,women,EuroVolley,EURO_WOMEN,other,TUR,BEL,98,92,3,1,team_a,Paleis 12 BRUSSELS,,True,fivb_vis,17691,,
fivb_vis:17692,2023-08-27,women,EuroVolley,EURO_WOMEN,other,POL,DEU,76,66,3,0,team_a,Paleis 12 BRUSSELS,,True,fivb_vis,17692,,
fivb_vis:17693,2023-08-26,women,EuroVolley,EURO_WOMEN,other,ITA,ESP,75,64,3,0,team_a,Palazzo Wanny FIRENZE,,True,fivb_vis,17693,,
fivb_vis:17694,2023-08-26,women,EuroVolley,EURO_WOMEN,other,FRA,ROU,96,87,3,1,team_a,Palazzo Wanny FIRENZE,,True,fivb_vis,17694,,
fivb_vis:17695,2023-08-27,women,EuroVolley,EURO_WOMEN,other,NLD,CHE,75,48,3,0,team_a,Palazzo Wanny FIRENZE,,True,fivb_vis,17695,,
fivb_vis:17696,2023-08-27,women,EuroVolley,EURO_WOMEN,other,BGR,SVK,98,98,3,2,team_a,Palazzo Wanny FIRENZE,,True,fivb_vis,17696,,
fivb_vis:17697,2023-08-15,women,EuroVolley,EURO_WOMEN,other,ITA,ROU,75,53,3,0,team_a,Arena di VERONA,,True,fivb_vis,17697,,
fivb_vis:17698,2023-08-16,women,EuroVolley,EURO_WOMEN,other,CHE,BIH,97,106,2,3,team_b,Arena Di MONZA,,True,fivb_vis,17698,,
fivb_vis:17699,2023-08-16,women,EuroVolley,EURO_WOMEN,other,EST,FRA,48,75,0,3,team_b,Unibet Arena TALLINN,,True,fivb_vis,17699,,
fivb_vis:17700,2023-08-16,women,EuroVolley,EURO_WOMEN,other,BGR,HRV,98,86,3,1,team_a,Arena Di MONZA,,True,fivb_vis,17700,,
fivb_vis:17701,2023-08-17,women,EuroVolley,EURO_WOMEN,other,FIN,SVK,59,75,0,3,team_b,Unibet Arena TALLINN,,True,fivb_vis,17701,,
fivb_vis:17702,2023-08-17,women,EuroVolley,EURO_WOMEN,other,BIH,BGR,82,94,1,3,team_b,Arena Di MONZA,,True,fivb_vis,17702,,
fivb_vis:17703,2023-08-17,women,EuroVolley,EURO_WOMEN,other,HUN,BEL,50,75,0,3,team_b,Top Sport Hall GENT,,True,fivb_vis,17703,,
fivb_vis:17704,2023-08-17,women,EuroVolley,EURO_WOMEN,other,NLD,ESP,75,63,3,0,team_a,Unibet Arena TALLINN,,True,fivb_vis,17704,,
fivb_vis:17705,2023-08-17,women,EuroVolley,EURO_WOMEN,other,GRC,DEU,67,79,0,3,team_b,Castello DÜSSELDORF,,True,fivb_vis,17705,,
fivb_vis:17706,2023-08-17,women,EuroVolley,EURO_WOMEN,other,ROU,HRV,98,87,3,1,team_a,Arena Di MONZA,,True,fivb_vis,17706,,
fivb_vis:17707,2023-08-18,women,EuroVolley,EURO_WOMEN,other,SRB,UKR,75,49,3,0,team_a,Top Sport Hall GENT,,True,fivb_vis,17707,,
fivb_vis:17708,2023-08-18,women,EuroVolley,EURO_WOMEN,other,SVK,NLD,58,75,0,3,team_b,Unibet Arena TALLINN,,True,fivb_vis,17708,,
fivb_vis:17709,2023-08-18,women,EuroVolley,EURO_WOMEN,other,TUR,SWE,75,53,3,0,team_a,Castello DÜSSELDORF,,True,fivb_vis,17709,,
fivb_vis:17710,2023-08-18,women,EuroVolley,EURO_WOMEN,other,BIH,HRV,105,98,3,2,team_a,Arena Di MONZA,,True,fivb_vis,17710,,
fivb_vis:17711,2023-08-18,women,EuroVolley,EURO_WOMEN,other,SVN,POL,52,75,0,3,team_b,Top Sport Hall GENT,,True,fivb_vis,17711,,
fivb_vis:17712,2023-08-18,women,EuroVolley,EURO_WOMEN,other,FRA,ESP,110,95,3,2,team_a,Unibet Arena TALLINN,,True,fivb_vis,17712,,
fivb_vis:17713,2023-08-18,women,EuroVolley,EURO_WOMEN,other,AZE,CZE,75,46,3,0,team_a,Castello DÜSSELDORF,,True,fivb_vis,17713,,
fivb_vis:17714,2023-08-18,women,EuroVolley,EURO_WOMEN,other,ITA,CHE,75,46,3,0,team_a,Arena Di MONZA,,True,fivb_vis,17714,,
fivb_vis:17715,2023-08-19,women,EuroVolley,EURO_WOMEN,other,SVK,ESP,76,60,3,0,team_a,Unibet Arena TALLINN,,True,fivb_vis,17715,,
fivb_vis:17716,2023-08-19,women,EuroVolley,EURO_WOMEN,other,UKR,HUN,76,58,3,0,team_a,Top Sport Hall GENT,,True,fivb_vis,17716,,
fivb_vis:17717,2023-08-19,women,EuroVolley,EURO_WOMEN,other,SWE,GRC,95,96,1,3,team_b,Castello DÜSSELDORF,,True,fivb_vis,17717,,
fivb_vis:17718,2023-08-19,women,EuroVolley,EURO_WOMEN,other,ROU,CHE,105,104,2,3,team_b,Arena Di MONZA,,True,fivb_vis,17718,,
fivb_vis:17719,2023-08-19,women,EuroVolley,EURO_WOMEN,other,EST,FIN,103,109,2,3,team_b,Unibet Arena TALLINN,,True,fivb_vis,17719,,
fivb_vis:17720,2023-08-19,women,EuroVolley,EURO_WOMEN,other,SVN,BEL,95,105,1,3,team_b,Top Sport Hall GENT,,True,fivb_vis,17720,,
fivb_vis:17721,2023-08-19,women,EuroVolley,EURO_WOMEN,other,AZE,DEU,74,87,1,3,team_b,Castello DÜSSELDORF,,True,fivb_vis,17721,,
fivb_vis:17722,2023-08-19,women,EuroVolley,EURO_WOMEN,other,BGR,ITA,46,75,0,3,team_b,Arena Di MONZA,,True,fivb_vis,17722,,
fivb_vis:17723,2023-08-20,women,EuroVolley,EURO_WOMEN,other,FRA,FIN,75,58,3,0,team_a,Unibet Arena TALLINN,,True,fivb_vis,17723,,
fivb_vis:17724,2023-08-20,women,EuroVolley,EURO_WOMEN,other,SRB,SVN,75,46,3,0,team_a,Top Sport Hall GENT,,True,fivb_vis,17724,,
fivb_vis:17725,2023-08-20,women,EuroVolley,EURO_WOMEN,other,GRC,CZE,60,75,0,3,team_b,Castello DÜSSELDORF,,True,fivb_vis,17725,,
fivb_vis:17726,2023-08-20,women,EuroVolley,EURO_WOMEN,other,NLD,EST,77,52,3,0,team_a,Unibet Arena TALLINN,,True,fivb_vis,17726,,
fivb_vis:17727,2023-08-20,women,EuroVolley,EURO_WOMEN,other,TUR,AZE,75,39,3,0,team_a,Castello DÜSSELDORF,,True,fivb_vis,17727,,
fivb_vis:17728,2023-08-20,women,EuroVolley,EURO_WOMEN,other,HUN,POL,75,96,1,3,team_b,Top Sport Hall GENT,,True,fivb_vis,17728,,
fivb_vis:17729,2023-08-21,women,EuroVolley,EURO_WOMEN,other,POL,SRB,79,93,1,3,team_b,Top Sport Hall GENT,,True,fivb_vis,17729,,
fivb_vis:17730,2023-08-21,women,EuroVolley,EURO_WOMEN,other,CZE,TUR,85,95,1,3,team_b,Castello DÜSSELDORF,,True,fivb_vis,17730,,
fivb_vis:17731,2023-08-21,women,EuroVolley,EURO_WOMEN,other,FRA,SVK,75,52,3,0,team_a,Unibet Arena TALLINN,,True,fivb_vis,17731,,
fivb_vis:17732,2023-08-21,women,EuroVolley,EURO_WOMEN,other,BIH,ROU,106,99,2,3,team_b,Palazzetto dello Sport Gianni Asti TORINO,,True,fivb_vis,17732,,
fivb_vis:17733,2023-08-21,women,EuroVolley,EURO_WOMEN,other,ESP,FIN,101,91,3,1,team_a,Unibet Arena TALLINN,,True,fivb_vis,17733,,
fivb_vis:17734,2023-08-21,women,EuroVolley,EURO_WOMEN,other,DEU,SWE,77,88,1,3,team_b,Castello DÜSSELDORF,,True,fivb_vis,17734,,
fivb_vis:17735,2023-08-21,women,EuroVolley,EURO_WOMEN,other,BEL,UKR,64,75,0,3,team_b,Top Sport Hall GENT,,True,fivb_vis,17735,,
fivb_vis:17736,2023-08-21,women,EuroVolley,EURO_WOMEN,other,HRV,CHE,90,92,1,3,team_b,Palazzetto dello Sport Gianni Asti TORINO,,True,fivb_vis,17736,,
fivb_vis:17737,2023-08-22,women,EuroVolley,EURO_WOMEN,other,NLD,FRA,99,97,3,1,team_a,Unibet Arena TALLINN,,True,fivb_vis,17737,,
fivb_vis:17738,2023-08-22,women,EuroVolley,EURO_WOMEN,other,SVN,HUN,75,53,3,0,team_a,Top Sport Hall GENT,,True,fivb_vis,17738,,
fivb_vis:17739,2023-08-22,women,EuroVolley,EURO_WOMEN,other,AZE,GRC,114,103,3,2,team_a,Castello DÜSSELDORF,,True,fivb_vis,17739,,
fivb_vis:17740,2023-08-22,women,EuroVolley,EURO_WOMEN,other,BGR,ROU,106,103,3,2,team_a,Palazzetto dello Sport Gianni Asti TORINO,,True,fivb_vis,17740,,
fivb_vis:17741,2023-08-22,women,EuroVolley,EURO_WOMEN,other,EST,SVK,77,100,1,3,team_b,Unibet Arena TALLINN,,True,fivb_vis,17741,,
fivb_vis:17742,2023-08-22,women,EuroVolley,EURO_WOMEN,other,DEU,CZE,110,114,2,3,team_b,Castello DÜSSELDORF,,True,fivb_vis,17742,,
fivb_vis:17743,2023-08-22,women,EuroVolley,EURO_WOMEN,other,BEL,POL,66,75,0,3,team_b,Top Sport Hall GENT,,True,fivb_vis,17743,,
fivb_vis:17744,2023-08-22,women,EuroVolley,EURO_WOMEN,other,ITA,BIH,75,57,3,0,team_a,Palazzetto dello Sport Gianni Asti TORINO,,True,fivb_vis,17744,,
fivb_vis:17745,2023-08-23,women,EuroVolley,EURO_WOMEN,other,FIN,NLD,56,75,0,3,team_b,Unibet Arena TALLINN,,True,fivb_vis,17745,,
fivb_vis:17746,2023-08-23,women,EuroVolley,EURO_WOMEN,other,UKR,SVN,95,89,3,1,team_a,Top Sport Hall GENT,,True,fivb_vis,17746,,
fivb_vis:17747,2023-08-23,women,EuroVolley,EURO_WOMEN,other,GRC,TUR,66,79,0,3,team_b,Castello DÜSSELDORF,,True,fivb_vis,17747,,
fivb_vis:17748,2023-08-23,women,EuroVolley,EURO_WOMEN,other,CHE,BGR,78,96,1,3,team_b,Palazzetto dello Sport Gianni Asti TORINO,,True,fivb_vis,17748,,
fivb_vis:17749,2023-08-23,women,EuroVolley,EURO_WOMEN,other,EST,ESP,83,91,1,3,team_b,Unibet Arena TALLINN,,True,fivb_vis,17749,,
fivb_vis:17750,2023-08-23,women,EuroVolley,EURO_WOMEN,other,HUN,SRB,66,96,1,3,team_b,Top Sport Hall GENT,,True,fivb_vis,17750,,
fivb_vis:17751,2023-08-23,women,EuroVolley,EURO_WOMEN,other,SWE,AZE,92,81,3,1,team_a,Castello DÜSSELDORF,,True,fivb_vis,17751,,
fivb_vis:17752,2023-08-23,women,EuroVolley,EURO_WOMEN,other,ITA,HRV,75,59,3,0,team_a,Palazzetto dello Sport Gianni Asti TORINO,,True,fivb_vis,17752,,
fivb_vis:17753,2023-08-24,women,EuroVolley,EURO_WOMEN,other,POL,UKR,97,76,3,1,team_a,Top Sport Hall GENT,,True,fivb_vis,17753,,
fivb_vis:17754,2023-08-24,women,EuroVolley,EURO_WOMEN,other,CZE,SWE,75,65,3,0,team_a,Castello DÜSSELDORF,,True,fivb_vis,17754,,
fivb_vis:17755,2023-08-24,women,EuroVolley,EURO_WOMEN,other,TUR,DEU,78,61,3,0,team_a,Castello DÜSSELDORF,,True,fivb_vis,17755,,
fivb_vis:17756,2023-08-24,women,EuroVolley,EURO_WOMEN,other,SRB,BEL,75,45,3,0,team_a,Top Sport Hall GENT,,True,fivb_vis,17756,,
fivb_vis:17757,2023-08-29,women,EuroVolley,EURO_WOMEN,other,ITA,FRA,79,54,3,0,team_a,Palazzo Wanny FIRENZE,,True,fivb_vis,17757,,
fivb_vis:17758,2023-08-29,women,EuroVolley,EURO_WOMEN,other,NLD,BGR,75,43,3,0,team_a,Palazzo Wanny FIRENZE,,True,fivb_vis,17758,,
fivb_vis:17759,2023-08-30,women,EuroVolley,EURO_WOMEN,other,SRB,CZE,99,68,3,1,team_a,Paleis 12 BRUSSELS,,True,fivb_vis,17759,,
fivb_vis:17760,2023-08-30,women,EuroVolley,EURO_WOMEN,other,TUR,POL,75,63,3,0,team_a,Paleis 12 BRUSSELS,,True,fivb_vis,17760,,
fivb_vis:17761,2023-09-01,women,EuroVolley,EURO_WOMEN,other,SRB,NLD,90,89,3,1,team_a,Paleis 12 BRUSSELS,,True,fivb_vis,17761,,
fivb_vis:17762,2023-09-01,women,EuroVolley,EURO_WOMEN,other,TUR,ITA,98,101,3,2,team_a,Paleis 12 BRUSSELS,,True,fivb_vis,17762,,
fivb_vis:17763,2023-09-03,women,EuroVolley,EURO_WOMEN,other,NLD,ITA,78,69,3,0,team_a,Paleis 12 BRUSSELS,,True,fivb_vis,17763,,
fivb_vis:17764,2023-09-03,women,EuroVolley,EURO_WOMEN,other,SRB,TUR,108,112,2,3,team_b,Paleis 12 BRUSSELS,,True,fivb_vis,17764,,
fivb_vis:14833,2021-09-04,women,NORCECA Championship,NORCECA_WOMEN,other,PRI,CAN,75,51,3,0,team_a,Palacio del Voleibol Ricardo Gioriver Arias,,True,fivb_vis,14833,,
fivb_vis:14834,2021-09-04,women,NORCECA Championship,NORCECA_WOMEN,other,USA,MEX,75,58,3,0,team_a,Palacio del Voleibol Ricardo Gioriver Arias,,True,fivb_vis,14834,,
fivb_vis:14835,2021-09-04,women,NORCECA Championship,NORCECA_WOMEN,other,DOM,CUB,75,54,3,0,team_a,Palacio del Voleibol Ricardo Gioriver Arias,,True,fivb_vis,14835,,
fivb_vis:14836,2021-09-05,women,NORCECA Championship,NORCECA_WOMEN,other,CUB,CAN,75,54,3,0,team_a,Palacio del Voleibol Ricardo Gioriver Arias,,True,fivb_vis,14836,,
fivb_vis:14837,2021-09-05,women,NORCECA Championship,NORCECA_WOMEN,other,PRI,USA,99,93,3,1,team_a,Palacio del Voleibol Ricardo Gioriver Arias,,True,fivb_vis,14837,,
fivb_vis:14838,2021-09-05,women,NORCECA Championship,NORCECA_WOMEN,other,MEX,DOM,48,75,0,3,team_b,Palacio del Voleibol Ricardo Gioriver Arias,,True,fivb_vis,14838,,
fivb_vis:14839,2021-09-06,women,NORCECA Championship,NORCECA_WOMEN,other,MEX,CUB,101,104,3,2,team_a,Palacio del Voleibol Ricardo Gioriver Arias,,True,fivb_vis,14839,,
fivb_vis:14840,2021-09-06,women,NORCECA Championship,NORCECA_WOMEN,other,USA,CAN,75,63,3,0,team_a,Palacio del Voleibol Ricardo Gioriver Arias,,True,fivb_vis,14840,,
fivb_vis:14841,2021-09-06,women,NORCECA Championship,NORCECA_WOMEN,other,DOM,PRI,75,50,3,0,team_a,Palacio del Voleibol Ricardo Gioriver Arias,,True,fivb_vis,14841,,
fivb_vis:14842,2021-09-07,women,NORCECA Championship,NORCECA_WOMEN,other,MEX,PRI,48,75,0,3,team_b,Palacio del Voleibol Ricardo Gioriver Arias,,True,fivb_vis,14842,,
fivb_vis:14843,2021-09-07,women,NORCECA Championship,NORCECA_WOMEN,other,USA,CUB,77,60,3,0,team_a,Palacio del Voleibol Ricardo Gioriver Arias,,True,fivb_vis,14843,,
fivb_vis:14844,2021-09-07,women,NORCECA Championship,NORCECA_WOMEN,other,DOM,CAN,75,45,3,0,team_a,Palacio del Voleibol Ricardo Gioriver Arias,,True,fivb_vis,14844,,
fivb_vis:14845,2021-09-08,women,NORCECA Championship,NORCECA_WOMEN,other,PRI,CUB,110,112,2,3,team_b,Palacio del Voleibol Ricardo Gioriver Aria,,True,fivb_vis,14845,,
fivb_vis:14846,2021-09-08,women,NORCECA Championship,NORCECA_WOMEN,other,CAN,MEX,98,94,3,1,team_a,Palacio del Voleibol Ricardo Gioriver Aria,,True,fivb_vis,14846,,
fivb_vis:14847,2021-09-08,women,NORCECA Championship,NORCECA_WOMEN,other,DOM,USA,75,55,3,0,team_a,Palacio del Voleibol Ricardo Gioriver Aria,,True,fivb_vis,14847,,
fivb_vis:14848,2021-09-09,women,NORCECA Championship,NORCECA_WOMEN,other,MEX,CAN,106,104,2,3,team_b,Palacio del Voleibol Ricardo Gioriver Aria,,True,fivb_vis,14848,,
fivb_vis:14849,2021-09-09,women,NORCECA Championship,NORCECA_WOMEN,other,PRI,USA,102,107,1,3,team_b,Palacio del Voleibol Ricardo Gioriver Aria,,True,fivb_vis,14849,,
fivb_vis:14850,2021-09-09,women,NORCECA Championship,NORCECA_WOMEN,other,DOM,CUB,75,49,3,0,team_a,Palacio del Voleibol Ricardo Gioriver Aria,,True,fivb_vis,14850,,
fivb_vis:14851,2021-09-10,women,NORCECA Championship,NORCECA_WOMEN,other,PRI,CUB,75,52,3,0,team_a,Palacio del Voleibol Ricardo Gioriver Aria,,True,fivb_vis,14851,,
fivb_vis:14852,2021-09-10,women,NORCECA Championship,NORCECA_WOMEN,other,DOM,USA,76,58,3,0,team_a,Palacio del Voleibol Ricardo Gioriver Aria,,True,fivb_vis,14852,,
fivb_vis:16128,2023-06-06,men,Volleyball Nations League,VNL_MEN,other,BGR,CHN,100,106,2,3,team_b,Nippongaishi Hall,,True,fivb_vis,16128,,
fivb_vis:16129,2023-06-06,men,Volleyball Nations League,VNL_MEN,other,JPN,IRN,75,57,3,0,team_a,Nippongaishi Hall,,True,fivb_vis,16129,,
fivb_vis:16130,2023-06-06,men,Volleyball Nations League,VNL_MEN,other,ITA,ARG,63,75,0,3,team_b,TD Place,,True,fivb_vis,16130,,
fivb_vis:16131,2023-06-06,men,Volleyball Nations League,VNL_MEN,other,CAN,CUB,113,108,3,2,team_a,TD Place,,True,fivb_vis,16131,,
fivb_vis:16132,2023-06-07,men,Volleyball Nations League,VNL_MEN,other,SVN,SRB,100,95,3,1,team_a,Nippongaishi Hall,,True,fivb_vis,16132,,
fivb_vis:16133,2023-06-07,men,Volleyball Nations League,VNL_MEN,other,POL,FRA,103,96,3,1,team_a,Nippongaishi Hall,,True,fivb_vis,16133,,
fivb_vis:16134,2023-06-07,men,Volleyball Nations League,VNL_MEN,other,USA,NLD,75,63,3,0,team_a,TD Place,,True,fivb_vis,16134,,
fivb_vis:16135,2023-06-07,men,Volleyball Nations League,VNL_MEN,other,BRA,DEU,95,80,3,1,team_a,TD Place,,True,fivb_vis,16135,,
fivb_vis:16136,2023-06-08,men,Volleyball Nations League,VNL_MEN,other,SVN,BGR,64,76,0,3,team_b,Nippongaishi Hall,,True,fivb_vis,16136,,
fivb_vis:16137,2023-06-08,men,Volleyball Nations League,VNL_MEN,other,SRB,CHN,84,68,3,0,team_a,Nippongaishi Hall,,True,fivb_vis,16137,,
fivb_vis:16138,2023-06-08,men,Volleyball Nations League,VNL_MEN,other,POL,IRN,111,99,3,2,team_a,Nippongaishi Hall,,True,fivb_vis,16138,,
fivb_vis:16139,2023-06-08,men,Volleyball Nations League,VNL_MEN,other,NLD,CUB,78,67,3,0,team_a,TD Place,,True,fivb_vis,16139,,
fivb_vis:16140,2023-06-08,men,Volleyball Nations League,VNL_MEN,other,ITA,USA,52,75,0,3,team_b,TD Place,,True,fivb_vis,16140,,
fivb_vis:16141,2023-06-08,men,Volleyball Nations League,VNL_MEN,other,ARG,BRA,105,107,2,3,team_b,TD Place,,True,fivb_vis,16141,,
fivb_vis:16142,2023-06-09,men,Volleyball Nations League,VNL_MEN,other,CHN,FRA,78,98,1,3,team_b,Nippongaishi Hall,,True,fivb_vis,16142,,
fivb_vis:16143,2023-06-09,men,Volleyball Nations League,VNL_MEN,other,POL,BGR,112,104,3,2,team_a,Nippongaishi Hall,,True,fivb_vis,16143,,
fivb_vis:16144,2023-06-09,men,Volleyball Nations League,VNL_MEN,other,JPN,SRB,97,89,3,1,team_a,Nippongaishi Hall,,True,fivb_vis,16144,,
fivb_vis:16145,2023-06-09,men,Volleyball Nations League,VNL_MEN,other,NLD,DEU,83,72,3,0,team_a,TD Place,,True,fivb_vis,16145,,
fivb_vis:16146,2023-06-09,men,Volleyball Nations League,VNL_MEN,other,ITA,CUB,95,82,3,1,team_a,TD Place,,True,fivb_vis,16146,,
fivb_vis:16147,2023-06-09,men,Volleyball Nations League,VNL_MEN,other,CAN,ARG,83,96,1,3,team_b,TD Place,,True,fivb_vis,16147,,
fivb_vis:16148,2023-06-10,men,Volleyball Nations League,VNL_MEN,other,FRA,SVN,88,96,1,3,team_b,Nippongaishi Hall,,True,fivb_vis,16148,,
fivb_vis:16149,2023-06-10,men,Volleyball Nations League,VNL_MEN,other,IRN,CHN,98,74,3,1,team_a,Nippongaishi Hall,,True,fivb_vis,16149,,
fivb_vis:16150,2023-06-10,men,Volleyball Nations League,VNL_MEN,other,JPN,BGR,76,67,3,0,team_a,Nippongaishi Hall,,True,fivb_vis,16150,,
fivb_vis:16151,2023-06-10,men,Volleyball Nations League,VNL_MEN,other,DEU,ITA,87,100,1,3,team_b,TD Place,,True,fivb_vis,16151,,
fivb_vis:16152,2023-06-10,men,Volleyball Nations League,VNL_MEN,other,BRA,CUB,110,119,2,3,team_b,TD Place,,True,fivb_vis,16152,,
fivb_vis:16153,2023-06-10,men,Volleyball Nations League,VNL_MEN,other,CAN,USA,62,75,0,3,team_b,TD Place,,True,fivb_vis,16153,,
fivb_vis:16154,2023-06-11,men,Volleyball Nations League,VNL_MEN,other,SVN,IRN,75,65,3,0,team_a,Nippongaishi Hall,,True,fivb_vis,16154,,
fivb_vis:16155,2023-06-11,men,Volleyball Nations League,VNL_MEN,other,SRB,POL,75,54,3,0,team_a,Nippongaishi Hall,,True,fivb_vis,16155,,
fivb_vis:16156,2023-06-11,men,Volleyball Nations League,VNL_MEN,other,JPN,FRA,100,90,3,1,team_a,Nippongaishi Hall,,True,fivb_vis,16156,,
fivb_vis:16157,2023-06-11,men,Volleyball Nations League,VNL_MEN,other,ARG,NLD,119,108,3,2,team_a,TD Place,,True,fivb_vis,16157,,
fivb_vis:16158,2023-06-11,men,Volleyball Nations League,VNL_MEN,other,USA,BRA,80,96,1,3,team_b,TD Place,,True,fivb_vis,16158,,
fivb_vis:16159,2023-06-11,men,Volleyball Nations League,VNL_MEN,other,CAN,DEU,84,95,1,3,team_b,TD Place,,True,fivb_vis,16159,,
fivb_vis:16160,2023-06-20,men,Volleyball Nations League,VNL_MEN,other,JPN,CAN,99,79,3,1,team_a,CO'Met Arena,,True,fivb_vis,16160,,
fivb_vis:16161,2023-06-20,men,Volleyball Nations League,VNL_MEN,other,IRN,DEU,76,63,3,0,team_a,RTM Stage,,True,fivb_vis,16161,,
fivb_vis:16162,2023-06-20,men,Volleyball Nations League,VNL_MEN,other,USA,SRB,97,84,3,1,team_a,RTM Stage,,True,fivb_vis,16162,,
fivb_vis:16163,2023-06-20,men,Volleyball Nations League,VNL_MEN,other,ARG,SVN,88,96,1,3,team_b,CO'Met Arena,,True,fivb_vis,16163,,
fivb_vis:16164,2023-06-20,men,Volleyball Nations League,VNL_MEN,other,NLD,CHN,75,62,3,0,team_a,RTM Stage,,True,fivb_vis,16164,,
fivb_vis:16165,2023-06-20,men,Volleyball Nations League,VNL_MEN,other,BRA,BGR,75,54,3,0,team_a,CO'Met Arena,,True,fivb_vis,16165,,
fivb_vis:16166,2023-06-21,men,Volleyball Nations League,VNL_MEN,other,JPN,CUB,75,58,3,0,team_a,CO'Met Arena,,True,fivb_vis,16166,,
fivb_vis:16167,2023-06-21,men,Volleyball Nations League,VNL_MEN,other,IRN,ITA,59,76,0,3,team_b,RTM Stage,,True,fivb_vis,16167,,
fivb_vis:16168,2023-06-21,men,Volleyball Nations League,VNL_MEN,other,USA,CHN,78,66,3,0,team_a,RTM Stage,,True,fivb_vis,16168,,
fivb_vis:16169,2023-06-21,men,Volleyball Nations League,VNL_MEN,other,SVN,CAN,75,59,3,0,team_a,CO'Met Arena,,True,fivb_vis,16169,,
fivb_vis:16170,2023-06-21,men,Volleyball Nations League,VNL_MEN,other,DEU,POL,95,104,2,3,team_b,RTM Stage,,True,fivb_vis,16170,,
fivb_vis:16171,2023-06-21,men,Volleyball Nations League,VNL_MEN,other,ARG,FRA,98,90,3,1,team_a,CO'Met Arena,,True,fivb_vis,16171,,
fivb_vis:16172,2023-06-22,men,Volleyball Nations League,VNL_MEN,other,JPN,BRA,108,110,3,2,team_a,CO'Met Arena,,True,fivb_vis,16172,,
fivb_vis:16173,2023-06-22,men,Volleyball Nations League,VNL_MEN,other,CHN,ITA,56,76,0,3,team_b,RTM Stage,,True,fivb_vis,16173,,
fivb_vis:16174,2023-06-22,men,Volleyball Nations League,VNL_MEN,other,SRB,DEU,95,92,3,1,team_a,RTM Stage,,True,fivb_vis,16174,,
fivb_vis:16175,2023-06-22,men,Volleyball Nations League,VNL_MEN,other,CAN,BGR,97,90,3,1,team_a,CO'Met Arena,,True,fivb_vis,16175,,
fivb_vis:16176,2023-06-22,men,Volleyball Nations League,VNL_MEN,other,NLD,POL,101,105,2,3,team_b,RTM Stage,,True,fivb_vis,16176,,
fivb_vis:16177,2023-06-22,men,Volleyball Nations League,VNL_MEN,other,SVN,CUB,97,75,3,1,team_a,CO'Met Arena,,True,fivb_vis,16177,,
fivb_vis:16178,2023-06-23,men,Volleyball Nations League,VNL_MEN,other,ARG,BGR,75,61,3,0,team_a,CO'Met Arena,,True,fivb_vis,16178,,
fivb_vis:16179,2023-06-23,men,Volleyball Nations League,VNL_MEN,other,IRN,USA,63,75,0,3,team_b,RTM Stage,,True,fivb_vis,16179,,
fivb_vis:16180,2023-06-23,men,Volleyball Nations League,VNL_MEN,other,SRB,ITA,52,75,0,3,team_b,RTM Stage,,True,fivb_vis,16180,,
fivb_vis:16181,2023-06-23,men,Volleyball Nations League,VNL_MEN,other,FRA,CUB,75,58,3,0,team_a,CO'Met Arena,,True,fivb_vis,16181,,
fivb_vis:16182,2023-06-24,men,Volleyball Nations League,VNL_MEN,other,JPN,ARG,118,110,3,2,team_a,CO'Met Arena,,True,fivb_vis,16182,,
fivb_vis:16183,2023-06-24,men,Volleyball Nations League,VNL_MEN,other,POL,USA,59,75,0,3,team_b,RTM Stage,,True,fivb_vis,16183,,
fivb_vis:16184,2023-06-24,men,Volleyball Nations League,VNL_MEN,other,BRA,SVN,99,91,3,1,team_a,CO'Met Arena,,True,fivb_vis,16184,,
fivb_vis:16185,2023-06-24,men,Volleyball Nations League,VNL_MEN,other,NLD,IRN,102,93,3,2,team_a,RTM Stage,,True,fivb_vis,16185,,
fivb_vis:16186,2023-06-24,men,Volleyball Nations League,VNL_MEN,other,CAN,FRA,59,75,0,3,team_b,CO'Met Arena,,True,fivb_vis,16186,,
fivb_vis:16187,2023-06-24,men,Volleyball Nations League,VNL_MEN,other,CHN,DEU,98,83,3,1,team_a,RTM Stage,,True,fivb_vis,16187,,
fivb_vis:16188,2023-06-25,men,Volleyball Nations League,VNL_MEN,other,ITA,POL,90,96,1,3,team_b,RTM Stage,,True,fivb_vis,16188,,
fivb_vis:16189,2023-06-25,men,Volleyball Nations League,VNL_MEN,other,BGR,CUB,105,107,2,3,team_b,CO'Met Arena,,True,fivb_vis,16189,,
fivb_vis:16190,2023-06-25,men,Volleyball Nations League,VNL_MEN,other,NLD,SRB,113,118,2,3,team_b,RTM Stage,,True,fivb_vis,16190,,
fivb_vis:16191,2023-06-25,men,Volleyball Nations League,VNL_MEN,other,BRA,FRA,95,92,3,1,team_a,CO'Met Arena,,True,fivb_vis,16191,,
fivb_vis:16192,2023-07-04,men,Volleyball Nations League,VNL_MEN,other,BRA,ITA,81,98,1,3,team_b,Mall of Asia Arena,,True,fivb_vis,16192,,
fivb_vis:16193,2023-07-04,men,Volleyball Nations League,VNL_MEN,other,JPN,CHN,110,109,3,2,team_a,Mall of Asia Arena,,True,fivb_vis,16193,,
fivb_vis:16194,2023-07-04,men,Volleyball Nations League,VNL_MEN,other,ARG,SRB,94,78,3,1,team_a,Anaheim Convention Centre Arena,,True,fivb_vis,16194,,
fivb_vis:16195,2023-07-04,men,Volleyball Nations League,VNL_MEN,other,IRN,FRA,59,75,0,3,team_b,Anaheim Convention Centre Arena,,True,fivb_vis,16195,,
fivb_vis:16196,2023-07-05,men,Volleyball Nations League,VNL_MEN,other,CAN,NLD,87,92,1,3,team_b,Mall of Asia Arena,,True,fivb_vis,16196,,
fivb_vis:16197,2023-07-05,men,Volleyball Nations League,VNL_MEN,other,POL,SVN,115,109,3,2,team_a,Mall of Asia Arena,,True,fivb_vis,16197,,
fivb_vis:16198,2023-07-05,men,Volleyball Nations League,VNL_MEN,other,DEU,BGR,75,62,3,0,team_a,Anaheim Convention Centre Arena,,True,fivb_vis,16198,,
fivb_vis:16199,2023-07-05,men,Volleyball Nations League,VNL_MEN,other,USA,CUB,77,57,3,0,team_a,Anaheim Convention Centre Arena,,True,fivb_vis,16199,,
fivb_vis:16200,2023-07-06,men,Volleyball Nations League,VNL_MEN,other,BRA,NLD,75,56,3,0,team_a,Mall of Asia Arena,,True,fivb_vis,16200,,
fivb_vis:16201,2023-07-06,men,Volleyball Nations League,VNL_MEN,other,CAN,ITA,93,111,2,3,team_b,Mall of Asia Arena,,True,fivb_vis,16201,,
fivb_vis:16202,2023-07-06,men,Volleyball Nations League,VNL_MEN,other,CHN,SVN,90,99,1,3,team_b,Mall of Asia Arena,,True,fivb_vis,16202,,
fivb_vis:16203,2023-07-06,men,Volleyball Nations League,VNL_MEN,other,ARG,DEU,75,58,3,0,team_a,Anaheim Convention Centre Arena,,True,fivb_vis,16203,,
fivb_vis:16204,2023-07-06,men,Volleyball Nations League,VNL_MEN,other,SRB,CUB,106,105,3,2,team_a,Anaheim Convention Centre Arena,,True,fivb_vis,16204,,
fivb_vis:16205,2023-07-06,men,Volleyball Nations League,VNL_MEN,other,BGR,IRN,108,104,3,2,team_a,Anaheim Convention Centre Arena,,True,fivb_vis,16205,,
fivb_vis:16206,2023-07-07,men,Volleyball Nations League,VNL_MEN,other,POL,BRA,97,90,3,1,team_a,Mall of Asia Arena,,True,fivb_vis,16206,,
fivb_vis:16207,2023-07-07,men,Volleyball Nations League,VNL_MEN,other,SVN,ITA,52,75,0,3,team_b,Mall of Asia Arena,,True,fivb_vis,16207,,
fivb_vis:16208,2023-07-07,men,Volleyball Nations League,VNL_MEN,other,JPN,NLD,99,85,3,1,team_a,Mall of Asia Arena,,True,fivb_vis,16208,,
fivb_vis:16209,2023-07-07,men,Volleyball Nations League,VNL_MEN,other,SRB,FRA,94,98,1,3,team_b,Anaheim Convention Centre Arena,,True,fivb_vis,16209,,
fivb_vis:16210,2023-07-07,men,Volleyball Nations League,VNL_MEN,other,CUB,DEU,68,75,0,3,team_b,Anaheim Convention Centre Arena,,True,fivb_vis,16210,,
fivb_vis:16211,2023-07-07,men,Volleyball Nations League,VNL_MEN,other,USA,ARG,121,129,2,3,team_b,Anaheim Convention Centre Arena,,True,fivb_vis,16211,,
fivb_vis:16212,2023-07-08,men,Volleyball Nations League,VNL_MEN,other,BRA,CHN,75,53,3,0,team_a,Mall of Asia Arena,,True,fivb_vis,16212,,
fivb_vis:16213,2023-07-08,men,Volleyball Nations League,VNL_MEN,other,POL,CAN,77,69,3,0,team_a,Mall of Asia Arena,,True,fivb_vis,16213,,
fivb_vis:16214,2023-07-08,men,Volleyball Nations League,VNL_MEN,other,JPN,ITA,98,105,1,3,team_b,Mall of Asia Arena,,True,fivb_vis,16214,,
fivb_vis:16215,2023-07-08,men,Volleyball Nations League,VNL_MEN,other,BGR,SRB,63,75,0,3,team_b,Anaheim Convention Centre Arena,,True,fivb_vis,16215,,
fivb_vis:16216,2023-07-08,men,Volleyball Nations League,VNL_MEN,other,ARG,IRN,120,109,3,2,team_a,Anaheim Convention Centre Arena,,True,fivb_vis,16216,,
fivb_vis:16217,2023-07-08,men,Volleyball Nations League,VNL_MEN,other,USA,FRA,79,73,3,0,team_a,Anaheim Convention Centre Arena,,True,fivb_vis,16217,,
fivb_vis:16218,2023-07-09,men,Volleyball Nations League,VNL_MEN,other,CHN,CAN,81,98,1,3,team_b,Mall of Asia Arena,,True,fivb_vis,16218,,
fivb_vis:16219,2023-07-09,men,Volleyball Nations League,VNL_MEN,other,SVN,NLD,82,72,3,0,team_a,Mall of Asia Arena,,True,fivb_vis,16219,,
fivb_vis:16220,2023-07-09,men,Volleyball Nations League,VNL_MEN,other,JPN,POL,54,75,0,3,team_b,Mall of Asia Arena,,True,fivb_vis,16220,,
fivb_vis:16221,2023-07-09,men,Volleyball Nations League,VNL_MEN,other,CUB,IRN,119,113,3,2,team_a,Anaheim Convention Centre Arena,,True,fivb_vis,16221,,
fivb_vis:16222,2023-07-09,men,Volleyball Nations League,VNL_MEN,other,FRA,DEU,96,88,3,1,team_a,Anaheim Convention Centre Arena,,True,fivb_vis,16222,,
fivb_vis:16223,2023-07-09,men,Volleyball Nations League,VNL_MEN,other,USA,BGR,79,67,3,0,team_a,Anaheim Convention Centre Arena,,True,fivb_vis,16223,,
fivb_vis:16224,2023-07-19,men,Volleyball Nations League,VNL_MEN,other,USA,FRA,106,99,3,2,team_a,Ergo Arena,,True,fivb_vis,16224,,
fivb_vis:16225,2023-07-19,men,Volleyball Nations League,VNL_MEN,other,ITA,ARG,75,44,3,0,team_a,Ergo Arena,,True,fivb_vis,16225,,
fivb_vis:16226,2023-07-20,men,Volleyball Nations League,VNL_MEN,other,JPN,SVN,76,64,3,0,team_a,Ergo Arena,,True,fivb_vis,16226,,
fivb_vis:16227,2023-07-20,men,Volleyball Nations League,VNL_MEN,other,POL,BRA,76,65,3,0,team_a,Ergo Arena,,True,fivb_vis,16227,,
fivb_vis:16228,2023-07-22,men,Volleyball Nations League,VNL_MEN,other,JPN,POL,89,97,1,3,team_b,Ergo Arena,,True,fivb_vis,16228,,
fivb_vis:16229,2023-07-22,men,Volleyball Nations League,VNL_MEN,other,USA,ITA,75,56,3,0,team_a,Ergo Arena,,True,fivb_vis,16229,,
fivb_vis:16230,2023-07-23,men,Volleyball Nations League,VNL_MEN,other,JPN,ITA,99,100,3,2,team_a,Ergo Arena,,True,fivb_vis,16230,,
fivb_vis:16231,2023-07-23,men,Volleyball Nations League,VNL_MEN,other,POL,USA,99,85,3,1,team_a,Ergo Arena,,True,fivb_vis,16231,,
fivb_vis:16024,2023-05-30,women,Volleyball Nations League,VNL_WOMEN,other,DEU,NLD,95,90,3,1,team_a,Nippongaishi Hall,,True,fivb_vis,16024,,
fivb_vis:16025,2023-05-30,women,Volleyball Nations League,VNL_WOMEN,other,JPN,DOM,97,81,3,1,team_a,Nippongaishi Hall,,True,fivb_vis,16025,,
fivb_vis:16026,2023-05-30,women,Volleyball Nations League,VNL_WOMEN,other,ITA,THA,121,111,3,2,team_a,Antalya Sports Hall,,True,fivb_vis,16026,,
fivb_vis:16027,2023-05-30,women,Volleyball Nations League,VNL_WOMEN,other,POL,CAN,105,109,3,2,team_a,Antalya Sports Hall,,True,fivb_vis,16027,,
fivb_vis:16028,2023-05-31,women,Volleyball Nations League,VNL_WOMEN,other,HRV,BGR,48,75,0,3,team_b,Nippongaishi Hall,,True,fivb_vis,16028,,
fivb_vis:16029,2023-05-31,women,Volleyball Nations League,VNL_WOMEN,other,CHN,BRA,107,105,3,2,team_a,Nippongaishi Hall,,True,fivb_vis,16029,,
fivb_vis:16030,2023-05-31,women,Volleyball Nations League,VNL_WOMEN,other,SRB,USA,103,105,2,3,team_b,Antalya Sports Hall,,True,fivb_vis,16030,,
fivb_vis:16031,2023-05-31,women,Volleyball Nations League,VNL_WOMEN,other,KOR,TUR,55,76,0,3,team_b,Antalya Sports Hall,,True,fivb_vis,16031,,
fivb_vis:16032,2023-06-01,women,Volleyball Nations League,VNL_WOMEN,other,HRV,DEU,64,75,0,3,team_b,Nippongaishi Hall,,True,fivb_vis,16032,,
fivb_vis:16033,2023-06-01,women,Volleyball Nations League,VNL_WOMEN,other,BGR,DOM,91,103,2,3,team_b,Nippongaishi Hall,,True,fivb_vis,16033,,
fivb_vis:16034,2023-06-01,women,Volleyball Nations League,VNL_WOMEN,other,BRA,NLD,75,67,3,0,team_a,Nippongaishi Hall,,True,fivb_vis,16034,,
fivb_vis:16035,2023-06-01,women,Volleyball Nations League,VNL_WOMEN,other,CAN,THA,62,76,0,3,team_b,Antalya Sports Hall,,True,fivb_vis,16035,,
fivb_vis:16036,2023-06-01,women,Volleyball Nations League,VNL_WOMEN,other,POL,ITA,96,77,3,1,team_a,Antalya Sports Hall,,True,fivb_vis,16036,,
fivb_vis:16037,2023-06-01,women,Volleyball Nations League,VNL_WOMEN,other,TUR,SRB,99,79,3,1,team_a,Antalya Sports Hall,,True,fivb_vis,16037,,
fivb_vis:16038,2023-06-02,women,Volleyball Nations League,VNL_WOMEN,other,CHN,DEU,75,61,3,0,team_a,Nippongaishi Hall,,True,fivb_vis,16038,,
fivb_vis:16039,2023-06-02,women,Volleyball Nations League,VNL_WOMEN,other,DOM,NLD,108,97,3,2,team_a,Nippongaishi Hall,,True,fivb_vis,16039,,
fivb_vis:16040,2023-06-02,women,Volleyball Nations League,VNL_WOMEN,other,THA,POL,51,75,0,3,team_b,Antalya Sports Hall,,True,fivb_vis,16040,,
fivb_vis:16041,2023-06-02,women,Volleyball Nations League,VNL_WOMEN,other,HRV,JPN,56,75,0,3,team_b,Nippongaishi Hall,,True,fivb_vis,16041,,
fivb_vis:16042,2023-06-02,women,Volleyball Nations League,VNL_WOMEN,other,CAN,KOR,75,51,3,0,team_a,Antalya Sports Hall,,True,fivb_vis,16042,,
fivb_vis:16043,2023-06-02,women,Volleyball Nations League,VNL_WOMEN,other,USA,ITA,101,95,3,2,team_a,Antalya Sports Hall,,True,fivb_vis,16043,,
fivb_vis:16044,2023-06-03,women,Volleyball Nations League,VNL_WOMEN,other,BRA,DOM,99,96,3,1,team_a,Nippongaishi Hall,,True,fivb_vis,16044,,
fivb_vis:16045,2023-06-03,women,Volleyball Nations League,VNL_WOMEN,other,CHN,NLD,100,92,3,1,team_a,Nippongaishi Hall,,True,fivb_vis,16045,,
fivb_vis:16046,2023-06-03,women,Volleyball Nations League,VNL_WOMEN,other,POL,SRB,80,68,3,0,team_a,Antalya Sports Hall,,True,fivb_vis,16046,,
fivb_vis:16047,2023-06-03,women,Volleyball Nations League,VNL_WOMEN,other,BGR,JPN,56,75,0,3,team_b,Nippongaishi Hall,,True,fivb_vis,16047,,
fivb_vis:16048,2023-06-03,women,Volleyball Nations League,VNL_WOMEN,other,USA,KOR,77,52,3,0,team_a,Antalya Sports Hall,,True,fivb_vis,16048,,
fivb_vis:16049,2023-06-03,women,Volleyball Nations League,VNL_WOMEN,other,TUR,ITA,76,62,3,0,team_a,Antalya Sports Hall,,True,fivb_vis,16049,,
fivb_vis:16050,2023-06-04,women,Volleyball Nations League,VNL_WOMEN,other,HRV,BRA,50,76,0,3,team_b,Nippongaishi Hall,,True,fivb_vis,16050,,
fivb_vis:16051,2023-06-04,women,Volleyball Nations League,VNL_WOMEN,other,DEU,BGR,107,104,3,2,team_a,Nippongaishi Hall,,True,fivb_vis,16051,,
fivb_vis:16052,2023-06-04,women,Volleyball Nations League,VNL_WOMEN,other,THA,KOR,78,64,3,0,team_a,Antalya Sports Hall,,True,fivb_vis,16052,,
fivb_vis:16053,2023-06-04,women,Volleyball Nations League,VNL_WOMEN,other,JPN,CHN,68,79,0,3,team_b,Nippongaishi Hall,,True,fivb_vis,16053,,
fivb_vis:16054,2023-06-04,women,Volleyball Nations League,VNL_WOMEN,other,CAN,SRB,104,111,3,2,team_a,Antalya Sports Hall,,True,fivb_vis,16054,,
fivb_vis:16055,2023-06-04,women,Volleyball Nations League,VNL_WOMEN,other,USA,TUR,98,103,3,2,team_a,Antalya Sports Hall,,True,fivb_vis,16055,,
fivb_vis:16056,2023-06-13,women,Volleyball Nations League,VNL_WOMEN,other,DOM,POL,93,103,1,3,team_b,Hong Kong Coliseum,,True,fivb_vis,16056,,
fivb_vis:16057,2023-06-13,women,Volleyball Nations League,VNL_WOMEN,other,CHN,CAN,79,59,3,0,team_a,Hong Kong Coliseum,,True,fivb_vis,16057,,
fivb_vis:16058,2023-06-13,women,Volleyball Nations League,VNL_WOMEN,other,HRV,USA,80,92,1,3,team_b,Arena BRB Nilson Nelson,,True,fivb_vis,16058,,
fivb_vis:16059,2023-06-13,women,Volleyball Nations League,VNL_WOMEN,other,JPN,SRB,100,97,2,3,team_b,Arena BRB Nilson Nelson,,True,fivb_vis,16059,,
fivb_vis:16060,2023-06-14,women,Volleyball Nations League,VNL_WOMEN,other,ITA,BGR,75,59,3,0,team_a,Hong Kong Coliseum,,True,fivb_vis,16060,,
fivb_vis:16061,2023-06-14,women,Volleyball Nations League,VNL_WOMEN,other,NLD,TUR,65,81,0,3,team_b,Hong Kong Coliseum,,True,fivb_vis,16061,,
fivb_vis:16062,2023-06-14,women,Volleyball Nations League,VNL_WOMEN,other,DEU,THA,94,81,3,1,team_a,Arena BRB Nilson Nelson,,True,fivb_vis,16062,,
fivb_vis:16063,2023-06-14,women,Volleyball Nations League,VNL_WOMEN,other,BRA,KOR,81,61,3,0,team_a,Arena BRB Nilson Nelson,,True,fivb_vis,16063,,
fivb_vis:16064,2023-06-15,women,Volleyball Nations League,VNL_WOMEN,other,BGR,CAN,43,75,0,3,team_b,Hong Kong Coliseum,,True,fivb_vis,16064,,
fivb_vis:16065,2023-06-15,women,Volleyball Nations League,VNL_WOMEN,other,POL,TUR,80,70,3,0,team_a,Hong Kong Coliseum,,True,fivb_vis,16065,,
fivb_vis:16066,2023-06-15,women,Volleyball Nations League,VNL_WOMEN,other,DOM,ITA,98,102,2,3,team_b,Hong Kong Coliseum,,True,fivb_vis,16066,,
fivb_vis:16067,2023-06-15,women,Volleyball Nations League,VNL_WOMEN,other,THA,USA,55,75,0,3,team_b,Arena BRB Nilson Nelson,,True,fivb_vis,16067,,
fivb_vis:16068,2023-06-15,women,Volleyball Nations League,VNL_WOMEN,other,JPN,KOR,75,50,3,0,team_a,Arena BRB Nilson Nelson,,True,fivb_vis,16068,,
fivb_vis:16069,2023-06-15,women,Volleyball Nations League,VNL_WOMEN,other,BRA,SRB,109,95,3,2,team_a,Arena BRB Nilson Nelson,,True,fivb_vis,16069,,
fivb_vis:16070,2023-06-16,women,Volleyball Nations League,VNL_WOMEN,other,TUR,CAN,75,57,3,0,team_a,Hong Kong Coliseum,,True,fivb_vis,16070,,
fivb_vis:16071,2023-06-16,women,Volleyball Nations League,VNL_WOMEN,other,POL,NLD,69,78,0,3,team_b,Hong Kong Coliseum,,True,fivb_vis,16071,,
fivb_vis:16072,2023-06-16,women,Volleyball Nations League,VNL_WOMEN,other,BGR,CHN,57,95,1,3,team_b,Hong Kong Coliseum,,True,fivb_vis,16072,,
fivb_vis:16073,2023-06-16,women,Volleyball Nations League,VNL_WOMEN,other,JPN,DEU,103,99,2,3,team_b,Arena BRB Nilson Nelson,,True,fivb_vis,16073,,
fivb_vis:16074,2023-06-16,women,Volleyball Nations League,VNL_WOMEN,other,KOR,HRV,58,75,0,3,team_b,Arena BRB Nilson Nelson,,True,fivb_vis,16074,,
fivb_vis:16075,2023-06-16,women,Volleyball Nations League,VNL_WOMEN,other,SRB,THA,112,94,3,2,team_a,Arena BRB Nilson Nelson,,True,fivb_vis,16075,,
fivb_vis:16076,2023-06-17,women,Volleyball Nations League,VNL_WOMEN,other,DOM,CAN,110,90,3,2,team_a,Hong Kong Coliseum,,True,fivb_vis,16076,,
fivb_vis:16077,2023-06-17,women,Volleyball Nations League,VNL_WOMEN,other,NLD,ITA,109,109,2,3,team_b,Hong Kong Coliseum,,True,fivb_vis,16077,,
fivb_vis:16078,2023-06-17,women,Volleyball Nations League,VNL_WOMEN,other,POL,CHN,75,65,3,0,team_a,Hong Kong Coliseum,,True,fivb_vis,16078,,
fivb_vis:16079,2023-06-17,women,Volleyball Nations League,VNL_WOMEN,other,BRA,DEU,97,82,3,1,team_a,Arena BRB Nilson Nelson,,True,fivb_vis,16079,,
fivb_vis:16080,2023-06-17,women,Volleyball Nations League,VNL_WOMEN,other,JPN,USA,111,98,3,2,team_a,Arena BRB Nilson Nelson,,True,fivb_vis,16080,,
fivb_vis:16081,2023-06-17,women,Volleyball Nations League,VNL_WOMEN,other,SRB,HRV,98,69,3,1,team_a,Arena BRB Nilson Nelson,,True,fivb_vis,16081,,
fivb_vis:16082,2023-06-18,women,Volleyball Nations League,VNL_WOMEN,other,BGR,NLD,58,76,0,3,team_b,Hong Kong Coliseum,,True,fivb_vis,16082,,
fivb_vis:16083,2023-06-18,women,Volleyball Nations League,VNL_WOMEN,other,DOM,TUR,87,98,1,3,team_b,Hong Kong Coliseum,,True,fivb_vis,16083,,
fivb_vis:16084,2023-06-18,women,Volleyball Nations League,VNL_WOMEN,other,ITA,CHN,106,107,3,2,team_a,Hong Kong Coliseum,,True,fivb_vis,16084,,
fivb_vis:16085,2023-06-18,women,Volleyball Nations League,VNL_WOMEN,other,BRA,USA,63,75,0,3,team_b,Arena BRB Nilson Nelson,,True,fivb_vis,16085,,
fivb_vis:16086,2023-06-18,women,Volleyball Nations League,VNL_WOMEN,other,THA,HRV,58,75,0,3,team_b,Arena BRB Nilson Nelson,,True,fivb_vis,16086,,
fivb_vis:16087,2023-06-18,women,Volleyball Nations League,VNL_WOMEN,other,DEU,KOR,100,75,3,1,team_a,Arena BRB Nilson Nelson,,True,fivb_vis,16087,,
fivb_vis:16088,2023-06-27,women,Volleyball Nations League,VNL_WOMEN,other,DEU,DOM,93,83,3,1,team_a,Chilbo Gymnasium,,True,fivb_vis,16088,,
fivb_vis:16089,2023-06-27,women,Volleyball Nations League,VNL_WOMEN,other,HRV,CAN,68,78,0,3,team_b,Hua Mak Indoor Stadium,,True,fivb_vis,16089,,
fivb_vis:16090,2023-06-27,women,Volleyball Nations League,VNL_WOMEN,other,BGR,KOR,99,81,3,1,team_a,Chilbo Gymnasium,,True,fivb_vis,16090,,
fivb_vis:16091,2023-06-27,women,Volleyball Nations League,VNL_WOMEN,other,THA,NLD,64,78,0,3,team_b,Hua Mak Indoor Stadium,,True,fivb_vis,16091,,
fivb_vis:16092,2023-06-28,women,Volleyball Nations League,VNL_WOMEN,other,USA,POL,113,109,3,2,team_a,Chilbo Gymnasium,,True,fivb_vis,16092,,
fivb_vis:16093,2023-06-28,women,Volleyball Nations League,VNL_WOMEN,other,JPN,TUR,102,105,3,2,team_a,Hua Mak Indoor Stadium,,True,fivb_vis,16093,,
fivb_vis:16094,2023-06-28,women,Volleyball Nations League,VNL_WOMEN,other,CHN,SRB,81,92,1,3,team_b,Chilbo Gymnasium,,True,fivb_vis,16094,,
fivb_vis:16095,2023-06-28,women,Volleyball Nations League,VNL_WOMEN,other,BRA,ITA,110,104,3,2,team_a,Hua Mak Indoor Stadium,,True,fivb_vis,16095,,
fivb_vis:16096,2023-06-29,women,Volleyball Nations League,VNL_WOMEN,other,POL,DEU,101,103,3,2,team_a,Chilbo Gymnasium,,True,fivb_vis,16096,,
fivb_vis:16097,2023-06-29,women,Volleyball Nations League,VNL_WOMEN,other,HRV,NLD,46,75,0,3,team_b,Hua Mak Indoor Stadium,,True,fivb_vis,16097,,
fivb_vis:16098,2023-06-29,women,Volleyball Nations League,VNL_WOMEN,other,USA,BGR,75,49,3,0,team_a,Chilbo Gymnasium,,True,fivb_vis,16098,,
fivb_vis:16099,2023-06-29,women,Volleyball Nations League,VNL_WOMEN,other,BRA,CAN,115,116,2,3,team_b,Hua Mak Indoor Stadium,,True,fivb_vis,16099,,
fivb_vis:16100,2023-06-29,women,Volleyball Nations League,VNL_WOMEN,other,DOM,KOR,75,52,3,0,team_a,Chilbo Gymnasium,,True,fivb_vis,16100,,
fivb_vis:16101,2023-06-29,women,Volleyball Nations League,VNL_WOMEN,other,THA,TUR,50,75,0,3,team_b,Hua Mak Indoor Stadium,,True,fivb_vis,16101,,
fivb_vis:16102,2023-06-30,women,Volleyball Nations League,VNL_WOMEN,other,BGR,POL,78,101,1,3,team_b,Chilbo Gymnasium,,True,fivb_vis,16102,,
fivb_vis:16103,2023-06-30,women,Volleyball Nations League,VNL_WOMEN,other,CAN,ITA,98,111,2,3,team_b,Hua Mak Indoor Stadium,,True,fivb_vis,16103,,
fivb_vis:16104,2023-06-30,women,Volleyball Nations League,VNL_WOMEN,other,DEU,SRB,86,103,1,3,team_b,Chilbo Gymnasium,,True,fivb_vis,16104,,
fivb_vis:16105,2023-06-30,women,Volleyball Nations League,VNL_WOMEN,other,NLD,JPN,96,84,3,1,team_a,Hua Mak Indoor Stadium,,True,fivb_vis,16105,,
fivb_vis:16106,2023-06-30,women,Volleyball Nations League,VNL_WOMEN,other,CHN,DOM,103,107,2,3,team_b,Chilbo Gymnasium,,True,fivb_vis,16106,,
fivb_vis:16107,2023-06-30,women,Volleyball Nations League,VNL_WOMEN,other,BRA,TUR,60,75,0,3,team_b,Hua Mak Indoor Stadium,,True,fivb_vis,16107,,
fivb_vis:16108,2023-07-01,women,Volleyball Nations League,VNL_WOMEN,other,SRB,DOM,94,110,2,3,team_b,Chilbo Gymnasium,,True,fivb_vis,16108,,
fivb_vis:16109,2023-07-01,women,Volleyball Nations League,VNL_WOMEN,other,KOR,CHN,74,96,1,3,team_b,Chilbo Gymnasium,,True,fivb_vis,16109,,
fivb_vis:16110,2023-07-01,women,Volleyball Nations League,VNL_WOMEN,other,ITA,HRV,75,48,3,0,team_a,Hua Mak Indoor Stadium,,True,fivb_vis,16110,,
fivb_vis:16111,2023-07-01,women,Volleyball Nations League,VNL_WOMEN,other,DEU,USA,82,93,1,3,team_b,Chilbo Gymnasium,,True,fivb_vis,16111,,
fivb_vis:16112,2023-07-01,women,Volleyball Nations League,VNL_WOMEN,other,NLD,CAN,100,108,2,3,team_b,Hua Mak Indoor Stadium,,True,fivb_vis,16112,,
fivb_vis:16113,2023-07-01,women,Volleyball Nations League,VNL_WOMEN,other,THA,JPN,60,75,0,3,team_b,Hua Mak Indoor Stadium,,True,fivb_vis,16113,,
fivb_vis:16114,2023-07-02,women,Volleyball Nations League,VNL_WOMEN,other,SRB,BGR,102,84,3,2,team_a,Chilbo Gymnasium,,True,fivb_vis,16114,,
fivb_vis:16115,2023-07-02,women,Volleyball Nations League,VNL_WOMEN,other,POL,KOR,75,57,3,0,team_a,Chilbo Gymnasium,,True,fivb_vis,16115,,
fivb_vis:16116,2023-07-02,women,Volleyball Nations League,VNL_WOMEN,other,HRV,TUR,55,75,0,3,team_b,Hua Mak Indoor Stadium,,True,fivb_vis,16116,,
fivb_vis:16117,2023-07-02,women,Volleyball Nations League,VNL_WOMEN,other,CHN,USA,102,97,3,2,team_a,Chilbo Gymnasium,,True,fivb_vis,16117,,
fivb_vis:16118,2023-07-02,women,Volleyball Nations League,VNL_WOMEN,other,ITA,JPN,92,93,3,1,team_a,Hua Mak Indoor Stadium,,True,fivb_vis,16118,,
fivb_vis:16119,2023-07-02,women,Volleyball Nations League,VNL_WOMEN,other,THA,BRA,59,75,0,3,team_b,Hua Mak Indoor Stadium,,True,fivb_vis,16119,,
fivb_vis:16120,2023-07-12,women,Volleyball Nations League,VNL_WOMEN,other,POL,DEU,97,82,3,1,team_a,College Park Center,,True,fivb_vis,16120,,
fivb_vis:16121,2023-07-12,women,Volleyball Nations League,VNL_WOMEN,other,USA,JPN,93,87,3,1,team_a,College Park Center,,True,fivb_vis,16121,,
fivb_vis:16122,2023-07-13,women,Volleyball Nations League,VNL_WOMEN,other,BRA,CHN,89,95,1,3,team_b,College Park Center,,True,fivb_vis,16122,,
fivb_vis:16123,2023-07-13,women,Volleyball Nations League,VNL_WOMEN,other,TUR,ITA,75,53,3,0,team_a,College Park Center,,True,fivb_vis,16123,,
fivb_vis:16124,2023-07-15,women,Volleyball Nations League,VNL_WOMEN,other,POL,CHN,64,75,0,3,team_b,College Park Center,,True,fivb_vis,16124,,
fivb_vis:16125,2023-07-15,women,Volleyball Nations League,VNL_WOMEN,other,USA,TUR,86,101,1,3,team_b,College Park Center,,True,fivb_vis,16125,,
fivb_vis:16126,2023-07-16,women,Volleyball Nations League,VNL_WOMEN,other,POL,USA,101,99,3,2,team_a,College Park Center,,True,fivb_vis,16126,,
fivb_vis:16127,2023-07-16,women,Volleyball Nations League,VNL_WOMEN,other,CHN,TUR,82,97,1,3,team_b,College Park Center,,True,fivb_vis,16127,,
fivb_vis:15704,2022-11-24,men,Asian Championship,ASIA_MEN,other,PAK,BGD,79,73,3,0,team_a,PSB Gym.,,True,fivb_vis,15704,,
fivb_vis:15705,2022-11-24,men,Asian Championship,ASIA_MEN,other,IRN,AFG,75,50,3,0,team_a,PSB Gym.,,True,fivb_vis,15705,,
fivb_vis:15706,2022-11-25,men,Asian Championship,ASIA_MEN,other,BGD,LKA,105,107,2,3,team_b,PSB Gym.,,True,fivb_vis,15706,,
fivb_vis:15707,2022-11-25,men,Asian Championship,ASIA_MEN,other,PAK,AFG,98,84,3,1,team_a,PSB Gym.,,True,fivb_vis,15707,,
fivb_vis:15708,2022-11-26,men,Asian Championship,ASIA_MEN,other,IRN,LKA,79,50,3,0,team_a,PSB Gym.,,True,fivb_vis,15708,,
fivb_vis:15709,2022-11-26,men,Asian Championship,ASIA_MEN,other,BGD,AFG,100,88,3,1,team_a,PSB Gym.,,True,fivb_vis,15709,,
fivb_vis:15710,2022-11-27,men,Asian Championship,ASIA_MEN,other,PAK,LKA,76,68,3,0,team_a,PSB Gym.,,True,fivb_vis,15710,,
fivb_vis:15711,2022-11-27,men,Asian Championship,ASIA_MEN,other,IRN,BGD,75,59,3,0,team_a,PSB Gym.,,True,fivb_vis,15711,,
fivb_vis:15712,2022-11-28,men,Asian Championship,ASIA_MEN,other,PAK,IRN,75,59,3,0,team_a,PSB Gym.,,True,fivb_vis,15712,,
fivb_vis:15713,2022-11-28,men,Asian Championship,ASIA_MEN,other,LKA,AFG,94,78,3,1,team_a,PSB Gym.,,True,fivb_vis,15713,,
fivb_vis:15714,2022-11-29,men,Asian Championship,ASIA_MEN,other,LKA,BGD,113,118,2,3,team_b,PSB Gym.,,True,fivb_vis,15714,,
fivb_vis:15715,2022-11-29,men,Asian Championship,ASIA_MEN,other,PAK,IRN,98,78,3,1,team_a,PSB Gym.,,True,fivb_vis,15715,,
fivb_vis:1809,2009-06-03,women,World Championship,WCH_WOMEN,other,BWA,SEN,55,75,0,3,team_b,Sir Omolade Okoya Thomas Hall,,True,fivb_vis,1809,,
fivb_vis:1810,2009-06-04,women,World Championship,WCH_WOMEN,other,NGA,BWA,107,86,3,2,team_a,Sir Omolada Okoya Thomas Hall,,True,fivb_vis,1810,,
fivb_vis:1811,2009-06-05,women,World Championship,WCH_WOMEN,other,BWA,CMR,58,75,0,3,team_b,Sir Omolade Okoya Thomas Hall,,True,fivb_vis,1811,,
fivb_vis:1812,2009-06-05,women,World Championship,WCH_WOMEN,other,SEN,NGA,75,60,3,0,team_a,Sir Omolade Okoya Thomas Hall,,True,fivb_vis,1812,,
fivb_vis:1813,2009-06-06,women,World Championship,WCH_WOMEN,other,CMR,SEN,75,55,3,0,team_a,Sir Omolade Okoya Thomas Hall,,True,fivb_vis,1813,,
fivb_vis:1814,2009-06-07,women,World Championship,WCH_WOMEN,other,NGA,CMR,74,96,1,3,team_b,Sir Omolade Okoya Thomas Hall,,True,fivb_vis,1814,,
fivb_vis:1815,2009-07-22,women,World Championship,WCH_WOMEN,other,EGY,MUS,75,53,3,0,team_a,OPOW Batna Grande Salle,,True,fivb_vis,1815,,
fivb_vis:1816,2009-07-22,women,World Championship,WCH_WOMEN,other,DZA,ZAF,75,42,3,0,team_a,OPOW Batna Grande Salle,,True,fivb_vis,1816,,
fivb_vis:1817,2009-07-23,women,World Championship,WCH_WOMEN,other,ZAF,MUS,55,75,0,3,team_b,OPOW Batna Grande Salle,,True,fivb_vis,1817,,
fivb_vis:1818,2009-07-23,women,World Championship,WCH_WOMEN,other,DZA,EGY,95,73,3,1,team_a,OPOW Batna Grande Salle,,True,fivb_vis,1818,,
fivb_vis:1819,2009-07-24,women,World Championship,WCH_WOMEN,other,EGY,ZAF,97,64,3,1,team_a,OPOW Batna Grande Salle,,True,fivb_vis,1819,,
fivb_vis:1820,2009-07-24,women,World Championship,WCH_WOMEN,other,MUS,DZA,30,75,0,3,team_b,OPOW Batna Grande Salle,,True,fivb_vis,1820,,
fivb_vis:16914,2023-06-09,men,NORCECA Championship,NORCECA_MEN,other,PRI,DOM,88,97,1,3,team_b,Auditorio Polideportivo de Durango,,True,fivb_vis,16914,,
fivb_vis:16915,2023-06-09,men,NORCECA Championship,NORCECA_MEN,other,MEX,GTM,75,60,3,0,team_a,Auditorio Polideportivo de Durango,,True,fivb_vis,16915,,
fivb_vis:16916,2023-06-10,men,NORCECA Championship,NORCECA_MEN,other,PRI,GTM,75,62,3,0,team_a,Auditorio Polideportivo de Durango,,True,fivb_vis,16916,,
fivb_vis:16917,2023-06-10,men,NORCECA Championship,NORCECA_MEN,other,MEX,DOM,75,61,3,0,team_a,Auditorio Polideportivo de Durango,,True,fivb_vis,16917,,
fivb_vis:16918,2023-06-11,men,NORCECA Championship,NORCECA_MEN,other,DOM,GTM,75,62,3,0,team_a,Auditorio Polideportivo de Durango,,True,fivb_vis,16918,,
fivb_vis:16919,2023-06-11,men,NORCECA Championship,NORCECA_MEN,other,MEX,PRI,107,102,3,2,team_a,Auditorio Polideportivo de Durango,,True,fivb_vis,16919,,
fivb_vis:16908,2023-06-09,women,NORCECA Championship,NORCECA_WOMEN,other,CRI,TTO,95,77,3,1,team_a,Coliseo Dolores Martinez,,True,fivb_vis,16908,,
fivb_vis:16909,2023-06-09,women,NORCECA Championship,NORCECA_WOMEN,other,PRI,VGB,75,40,3,0,team_a,Coliseo Dolores Martinez,,True,fivb_vis,16909,,
fivb_vis:16910,2023-06-10,women,NORCECA Championship,NORCECA_WOMEN,other,VGB,CRI,43,75,0,3,team_b,Coliseo Dolores Martinez,,True,fivb_vis,16910,,
fivb_vis:16911,2023-06-10,women,NORCECA Championship,NORCECA_WOMEN,other,PRI,TTO,77,48,3,0,team_a,Coliseo Dolores Martinez,,True,fivb_vis,16911,,
fivb_vis:16912,2023-06-11,women,NORCECA Championship,NORCECA_WOMEN,other,TTO,VGB,75,43,3,0,team_a,Coliseo Dolores Martinez,,True,fivb_vis,16912,,
fivb_vis:16913,2023-06-11,women,NORCECA Championship,NORCECA_WOMEN,other,PRI,CRI,75,40,3,0,team_a,Coliseo Dolores Martinez,,True,fivb_vis,16913,,
fivb_vis:380,2008-08-10,men,Olympic Games,OG_MEN,other,SRB,RUS,82,95,1,3,team_b,Beijing Institute of Technology Gym.,,True,fivb_vis,380,,
fivb_vis:381,2008-08-10,men,Olympic Games,OG_MEN,other,ITA,JPN,98,79,3,1,team_a,Beijing Institute of Technology Gym.,,True,fivb_vis,381,,
fivb_vis:382,2008-08-10,men,Olympic Games,OG_MEN,other,USA,VEN,108,96,3,2,team_a,Capital Indoor Stadium,,True,fivb_vis,382,,
fivb_vis:383,2008-08-10,men,Olympic Games,OG_MEN,other,BRA,EGY,75,52,3,0,team_a,Capital Indoor Stadium,,True,fivb_vis,383,,
fivb_vis:384,2008-08-10,men,Olympic Games,OG_MEN,other,BGR,CHN,101,88,3,1,team_a,Capital Indoor Stadium,,True,fivb_vis,384,,
fivb_vis:385,2008-08-10,men,Olympic Games,OG_MEN,other,POL,DEU,83,68,3,0,team_a,Capital Indoor Stadium,,True,fivb_vis,385,,
fivb_vis:386,2008-08-12,men,Olympic Games,OG_MEN,other,RUS,DEU,112,110,3,2,team_a,Beijing Institute of Technology Gym.,,True,fivb_vis,386,,
fivb_vis:387,2008-08-12,men,Olympic Games,OG_MEN,other,EGY,POL,49,75,0,3,team_b,Beijing Institute of Technology Gym.,,True,fivb_vis,387,,
fivb_vis:388,2008-08-12,men,Olympic Games,OG_MEN,other,USA,ITA,99,84,3,1,team_a,Capital Indoor Stadium,,True,fivb_vis,388,,
fivb_vis:389,2008-08-12,men,Olympic Games,OG_MEN,other,SRB,BRA,85,100,1,3,team_b,Capital Indoor Stadium,,True,fivb_vis,389,,
fivb_vis:390,2008-08-12,men,Olympic Games,OG_MEN,other,VEN,CHN,106,103,2,3,team_b,Capital Indoor Stadium,,True,fivb_vis,390,,
fivb_vis:391,2008-08-12,men,Olympic Games,OG_MEN,other,JPN,BGR,92,102,1,3,team_b,Capital Indoor Stadium,,True,fivb_vis,391,,
fivb_vis:392,2008-08-14,men,Olympic Games,OG_MEN,other,ITA,VEN,75,62,3,0,team_a,Beijing Institute of Technology Gym.,,True,fivb_vis,392,,
fivb_vis:393,2008-08-14,men,Olympic Games,OG_MEN,other,DEU,EGY,79,69,3,0,team_a,Beijing Institute of Technology Gym.,,True,fivb_vis,393,,
fivb_vis:394,2008-08-14,men,Olympic Games,OG_MEN,other,BRA,RUS,97,104,1,3,team_b,Capital Indoor Stadium,,True,fivb_vis,394,,
fivb_vis:395,2008-08-14,men,Olympic Games,OG_MEN,other,POL,SRB,103,97,3,1,team_a,Capital Indoor Stadium,,True,fivb_vis,395,,
fivb_vis:396,2008-08-14,men,Olympic Games,OG_MEN,other,CHN,JPN,98,103,3,2,team_a,Capital Indoor Stadium,,True,fivb_vis,396,,
fivb_vis:397,2008-08-14,men,Olympic Games,OG_MEN,other,BGR,USA,88,103,1,3,team_b,Capital Indoor Stadium,,True,fivb_vis,397,,
fivb_vis:398,2008-08-16,men,Olympic Games,OG_MEN,other,USA,CHN,75,52,3,0,team_a,Beijing Institute of Technology Gym.,,True,fivb_vis,398,,
fivb_vis:399,2008-08-16,men,Olympic Games,OG_MEN,other,RUS,EGY,75,51,3,0,team_a,Beijing Institute of Technology Gym.,,True,fivb_vis,399,,
fivb_vis:400,2008-08-16,men,Olympic Games,OG_MEN,other,SRB,DEU,101,95,3,1,team_a,Capital Indoor Stadium,,True,fivb_vis,400,,
fivb_vis:401,2008-08-16,men,Olympic Games,OG_MEN,other,ITA,BGR,75,57,3,0,team_a,Capital Indoor Stadium,,True,fivb_vis,401,,
fivb_vis:402,2008-08-16,men,Olympic Games,OG_MEN,other,BRA,POL,80,66,3,0,team_a,Capital Indoor Stadium,,True,fivb_vis,402,,
fivb_vis:403,2008-08-16,men,Olympic Games,OG_MEN,other,VEN,JPN,75,67,3,0,team_a,Capital Indoor Stadium,,True,fivb_vis,403,,
fivb_vis:404,2008-08-18,men,Olympic Games,OG_MEN,other,BGR,VEN,98,82,3,1,team_a,Beijing Institute of Technology Gym.,,True,fivb_vis,404,,
fivb_vis:405,2008-08-18,men,Olympic Games,OG_MEN,other,DEU,BRA,66,75,0,3,team_b,Beijing Institute of Technology Gym.,,True,fivb_vis,405,,
fivb_vis:406,2008-08-18,men,Olympic Games,OG_MEN,other,POL,RUS,107,110,3,2,team_a,Capital Indoor Stadium,,True,fivb_vis,406,,
fivb_vis:407,2008-08-18,men,Olympic Games,OG_MEN,other,EGY,SRB,46,75,0,3,team_b,Capital Indoor Stadium,,True,fivb_vis,407,,
fivb_vis:408,2008-08-18,men,Olympic Games,OG_MEN,other,CHN,ITA,104,107,2,3,team_b,Capital Indoor Stadium,,True,fivb_vis,408,,
fivb_vis:409,2008-08-18,men,Olympic Games,OG_MEN,other,JPN,USA,51,75,0,3,team_b,Capital Indoor Stadium,,True,fivb_vis,409,,
fivb_vis:410,2008-08-20,men,Olympic Games,OG_MEN,other,USA,SRB,106,103,3,2,team_a,Capital Indoor Stadium,,True,fivb_vis,410,,
fivb_vis:411,2008-08-20,men,Olympic Games,OG_MEN,other,BGR,RUS,84,95,1,3,team_b,Capital Indoor Stadium,,True,fivb_vis,411,,
fivb_vis:412,2008-08-20,men,Olympic Games,OG_MEN,other,ITA,POL,111,109,3,2,team_a,Capital Indoor Stadium,,True,fivb_vis,412,,
fivb_vis:413,2008-08-20,men,Olympic Games,OG_MEN,other,CHN,BRA,48,75,0,3,team_b,Capital Indoor Stadium,,True,fivb_vis,413,,
fivb_vis:414,2008-08-22,men,Olympic Games,OG_MEN,other,USA,RUS,112,108,3,2,team_a,Capital Indoor Stadium,,True,fivb_vis,414,,
fivb_vis:415,2008-08-22,men,Olympic Games,OG_MEN,other,ITA,BRA,86,94,1,3,team_b,Capital Indoor Stadium,,True,fivb_vis,415,,
fivb_vis:416,2008-08-24,men,Olympic Games,OG_MEN,other,RUS,ITA,75,64,3,0,team_a,Capital Indoor Stadium,,True,fivb_vis,416,,
fivb_vis:417,2008-08-24,men,Olympic Games,OG_MEN,other,USA,BRA,95,91,3,1,team_a,Capital Indoor Stadium,,True,fivb_vis,417,,
fivb_vis:1821,2009-04-20,women,World Championship,WCH_WOMEN,other,FJI,WSM,92,98,3,2,team_a,Te Rauparaha Arena,,True,fivb_vis,1821,,
fivb_vis:1822,2009-04-21,women,World Championship,WCH_WOMEN,other,NZL,WSM,95,88,3,1,team_a,Te Rauparaha Arena,,True,fivb_vis,1822,,
fivb_vis:1823,2009-04-22,women,World Championship,WCH_WOMEN,other,TON,WSM,50,75,0,3,team_b,Te Rauparaha Arena,,True,fivb_vis,1823,,
fivb_vis:1824,2009-04-22,women,World Championship,WCH_WOMEN,other,NZL,FJI,75,52,3,0,team_a,Te Rauparaha Arena,,True,fivb_vis,1824,,
fivb_vis:1825,2009-04-23,women,World Championship,WCH_WOMEN,other,TON,FJI,70,76,0,3,team_b,Te Rauparaha,,True,fivb_vis,1825,,
fivb_vis:1826,2009-04-24,women,World Championship,WCH_WOMEN,other,TON,NZL,42,75,0,3,team_b,Te Rauparaha Arena,,True,fivb_vis,1826,,
fivb_vis:17580,2023-08-26,men,South American Championship,SAMER_MEN,other,ARG,COL,75,53,3,0,team_a,Geraldo Magalhães,,True,fivb_vis,17580,,
fivb_vis:17581,2023-08-26,men,South American Championship,SAMER_MEN,other,BRA,PER,75,47,3,0,team_a,Geraldo Magalhães,,True,fivb_vis,17581,,
fivb_vis:17582,2023-08-27,men,South American Championship,SAMER_MEN,other,PER,COL,83,94,1,3,team_b,Geraldo Magalhães,,True,fivb_vis,17582,,
fivb_vis:17583,2023-08-27,men,South American Championship,SAMER_MEN,other,BRA,CHL,75,54,3,0,team_a,Geraldo Magalhães,,True,fivb_vis,17583,,
fivb_vis:17584,2023-08-28,men,South American Championship,SAMER_MEN,other,CHL,ARG,54,75,0,3,team_b,Geraldo Magalhães,,True,fivb_vis,17584,,
fivb_vis:17585,2023-08-28,men,South American Championship,SAMER_MEN,other,COL,BRA,52,76,0,3,team_b,Geraldo Magalhães,,True,fivb_vis,17585,,
fivb_vis:17586,2023-08-29,men,South American Championship,SAMER_MEN,other,PER,ARG,68,95,1,3,team_b,Geraldo Magalhães,,True,fivb_vis,17586,,
fivb_vis:17587,2023-08-29,men,South American Championship,SAMER_MEN,other,COL,CHL,103,110,3,2,team_a,Geraldo Magalhães,,True,fivb_vis,17587,,
fivb_vis:17588,2023-08-30,men,South American Championship,SAMER_MEN,other,CHL,PER,98,79,3,1,team_a,Geraldo Magalhães,,True,fivb_vis,17588,,
fivb_vis:17589,2023-08-30,men,South American Championship,SAMER_MEN,other,BRA,ARG,68,79,0,3,team_b,Geraldo Magalhães,,True,fivb_vis,17589,,
fivb_vis:17570,2023-08-19,women,South American Championship,SAMER_WOMEN,other,ARG,PER,99,84,3,1,team_a,Geraldo Magalhães,,True,fivb_vis,17570,,
fivb_vis:17571,2023-08-19,women,South American Championship,SAMER_WOMEN,other,BRA,CHL,75,45,3,0,team_a,Geraldo Magalhães,,True,fivb_vis,17571,,
fivb_vis:17572,2023-08-20,women,South American Championship,SAMER_WOMEN,other,CHL,COL,47,76,0,3,team_b,Geraldo Magalhães,,True,fivb_vis,17572,,
fivb_vis:17573,2023-08-20,women,South American Championship,SAMER_WOMEN,other,BRA,ARG,75,50,3,0,team_a,Geraldo Magalhães,,True,fivb_vis,17573,,
fivb_vis:17574,2023-08-21,women,South American Championship,SAMER_WOMEN,other,PER,COL,77,95,1,3,team_b,Geraldo Magalhães,,True,fivb_vis,17574,,
fivb_vis:17575,2023-08-21,women,South American Championship,SAMER_WOMEN,other,CHL,ARG,61,75,0,3,team_b,Geraldo Magalhães,,True,fivb_vis,17575,,
fivb_vis:17576,2023-08-22,women,South American Championship,SAMER_WOMEN,other,ARG,COL,80,71,3,0,team_a,Geraldo Magalhães,,True,fivb_vis,17576,,
fivb_vis:17577,2023-08-22,women,South American Championship,SAMER_WOMEN,other,BRA,PER,75,41,3,0,team_a,Geraldo Magalhães,,True,fivb_vis,17577,,
fivb_vis:17578,2023-08-23,women,South American Championship,SAMER_WOMEN,other,PER,CHL,103,100,2,3,team_b,Geraldo Magalhães,,True,fivb_vis,17578,,
fivb_vis:17579,2023-08-23,women,South American Championship,SAMER_WOMEN,other,BRA,COL,75,60,3,0,team_a,Geraldo Magalhães,,True,fivb_vis,17579,,
fivb_vis:17765,2023-08-16,women,African Championship,AFRICA_WOMEN,other,MAR,BFA,75,36,3,0,team_a,Paposy,,True,fivb_vis,17765,,
fivb_vis:17766,2023-08-16,women,African Championship,AFRICA_WOMEN,other,NGA,MLI,75,52,3,0,team_a,Mfandena,,True,fivb_vis,17766,,
fivb_vis:17767,2023-08-16,women,African Championship,AFRICA_WOMEN,other,KEN,RWA,75,53,3,0,team_a,Paposy,,True,fivb_vis,17767,,
fivb_vis:17768,2023-08-16,women,African Championship,AFRICA_WOMEN,other,UGA,LSO,75,25,3,0,team_a,Mfandena,,True,fivb_vis,17768,,
fivb_vis:17769,2023-08-16,women,African Championship,AFRICA_WOMEN,other,EGY,DZA,75,53,3,0,team_a,Paposy,,True,fivb_vis,17769,,
fivb_vis:17770,2023-08-16,women,African Championship,AFRICA_WOMEN,other,CMR,BDI,75,22,3,0,team_a,Paposy,,True,fivb_vis,17770,,
fivb_vis:17771,2023-08-17,women,African Championship,AFRICA_WOMEN,other,LSO,RWA,22,75,0,3,team_b,Paposy,,True,fivb_vis,17771,,
fivb_vis:17772,2023-08-17,women,African Championship,AFRICA_WOMEN,other,BDI,DZA,30,75,0,3,team_b,Mfandena,,True,fivb_vis,17772,,
fivb_vis:17773,2023-08-17,women,African Championship,AFRICA_WOMEN,other,BFA,KEN,29,75,0,3,team_b,Paposy,,True,fivb_vis,17773,,
fivb_vis:17774,2023-08-17,women,African Championship,AFRICA_WOMEN,other,MLI,EGY,25,75,0,3,team_b,Mfandena,,True,fivb_vis,17774,,
fivb_vis:17775,2023-08-17,women,African Championship,AFRICA_WOMEN,other,UGA,MAR,108,95,3,2,team_a,Paposy,,True,fivb_vis,17775,,
fivb_vis:17776,2023-08-17,women,African Championship,AFRICA_WOMEN,other,CMR,NGA,75,48,3,0,team_a,Paposy,,True,fivb_vis,17776,,
fivb_vis:17777,2023-08-18,women,African Championship,AFRICA_WOMEN,other,NGA,BDI,75,40,3,0,team_a,Paposy,,True,fivb_vis,17777,,
fivb_vis:17778,2023-08-18,women,African Championship,AFRICA_WOMEN,other,EGY,CMR,96,76,3,1,team_a,Paposy,,True,fivb_vis,17778,,
fivb_vis:17779,2023-08-18,women,African Championship,AFRICA_WOMEN,other,DZA,MLI,75,29,3,0,team_a,Paposy,,True,fivb_vis,17779,,
fivb_vis:17780,2023-08-18,women,African Championship,AFRICA_WOMEN,other,MAR,LSO,75,32,3,0,team_a,Paposy,,True,fivb_vis,17780,,
fivb_vis:17781,2023-08-18,women,African Championship,AFRICA_WOMEN,other,KEN,UGA,75,44,3,0,team_a,Mfandena,,True,fivb_vis,17781,,
fivb_vis:17782,2023-08-18,women,African Championship,AFRICA_WOMEN,other,RWA,BFA,75,29,3,0,team_a,Mfandena,,True,fivb_vis,17782,,
fivb_vis:17783,2023-08-19,women,African Championship,AFRICA_WOMEN,other,LSO,BFA,54,75,0,3,team_b,Mfandena,,True,fivb_vis,17783,,
fivb_vis:17784,2023-08-19,women,African Championship,AFRICA_WOMEN,other,MLI,BDI,75,60,3,0,team_a,Paposy,,True,fivb_vis,17784,,
fivb_vis:17785,2023-08-19,women,African Championship,AFRICA_WOMEN,other,UGA,RWA,58,75,0,3,team_b,Paposy,,True,fivb_vis,17785,,
fivb_vis:17786,2023-08-19,women,African Championship,AFRICA_WOMEN,other,NGA,EGY,51,75,0,3,team_b,Mfandena,,True,fivb_vis,17786,,
fivb_vis:17787,2023-08-19,women,African Championship,AFRICA_WOMEN,other,MAR,KEN,78,97,1,3,team_b,Paposy,,True,fivb_vis,17787,,
fivb_vis:17788,2023-08-19,women,African Championship,AFRICA_WOMEN,other,CMR,DZA,80,67,3,0,team_a,Paposy,,True,fivb_vis,17788,,
fivb_vis:17789,2023-08-20,women,African Championship,AFRICA_WOMEN,other,KEN,LSO,75,26,3,0,team_a,Paposy,,True,fivb_vis,17789,,
fivb_vis:17790,2023-08-20,women,African Championship,AFRICA_WOMEN,other,BDI,EGY,19,75,0,3,team_b,Paposy,,True,fivb_vis,17790,,
fivb_vis:17791,2023-08-20,women,African Championship,AFRICA_WOMEN,other,RWA,MAR,103,109,2,3,team_b,Mfandena,,True,fivb_vis,17791,,
fivb_vis:17792,2023-08-20,women,African Championship,AFRICA_WOMEN,other,DZA,NGA,112,91,3,2,team_a,Mfandena,,True,fivb_vis,17792,,
fivb_vis:17793,2023-08-20,women,African Championship,AFRICA_WOMEN,other,BFA,UGA,44,75,0,3,team_b,Paposy,,True,fivb_vis,17793,,
fivb_vis:17794,2023-08-20,women,African Championship,AFRICA_WOMEN,other,MLI,CMR,31,75,0,3,team_b,Paposy,,True,fivb_vis,17794,,
fivb_vis:17795,2023-08-22,women,African Championship,AFRICA_WOMEN,other,MLI,LSO,75,48,3,0,team_a,Mfandena,,True,fivb_vis,17795,,
fivb_vis:17796,2023-08-22,women,African Championship,AFRICA_WOMEN,other,BFA,BDI,75,51,3,0,team_a,Mfandena,,True,fivb_vis,17796,,
fivb_vis:17797,2023-08-22,women,African Championship,AFRICA_WOMEN,other,EGY,UGA,75,42,3,0,team_a,Paposy,,True,fivb_vis,17797,,
fivb_vis:17798,2023-08-22,women,African Championship,AFRICA_WOMEN,other,RWA,DZA,104,105,3,2,team_a,Paposy,,True,fivb_vis,17798,,
fivb_vis:17799,2023-08-22,women,African Championship,AFRICA_WOMEN,other,KEN,NGA,75,43,3,0,team_a,Paposy,,True,fivb_vis,17799,,
fivb_vis:17800,2023-08-22,women,African Championship,AFRICA_WOMEN,other,CMR,MAR,75,58,3,0,team_a,Paposy,,True,fivb_vis,17800,,
fivb_vis:17801,2023-08-23,women,African Championship,AFRICA_WOMEN,other,UGA,DZA,59,75,0,3,team_b,Paposy,,True,fivb_vis,17801,,
fivb_vis:17802,2023-08-23,women,African Championship,AFRICA_WOMEN,other,NGA,MAR,80,72,3,0,team_a,Paposy,,True,fivb_vis,17802,,
fivb_vis:17803,2023-08-23,women,African Championship,AFRICA_WOMEN,other,EGY,RWA,75,35,3,0,team_a,Paposy,,True,fivb_vis,17803,,
fivb_vis:17804,2023-08-23,women,African Championship,AFRICA_WOMEN,other,KEN,CMR,100,70,3,1,team_a,Paposy,,True,fivb_vis,17804,,
fivb_vis:17805,2023-08-23,women,African Championship,AFRICA_WOMEN,other,LSO,BDI,73,96,1,3,team_b,Paposy,,True,fivb_vis,17805,,
fivb_vis:17806,2023-08-23,women,African Championship,AFRICA_WOMEN,other,MLI,BFA,75,58,3,0,team_a,Paposy,,True,fivb_vis,17806,,
fivb_vis:17807,2023-08-24,women,African Championship,AFRICA_WOMEN,other,UGA,MAR,97,102,1,3,team_b,Paposy,,True,fivb_vis,17807,,
fivb_vis:17808,2023-08-24,women,African Championship,AFRICA_WOMEN,other,DZA,NGA,98,73,3,1,team_a,Paposy,,True,fivb_vis,17808,,
fivb_vis:17809,2023-08-24,women,African Championship,AFRICA_WOMEN,other,RWA,CMR,69,96,1,3,team_b,Paposy,,True,fivb_vis,17809,,
fivb_vis:17810,2023-08-24,women,African Championship,AFRICA_WOMEN,other,EGY,KEN,56,75,0,3,team_b,Paposy,,True,fivb_vis,17810,,
fivb_vis:18123,2023-09-03,men,African Championship,AFRICA_MEN,other,EGY,BDI,75,29,3,0,team_a,Cairo Stadium - Hall 2,,True,fivb_vis,18123,,
fivb_vis:18124,2023-09-04,men,African Championship,AFRICA_MEN,other,TUN,MLI,75,29,3,0,team_a,Cairo Stadium - Hall 3,,True,fivb_vis,18124,,
fivb_vis:18125,2023-09-04,men,African Championship,AFRICA_MEN,other,LBY,GHA,93,83,3,1,team_a,Cairo Stadium - Hall 2,,True,fivb_vis,18125,,
fivb_vis:18126,2023-09-07,men,African Championship,AFRICA_MEN,other,SEN,GMB,98,112,2,3,team_b,Cairo Stadium - Hall 3,,True,fivb_vis,18126,,
fivb_vis:18127,2023-09-04,men,African Championship,AFRICA_MEN,other,TCD,TZA,83,73,3,0,team_a,Cairo Stadium - Hall 3,,True,fivb_vis,18127,,
fivb_vis:18128,2023-09-04,men,African Championship,AFRICA_MEN,other,KEN,CMR,85,99,1,3,team_b,Cairo Stadium - Hall 2,,True,fivb_vis,18128,,
fivb_vis:18129,2023-09-04,men,African Championship,AFRICA_MEN,other,MAR,RWA,76,59,3,0,team_a,Cairo Stadium - Hall 2,,True,fivb_vis,18129,,
fivb_vis:18130,2023-09-05,men,African Championship,AFRICA_MEN,other,BDI,DZA,37,75,0,3,team_b,Cairo Stadium - Hall 3,,True,fivb_vis,18130,,
fivb_vis:18131,2023-09-05,men,African Championship,AFRICA_MEN,other,MLI,TZA,89,93,1,3,team_b,Cairo Stadium - Hall 2,,True,fivb_vis,18131,,
fivb_vis:18132,2023-09-05,men,African Championship,AFRICA_MEN,other,GHA,CMR,55,75,0,3,team_b,Cairo Stadium - Hall 3,,True,fivb_vis,18132,,
fivb_vis:18133,2023-09-05,men,African Championship,AFRICA_MEN,other,GMB,RWA,71,96,1,3,team_b,Cairo Stadium - Hall 2,,True,fivb_vis,18133,,
fivb_vis:18134,2023-09-05,men,African Championship,AFRICA_MEN,other,TUN,TCD,75,39,3,0,team_a,Cairo Stadium - Hall 2,,True,fivb_vis,18134,,
fivb_vis:18135,2023-09-05,men,African Championship,AFRICA_MEN,other,LBY,KEN,75,57,3,0,team_a,Cairo Stadium - Hall 2,,True,fivb_vis,18135,,
fivb_vis:18136,2023-09-05,men,African Championship,AFRICA_MEN,other,SEN,MAR,50,75,0,3,team_b,Cairo Stadium - Hall 3,,True,fivb_vis,18136,,
fivb_vis:18137,2023-09-06,men,African Championship,AFRICA_MEN,other,TCD,MLI,76,60,3,0,team_a,Cairo Stadium - Hall 3,,True,fivb_vis,18137,,
fivb_vis:18138,2023-09-06,men,African Championship,AFRICA_MEN,other,KEN,GHA,104,99,3,2,team_a,Cairo Stadium - Hall 2,,True,fivb_vis,18138,,
fivb_vis:18139,2023-09-06,men,African Championship,AFRICA_MEN,other,MAR,GMB,75,58,3,0,team_a,Cairo Stadium - Hall 2,,True,fivb_vis,18139,,
fivb_vis:18140,2023-09-06,men,African Championship,AFRICA_MEN,other,DZA,EGY,75,62,3,0,team_a,Cairo Stadium - Hall 2,,True,fivb_vis,18140,,
fivb_vis:18141,2023-09-06,men,African Championship,AFRICA_MEN,other,TZA,TUN,40,75,0,3,team_b,Cairo Stadium - Hall 2,,True,fivb_vis,18141,,
fivb_vis:18142,2023-09-06,men,African Championship,AFRICA_MEN,other,CMR,LBY,95,97,1,3,team_b,Cairo Stadium - Hall 3,,True,fivb_vis,18142,,
fivb_vis:18143,2023-09-06,men,African Championship,AFRICA_MEN,other,RWA,SEN,75,54,3,0,team_a,Cairo Stadium - Hall 3,,True,fivb_vis,18143,,
fivb_vis:18144,2023-09-08,men,African Championship,AFRICA_MEN,other,DZA,GHA,75,63,3,0,team_a,Cairo Stadium - Hall 3,,True,fivb_vis,18144,,
fivb_vis:18145,2023-09-08,men,African Championship,AFRICA_MEN,other,RWA,TZA,102,84,3,1,team_a,Cairo Stadium - Hall 2,,True,fivb_vis,18145,,
fivb_vis:18146,2023-09-08,men,African Championship,AFRICA_MEN,other,TCD,GMB,99,76,3,1,team_a,Cairo Stadium - Hall 3,,True,fivb_vis,18146,,
fivb_vis:18147,2023-09-08,men,African Championship,AFRICA_MEN,other,MAR,MLI,75,39,3,0,team_a,Cairo Stadium - Hall 2,,True,fivb_vis,18147,,
fivb_vis:18148,2023-09-08,men,African Championship,AFRICA_MEN,other,EGY,KEN,77,61,3,0,team_a,Cairo Stadium - Hall 2,,True,fivb_vis,18148,,
fivb_vis:18149,2023-09-08,men,African Championship,AFRICA_MEN,other,TUN,SEN,75,41,3,0,team_a,Cairo Stadium - Hall 2,,True,fivb_vis,18149,,
fivb_vis:18150,2023-09-08,men,African Championship,AFRICA_MEN,other,CMR,BDI,75,41,3,0,team_a,Cairo Stadium - Hall 3,,True,fivb_vis,18150,,
fivb_vis:18151,2023-09-09,men,African Championship,AFRICA_MEN,other,GHA,TZA,94,73,3,1,team_a,Cairo Stadium - Hall 3,,True,fivb_vis,18151,,
fivb_vis:18152,2023-09-09,men,African Championship,AFRICA_MEN,other,MLI,KEN,62,76,0,3,team_b,Cairo Stadium - Hall 3,,True,fivb_vis,18152,,
fivb_vis:18153,2023-09-09,men,African Championship,AFRICA_MEN,other,SEN,BDI,77,67,3,0,team_a,Cairo Stadium - Hall 3,,True,fivb_vis,18153,,
fivb_vis:18154,2023-09-09,men,African Championship,AFRICA_MEN,other,DZA,RWA,77,59,3,0,team_a,Cairo Stadium - Hall 2,,True,fivb_vis,18154,,
fivb_vis:18155,2023-09-09,men,African Championship,AFRICA_MEN,other,LBY,TCD,76,61,3,0,team_a,Cairo Stadium - Hall 3,,True,fivb_vis,18155,,
fivb_vis:18156,2023-09-09,men,African Championship,AFRICA_MEN,other,MAR,EGY,60,75,0,3,team_b,Cairo Stadium - Hall 2,,True,fivb_vis,18156,,
fivb_vis:18157,2023-09-09,men,African Championship,AFRICA_MEN,other,TUN,CMR,87,99,1,3,team_b,Cairo Stadium - Hall 2,,True,fivb_vis,18157,,
fivb_vis:18158,2023-09-11,men,African Championship,AFRICA_MEN,other,MLI,BDI,66,80,0,3,team_b,Cairo Stadium - Hall 3,,True,fivb_vis,18158,,
fivb_vis:18159,2023-09-11,men,African Championship,AFRICA_MEN,other,GHA,GMB,105,92,3,2,team_a,Cairo Stadium - Hall 3,,True,fivb_vis,18159,,
fivb_vis:18160,2023-09-11,men,African Championship,AFRICA_MEN,other,KEN,SEN,75,55,3,0,team_a,Cairo Stadium - Hall 3,,True,fivb_vis,18160,,
fivb_vis:18161,2023-09-11,men,African Championship,AFRICA_MEN,other,RWA,TCD,75,59,3,0,team_a,Cairo Stadium - Hall 2,,True,fivb_vis,18161,,
fivb_vis:18162,2023-09-11,men,African Championship,AFRICA_MEN,other,MAR,TUN,54,75,0,3,team_b,Cairo Stadium - Hall 2,,True,fivb_vis,18162,,
fivb_vis:18163,2023-09-11,men,African Championship,AFRICA_MEN,other,DZA,LBY,116,108,3,2,team_a,Cairo Stadium - Hall 2,,True,fivb_vis,18163,,
fivb_vis:18164,2023-09-11,men,African Championship,AFRICA_MEN,other,EGY,CMR,99,88,3,1,team_a,Cairo Stadium - Hall 2,,True,fivb_vis,18164,,
fivb_vis:18165,2023-09-12,men,African Championship,AFRICA_MEN,other,TZA,BDI,97,81,3,1,team_a,Cairo Stadium - Hall 3,,True,fivb_vis,18165,,
fivb_vis:18166,2023-09-12,men,African Championship,AFRICA_MEN,other,GMB,SEN,64,75,0,3,team_b,Cairo Stadium - Hall 2,,True,fivb_vis,18166,,
fivb_vis:18167,2023-09-12,men,African Championship,AFRICA_MEN,other,GHA,KEN,111,114,2,3,team_b,Cairo Stadium - Hall 3,,True,fivb_vis,18167,,
fivb_vis:18168,2023-09-12,men,African Championship,AFRICA_MEN,other,TCD,MAR,75,0,3,0,team_a,Cairo Stadium - Hall 2,,True,fivb_vis,18168,,
fivb_vis:18169,2023-09-12,men,African Championship,AFRICA_MEN,other,RWA,TUN,56,75,0,3,team_b,Cairo Stadium - Hall 2,,True,fivb_vis,18169,,
fivb_vis:18170,2023-09-13,men,African Championship,AFRICA_MEN,other,LBY,CMR,97,85,3,1,team_a,Cairo Stadium - Hall 2,,True,fivb_vis,18170,,
fivb_vis:18171,2023-09-13,men,African Championship,AFRICA_MEN,other,DZA,EGY,87,95,1,3,team_b,Cairo Stadium - Hall 2,,True,fivb_vis,18171,,
fivb_vis:17811,2023-08-19,men,Asian Championship,ASIA_MEN,other,JPN,THA,75,62,3,0,team_a,Hall 1,,True,fivb_vis,17811,,
fivb_vis:17812,2023-08-19,men,Asian Championship,ASIA_MEN,other,IDN,CHN,107,113,2,3,team_b,Hall 2,,True,fivb_vis,17812,,
fivb_vis:17813,2023-08-19,men,Asian Championship,ASIA_MEN,other,QAT,IND,75,58,3,0,team_a,Hall 1,,True,fivb_vis,17813,,
fivb_vis:17814,2023-08-19,men,Asian Championship,ASIA_MEN,other,HKG,IRQ,99,101,2,3,team_b,Hall 2,,True,fivb_vis,17814,,
fivb_vis:17815,2023-08-19,men,Asian Championship,ASIA_MEN,other,BGD,KOR,60,75,0,3,team_b,Hall 1,,True,fivb_vis,17815,,
fivb_vis:17816,2023-08-19,men,Asian Championship,ASIA_MEN,other,TPE,MNG,75,0,3,0,team_a,Hall 2,,True,fivb_vis,17816,,
fivb_vis:17817,2023-08-20,men,Asian Championship,ASIA_MEN,other,UZB,JPN,40,75,0,3,team_b,Hall 1,,True,fivb_vis,17817,,
fivb_vis:17818,2023-08-20,men,Asian Championship,ASIA_MEN,other,KAZ,IDN,78,99,1,3,team_b,Hall 2,,True,fivb_vis,17818,,
fivb_vis:17819,2023-08-20,men,Asian Championship,ASIA_MEN,other,AFG,QAT,54,75,0,3,team_b,Hall 1,,True,fivb_vis,17819,,
fivb_vis:17820,2023-08-20,men,Asian Championship,ASIA_MEN,other,PAK,BGD,75,52,3,0,team_a,Hall 2,,True,fivb_vis,17820,,
fivb_vis:17821,2023-08-20,men,Asian Championship,ASIA_MEN,other,IRN,HKG,75,45,3,0,team_a,Hall 1,,True,fivb_vis,17821,,
fivb_vis:17822,2023-08-20,men,Asian Championship,ASIA_MEN,other,BHR,TPE,104,110,2,3,team_b,Hall 2,,True,fivb_vis,17822,,
fivb_vis:17823,2023-08-21,men,Asian Championship,ASIA_MEN,other,THA,UZB,75,53,3,0,team_a,Hall 1,,True,fivb_vis,17823,,
fivb_vis:17824,2023-08-21,men,Asian Championship,ASIA_MEN,other,CHN,KAZ,107,96,3,2,team_a,Hall 2,,True,fivb_vis,17824,,
fivb_vis:17825,2023-08-21,men,Asian Championship,ASIA_MEN,other,KOR,PAK,108,100,3,1,team_a,Hall 1,,True,fivb_vis,17825,,
fivb_vis:17826,2023-08-21,men,Asian Championship,ASIA_MEN,other,IND,AFG,98,82,3,1,team_a,Hall 2,,True,fivb_vis,17826,,
fivb_vis:17827,2023-08-21,men,Asian Championship,ASIA_MEN,other,IRQ,IRN,66,94,1,3,team_b,Hall 1,,True,fivb_vis,17827,,
fivb_vis:17828,2023-08-21,men,Asian Championship,ASIA_MEN,other,MNG,BHR,0,75,0,3,team_b,Hall 2,,True,fivb_vis,17828,,
fivb_vis:17829,2023-08-23,men,Asian Championship,ASIA_MEN,other,UZB,KAZ,84,93,1,3,team_b,Hall 2,,True,fivb_vis,17829,,
fivb_vis:17830,2023-08-23,men,Asian Championship,ASIA_MEN,other,MNG,AFG,0,75,0,3,team_b,Hall 2,,True,fivb_vis,17830,,
fivb_vis:17831,2023-08-23,men,Asian Championship,ASIA_MEN,other,IRN,PAK,75,46,3,0,team_a,Hall 1,,True,fivb_vis,17831,,
fivb_vis:17832,2023-08-23,men,Asian Championship,ASIA_MEN,other,JPN,BHR,75,45,3,0,team_a,Hall 1,,True,fivb_vis,17832,,
fivb_vis:17833,2023-08-23,men,Asian Championship,ASIA_MEN,other,CHN,IND,112,110,3,2,team_a,Hall 2,,True,fivb_vis,17833,,
fivb_vis:17834,2023-08-23,men,Asian Championship,ASIA_MEN,other,TPE,IRQ,75,55,3,0,team_a,Hall 2,,True,fivb_vis,17834,,
fivb_vis:17835,2023-08-23,men,Asian Championship,ASIA_MEN,other,QAT,THA,75,64,3,0,team_a,Hall 1,,True,fivb_vis,17835,,
fivb_vis:17836,2023-08-23,men,Asian Championship,ASIA_MEN,other,KOR,IDN,107,99,3,2,team_a,Hall 1,,True,fivb_vis,17836,,
fivb_vis:17837,2023-08-24,men,Asian Championship,ASIA_MEN,other,UZB,MNG,75,0,3,0,team_a,Hall 2,,True,fivb_vis,17837,,
fivb_vis:17838,2023-08-24,men,Asian Championship,ASIA_MEN,other,HKG,KAZ,52,75,0,3,team_b,Hall 2,,True,fivb_vis,17838,,
fivb_vis:17839,2023-08-24,men,Asian Championship,ASIA_MEN,other,BGD,AFG,90,97,1,3,team_b,Hall 2,,True,fivb_vis,17839,,
fivb_vis:17840,2023-08-24,men,Asian Championship,ASIA_MEN,other,IND,IDN,59,81,0,3,team_b,Hall 1,,True,fivb_vis,17840,,
fivb_vis:17841,2023-08-24,men,Asian Championship,ASIA_MEN,other,IRQ,THA,82,97,1,3,team_b,Hall 1,,True,fivb_vis,17841,,
fivb_vis:17842,2023-08-24,men,Asian Championship,ASIA_MEN,other,CHN,KOR,99,91,3,1,team_a,Hall 1,,True,fivb_vis,17842,,
fivb_vis:17843,2023-08-24,men,Asian Championship,ASIA_MEN,other,TPE,QAT,54,75,0,3,team_b,Hall 1,,True,fivb_vis,17843,,
fivb_vis:17844,2023-08-25,men,Asian Championship,ASIA_MEN,other,HKG,BGD,89,95,1,3,team_b,Hall 2,,True,fivb_vis,17844,,
fivb_vis:17845,2023-08-25,men,Asian Championship,ASIA_MEN,other,KAZ,AFG,98,75,3,1,team_a,Hall 2,,True,fivb_vis,17845,,
fivb_vis:17846,2023-08-25,men,Asian Championship,ASIA_MEN,other,IND,IRQ,75,56,3,0,team_a,Hall 2,,True,fivb_vis,17846,,
fivb_vis:17847,2023-08-25,men,Asian Championship,ASIA_MEN,other,PAK,IDN,107,97,3,2,team_a,Hall 1,,True,fivb_vis,17847,,
fivb_vis:17848,2023-08-25,men,Asian Championship,ASIA_MEN,other,BHR,THA,102,104,3,2,team_a,Hall 1,,True,fivb_vis,17848,,
fivb_vis:17849,2023-08-25,men,Asian Championship,ASIA_MEN,other,KOR,TPE,93,81,3,1,team_a,Hall 2,,True,fivb_vis,17849,,
fivb_vis:17850,2023-08-25,men,Asian Championship,ASIA_MEN,other,IRN,CHN,75,66,3,0,team_a,Hall 1,,True,fivb_vis,17850,,
fivb_vis:17851,2023-08-25,men,Asian Championship,ASIA_MEN,other,JPN,QAT,100,83,3,1,team_a,Hall 1,,True,fivb_vis,17851,,
fivb_vis:17852,2023-08-26,men,Asian Championship,ASIA_MEN,other,IDN,THA,75,65,3,0,team_a,Hall 2,,True,fivb_vis,17852,,
fivb_vis:17853,2023-08-26,men,Asian Championship,ASIA_MEN,other,PAK,BHR,96,83,3,1,team_a,Hall 2,,True,fivb_vis,17853,,
fivb_vis:17854,2023-08-26,men,Asian Championship,ASIA_MEN,other,CHN,QAT,60,75,0,3,team_b,Hall 1,,True,fivb_vis,17854,,
fivb_vis:17855,2023-08-26,men,Asian Championship,ASIA_MEN,other,IRN,JPN,56,75,0,3,team_b,Hall 1,,True,fivb_vis,17855,,
fivb_vis:1827,2009-06-16,women,World Championship,WCH_WOMEN,other,NZL,UZB,56,75,0,3,team_b,The Sports Palace,,True,fivb_vis,1827,,
fivb_vis:1828,2009-06-17,women,World Championship,WCH_WOMEN,other,KAZ,NZL,75,42,3,0,team_a,The Sports Palace,,True,fivb_vis,1828,,
fivb_vis:1829,2009-06-18,women,World Championship,WCH_WOMEN,other,UZB,KAZ,34,75,0,3,team_b,The Sports Palace,,True,fivb_vis,1829,,
fivb_vis:18063,2023-08-30,women,Asian Championship,ASIA_WOMEN,other,IRN,JPN,56,75,0,3,team_b,Nakhon Ratchasima,,True,fivb_vis,18063,,
fivb_vis:18064,2023-08-30,women,Asian Championship,ASIA_WOMEN,other,HKG,CHN,33,75,0,3,team_b,Nakhon Ratchasima,,True,fivb_vis,18064,,
fivb_vis:18065,2023-08-30,women,Asian Championship,ASIA_WOMEN,other,KOR,VNM,103,106,2,3,team_b,Nakhon Ratchasima,,True,fivb_vis,18065,,
fivb_vis:18066,2023-08-30,women,Asian Championship,ASIA_WOMEN,other,KAZ,PHL,108,103,3,2,team_a,Nakhon Ratchasima,,True,fivb_vis,18066,,
fivb_vis:18067,2023-08-30,women,Asian Championship,ASIA_WOMEN,other,AUS,THA,52,75,0,3,team_b,Nakhon Ratchasima,,True,fivb_vis,18067,,
fivb_vis:18068,2023-08-30,women,Asian Championship,ASIA_WOMEN,other,TPE,UZB,75,39,3,0,team_a,Nakhon Ratchasima,,True,fivb_vis,18068,,
fivb_vis:18069,2023-08-31,women,Asian Championship,ASIA_WOMEN,other,MNG,AUS,54,76,0,3,team_b,Nakhon Ratchasima,,True,fivb_vis,18069,,
fivb_vis:18070,2023-08-31,women,Asian Championship,ASIA_WOMEN,other,KAZ,HKG,75,56,3,0,team_a,Nakhon Ratchasima,,True,fivb_vis,18070,,
fivb_vis:18071,2023-08-31,women,Asian Championship,ASIA_WOMEN,other,PHL,CHN,52,75,0,3,team_b,Nakhon Ratchasima,,True,fivb_vis,18071,,
fivb_vis:18072,2023-08-31,women,Asian Championship,ASIA_WOMEN,other,IND,IRN,102,89,3,1,team_a,Nakhon Ratchasima,,True,fivb_vis,18072,,
fivb_vis:18073,2023-08-31,women,Asian Championship,ASIA_WOMEN,other,KOR,TPE,110,93,3,2,team_a,Nakhon Ratchasima,,True,fivb_vis,18073,,
fivb_vis:18074,2023-08-31,women,Asian Championship,ASIA_WOMEN,other,VNM,UZB,75,32,3,0,team_a,Nakhon Ratchasima,,True,fivb_vis,18074,,
fivb_vis:18075,2023-09-01,women,Asian Championship,ASIA_WOMEN,other,JPN,IND,75,32,3,0,team_a,Nakhon Ratchasima,,True,fivb_vis,18075,,
fivb_vis:18076,2023-09-01,women,Asian Championship,ASIA_WOMEN,other,HKG,PHL,75,53,3,0,team_a,Nakhon Ratchasima,,True,fivb_vis,18076,,
fivb_vis:18077,2023-09-01,women,Asian Championship,ASIA_WOMEN,other,UZB,KOR,39,75,0,3,team_b,Nakhon Ratchasima,,True,fivb_vis,18077,,
fivb_vis:18078,2023-09-01,women,Asian Championship,ASIA_WOMEN,other,TPE,VNM,82,93,1,3,team_b,Nakhon Ratchasima,,True,fivb_vis,18078,,
fivb_vis:18079,2023-09-01,women,Asian Championship,ASIA_WOMEN,other,THA,MNG,75,30,3,0,team_a,Nakhon Ratchasima,,True,fivb_vis,18079,,
fivb_vis:18080,2023-09-01,women,Asian Championship,ASIA_WOMEN,other,CHN,KAZ,75,43,3,0,team_a,Nakhon Ratchasima,,True,fivb_vis,18080,,
fivb_vis:18081,2023-09-03,women,Asian Championship,ASIA_WOMEN,other,JPN,KAZ,75,51,3,0,team_a,Nakhon Ratchasima,,True,fivb_vis,18081,,
fivb_vis:18082,2023-09-03,women,Asian Championship,ASIA_WOMEN,other,IND,CHN,31,75,0,3,team_b,Nakhon Ratchasima,,True,fivb_vis,18082,,
fivb_vis:18083,2023-09-03,women,Asian Championship,ASIA_WOMEN,other,THA,KOR,75,65,3,0,team_a,Nakhon Ratchasima,,True,fivb_vis,18083,,
fivb_vis:18084,2023-09-03,women,Asian Championship,ASIA_WOMEN,other,AUS,VNM,51,75,0,3,team_b,Nakhon Ratchasima,,True,fivb_vis,18084,,
fivb_vis:18085,2023-09-03,women,Asian Championship,ASIA_WOMEN,other,MNG,UZB,75,50,3,0,team_a,Nakhon Ratchasima,,True,fivb_vis,18085,,
fivb_vis:18086,2023-09-03,women,Asian Championship,ASIA_WOMEN,other,IRN,PHL,111,106,3,2,team_a,Nakhon Ratchasima,,True,fivb_vis,18086,,
fivb_vis:18087,2023-09-04,women,Asian Championship,ASIA_WOMEN,other,JPN,CHN,108,109,2,3,team_b,Nakhon Ratchasima,,True,fivb_vis,18087,,
fivb_vis:18088,2023-09-04,women,Asian Championship,ASIA_WOMEN,other,IND,KAZ,55,75,0,3,team_b,Nakhon Ratchasima,,True,fivb_vis,18088,,
fivb_vis:18089,2023-09-04,women,Asian Championship,ASIA_WOMEN,other,THA,VNM,98,81,3,1,team_a,Nakhon Ratchasima,,True,fivb_vis,18089,,
fivb_vis:18090,2023-09-04,women,Asian Championship,ASIA_WOMEN,other,AUS,KOR,51,76,0,3,team_b,Nakhon Ratchasima,,True,fivb_vis,18090,,
fivb_vis:18091,2023-09-04,women,Asian Championship,ASIA_WOMEN,other,MNG,TPE,58,76,0,3,team_b,Nakhon Ratchasima,,True,fivb_vis,18091,,
fivb_vis:18092,2023-09-04,women,Asian Championship,ASIA_WOMEN,other,IRN,HKG,104,85,3,2,team_a,Nakhon Ratchasima,,True,fivb_vis,18092,,
fivb_vis:18093,2023-09-05,women,Asian Championship,ASIA_WOMEN,other,UZB,PHL,60,75,0,3,team_b,Nakhon Ratchasima,,True,fivb_vis,18093,,
fivb_vis:18094,2023-09-05,women,Asian Championship,ASIA_WOMEN,other,AUS,KAZ,93,105,2,3,team_b,Nakhon Ratchasima,,True,fivb_vis,18094,,
fivb_vis:18095,2023-09-05,women,Asian Championship,ASIA_WOMEN,other,KOR,IND,75,59,3,0,team_a,Nakhon Ratchasima,,True,fivb_vis,18095,,
fivb_vis:18096,2023-09-05,women,Asian Championship,ASIA_WOMEN,other,TPE,HKG,75,50,3,0,team_a,Nakhon Ratchasima,,True,fivb_vis,18096,,
fivb_vis:18097,2023-09-05,women,Asian Championship,ASIA_WOMEN,other,MNG,IRN,50,75,0,3,team_b,Nakhon Ratchasima,,True,fivb_vis,18097,,
fivb_vis:18098,2023-09-05,women,Asian Championship,ASIA_WOMEN,other,THA,JPN,104,104,3,2,team_a,Nakhon Ratchasima,,True,fivb_vis,18098,,
fivb_vis:18099,2023-09-05,women,Asian Championship,ASIA_WOMEN,other,VNM,CHN,47,75,0,3,team_b,Nakhon Ratchasima,,True,fivb_vis,18099,,
fivb_vis:18100,2023-09-06,women,Asian Championship,ASIA_WOMEN,other,AUS,IND,109,109,2,3,team_b,Nakhon Ratchasima,,True,fivb_vis,18100,,
fivb_vis:18101,2023-09-06,women,Asian Championship,ASIA_WOMEN,other,HKG,MNG,106,98,3,2,team_a,Nakhon Ratchasima,,True,fivb_vis,18101,,
fivb_vis:18102,2023-09-06,women,Asian Championship,ASIA_WOMEN,other,IRN,TPE,57,76,0,3,team_b,Nakhon Ratchasima,,True,fivb_vis,18102,,
fivb_vis:18103,2023-09-06,women,Asian Championship,ASIA_WOMEN,other,KAZ,KOR,76,70,3,0,team_a,Nakhon Ratchasima,,True,fivb_vis,18103,,
fivb_vis:18104,2023-09-06,women,Asian Championship,ASIA_WOMEN,other,JPN,VNM,106,97,3,2,team_a,Nakhon Ratchasima,,True,fivb_vis,18104,,
fivb_vis:18105,2023-09-06,women,Asian Championship,ASIA_WOMEN,other,THA,CHN,111,106,3,2,team_a,Nakhon Ratchasima,,True,fivb_vis,18105,,
fivb_vis:17886,2023-08-29,women,NORCECA Championship,NORCECA_WOMEN,other,USA,CRI,75,21,3,0,team_a,PEPS de l'Université Laval,,True,fivb_vis,17886,,
fivb_vis:17887,2023-08-29,women,NORCECA Championship,NORCECA_WOMEN,other,DOM,CUB,75,47,3,0,team_a,PEPS de l'Université Laval,,True,fivb_vis,17887,,
fivb_vis:17888,2023-08-29,women,NORCECA Championship,NORCECA_WOMEN,other,CAN,MEX,75,58,3,0,team_a,PEPS de l'Université Laval,,True,fivb_vis,17888,,
fivb_vis:17889,2023-08-30,women,NORCECA Championship,NORCECA_WOMEN,other,CUB,USA,39,75,0,3,team_b,PEPS de l'Université Laval,,True,fivb_vis,17889,,
fivb_vis:17890,2023-08-30,women,NORCECA Championship,NORCECA_WOMEN,other,CRI,DOM,34,75,0,3,team_b,PEPS de l'Université Laval,,True,fivb_vis,17890,,
fivb_vis:17891,2023-08-30,women,NORCECA Championship,NORCECA_WOMEN,other,PRI,CAN,54,75,0,3,team_b,PEPS de l'Université Laval,,True,fivb_vis,17891,,
fivb_vis:17892,2023-08-31,women,NORCECA Championship,NORCECA_WOMEN,other,CUB,CRI,75,38,3,0,team_a,PEPS de l'Université Laval,,True,fivb_vis,17892,,
fivb_vis:17893,2023-08-31,women,NORCECA Championship,NORCECA_WOMEN,other,PRI,MEX,98,109,3,2,team_a,PEPS de l'Université Laval,,True,fivb_vis,17893,,
fivb_vis:17894,2023-08-31,women,NORCECA Championship,NORCECA_WOMEN,other,USA,DOM,75,60,3,0,team_a,PEPS de l'Université Laval,,True,fivb_vis,17894,,
fivb_vis:17895,2023-09-01,women,NORCECA Championship,NORCECA_WOMEN,other,DOM,MEX,75,39,3,0,team_a,PEPS de l'Université Laval,,True,fivb_vis,17895,,
fivb_vis:17896,2023-09-01,women,NORCECA Championship,NORCECA_WOMEN,other,PRI,CUB,66,75,0,3,team_b,PEPS de l'Université Laval,,True,fivb_vis,17896,,
fivb_vis:17897,2023-09-02,women,NORCECA Championship,NORCECA_WOMEN,other,MEX,PRI,82,74,3,0,team_a,PEPS de l'Université Laval,,True,fivb_vis,17897,,
fivb_vis:17898,2023-09-02,women,NORCECA Championship,NORCECA_WOMEN,other,USA,CUB,75,39,3,0,team_a,PEPS de l'Université Laval,,True,fivb_vis,17898,,
fivb_vis:17899,2023-09-02,women,NORCECA Championship,NORCECA_WOMEN,other,CAN,DOM,92,100,1,3,team_b,PEPS de l'Université Laval,,True,fivb_vis,17899,,
fivb_vis:17900,2023-09-03,women,NORCECA Championship,NORCECA_WOMEN,other,PRI,CRI,75,29,3,0,team_a,PEPS de l'Université Laval,,True,fivb_vis,17900,,
fivb_vis:17901,2023-09-03,women,NORCECA Championship,NORCECA_WOMEN,other,CUB,CAN,79,92,1,3,team_b,PEPS de l'Université Laval,,True,fivb_vis,17901,,
fivb_vis:17902,2023-09-03,women,NORCECA Championship,NORCECA_WOMEN,other,USA,DOM,103,96,2,3,team_b,PEPS de l'Université Laval,,True,fivb_vis,17902,,
fivb_vis:18106,2023-09-05,men,NORCECA Championship,NORCECA_MEN,other,CAN,DOM,75,31,3,0,team_a,Charleston Coliseum & Convention Center,,True,fivb_vis,18106,,
fivb_vis:18107,2023-09-05,men,NORCECA Championship,NORCECA_MEN,other,CUB,PRI,75,55,3,0,team_a,Charleston Coliseum & Convention Center,,True,fivb_vis,18107,,
fivb_vis:18108,2023-09-05,men,NORCECA Championship,NORCECA_MEN,other,USA,SUR,75,33,3,0,team_a,Charleston Coliseum & Convention Center,,True,fivb_vis,18108,,
fivb_vis:18109,2023-09-06,men,NORCECA Championship,NORCECA_MEN,other,SUR,CUB,53,75,0,3,team_b,Charleston Coliseum & Convention Center,,True,fivb_vis,18109,,
fivb_vis:18110,2023-09-06,men,NORCECA Championship,NORCECA_MEN,other,CAN,MEX,75,56,3,0,team_a,Charleston Coliseum & Convention Center,,True,fivb_vis,18110,,
fivb_vis:18111,2023-09-06,men,NORCECA Championship,NORCECA_MEN,other,PRI,USA,44,75,0,3,team_b,Charleston Coliseum & Convention Center,,True,fivb_vis,18111,,
fivb_vis:18112,2023-09-07,men,NORCECA Championship,NORCECA_MEN,other,SUR,PRI,58,75,0,3,team_b,Charleston Coliseum & Convention Center,,True,fivb_vis,18112,,
fivb_vis:18113,2023-09-07,men,NORCECA Championship,NORCECA_MEN,other,DOM,MEX,75,63,3,0,team_a,Charleston Coliseum & Convention Center,,True,fivb_vis,18113,,
fivb_vis:18114,2023-09-07,men,NORCECA Championship,NORCECA_MEN,other,USA,CUB,111,102,3,2,team_a,Charleston Coliseum & Convention Center,,True,fivb_vis,18114,,
fivb_vis:18115,2023-09-08,men,NORCECA Championship,NORCECA_MEN,other,CUB,MEX,75,58,3,0,team_a,Charleston Coliseum & Convention Center,,True,fivb_vis,18115,,
fivb_vis:18116,2023-09-08,men,NORCECA Championship,NORCECA_MEN,other,DOM,PRI,82,70,3,0,team_a,Charleston Coliseum & Convention Center,,True,fivb_vis,18116,,
fivb_vis:18117,2023-09-09,men,NORCECA Championship,NORCECA_MEN,other,MEX,PRI,102,91,3,1,team_a,Charleston Coliseum & Convention Center,,True,fivb_vis,18117,,
fivb_vis:18118,2023-09-09,men,NORCECA Championship,NORCECA_MEN,other,CAN,CUB,107,102,3,2,team_a,Charleston Coliseum & Convention Center,,True,fivb_vis,18118,,
fivb_vis:18119,2023-09-09,men,NORCECA Championship,NORCECA_MEN,other,USA,DOM,75,48,3,0,team_a,Charleston Coliseum & Convention Center,,True,fivb_vis,18119,,
fivb_vis:18120,2023-09-10,men,NORCECA Championship,NORCECA_MEN,other,PRI,SUR,96,69,3,1,team_a,Charleston Coliseum & Convention Center,,True,fivb_vis,18120,,
fivb_vis:18121,2023-09-10,men,NORCECA Championship,NORCECA_MEN,other,CUB,DOM,75,45,3,0,team_a,Charleston Coliseum & Convention Center,,True,fivb_vis,18121,,
fivb_vis:18122,2023-09-10,men,NORCECA Championship,NORCECA_MEN,other,CAN,USA,56,75,0,3,team_b,Charleston Coliseum & Convention Center,,True,fivb_vis,18122,,
fivb_vis:17856,2023-08-20,women,NORCECA Championship,NORCECA_WOMEN,other,CUB,PRI,75,53,3,0,team_a,Pabellón de Voleibol Gioriber Arias,,True,fivb_vis,17856,,
fivb_vis:17857,2023-08-20,women,NORCECA Championship,NORCECA_WOMEN,other,USA,CAN,75,42,3,0,team_a,Pabellón de Voleibol Gioriber Arias,,True,fivb_vis,17857,,
fivb_vis:17858,2023-08-20,women,NORCECA Championship,NORCECA_WOMEN,other,DOM,MEX,75,43,3,0,team_a,Pabellón de Voleibol Gioriber Arias,,True,fivb_vis,17858,,
fivb_vis:17859,2023-08-21,women,NORCECA Championship,NORCECA_WOMEN,other,MEX,CAN,92,85,3,1,team_a,Pabellón de Voleibol Gioriber Arias,,True,fivb_vis,17859,,
fivb_vis:17860,2023-08-21,women,NORCECA Championship,NORCECA_WOMEN,other,USA,PRI,75,34,3,0,team_a,Pabellón de Voleibol Gioriber Arias,,True,fivb_vis,17860,,
fivb_vis:17861,2023-08-21,women,NORCECA Championship,NORCECA_WOMEN,other,CUB,DOM,90,108,2,3,team_b,Pabellón de Voleibol Gioriber Arias,,True,fivb_vis,17861,,
fivb_vis:17862,2023-08-22,women,NORCECA Championship,NORCECA_WOMEN,other,USA,MEX,75,43,3,0,team_a,Pabellón de Voleibol Gioriber Arias,,True,fivb_vis,17862,,
fivb_vis:17863,2023-08-25,women,NORCECA Championship,NORCECA_WOMEN,other,CAN,CUB,109,99,3,2,team_a,Pabellón de Voleibol Gioriber Arias,,True,fivb_vis,17863,,
fivb_vis:17864,2023-08-25,women,NORCECA Championship,NORCECA_WOMEN,other,DOM,PRI,75,25,3,0,team_a,Pabellón de Voleibol Gioriber Arias,,True,fivb_vis,17864,,
fivb_vis:17865,2023-08-24,women,NORCECA Championship,NORCECA_WOMEN,other,MEX,PRI,75,38,3,0,team_a,Pabellón de Voleibol Gioriber Arias,,True,fivb_vis,17865,,
fivb_vis:17866,2023-08-24,women,NORCECA Championship,NORCECA_WOMEN,other,USA,CUB,75,54,3,0,team_a,Pabellón de Voleibol Gioriber Arias,,True,fivb_vis,17866,,
fivb_vis:17867,2023-08-24,women,NORCECA Championship,NORCECA_WOMEN,other,DOM,CAN,75,57,3,0,team_a,Pabellón de Voleibol Gioriber Arias,,True,fivb_vis,17867,,
fivb_vis:17868,2023-08-24,women,NORCECA Championship,NORCECA_WOMEN,other,PRI,CAN,54,75,0,3,team_b,Pabellón de Voleibol Gioriber Arias,,True,fivb_vis,17868,,
fivb_vis:17869,2023-08-24,women,NORCECA Championship,NORCECA_WOMEN,other,MEX,CUB,86,99,1,3,team_b,Pabellón de Voleibol Gioriber Arias,,True,fivb_vis,17869,,
fivb_vis:17870,2023-08-24,women,NORCECA Championship,NORCECA_WOMEN,other,DOM,USA,92,109,2,3,team_b,Pabellón de Voleibol Gioriber Arias,,True,fivb_vis,17870,,
fivb_vis:17871,2023-08-26,women,NORCECA Championship,NORCECA_WOMEN,other,CAN,PRI,75,37,3,0,team_a,Pabellón de Voleibol Gioriber Arias,,True,fivb_vis,17871,,
fivb_vis:17872,2023-08-25,women,NORCECA Championship,NORCECA_WOMEN,other,DOM,CUB,75,54,3,0,team_a,Pabellón de Voleibol Gioriber Arias,,True,fivb_vis,17872,,
fivb_vis:17873,2023-08-25,women,NORCECA Championship,NORCECA_WOMEN,other,USA,MEX,75,36,3,0,team_a,Pabellón de Voleibol Gioriber Arias,,True,fivb_vis,17873,,
fivb_vis:17874,2023-08-26,women,NORCECA Championship,NORCECA_WOMEN,other,MEX,CUB,77,97,1,3,team_b,Pabellón de Voleibol Gioriber Arias,,True,fivb_vis,17874,,
fivb_vis:17875,2023-08-26,women,NORCECA Championship,NORCECA_WOMEN,other,USA,DOM,99,85,3,1,team_a,Pabellón de Voleibol Gioriber Arias,,True,fivb_vis,17875,,
fivb_vis:18236,2023-09-19,men,NORCECA Championship,NORCECA_MEN,other,CUB,MEX,94,111,2,3,team_b,Flair Airlines Hangar,,True,fivb_vis,18236,,
fivb_vis:18237,2023-09-19,men,NORCECA Championship,NORCECA_MEN,other,USA,DOM,75,45,3,0,team_a,Flair Airlines Hangar,,True,fivb_vis,18237,,
fivb_vis:18238,2023-09-19,men,NORCECA Championship,NORCECA_MEN,other,CAN,PRI,98,80,3,1,team_a,Flair Airlines Hangar,,True,fivb_vis,18238,,
fivb_vis:18239,2023-09-20,men,NORCECA Championship,NORCECA_MEN,other,USA,MEX,75,55,3,0,team_a,Flair Airlines Hangar,,True,fivb_vis,18239,,
fivb_vis:18240,2023-09-20,men,NORCECA Championship,NORCECA_MEN,other,CUB,PRI,95,89,3,1,team_a,Flair Airlines Hangar,,True,fivb_vis,18240,,
fivb_vis:18241,2023-09-20,men,NORCECA Championship,NORCECA_MEN,other,CAN,DOM,96,83,3,1,team_a,Flair Airlines Hangar,,True,fivb_vis,18241,,
fivb_vis:18242,2023-09-21,men,NORCECA Championship,NORCECA_MEN,other,USA,PRI,75,45,3,0,team_a,Flair Airlines Hangar,,True,fivb_vis,18242,,
fivb_vis:18243,2023-09-21,men,NORCECA Championship,NORCECA_MEN,other,DOM,MEX,56,77,0,3,team_b,Flair Airlines Hangar,,True,fivb_vis,18243,,
fivb_vis:18244,2023-09-21,men,NORCECA Championship,NORCECA_MEN,other,CAN,CUB,98,83,3,1,team_a,Flair Airlines Hangar,,True,fivb_vis,18244,,
fivb_vis:18245,2023-09-22,men,NORCECA Championship,NORCECA_MEN,other,MEX,PRI,95,95,1,3,team_b,Flair Airlines Hangar,,True,fivb_vis,18245,,
fivb_vis:18246,2023-09-22,men,NORCECA Championship,NORCECA_MEN,other,DOM,CUB,67,75,0,3,team_b,Flair Airlines Hangar,,True,fivb_vis,18246,,
fivb_vis:18247,2023-09-22,men,NORCECA Championship,NORCECA_MEN,other,CAN,USA,76,97,1,3,team_b,Flair Airlines Hangar,,True,fivb_vis,18247,,
fivb_vis:18248,2023-09-23,men,NORCECA Championship,NORCECA_MEN,other,PRI,DOM,104,103,3,2,team_a,Flair Airlines Hangar,,True,fivb_vis,18248,,
fivb_vis:18249,2023-09-23,men,NORCECA Championship,NORCECA_MEN,other,USA,CUB,75,54,3,0,team_a,Flair Airlines Hangar,,True,fivb_vis,18249,,
fivb_vis:18250,2023-09-23,men,NORCECA Championship,NORCECA_MEN,other,CAN,MEX,105,111,2,3,team_b,Flair Airlines Hangar,,True,fivb_vis,18250,,
fivb_vis:18251,2023-09-24,men,NORCECA Championship,NORCECA_MEN,other,PRI,DOM,100,104,3,2,team_a,Flair Airlines Hangar,,True,fivb_vis,18251,,
fivb_vis:18252,2023-09-24,men,NORCECA Championship,NORCECA_MEN,other,MEX,CUB,76,59,3,0,team_a,Flair Airlines Hangar,,True,fivb_vis,18252,,
fivb_vis:18253,2023-09-24,men,NORCECA Championship,NORCECA_MEN,other,USA,CAN,75,51,3,0,team_a,Flair Airlines Hangar,,True,fivb_vis,18253,,
fivb_vis:1830,2009-06-12,women,World Championship,WCH_WOMEN,other,BGD,TPE,19,75,0,3,team_b,Nakhonpathom Sport Center,,True,fivb_vis,1830,,
fivb_vis:1831,2009-06-12,women,World Championship,WCH_WOMEN,other,THA,FJI,75,34,3,0,team_a,Nakhonpathom Sport Center,,True,fivb_vis,1831,,
fivb_vis:1832,2009-06-13,women,World Championship,WCH_WOMEN,other,FJI,TPE,54,75,0,3,team_b,Nakhonpathom Sport Center,,True,fivb_vis,1832,,
fivb_vis:1833,2009-06-13,women,World Championship,WCH_WOMEN,other,THA,BGD,75,5,3,0,team_a,Nakhonpathom Sport Center,,True,fivb_vis,1833,,
fivb_vis:1834,2009-06-14,women,World Championship,WCH_WOMEN,other,BGD,FJI,20,75,0,3,team_b,Nakhonpathom Sport Center,,True,fivb_vis,1834,,
fivb_vis:1835,2009-06-14,women,World Championship,WCH_WOMEN,other,TPE,THA,89,113,2,3,team_b,Nakhonpathom Sport Center,,True,fivb_vis,1835,,
fivb_vis:1836,2009-07-03,women,World Championship,WCH_WOMEN,other,THA,UZB,75,44,3,0,team_a,Sichuan Provincial Gymnasium,,True,fivb_vis,1836,,
fivb_vis:1837,2009-07-03,women,World Championship,WCH_WOMEN,other,CHN,FJI,75,35,3,0,team_a,Sichuan Provincial Gymnasium,,True,fivb_vis,1837,,
fivb_vis:1838,2009-07-04,women,World Championship,WCH_WOMEN,other,CHN,UZB,75,27,3,0,team_a,Sichuan Provincial Gymnasium,,True,fivb_vis,1838,,
fivb_vis:1839,2009-07-04,women,World Championship,WCH_WOMEN,other,THA,FJI,75,43,3,0,team_a,Sichuan Provincial Gymnasium,,True,fivb_vis,1839,,
fivb_vis:1840,2009-07-05,women,World Championship,WCH_WOMEN,other,FJI,UZB,62,75,0,3,team_b,Sichuan Provincial Gymnasium,,True,fivb_vis,1840,,
fivb_vis:1841,2009-07-05,women,World Championship,WCH_WOMEN,other,CHN,THA,75,54,3,0,team_a,Sichuan Provincial Gymnasium,,True,fivb_vis,1841,,
fivb_vis:18853,2024-05-21,men,Volleyball Nations League,VNL_MEN,other,BGR,FRA,59,76,0,3,team_b,Antalya Sports Hall,,True,fivb_vis,18853,,
fivb_vis:18854,2024-05-21,men,Volleyball Nations League,VNL_MEN,other,TUR,CAN,90,92,1,3,team_b,Antalya Sports Hall,,True,fivb_vis,18854,,
fivb_vis:18855,2024-05-21,men,Volleyball Nations League,VNL_MEN,other,ARG,JPN,90,99,1,3,team_b,Maracanãzinho,,True,fivb_vis,18855,,
fivb_vis:18856,2024-05-21,men,Volleyball Nations League,VNL_MEN,other,CUB,BRA,102,94,3,1,team_a,Maracanãzinho,,True,fivb_vis,18856,,
fivb_vis:18857,2024-05-22,men,Volleyball Nations League,VNL_MEN,other,NLD,SVN,126,128,2,3,team_b,Antalya Sports Hall,,True,fivb_vis,18857,,
fivb_vis:18858,2024-05-22,men,Volleyball Nations League,VNL_MEN,other,USA,POL,61,76,0,3,team_b,Antalya Sports Hall,,True,fivb_vis,18858,,
fivb_vis:18859,2024-05-22,men,Volleyball Nations League,VNL_MEN,other,DEU,ITA,62,75,0,3,team_b,Maracanãzinho,,True,fivb_vis,18859,,
fivb_vis:18860,2024-05-22,men,Volleyball Nations League,VNL_MEN,other,IRN,SRB,87,94,1,3,team_b,Maracanãzinho,,True,fivb_vis,18860,,
fivb_vis:18861,2024-05-23,men,Volleyball Nations League,VNL_MEN,other,SVN,FRA,98,86,3,1,team_a,Antalya Sports Hall,,True,fivb_vis,18861,,
fivb_vis:18862,2024-05-23,men,Volleyball Nations League,VNL_MEN,other,CAN,POL,89,93,1,3,team_b,Antalya Sports Hall,,True,fivb_vis,18862,,
fivb_vis:18863,2024-05-23,men,Volleyball Nations League,VNL_MEN,other,TUR,NLD,98,104,2,3,team_b,Antalya Sports Hall,,True,fivb_vis,18863,,
fivb_vis:18864,2024-05-23,men,Volleyball Nations League,VNL_MEN,other,CUB,DEU,94,92,3,1,team_a,Maracanãzinho,,True,fivb_vis,18864,,
fivb_vis:18865,2024-05-23,men,Volleyball Nations League,VNL_MEN,other,JPN,SRB,75,58,3,0,team_a,Maracanãzinho,,True,fivb_vis,18865,,
fivb_vis:18866,2024-05-23,men,Volleyball Nations League,VNL_MEN,other,ARG,BRA,97,104,2,3,team_b,Maracanãzinho,,True,fivb_vis,18866,,
fivb_vis:18867,2024-05-24,men,Volleyball Nations League,VNL_MEN,other,BGR,CAN,74,81,0,3,team_b,Antalya Sports Hall,,True,fivb_vis,18867,,
fivb_vis:18868,2024-05-24,men,Volleyball Nations League,VNL_MEN,other,FRA,USA,75,64,3,0,team_a,Antalya Sports Hall,,True,fivb_vis,18868,,
fivb_vis:18869,2024-05-24,men,Volleyball Nations League,VNL_MEN,other,NLD,POL,69,80,0,3,team_b,Antalya Sports Hall,,True,fivb_vis,18869,,
fivb_vis:18870,2024-05-24,men,Volleyball Nations League,VNL_MEN,other,CUB,JPN,115,109,2,3,team_b,Maracanãzinho,,True,fivb_vis,18870,,
fivb_vis:18871,2024-05-24,men,Volleyball Nations League,VNL_MEN,other,IRN,ITA,48,75,0,3,team_b,Maracanãzinho,,True,fivb_vis,18871,,
fivb_vis:18872,2024-05-24,men,Volleyball Nations League,VNL_MEN,other,SRB,BRA,88,97,1,3,team_b,Maracanãzinho,,True,fivb_vis,18872,,
fivb_vis:18873,2024-05-25,men,Volleyball Nations League,VNL_MEN,other,SVN,CAN,108,96,3,2,team_a,Antalya Sports Hall,,True,fivb_vis,18873,,
fivb_vis:18874,2024-05-25,men,Volleyball Nations League,VNL_MEN,other,TUR,FRA,80,100,1,3,team_b,Antalya Sports Hall,,True,fivb_vis,18874,,
fivb_vis:18875,2024-05-25,men,Volleyball Nations League,VNL_MEN,other,BGR,USA,96,87,3,1,team_a,Antalya Sports Hall,,True,fivb_vis,18875,,
fivb_vis:18876,2024-05-25,men,Volleyball Nations League,VNL_MEN,other,JPN,ITA,75,98,1,3,team_b,Maracanãzinho,,True,fivb_vis,18876,,
fivb_vis:18877,2024-05-25,men,Volleyball Nations League,VNL_MEN,other,ARG,DEU,96,86,3,1,team_a,Maracanãzinho,,True,fivb_vis,18877,,
fivb_vis:18878,2024-05-25,men,Volleyball Nations League,VNL_MEN,other,CUB,IRN,89,87,3,1,team_a,Maracanãzinho,,True,fivb_vis,18878,,
fivb_vis:18879,2024-05-26,men,Volleyball Nations League,VNL_MEN,other,SVN,POL,75,59,3,0,team_a,Antalya Sports Hall,,True,fivb_vis,18879,,
fivb_vis:18880,2024-05-26,men,Volleyball Nations League,VNL_MEN,other,BRA,ITA,95,104,2,3,team_b,Maracanãzinho,,True,fivb_vis,18880,,
fivb_vis:18881,2024-05-26,men,Volleyball Nations League,VNL_MEN,other,TUR,USA,93,97,1,3,team_b,Antalya Sports Hall,,True,fivb_vis,18881,,
fivb_vis:18882,2024-05-26,men,Volleyball Nations League,VNL_MEN,other,BGR,NLD,74,95,1,3,team_b,Antalya Sports Hall,,True,fivb_vis,18882,,
fivb_vis:18883,2024-05-26,men,Volleyball Nations League,VNL_MEN,other,SRB,DEU,61,75,0,3,team_b,Maracanãzinho,,True,fivb_vis,18883,,
fivb_vis:18884,2024-05-26,men,Volleyball Nations League,VNL_MEN,other,IRN,ARG,112,114,2,3,team_b,Maracanãzinho,,True,fivb_vis,18884,,
fivb_vis:18885,2024-06-04,men,Volleyball Nations League,VNL_MEN,other,DEU,BRA,46,75,0,3,team_b,West Japan General Exhibition Center,,True,fivb_vis,18885,,
fivb_vis:18886,2024-06-04,men,Volleyball Nations League,VNL_MEN,other,POL,BGR,96,83,3,1,team_a,West Japan General Exhibition Center,,True,fivb_vis,18886,,
fivb_vis:18887,2024-06-04,men,Volleyball Nations League,VNL_MEN,other,IRN,JPN,62,75,0,3,team_b,West Japan General Exhibition Center,,True,fivb_vis,18887,,
fivb_vis:18888,2024-06-04,men,Volleyball Nations League,VNL_MEN,other,ARG,USA,68,76,0,3,team_b,TD Place,,True,fivb_vis,18888,,
fivb_vis:18889,2024-06-04,men,Volleyball Nations League,VNL_MEN,other,CAN,CUB,103,94,3,1,team_a,TD Place,,True,fivb_vis,18889,,
fivb_vis:18890,2024-06-05,men,Volleyball Nations League,VNL_MEN,other,SVN,TUR,76,66,3,0,team_a,West Japan General Exhibition Center,,True,fivb_vis,18890,,
fivb_vis:18891,2024-06-05,men,Volleyball Nations League,VNL_MEN,other,DEU,JPN,105,112,2,3,team_b,West Japan General Exhibition Center,,True,fivb_vis,18891,,
fivb_vis:18892,2024-06-05,men,Volleyball Nations League,VNL_MEN,other,SRB,NLD,76,61,3,0,team_a,TD Place,,True,fivb_vis,18892,,
fivb_vis:18893,2024-06-05,men,Volleyball Nations League,VNL_MEN,other,FRA,ITA,102,106,3,2,team_a,TD Place,,True,fivb_vis,18893,,
fivb_vis:18894,2024-06-06,men,Volleyball Nations League,VNL_MEN,other,IRN,BRA,83,97,1,3,team_b,West Japan General Exhibition Center,,True,fivb_vis,18894,,
fivb_vis:18895,2024-06-06,men,Volleyball Nations League,VNL_MEN,other,BGR,DEU,81,98,1,3,team_b,West Japan General Exhibition Center,,True,fivb_vis,18895,,
fivb_vis:18896,2024-06-06,men,Volleyball Nations League,VNL_MEN,other,POL,TUR,75,50,3,0,team_a,West Japan General Exhibition Center,,True,fivb_vis,18896,,
fivb_vis:18897,2024-06-06,men,Volleyball Nations League,VNL_MEN,other,CUB,NLD,91,97,1,3,team_b,TD Place,,True,fivb_vis,18897,,
fivb_vis:18898,2024-06-06,men,Volleyball Nations League,VNL_MEN,other,USA,ITA,67,76,0,3,team_b,TD Place,,True,fivb_vis,18898,,
fivb_vis:18899,2024-06-06,men,Volleyball Nations League,VNL_MEN,other,CAN,ARG,84,97,1,3,team_b,TD Place,,True,fivb_vis,18899,,
fivb_vis:18900,2024-06-07,men,Volleyball Nations League,VNL_MEN,other,BGR,IRN,105,106,3,2,team_a,West Japan General Exhibition Center,,True,fivb_vis,18900,,
fivb_vis:18901,2024-06-07,men,Volleyball Nations League,VNL_MEN,other,BRA,SVN,111,112,2,3,team_b,West Japan General Exhibition Center,,True,fivb_vis,18901,,
fivb_vis:18902,2024-06-07,men,Volleyball Nations League,VNL_MEN,other,JPN,POL,52,75,0,3,team_b,West Japan General Exhibition Center,,True,fivb_vis,18902,,
fivb_vis:18903,2024-06-07,men,Volleyball Nations League,VNL_MEN,other,CUB,ITA,78,97,1,3,team_b,TD Place,,True,fivb_vis,18903,,
fivb_vis:18904,2024-06-07,men,Volleyball Nations League,VNL_MEN,other,FRA,NLD,95,86,3,1,team_a,TD Place,,True,fivb_vis,18904,,
fivb_vis:18905,2024-06-07,men,Volleyball Nations League,VNL_MEN,other,USA,SRB,98,77,3,1,team_a,TD Place,,True,fivb_vis,18905,,
fivb_vis:18906,2024-06-08,men,Volleyball Nations League,VNL_MEN,other,TUR,IRN,99,96,3,1,team_a,West Japan General Exhibition Center,,True,fivb_vis,18906,,
fivb_vis:18907,2024-06-08,men,Volleyball Nations League,VNL_MEN,other,POL,BRA,86,96,1,3,team_b,West Japan General Exhibition Center,,True,fivb_vis,18907,,
fivb_vis:18908,2024-06-08,men,Volleyball Nations League,VNL_MEN,other,JPN,SVN,95,93,3,1,team_a,West Japan General Exhibition Center,,True,fivb_vis,18908,,
fivb_vis:18909,2024-06-08,men,Volleyball Nations League,VNL_MEN,other,CUB,FRA,108,100,3,2,team_a,TD Place,,True,fivb_vis,18909,,
fivb_vis:18910,2024-06-08,men,Volleyball Nations League,VNL_MEN,other,CAN,USA,98,91,3,1,team_a,TD Place,,True,fivb_vis,18910,,
fivb_vis:18911,2024-06-08,men,Volleyball Nations League,VNL_MEN,other,SRB,ARG,107,108,2,3,team_b,TD Place,,True,fivb_vis,18911,,
fivb_vis:18912,2024-06-09,men,Volleyball Nations League,VNL_MEN,other,TUR,DEU,126,126,2,3,team_b,West Japan General Exhibition Center,,True,fivb_vis,18912,,
fivb_vis:18913,2024-06-09,men,Volleyball Nations League,VNL_MEN,other,BGR,SVN,58,75,0,3,team_b,West Japan General Exhibition Center,,True,fivb_vis,18913,,
fivb_vis:18914,2024-06-09,men,Volleyball Nations League,VNL_MEN,other,ITA,NLD,75,54,3,0,team_a,TD Place,,True,fivb_vis,18914,,
fivb_vis:18915,2024-06-09,men,Volleyball Nations League,VNL_MEN,other,ARG,FRA,98,113,2,3,team_b,TD Place,,True,fivb_vis,18915,,
fivb_vis:18916,2024-06-09,men,Volleyball Nations League,VNL_MEN,other,CAN,SRB,86,96,1,3,team_b,TD Place,,True,fivb_vis,18916,,
fivb_vis:18917,2024-06-18,men,Volleyball Nations League,VNL_MEN,other,NLD,BRA,98,105,1,3,team_b,Mall of Asia Arena,,True,fivb_vis,18917,,
fivb_vis:18918,2024-06-18,men,Volleyball Nations League,VNL_MEN,other,CAN,JPN,105,96,3,2,team_a,Mall of Asia Arena,,True,fivb_vis,18918,,
fivb_vis:18919,2024-06-18,men,Volleyball Nations League,VNL_MEN,other,BGR,TUR,89,92,3,1,team_a,Arena Stožice,,True,fivb_vis,18919,,
fivb_vis:18920,2024-06-18,men,Volleyball Nations League,VNL_MEN,other,SVN,ARG,79,72,3,0,team_a,Arena Stožice,,True,fivb_vis,18920,,
fivb_vis:18921,2024-06-19,men,Volleyball Nations League,VNL_MEN,other,DEU,FRA,100,93,3,1,team_a,Mall of Asia Arena,,True,fivb_vis,18921,,
fivb_vis:18922,2024-06-19,men,Volleyball Nations League,VNL_MEN,other,IRN,USA,117,110,3,2,team_a,Mall of Asia Arena,,True,fivb_vis,18922,,
fivb_vis:18923,2024-06-19,men,Volleyball Nations League,VNL_MEN,other,CUB,SRB,99,108,2,3,team_b,Arena Stožice,,True,fivb_vis,18923,,
fivb_vis:18924,2024-06-19,men,Volleyball Nations League,VNL_MEN,other,ITA,POL,65,75,0,3,team_b,Arena Stožice,,True,fivb_vis,18924,,
fivb_vis:18925,2024-06-20,men,Volleyball Nations League,VNL_MEN,other,DEU,CAN,58,75,0,3,team_b,Mall of Asia Arena,,True,fivb_vis,18925,,
fivb_vis:18926,2024-06-20,men,Volleyball Nations League,VNL_MEN,other,IRN,NLD,107,103,3,2,team_a,Mall of Asia Arena,,True,fivb_vis,18926,,
fivb_vis:18927,2024-06-20,men,Volleyball Nations League,VNL_MEN,other,BRA,USA,101,105,2,3,team_b,Mall of Asia Arena,,True,fivb_vis,18927,,
fivb_vis:18928,2024-06-20,men,Volleyball Nations League,VNL_MEN,other,TUR,ARG,55,75,0,3,team_b,Arena Stožice,,True,fivb_vis,18928,,
fivb_vis:18929,2024-06-20,men,Volleyball Nations League,VNL_MEN,other,BGR,ITA,66,77,0,3,team_b,Arena Stožice,,True,fivb_vis,18929,,
fivb_vis:18930,2024-06-20,men,Volleyball Nations League,VNL_MEN,other,CUB,SVN,107,114,2,3,team_b,Arena Stožice,,True,fivb_vis,18930,,
fivb_vis:18931,2024-06-21,men,Volleyball Nations League,VNL_MEN,other,IRN,FRA,58,75,0,3,team_b,Mall of Asia Arena,,True,fivb_vis,18931,,
fivb_vis:18932,2024-06-21,men,Volleyball Nations League,VNL_MEN,other,CAN,BRA,77,67,3,0,team_a,Mall of Asia Arena,,True,fivb_vis,18932,,
fivb_vis:18933,2024-06-21,men,Volleyball Nations League,VNL_MEN,other,NLD,JPN,57,75,0,3,team_b,Mall of Asia Arena,,True,fivb_vis,18933,,
fivb_vis:18934,2024-06-21,men,Volleyball Nations League,VNL_MEN,other,ARG,POL,59,75,0,3,team_b,Arena Stožice,,True,fivb_vis,18934,,
fivb_vis:18935,2024-06-21,men,Volleyball Nations League,VNL_MEN,other,BGR,CUB,56,75,0,3,team_b,Arena Stožice,,True,fivb_vis,18935,,
fivb_vis:18936,2024-06-21,men,Volleyball Nations League,VNL_MEN,other,TUR,SRB,88,95,1,3,team_b,Arena Stožice,,True,fivb_vis,18936,,
fivb_vis:18937,2024-06-22,men,Volleyball Nations League,VNL_MEN,other,DEU,USA,95,97,1,3,team_b,Mall of Asia Arena,,True,fivb_vis,18937,,
fivb_vis:18938,2024-06-22,men,Volleyball Nations League,VNL_MEN,other,CAN,NLD,103,107,3,2,team_a,Mall of Asia Arena,,True,fivb_vis,18938,,
fivb_vis:18939,2024-06-22,men,Volleyball Nations League,VNL_MEN,other,FRA,JPN,99,101,2,3,team_b,Mall of Asia Arena,,True,fivb_vis,18939,,
fivb_vis:18940,2024-06-22,men,Volleyball Nations League,VNL_MEN,other,BGR,ARG,59,75,0,3,team_b,Arena Stožice,,True,fivb_vis,18940,,
fivb_vis:18941,2024-06-22,men,Volleyball Nations League,VNL_MEN,other,SRB,POL,100,108,2,3,team_b,Arena Stožice,,True,fivb_vis,18941,,
fivb_vis:18942,2024-06-22,men,Volleyball Nations League,VNL_MEN,other,SVN,ITA,75,59,3,0,team_a,Arena Stožice,,True,fivb_vis,18942,,
fivb_vis:18943,2024-06-23,men,Volleyball Nations League,VNL_MEN,other,DEU,IRN,75,63,3,0,team_a,Mall of Asia Arena,,True,fivb_vis,18943,,
fivb_vis:18944,2024-06-23,men,Volleyball Nations League,VNL_MEN,other,FRA,BRA,108,112,3,2,team_a,Mall of Asia Arena,,True,fivb_vis,18944,,
fivb_vis:18945,2024-06-23,men,Volleyball Nations League,VNL_MEN,other,JPN,USA,75,62,3,0,team_a,Mall of Asia Arena,,True,fivb_vis,18945,,
fivb_vis:18946,2024-06-23,men,Volleyball Nations League,VNL_MEN,other,CUB,POL,57,75,0,3,team_b,Arena Stožice,,True,fivb_vis,18946,,
fivb_vis:18947,2024-06-23,men,Volleyball Nations League,VNL_MEN,other,TUR,ITA,87,99,1,3,team_b,Arena Stožice,,True,fivb_vis,18947,,
fivb_vis:18948,2024-06-23,men,Volleyball Nations League,VNL_MEN,other,SRB,SVN,91,112,2,3,team_b,Arena Stožice,,True,fivb_vis,18948,,
fivb_vis:18949,2024-06-27,men,Volleyball Nations League,VNL_MEN,other,JPN,CAN,77,66,3,0,team_a,Atlas Arena,,True,fivb_vis,18949,,
fivb_vis:18950,2024-06-27,men,Volleyball Nations League,VNL_MEN,other,POL,BRA,93,86,3,1,team_a,Atlas Arena,,True,fivb_vis,18950,,
fivb_vis:18951,2024-06-28,men,Volleyball Nations League,VNL_MEN,other,ITA,FRA,103,106,2,3,team_b,Atlas Arena,,True,fivb_vis,18951,,
fivb_vis:18952,2024-06-28,men,Volleyball Nations League,VNL_MEN,other,SVN,ARG,105,101,3,2,team_a,Atlas Arena,,True,fivb_vis,18952,,
fivb_vis:18953,2024-06-29,men,Volleyball Nations League,VNL_MEN,other,POL,FRA,111,110,2,3,team_b,Atlas Arena,,True,fivb_vis,18953,,
fivb_vis:18954,2024-06-29,men,Volleyball Nations League,VNL_MEN,other,SVN,JPN,75,83,0,3,team_b,Atlas Arena,,True,fivb_vis,18954,,
fivb_vis:18955,2024-06-30,men,Volleyball Nations League,VNL_MEN,other,SVN,POL,57,76,0,3,team_b,Atlas Arena,,True,fivb_vis,18955,,
fivb_vis:18956,2024-06-30,men,Volleyball Nations League,VNL_MEN,other,JPN,FRA,94,93,1,3,team_b,Atlas Arena,,True,fivb_vis,18956,,
fivb_vis:1842,2009-08-28,women,World Championship,WCH_WOMEN,other,NZL,KOR,24,75,0,3,team_b,Chia Yi City Gymnasium,,True,fivb_vis,1842,,
fivb_vis:1843,2009-08-28,women,World Championship,WCH_WOMEN,other,TPE,KAZ,76,95,1,3,team_b,Chia Yi City Gymnasium,,True,fivb_vis,1843,,
fivb_vis:1844,2009-08-29,women,World Championship,WCH_WOMEN,other,KAZ,KOR,81,94,1,3,team_b,Chia Yi City Gymnasium,,True,fivb_vis,1844,,
fivb_vis:1845,2009-08-29,women,World Championship,WCH_WOMEN,other,TPE,NZL,75,28,3,0,team_a,Chia Yi City Gymnasium,,True,fivb_vis,1845,,
fivb_vis:1846,2009-08-30,women,World Championship,WCH_WOMEN,other,KAZ,NZL,75,25,3,0,team_a,Chia Yi City Gymnasium,,True,fivb_vis,1846,,
fivb_vis:1847,2009-08-30,women,World Championship,WCH_WOMEN,other,TPE,KOR,80,98,1,3,team_b,Chia Yi City Gymnasium,,True,fivb_vis,1847,,
fivb_vis:18957,2024-05-14,women,Volleyball Nations League,VNL_WOMEN,other,BGR,NLD,56,75,0,3,team_b,Antalya Sports Hall,,True,fivb_vis,18957,,
fivb_vis:18958,2024-05-14,women,Volleyball Nations League,VNL_WOMEN,other,ITA,POL,70,78,0,3,team_b,Antalya Sports Hall,,True,fivb_vis,18958,,
fivb_vis:18959,2024-05-14,women,Volleyball Nations League,VNL_WOMEN,other,CHN,KOR,75,45,3,0,team_a,Maracanãzinho,,True,fivb_vis,18959,,
fivb_vis:18960,2024-05-14,women,Volleyball Nations League,VNL_WOMEN,other,BRA,CAN,100,85,3,1,team_a,Maracanãzinho,,True,fivb_vis,18960,,
fivb_vis:18961,2024-05-15,women,Volleyball Nations League,VNL_WOMEN,other,FRA,DEU,58,75,0,3,team_b,Antalya Sports Hall,,True,fivb_vis,18961,,
fivb_vis:18962,2024-05-15,women,Volleyball Nations League,VNL_WOMEN,other,JPN,TUR,108,105,3,2,team_a,Antalya Sports Hall,,True,fivb_vis,18962,,
fivb_vis:18963,2024-05-15,women,Volleyball Nations League,VNL_WOMEN,other,USA,THA,94,77,3,1,team_a,Maracanãzinho,,True,fivb_vis,18963,,
fivb_vis:18964,2024-05-15,women,Volleyball Nations League,VNL_WOMEN,other,SRB,DOM,80,96,1,3,team_b,Maracanãzinho,,True,fivb_vis,18964,,
fivb_vis:18965,2024-05-16,women,Volleyball Nations League,VNL_WOMEN,other,DEU,ITA,79,96,1,3,team_b,Antalya Sports Hall,,True,fivb_vis,18965,,
fivb_vis:18966,2024-05-16,women,Volleyball Nations League,VNL_WOMEN,other,BGR,JPN,43,75,0,3,team_b,Antalya Sports Hall,,True,fivb_vis,18966,,
fivb_vis:18967,2024-05-16,women,Volleyball Nations League,VNL_WOMEN,other,NLD,TUR,80,98,1,3,team_b,Antalya Sports Hall,,True,fivb_vis,18967,,
fivb_vis:18968,2024-05-16,women,Volleyball Nations League,VNL_WOMEN,other,BRA,KOR,75,51,3,0,team_a,Maracanãzinho,,True,fivb_vis,18968,,
fivb_vis:18969,2024-05-16,women,Volleyball Nations League,VNL_WOMEN,other,CHN,USA,98,89,3,1,team_a,Maracanãzinho,,True,fivb_vis,18969,,
fivb_vis:18970,2024-05-16,women,Volleyball Nations League,VNL_WOMEN,other,DOM,CAN,63,75,0,3,team_b,Maracanãzinho,,True,fivb_vis,18970,,
fivb_vis:18971,2024-05-17,women,Volleyball Nations League,VNL_WOMEN,other,JPN,DEU,75,58,3,0,team_a,Antalya Sports Hall,,True,fivb_vis,18971,,
fivb_vis:18972,2024-05-17,women,Volleyball Nations League,VNL_WOMEN,other,FRA,POL,53,75,0,3,team_b,Antalya Sports Hall,,True,fivb_vis,18972,,
fivb_vis:18973,2024-05-17,women,Volleyball Nations League,VNL_WOMEN,other,ITA,BGR,75,52,3,0,team_a,Antalya Sports Hall,,True,fivb_vis,18973,,
fivb_vis:18974,2024-05-17,women,Volleyball Nations League,VNL_WOMEN,other,SRB,THA,79,59,3,0,team_a,Maracanãzinho,,True,fivb_vis,18974,,
fivb_vis:18975,2024-05-17,women,Volleyball Nations League,VNL_WOMEN,other,CHN,CAN,92,95,1,3,team_b,Maracanãzinho,,True,fivb_vis,18975,,
fivb_vis:18976,2024-05-17,women,Volleyball Nations League,VNL_WOMEN,other,BRA,USA,93,82,3,1,team_a,Maracanãzinho,,True,fivb_vis,18976,,
fivb_vis:18977,2024-05-18,women,Volleyball Nations League,VNL_WOMEN,other,POL,NLD,76,62,3,0,team_a,Antalya Sports Hall,,True,fivb_vis,18977,,
fivb_vis:18978,2024-05-18,women,Volleyball Nations League,VNL_WOMEN,other,FRA,BGR,98,84,3,1,team_a,Antalya Sports Hall,,True,fivb_vis,18978,,
fivb_vis:18979,2024-05-18,women,Volleyball Nations League,VNL_WOMEN,other,ITA,TUR,100,88,3,1,team_a,Antalya Sports Hall,,True,fivb_vis,18979,,
fivb_vis:18980,2024-05-18,women,Volleyball Nations League,VNL_WOMEN,other,SRB,CHN,76,96,1,3,team_b,Maracanãzinho,,True,fivb_vis,18980,,
fivb_vis:18981,2024-05-18,women,Volleyball Nations League,VNL_WOMEN,other,KOR,DOM,52,75,0,3,team_b,Maracanãzinho,,True,fivb_vis,18981,,
fivb_vis:18982,2024-05-18,women,Volleyball Nations League,VNL_WOMEN,other,THA,CAN,76,95,1,3,team_b,Maracanãzinho,,True,fivb_vis,18982,,
fivb_vis:18983,2024-05-19,women,Volleyball Nations League,VNL_WOMEN,other,DEU,NLD,89,96,1,3,team_b,Antalya Sports Hall,,True,fivb_vis,18983,,
fivb_vis:18984,2024-05-19,women,Volleyball Nations League,VNL_WOMEN,other,BRA,SRB,75,53,3,0,team_a,Maracanãzinho,,True,fivb_vis,18984,,
fivb_vis:18985,2024-05-19,women,Volleyball Nations League,VNL_WOMEN,other,POL,JPN,76,67,3,0,team_a,Antalya Sports Hall,,True,fivb_vis,18985,,
fivb_vis:18986,2024-05-19,women,Volleyball Nations League,VNL_WOMEN,other,FRA,TUR,54,75,0,3,team_b,Antalya Sports Hall,,True,fivb_vis,18986,,
fivb_vis:18987,2024-05-19,women,Volleyball Nations League,VNL_WOMEN,other,USA,DOM,75,61,3,0,team_a,Maracanãzinho,,True,fivb_vis,18987,,
fivb_vis:18988,2024-05-19,women,Volleyball Nations League,VNL_WOMEN,other,THA,KOR,78,98,1,3,team_b,Maracanãzinho,,True,fivb_vis,18988,,
fivb_vis:18989,2024-05-28,women,Volleyball Nations League,VNL_WOMEN,other,THA,DOM,96,88,3,1,team_a,Galaxy Arena,,True,fivb_vis,18989,,
fivb_vis:18990,2024-05-28,women,Volleyball Nations League,VNL_WOMEN,other,BRA,JPN,109,106,3,2,team_a,Galaxy Arena,,True,fivb_vis,18990,,
fivb_vis:18991,2024-05-28,women,Volleyball Nations League,VNL_WOMEN,other,POL,SRB,98,81,3,1,team_a,College Park Center,,True,fivb_vis,18991,,
fivb_vis:18992,2024-05-28,women,Volleyball Nations League,VNL_WOMEN,other,CAN,USA,84,98,1,3,team_b,College Park Center,,True,fivb_vis,18992,,
fivb_vis:18993,2024-05-29,women,Volleyball Nations League,VNL_WOMEN,other,ITA,FRA,75,43,3,0,team_a,Galaxy Arena,,True,fivb_vis,18993,,
fivb_vis:18994,2024-05-29,women,Volleyball Nations League,VNL_WOMEN,other,NLD,CHN,92,96,1,3,team_b,Galaxy Arena,,True,fivb_vis,18994,,
fivb_vis:18995,2024-05-29,women,Volleyball Nations League,VNL_WOMEN,other,KOR,BGR,108,109,2,3,team_b,College Park Center,,True,fivb_vis,18995,,
fivb_vis:18996,2024-05-29,women,Volleyball Nations League,VNL_WOMEN,other,DEU,TUR,78,96,1,3,team_b,College Park Center,,True,fivb_vis,18996,,
fivb_vis:18997,2024-05-30,women,Volleyball Nations League,VNL_WOMEN,other,DOM,ITA,52,75,0,3,team_b,Galaxy Arena,,True,fivb_vis,18997,,
fivb_vis:18998,2024-05-30,women,Volleyball Nations League,VNL_WOMEN,other,FRA,JPN,47,75,0,3,team_b,Galaxy Arena,,True,fivb_vis,18998,,
fivb_vis:18999,2024-05-30,women,Volleyball Nations League,VNL_WOMEN,other,BRA,NLD,95,80,3,1,team_a,Galaxy Arena,,True,fivb_vis,18999,,
fivb_vis:19000,2024-05-30,women,Volleyball Nations League,VNL_WOMEN,other,KOR,POL,50,75,0,3,team_b,College Park Center,,True,fivb_vis,19000,,
fivb_vis:19001,2024-05-30,women,Volleyball Nations League,VNL_WOMEN,other,CAN,DEU,75,57,3,0,team_a,College Park Center,,True,fivb_vis,19001,,
fivb_vis:19002,2024-05-30,women,Volleyball Nations League,VNL_WOMEN,other,SRB,TUR,95,104,1,3,team_b,College Park Center,,True,fivb_vis,19002,,
fivb_vis:19003,2024-05-31,women,Volleyball Nations League,VNL_WOMEN,other,FRA,THA,101,108,2,3,team_b,Galaxy Arena,,True,fivb_vis,19003,,
fivb_vis:19004,2024-05-31,women,Volleyball Nations League,VNL_WOMEN,other,NLD,DOM,98,80,3,1,team_a,Galaxy Arena,,True,fivb_vis,19004,,
fivb_vis:19005,2024-05-31,women,Volleyball Nations League,VNL_WOMEN,other,JPN,CHN,94,82,3,1,team_a,Galaxy Arena,,True,fivb_vis,19005,,
fivb_vis:19006,2024-05-31,women,Volleyball Nations League,VNL_WOMEN,other,DEU,POL,64,75,0,3,team_b,College Park Center,,True,fivb_vis,19006,,
fivb_vis:19007,2024-05-31,women,Volleyball Nations League,VNL_WOMEN,other,SRB,CAN,97,91,3,1,team_a,College Park Center,,True,fivb_vis,19007,,
fivb_vis:19008,2024-05-31,women,Volleyball Nations League,VNL_WOMEN,other,BGR,USA,61,75,0,3,team_b,College Park Center,,True,fivb_vis,19008,,
fivb_vis:19009,2024-06-01,women,Volleyball Nations League,VNL_WOMEN,other,BRA,ITA,109,105,3,2,team_a,Galaxy Arena,,True,fivb_vis,19009,,
fivb_vis:19010,2024-06-01,women,Volleyball Nations League,VNL_WOMEN,other,DOM,JPN,92,99,1,3,team_b,Galaxy Arena,,True,fivb_vis,19010,,
fivb_vis:19011,2024-06-01,women,Volleyball Nations League,VNL_WOMEN,other,THA,CHN,58,75,0,3,team_b,Galaxy Arena,,True,fivb_vis,19011,,
fivb_vis:19012,2024-06-01,women,Volleyball Nations League,VNL_WOMEN,other,KOR,TUR,55,75,0,3,team_b,College Park Center,,True,fivb_vis,19012,,
fivb_vis:19013,2024-06-01,women,Volleyball Nations League,VNL_WOMEN,other,POL,USA,99,97,3,1,team_a,College Park Center,,True,fivb_vis,19013,,
fivb_vis:19014,2024-06-01,women,Volleyball Nations League,VNL_WOMEN,other,SRB,BGR,93,79,3,1,team_a,College Park Center,,True,fivb_vis,19014,,
fivb_vis:19015,2024-06-02,women,Volleyball Nations League,VNL_WOMEN,other,FRA,NLD,48,75,0,3,team_b,Galaxy Arena,,True,fivb_vis,19015,,
fivb_vis:19016,2024-06-02,women,Volleyball Nations League,VNL_WOMEN,other,BRA,THA,75,53,3,0,team_a,Galaxy Arena,,True,fivb_vis,19016,,
fivb_vis:19017,2024-06-02,women,Volleyball Nations League,VNL_WOMEN,other,ITA,CHN,75,58,3,0,team_a,Galaxy Arena,,True,fivb_vis,19017,,
fivb_vis:19018,2024-06-02,women,Volleyball Nations League,VNL_WOMEN,other,KOR,CAN,45,75,0,3,team_b,College Park Center,,True,fivb_vis,19018,,
fivb_vis:19019,2024-06-02,women,Volleyball Nations League,VNL_WOMEN,other,USA,TUR,103,98,2,3,team_b,College Park Center,,True,fivb_vis,19019,,
fivb_vis:19020,2024-06-02,women,Volleyball Nations League,VNL_WOMEN,other,BGR,DEU,76,96,1,3,team_b,College Park Center,,True,fivb_vis,19020,,
fivb_vis:19021,2024-06-11,women,Volleyball Nations League,VNL_WOMEN,other,USA,FRA,76,59,3,0,team_a,West Japan General Exhibition Center,,True,fivb_vis,19021,,
fivb_vis:19022,2024-06-11,women,Volleyball Nations League,VNL_WOMEN,other,ITA,CAN,75,45,3,0,team_a,West Japan General Exhibition Center,,True,fivb_vis,19022,,
fivb_vis:19023,2024-06-11,women,Volleyball Nations League,VNL_WOMEN,other,DEU,DOM,91,97,1,3,team_b,Hong Kong Coliseum,,True,fivb_vis,19023,,
fivb_vis:19024,2024-06-11,women,Volleyball Nations League,VNL_WOMEN,other,BGR,CHN,44,75,0,3,team_b,Hong Kong Coliseum,,True,fivb_vis,19024,,
fivb_vis:19025,2024-06-12,women,Volleyball Nations League,VNL_WOMEN,other,NLD,SRB,93,78,3,1,team_a,West Japan General Exhibition Center,,True,fivb_vis,19025,,
fivb_vis:19026,2024-06-12,women,Volleyball Nations League,VNL_WOMEN,other,KOR,JPN,55,75,0,3,team_b,West Japan General Exhibition Center,,True,fivb_vis,19026,,
fivb_vis:19027,2024-06-12,women,Volleyball Nations League,VNL_WOMEN,other,TUR,THA,75,51,3,0,team_a,Hong Kong Coliseum,,True,fivb_vis,19027,,
fivb_vis:19028,2024-06-12,women,Volleyball Nations League,VNL_WOMEN,other,BRA,POL,97,75,3,1,team_a,Hong Kong Coliseum,,True,fivb_vis,19028,,
fivb_vis:19029,2024-06-13,women,Volleyball Nations League,VNL_WOMEN,other,NLD,USA,63,75,0,3,team_b,West Japan General Exhibition Center,,True,fivb_vis,19029,,
fivb_vis:19030,2024-06-13,women,Volleyball Nations League,VNL_WOMEN,other,FRA,KOR,108,103,2,3,team_b,West Japan General Exhibition Center,,True,fivb_vis,19030,,
fivb_vis:19031,2024-06-13,women,Volleyball Nations League,VNL_WOMEN,other,JPN,CAN,105,111,2,3,team_b,West Japan General Exhibition Center,,True,fivb_vis,19031,,
fivb_vis:19032,2024-06-13,women,Volleyball Nations League,VNL_WOMEN,other,BGR,THA,101,109,2,3,team_b,Hong Kong Coliseum,,True,fivb_vis,19032,,
fivb_vis:19033,2024-06-13,women,Volleyball Nations League,VNL_WOMEN,other,DEU,BRA,91,97,1,3,team_b,Hong Kong Coliseum,,True,fivb_vis,19033,,
fivb_vis:19034,2024-06-13,women,Volleyball Nations League,VNL_WOMEN,other,DOM,TUR,75,92,1,3,team_b,Hong Kong Coliseum,,True,fivb_vis,19034,,
fivb_vis:19035,2024-06-14,women,Volleyball Nations League,VNL_WOMEN,other,SRB,FRA,91,97,1,3,team_b,West Japan General Exhibition Center,,True,fivb_vis,19035,,
fivb_vis:19036,2024-06-14,women,Volleyball Nations League,VNL_WOMEN,other,CAN,NLD,63,76,0,3,team_b,West Japan General Exhibition Center,,True,fivb_vis,19036,,
fivb_vis:19037,2024-06-14,women,Volleyball Nations League,VNL_WOMEN,other,ITA,KOR,75,40,3,0,team_a,West Japan General Exhibition Center,,True,fivb_vis,19037,,
fivb_vis:19038,2024-06-14,women,Volleyball Nations League,VNL_WOMEN,other,BGR,BRA,45,75,0,3,team_b,Hong Kong Coliseum,,True,fivb_vis,19038,,
fivb_vis:19039,2024-06-14,women,Volleyball Nations League,VNL_WOMEN,other,DOM,POL,67,83,0,3,team_b,Hong Kong Coliseum,,True,fivb_vis,19039,,
fivb_vis:19040,2024-06-14,women,Volleyball Nations League,VNL_WOMEN,other,CHN,DEU,75,54,3,0,team_a,Hong Kong Coliseum,,True,fivb_vis,19040,,
fivb_vis:19041,2024-06-15,women,Volleyball Nations League,VNL_WOMEN,other,CAN,FRA,81,61,3,0,team_a,West Japan General Exhibition Center,,True,fivb_vis,19041,,
fivb_vis:19042,2024-06-15,women,Volleyball Nations League,VNL_WOMEN,other,ITA,USA,94,78,3,1,team_a,West Japan General Exhibition Center,,True,fivb_vis,19042,,
fivb_vis:19043,2024-06-15,women,Volleyball Nations League,VNL_WOMEN,other,JPN,SRB,75,55,3,0,team_a,West Japan General Exhibition Center,,True,fivb_vis,19043,,
fivb_vis:19044,2024-06-15,women,Volleyball Nations League,VNL_WOMEN,other,DOM,BGR,110,113,2,3,team_b,Hong Kong Coliseum,,True,fivb_vis,19044,,
fivb_vis:19045,2024-06-15,women,Volleyball Nations League,VNL_WOMEN,other,POL,THA,75,55,3,0,team_a,Hong Kong Coliseum,,True,fivb_vis,19045,,
fivb_vis:19046,2024-06-15,women,Volleyball Nations League,VNL_WOMEN,other,CHN,TUR,103,107,3,2,team_a,Hong Kong Coliseum,,True,fivb_vis,19046,,
fivb_vis:19047,2024-06-16,women,Volleyball Nations League,VNL_WOMEN,other,NLD,KOR,75,49,3,0,team_a,West Japan General Exhibition Center,,True,fivb_vis,19047,,
fivb_vis:19048,2024-06-16,women,Volleyball Nations League,VNL_WOMEN,other,SRB,ITA,90,95,1,3,team_b,West Japan General Exhibition Center,,True,fivb_vis,19048,,
fivb_vis:19049,2024-06-16,women,Volleyball Nations League,VNL_WOMEN,other,JPN,USA,57,76,0,3,team_b,West Japan General Exhibition Center,,True,fivb_vis,19049,,
fivb_vis:19050,2024-06-16,women,Volleyball Nations League,VNL_WOMEN,other,DEU,THA,75,58,3,0,team_a,Hong Kong Coliseum,,True,fivb_vis,19050,,
fivb_vis:19051,2024-06-16,women,Volleyball Nations League,VNL_WOMEN,other,TUR,BRA,47,75,0,3,team_b,Hong Kong Coliseum,,True,fivb_vis,19051,,
fivb_vis:19052,2024-06-16,women,Volleyball Nations League,VNL_WOMEN,other,CHN,POL,75,57,3,0,team_a,Hong Kong Coliseum,,True,fivb_vis,19052,,
fivb_vis:19053,2024-06-20,women,Volleyball Nations League,VNL_WOMEN,other,CHN,JPN,64,75,0,3,team_b,Indoor Stadium Huamark,,True,fivb_vis,19053,,
fivb_vis:19054,2024-06-20,women,Volleyball Nations League,VNL_WOMEN,other,THA,BRA,64,75,0,3,team_b,Indoor Stadium Huamark,,True,fivb_vis,19054,,
fivb_vis:19055,2024-06-21,women,Volleyball Nations League,VNL_WOMEN,other,ITA,USA,75,65,3,0,team_a,Indoor Stadium Huamark,,True,fivb_vis,19055,,
fivb_vis:19056,2024-06-21,women,Volleyball Nations League,VNL_WOMEN,other,POL,TUR,104,103,3,2,team_a,Indoor Stadium Huamark,,True,fivb_vis,19056,,
fivb_vis:19057,2024-06-22,women,Volleyball Nations League,VNL_WOMEN,other,ITA,POL,75,47,3,0,team_a,Indoor Stadium Huamark,,True,fivb_vis,19057,,
fivb_vis:19058,2024-06-22,women,Volleyball Nations League,VNL_WOMEN,other,BRA,JPN,107,108,2,3,team_b,Indoor Stadium Huamark,,True,fivb_vis,19058,,
fivb_vis:19059,2024-06-23,women,Volleyball Nations League,VNL_WOMEN,other,BRA,POL,104,110,2,3,team_b,Indoor Stadium Huamark,,True,fivb_vis,19059,,
fivb_vis:19060,2024-06-23,women,Volleyball Nations League,VNL_WOMEN,other,JPN,ITA,79,96,1,3,team_b,Indoor Stadium Huamark,,True,fivb_vis,19060,,
fivb_vis:19061,2024-07-27,men,Olympic Games,OG_MEN,other,JPN,DEU,107,113,2,3,team_b,South Paris Arena 1,,True,fivb_vis,19061,,
fivb_vis:19062,2024-07-27,men,Olympic Games,OG_MEN,other,ITA,BRA,95,94,3,1,team_a,South Paris Arena 1,,True,fivb_vis,19062,,
fivb_vis:19063,2024-07-27,men,Olympic Games,OG_MEN,other,POL,EGY,75,53,3,0,team_a,South Paris Arena 1,,True,fivb_vis,19063,,
fivb_vis:19064,2024-07-27,men,Olympic Games,OG_MEN,other,USA,ARG,75,55,3,0,team_a,South Paris Arena 1,,True,fivb_vis,19064,,
fivb_vis:19065,2024-07-28,men,Olympic Games,OG_MEN,other,FRA,SRB,109,90,3,2,team_a,South Paris Arena 1,,True,fivb_vis,19065,,
fivb_vis:19066,2024-07-28,men,Olympic Games,OG_MEN,other,SVN,CAN,95,87,3,1,team_a,South Paris Arena 1,,True,fivb_vis,19066,,
fivb_vis:19067,2024-07-30,men,Olympic Games,OG_MEN,other,ITA,EGY,75,51,3,0,team_a,South Paris Arena 1,,True,fivb_vis,19067,,
fivb_vis:19068,2024-07-30,men,Olympic Games,OG_MEN,other,USA,DEU,102,99,3,2,team_a,South Paris Arena 1,,True,fivb_vis,19068,,
fivb_vis:19069,2024-07-30,men,Olympic Games,OG_MEN,other,SVN,SRB,75,59,3,0,team_a,South Paris Arena 1,,True,fivb_vis,19069,,
fivb_vis:19070,2024-07-30,men,Olympic Games,OG_MEN,other,FRA,CAN,75,58,3,0,team_a,South Paris Arena 1,,True,fivb_vis,19070,,
fivb_vis:19071,2024-07-31,men,Olympic Games,OG_MEN,other,POL,BRA,106,104,3,2,team_a,South Paris Arena 1,,True,fivb_vis,19071,,
fivb_vis:19072,2024-07-31,men,Olympic Games,OG_MEN,other,JPN,ARG,93,86,3,1,team_a,South Paris Arena 1,,True,fivb_vis,19072,,
fivb_vis:19073,2024-08-02,men,Olympic Games,OG_MEN,other,ARG,DEU,55,75,0,3,team_b,South Paris Arena 1,,True,fivb_vis,19073,,
fivb_vis:19074,2024-08-02,men,Olympic Games,OG_MEN,other,BRA,EGY,75,40,3,0,team_a,South Paris Arena 1,,True,fivb_vis,19074,,
fivb_vis:19075,2024-08-02,men,Olympic Games,OG_MEN,other,FRA,SVN,106,112,2,3,team_b,South Paris Arena 1,,True,fivb_vis,19075,,
fivb_vis:19076,2024-08-02,men,Olympic Games,OG_MEN,other,JPN,USA,78,93,1,3,team_b,South Paris Arena 1,,True,fivb_vis,19076,,
fivb_vis:19077,2024-08-03,men,Olympic Games,OG_MEN,other,POL,ITA,79,99,1,3,team_b,South Paris Arena 1,,True,fivb_vis,19077,,
fivb_vis:19078,2024-08-03,men,Olympic Games,OG_MEN,other,CAN,SRB,109,107,2,3,team_b,South Paris Arena 1,,True,fivb_vis,19078,,
fivb_vis:19079,2024-08-05,men,Olympic Games,OG_MEN,other,FRA,DEU,109,107,3,2,team_a,South Paris Arena 1,,True,fivb_vis,19079,,
fivb_vis:19080,2024-08-05,men,Olympic Games,OG_MEN,other,USA,BRA,104,92,3,1,team_a,South Paris Arena 1,,True,fivb_vis,19080,,
fivb_vis:19081,2024-08-05,men,Olympic Games,OG_MEN,other,SVN,POL,85,99,1,3,team_b,South Paris Arena 1,,True,fivb_vis,19081,,
fivb_vis:19082,2024-08-05,men,Olympic Games,OG_MEN,other,ITA,JPN,113,114,3,2,team_a,South Paris Arena 1,,True,fivb_vis,19082,,
fivb_vis:19083,2024-08-07,men,Olympic Games,OG_MEN,other,ITA,FRA,62,75,0,3,team_b,South Paris Arena 1,,True,fivb_vis,19083,,
fivb_vis:19084,2024-08-07,men,Olympic Games,OG_MEN,other,POL,USA,104,111,3,2,team_a,South Paris Arena 1,,True,fivb_vis,19084,,
fivb_vis:19085,2024-08-09,men,Olympic Games,OG_MEN,other,ITA,USA,75,81,0,3,team_b,South Paris Arena 1,,True,fivb_vis,19085,,
fivb_vis:19086,2024-08-10,men,Olympic Games,OG_MEN,other,FRA,POL,75,62,3,0,team_a,South Paris Arena 1,,True,fivb_vis,19086,,
fivb_vis:19087,2024-07-28,women,Olympic Games,OG_WOMEN,other,ITA,DOM,99,84,3,1,team_a,South Paris Arena 1,,True,fivb_vis,19087,,
fivb_vis:19088,2024-07-28,women,Olympic Games,OG_WOMEN,other,POL,JPN,98,96,3,1,team_a,South Paris Arena 1,,True,fivb_vis,19088,,
fivb_vis:19089,2024-07-29,women,Olympic Games,OG_WOMEN,other,TUR,NLD,103,107,3,2,team_a,South Paris Arena 1,,True,fivb_vis,19089,,
fivb_vis:19090,2024-07-29,women,Olympic Games,OG_WOMEN,other,BRA,KEN,75,39,3,0,team_a,South Paris Arena 1,,True,fivb_vis,19090,,
fivb_vis:19091,2024-07-29,women,Olympic Games,OG_WOMEN,other,USA,CHN,102,102,2,3,team_b,South Paris Arena 1,,True,fivb_vis,19091,,
fivb_vis:19092,2024-07-29,women,Olympic Games,OG_WOMEN,other,FRA,SRB,56,75,0,3,team_b,South Paris Arena 1,,True,fivb_vis,19092,,
fivb_vis:19093,2024-07-31,women,Olympic Games,OG_WOMEN,other,USA,SRB,101,102,3,2,team_a,South Paris Arena 1,,True,fivb_vis,19093,,
fivb_vis:19094,2024-07-31,women,Olympic Games,OG_WOMEN,other,POL,KEN,75,46,3,0,team_a,South Paris Arena 1,,True,fivb_vis,19094,,
fivb_vis:19095,2024-08-01,women,Olympic Games,OG_WOMEN,other,TUR,DOM,96,80,3,1,team_a,South Paris Arena 1,,True,fivb_vis,19095,,
fivb_vis:19096,2024-08-01,women,Olympic Games,OG_WOMEN,other,BRA,JPN,75,55,3,0,team_a,South Paris Arena 1,,True,fivb_vis,19096,,
fivb_vis:19097,2024-08-01,women,Olympic Games,OG_WOMEN,other,ITA,NLD,79,64,3,0,team_a,South Paris Arena 1,,True,fivb_vis,19097,,
fivb_vis:19098,2024-08-01,women,Olympic Games,OG_WOMEN,other,FRA,CHN,53,75,0,3,team_b,South Paris Arena 1,,True,fivb_vis,19098,,
fivb_vis:19099,2024-08-03,women,Olympic Games,OG_WOMEN,other,NLD,DOM,89,100,1,3,team_b,South Paris Arena 1,,True,fivb_vis,19099,,
fivb_vis:19100,2024-08-03,women,Olympic Games,OG_WOMEN,other,JPN,KEN,75,51,3,0,team_a,South Paris Arena 1,,True,fivb_vis,19100,,
fivb_vis:19101,2024-08-04,women,Olympic Games,OG_WOMEN,other,ITA,TUR,75,51,3,0,team_a,South Paris Arena 1,,True,fivb_vis,19101,,
fivb_vis:19102,2024-08-04,women,Olympic Games,OG_WOMEN,other,FRA,USA,74,83,0,3,team_b,South Paris Arena 1,,True,fivb_vis,19102,,
fivb_vis:19103,2024-08-04,women,Olympic Games,OG_WOMEN,other,CHN,SRB,100,94,3,1,team_a,South Paris Arena 1,,True,fivb_vis,19103,,
fivb_vis:19104,2024-08-04,women,Olympic Games,OG_WOMEN,other,BRA,POL,88,71,3,0,team_a,South Paris Arena 1,,True,fivb_vis,19104,,
fivb_vis:19105,2024-08-06,women,Olympic Games,OG_WOMEN,other,USA,POL,75,56,3,0,team_a,South Paris Arena 1,,True,fivb_vis,19105,,
fivb_vis:19106,2024-08-06,women,Olympic Games,OG_WOMEN,other,ITA,SRB,76,64,3,0,team_a,South Paris Arena 1,,True,fivb_vis,19106,,
fivb_vis:19107,2024-08-06,women,Olympic Games,OG_WOMEN,other,CHN,TUR,107,110,2,3,team_b,South Paris Arena 1,,True,fivb_vis,19107,,
fivb_vis:19108,2024-08-06,women,Olympic Games,OG_WOMEN,other,BRA,DOM,75,52,3,0,team_a,South Paris Arena 1,,True,fivb_vis,19108,,
fivb_vis:19109,2024-08-08,women,Olympic Games,OG_WOMEN,other,BRA,USA,99,106,2,3,team_b,South Paris Arena 1,,True,fivb_vis,19109,,
fivb_vis:19110,2024-08-08,women,Olympic Games,OG_WOMEN,other,TUR,ITA,63,75,0,3,team_b,South Paris Arena 1,,True,fivb_vis,19110,,
fivb_vis:19111,2024-08-10,women,Olympic Games,OG_WOMEN,other,BRA,TUR,99,86,3,1,team_a,South Paris Arena 1,,True,fivb_vis,19111,,
fivb_vis:19112,2024-08-11,women,Olympic Games,OG_WOMEN,other,USA,ITA,55,75,0,3,team_b,South Paris Arena 1,,True,fivb_vis,19112,,
fivb_vis:1848,2009-01-09,women,World Championship,WCH_WOMEN,other,AUT,HUN,62,94,1,3,team_b,Sport Hall Lendava,,True,fivb_vis,1848,,
fivb_vis:1849,2009-01-09,women,World Championship,WCH_WOMEN,other,SVN,BIH,75,50,3,0,team_a,Sport Hall Lendava,,True,fivb_vis,1849,,
fivb_vis:1850,2009-01-10,women,World Championship,WCH_WOMEN,other,BIH,HUN,56,75,0,3,team_b,Sport Hall Lendava,,True,fivb_vis,1850,,
fivb_vis:1851,2009-01-10,women,World Championship,WCH_WOMEN,other,SVN,AUT,75,53,3,0,team_a,Sport Hall Lendava,,True,fivb_vis,1851,,
fivb_vis:1852,2009-01-11,women,World Championship,WCH_WOMEN,other,AUT,BIH,60,77,0,3,team_b,Sport Hall Lendava,,True,fivb_vis,1852,,
fivb_vis:1853,2009-01-11,women,World Championship,WCH_WOMEN,other,HUN,SVN,96,83,3,1,team_a,Sport Hall Lendava,,True,fivb_vis,1853,,
fivb_vis:1854,2008-01-02,women,World Championship,WCH_WOMEN,other,GBR,PRT,104,114,2,3,team_b,English Institute of Sport,,True,fivb_vis,1854,,
fivb_vis:1855,2009-01-02,women,World Championship,WCH_WOMEN,other,MNE,ISR,44,75,0,3,team_b,English Institute of Sport,,True,fivb_vis,1855,,
fivb_vis:1856,2009-01-03,women,World Championship,WCH_WOMEN,other,GBR,MNE,98,93,3,1,team_a,English Institute of Sport,,True,fivb_vis,1856,,
fivb_vis:1857,2009-01-03,women,World Championship,WCH_WOMEN,other,PRT,ISR,59,77,0,3,team_b,English Institute of Sport,,True,fivb_vis,1857,,
fivb_vis:1858,2009-01-04,women,World Championship,WCH_WOMEN,other,ISR,GBR,76,55,3,0,team_a,English Institute of Sport,,True,fivb_vis,1858,,
fivb_vis:1859,2009-01-04,women,World Championship,WCH_WOMEN,other,PRT,MNE,75,52,3,0,team_a,English Institute of Sport,,True,fivb_vis,1859,,
fivb_vis:1860,2009-01-09,women,World Championship,WCH_WOMEN,other,DNK,MDA,50,75,0,3,team_b,Kalev Sports Hall,,True,fivb_vis,1860,,
fivb_vis:1861,2009-01-09,women,World Championship,WCH_WOMEN,other,GEO,EST,51,75,0,3,team_b,Kalev Sports Hall,,True,fivb_vis,1861,,
fivb_vis:1862,2009-01-10,women,World Championship,WCH_WOMEN,other,GEO,DNK,94,81,3,1,team_a,Kalev Sports Hall,,True,fivb_vis,1862,,
fivb_vis:1863,2009-01-10,women,World Championship,WCH_WOMEN,other,EST,MDA,93,100,2,3,team_b,Kalev Sports Hall,,True,fivb_vis,1863,,
fivb_vis:1864,2009-01-11,women,World Championship,WCH_WOMEN,other,MDA,GEO,75,30,3,0,team_a,Kalev Sports Hall,,True,fivb_vis,1864,,
fivb_vis:1865,2009-01-11,women,World Championship,WCH_WOMEN,other,DNK,EST,46,75,0,3,team_b,Kalev Sports Hall,,True,fivb_vis,1865,,
fivb_vis:20422,2025-08-09,men,EuroVolley,EURO_MEN,other,HUN,TUR,48,75,0,3,team_b,Continental Arena NYÍREGYHÁZA,,True,fivb_vis,20422,,
fivb_vis:20423,2025-08-17,men,EuroVolley,EURO_MEN,other,DNK,HUN,75,54,3,0,team_a,Odense Idrætshal ODENSE V,,True,fivb_vis,20423,,
fivb_vis:20424,2025-08-16,men,EuroVolley,EURO_MEN,other,AZE,AUT,43,75,0,3,team_b,A.Y.S. Sport Hall BAKU,,True,fivb_vis,20424,,
fivb_vis:20425,2025-08-09,men,EuroVolley,EURO_MEN,other,AUT,BEL,81,100,1,3,team_b,Stadtwerke Halle HARTBERG,,True,fivb_vis,20425,,
fivb_vis:20426,2025-08-09,men,EuroVolley,EURO_MEN,other,NOR,CZE,86,98,1,3,team_b,Sparebanken Sør Amfi ARENDAL,,True,fivb_vis,20426,,
fivb_vis:20427,2025-08-17,men,EuroVolley,EURO_MEN,other,MNE,NOR,96,88,3,1,team_a,SC KOLASIN,,True,fivb_vis,20427,,
fivb_vis:20428,2025-08-16,men,EuroVolley,EURO_MEN,other,ISR,EST,110,106,3,2,team_a,Park STRUMICA,,True,fivb_vis,20428,,
fivb_vis:20429,2025-08-10,men,EuroVolley,EURO_MEN,other,ISR,HRV,107,104,3,2,team_a,Park STRUMICA,,True,fivb_vis,20429,,
fivb_vis:20430,2025-08-16,men,EuroVolley,EURO_MEN,other,CHE,SWE,109,100,3,2,team_a,AXA Arena WINTERTHUR,,True,fivb_vis,20430,,
fivb_vis:20431,2025-08-09,men,EuroVolley,EURO_MEN,other,SWE,ESP,97,93,3,1,team_a,HABO Arena,,True,fivb_vis,20431,,
fivb_vis:20432,2025-08-09,men,EuroVolley,EURO_MEN,other,GEO,GRC,41,75,0,3,team_b,RUSTAVI Sports Palace,,True,fivb_vis,20432,,
fivb_vis:20433,2025-08-17,men,EuroVolley,EURO_MEN,other,MKD,GEO,75,46,3,0,team_a,Boris Trajkovski SKOPJE,,True,fivb_vis,20433,,
fivb_vis:20434,2025-08-09,men,EuroVolley,EURO_MEN,other,XKX,SVK,47,75,0,3,team_b,Palestra Bill Clinton FERIZAJ,,True,fivb_vis,20434,,
fivb_vis:20435,2025-08-16,men,EuroVolley,EURO_MEN,other,LVA,XKX,98,66,3,1,team_a,Komandu sporta spelu halle RIGA,,True,fivb_vis,20435,,
fivb_vis:20436,2024-08-17,men,EuroVolley,EURO_MEN,other,GEO,MKD,44,75,0,3,team_b,New Volleyball Arena TBILISI,,True,fivb_vis,20436,,
fivb_vis:20437,2024-08-17,men,EuroVolley,EURO_MEN,other,XKX,LVA,50,75,0,3,team_b,"Palestra Sporteve ""B.Selishta-Petriti"" GJILAN",,True,fivb_vis,20437,,
fivb_vis:20438,2024-08-17,men,EuroVolley,EURO_MEN,other,SWE,CHE,101,100,2,3,team_b,HABO Arena,,True,fivb_vis,20438,,
fivb_vis:20439,2024-08-17,men,EuroVolley,EURO_MEN,other,HUN,DNK,51,75,0,3,team_b,ÉRD Aréna BUDAPEST,,True,fivb_vis,20439,,
fivb_vis:20440,2024-08-17,men,EuroVolley,EURO_MEN,other,EST,ISR,95,89,3,1,team_a,Kalev Sports Hall TALLINN,,True,fivb_vis,20440,,
fivb_vis:20441,2024-08-17,men,EuroVolley,EURO_MEN,other,AUT,AZE,75,53,3,0,team_a,Stadtwerke Halle HARTBERG,,True,fivb_vis,20441,,
fivb_vis:20442,2024-08-18,men,EuroVolley,EURO_MEN,other,NOR,MNE,78,65,3,0,team_a,Sparebanken Sør Amfi ARENDAL,,True,fivb_vis,20442,,
fivb_vis:20443,2024-08-21,men,EuroVolley,EURO_MEN,other,HRV,ISR,92,98,1,3,team_b,Nastavno-Sportska Dvorana Gradski Vrt OSIJEK,,True,fivb_vis,20443,,
fivb_vis:20444,2024-08-24,men,EuroVolley,EURO_MEN,other,EST,HRV,75,57,3,0,team_a,Kalev Sports Hall TALLINN,,True,fivb_vis,20444,,
fivb_vis:20445,2024-08-24,men,EuroVolley,EURO_MEN,other,MNE,CZE,86,95,1,3,team_b,SC KOLASIN,,True,fivb_vis,20445,,
fivb_vis:20446,2024-08-24,men,EuroVolley,EURO_MEN,other,AZE,BEL,48,75,0,3,team_b,A.Y.S. Sport Hall BAKU,,True,fivb_vis,20446,,
fivb_vis:20447,2024-08-25,men,EuroVolley,EURO_MEN,other,DNK,TUR,77,71,3,0,team_a,Lillebeltshallen MIDDELFART,,True,fivb_vis,20447,,
fivb_vis:20448,2024-08-25,men,EuroVolley,EURO_MEN,other,CHE,ESP,106,98,3,2,team_a,Betoncoupe Arena SCHÖNENWERD,,True,fivb_vis,20448,,
fivb_vis:20449,2024-08-25,men,EuroVolley,EURO_MEN,other,LVA,SVK,97,93,3,1,team_a,Zemgales Olympic Center JELGAVA,,True,fivb_vis,20449,,
fivb_vis:20450,2024-08-25,men,EuroVolley,EURO_MEN,other,MKD,GRC,86,90,1,3,team_b,SC Jane Sandanski SKOPJE,,True,fivb_vis,20450,,
fivb_vis:20451,2024-08-28,men,EuroVolley,EURO_MEN,other,BEL,AUT,75,54,3,0,team_a,SC Lange Munte KORTRIJK,,True,fivb_vis,20451,,
fivb_vis:20452,2024-08-28,men,EuroVolley,EURO_MEN,other,SVK,XKX,75,44,3,0,team_a,City Hall NITRA,,True,fivb_vis,20452,,
fivb_vis:20453,2024-08-28,men,EuroVolley,EURO_MEN,other,ESP,SWE,60,75,0,3,team_b,Palacio Multiusos GUADALAJARA,,True,fivb_vis,20453,,
fivb_vis:20454,2024-08-29,men,EuroVolley,EURO_MEN,other,CZE,NOR,75,51,3,0,team_a,Sport Hall Mír TÁBOR,,True,fivb_vis,20454,,
fivb_vis:20455,2024-08-29,men,EuroVolley,EURO_MEN,other,TUR,HUN,75,38,3,0,team_a,TVF Ziraat Bankkart Volleyball Hall ANKARA / A,,True,fivb_vis,20455,,
fivb_vis:20456,2024-08-29,men,EuroVolley,EURO_MEN,other,GRC,GEO,75,38,3,0,team_a,Neapolis National Sports Hall LARISSA,,True,fivb_vis,20456,,
fivb_vis:20457,2025-08-13,men,EuroVolley,EURO_MEN,other,GRC,MKD,77,58,3,0,team_a,Melina Merkouri RENTIS,,True,fivb_vis,20457,,
fivb_vis:20458,2025-08-13,men,EuroVolley,EURO_MEN,other,ESP,CHE,53,75,0,3,team_b,Pabellón Pedro Ferrándiz ALICANTE,,True,fivb_vis,20458,,
fivb_vis:20459,2025-08-13,men,EuroVolley,EURO_MEN,other,HRV,EST,81,97,1,3,team_b,Nastavno-Sportska Dvorana Gradski Vrt OSIJEK,,True,fivb_vis,20459,,
fivb_vis:20460,2025-08-13,men,EuroVolley,EURO_MEN,other,TUR,DNK,105,90,3,2,team_a,Orduzu Pinarbasi Sports Hall MALATYA,,True,fivb_vis,20460,,
fivb_vis:20461,2025-08-13,men,EuroVolley,EURO_MEN,other,CZE,MNE,75,56,3,0,team_a,Sport Hall Mír TÁBOR,,True,fivb_vis,20461,,
fivb_vis:20462,2025-08-13,men,EuroVolley,EURO_MEN,other,BEL,AZE,75,35,3,0,team_a,REO Arena ROESELARE,,True,fivb_vis,20462,,
fivb_vis:20463,2025-08-13,men,EuroVolley,EURO_MEN,other,SVK,LVA,94,83,3,1,team_a,Sports Center UNIZA ZILINA,,True,fivb_vis,20463,,
fivb_vis:20464,2025-08-02,women,EuroVolley,EURO_WOMEN,other,FIN,DEU,95,89,3,1,team_a,AGCO Power Arena NOKIA,,True,fivb_vis,20464,,
fivb_vis:20465,2025-08-10,women,EuroVolley,EURO_WOMEN,other,CHE,FIN,100,107,2,3,team_b,AXA Arena WINTERTHUR,,True,fivb_vis,20465,,
fivb_vis:20466,2025-08-03,women,EuroVolley,EURO_WOMEN,other,DNK,BEL,55,76,0,3,team_b,Odense Idrætshal ODENSE V,,True,fivb_vis,20466,,
fivb_vis:20467,2025-08-10,women,EuroVolley,EURO_WOMEN,other,HUN,DNK,75,42,3,0,team_a,Continental Arena NYÍREGYHÁZA,,True,fivb_vis,20467,,
fivb_vis:20468,2025-08-06,women,EuroVolley,EURO_WOMEN,other,ISR,SVN,51,75,0,3,team_b,Park STRUMICA,,True,fivb_vis,20468,,
fivb_vis:20469,2025-08-02,women,EuroVolley,EURO_WOMEN,other,EST,SVN,43,75,0,3,team_b,Kalev Sports Hall TALLINN,,True,fivb_vis,20469,,
fivb_vis:20470,2025-08-09,women,EuroVolley,EURO_WOMEN,other,ISR,EST,75,56,3,0,team_a,Park STRUMICA,,True,fivb_vis,20470,,
fivb_vis:20471,2025-08-10,women,EuroVolley,EURO_WOMEN,other,MNE,LVA,95,87,3,1,team_a,SC KOLASIN,,True,fivb_vis,20471,,
fivb_vis:20472,2025-08-02,women,EuroVolley,EURO_WOMEN,other,LVA,BIH,106,112,2,3,team_b,Komandu sporta spelu halle RIGA,,True,fivb_vis,20472,,
fivb_vis:20473,2025-08-02,women,EuroVolley,EURO_WOMEN,other,GEO,ESP,48,75,0,3,team_b,RUSTAVI Sports Palace,,True,fivb_vis,20473,,
fivb_vis:20474,2025-08-10,women,EuroVolley,EURO_WOMEN,other,PRT,GEO,75,42,3,0,team_a,Desportivo Municipal de SANTO TIRSO,,True,fivb_vis,20474,,
fivb_vis:20475,2025-08-09,women,EuroVolley,EURO_WOMEN,other,AUT,MKD,75,52,3,0,team_a,Stadtwerke Halle HARTBERG,,True,fivb_vis,20475,,
fivb_vis:20476,2025-08-03,women,EuroVolley,EURO_WOMEN,other,MKD,GRC,38,75,0,3,team_b,Boris Trajkovski SKOPJE,,True,fivb_vis,20476,,
fivb_vis:20477,2025-08-02,women,EuroVolley,EURO_WOMEN,other,XKX,ROU,48,75,0,3,team_b,Palestra Bill Clinton FERIZAJ,,True,fivb_vis,20477,,
fivb_vis:20478,2025-08-09,women,EuroVolley,EURO_WOMEN,other,HRV,XKX,75,31,3,0,team_a,Nastavno-Sportska Dvorana Gradski Vrt - Small Hall OSIJEK,,True,fivb_vis,20478,,
fivb_vis:20479,2024-08-17,women,EuroVolley,EURO_WOMEN,other,EST,ISR,87,93,1,3,team_b,Kalev Sports Hall TALLINN,,True,fivb_vis,20479,,
fivb_vis:20480,2024-08-17,women,EuroVolley,EURO_WOMEN,other,LVA,MNE,113,103,3,2,team_a,Zemgales Olympic Center JELGAVA,,True,fivb_vis,20480,,
fivb_vis:20481,2024-08-17,women,EuroVolley,EURO_WOMEN,other,GEO,PRT,62,75,0,3,team_b,New Volleyball Arena TBILISI,,True,fivb_vis,20481,,
fivb_vis:20482,2024-08-17,women,EuroVolley,EURO_WOMEN,other,DNK,HUN,96,108,2,3,team_b,BIRKERØD Idrætscenter,,True,fivb_vis,20482,,
fivb_vis:20483,2024-08-17,women,EuroVolley,EURO_WOMEN,other,XKX,HRV,43,75,0,3,team_b,"Palestra Sporteve ""B.Selishta-Petriti"" GJILAN",,True,fivb_vis,20483,,
fivb_vis:20484,2024-08-17,women,EuroVolley,EURO_WOMEN,other,MKD,AUT,51,75,0,3,team_b,SC Jane Sandanski SKOPJE,,True,fivb_vis,20484,,
fivb_vis:20485,2024-08-18,women,EuroVolley,EURO_WOMEN,other,FIN,CHE,111,103,2,3,team_b,Kupittaan Palloiluhalli TURKU,,True,fivb_vis,20485,,
fivb_vis:20486,2024-08-24,women,EuroVolley,EURO_WOMEN,other,CHE,DEU,63,88,0,3,team_b,Betoncoupe Arena SCHÖNENWERD,,True,fivb_vis,20486,,
fivb_vis:20487,2024-08-24,women,EuroVolley,EURO_WOMEN,other,HRV,ROU,75,55,3,0,team_a,Nastavno-Sportska Dvorana Gradski Vrt OSIJEK,,True,fivb_vis,20487,,
fivb_vis:20488,2024-08-24,women,EuroVolley,EURO_WOMEN,other,HUN,BEL,75,60,3,0,team_a,ÉRD Aréna BUDAPEST,,True,fivb_vis,20488,,
fivb_vis:20489,2024-08-25,women,EuroVolley,EURO_WOMEN,other,PRT,ESP,63,75,0,3,team_b,Desportivo Municipal de SANTO TIRSO,,True,fivb_vis,20489,,
fivb_vis:20490,2024-08-25,women,EuroVolley,EURO_WOMEN,other,MNE,BIH,75,0,3,0,team_a,Nikoljac BIJELO POLJE,,True,fivb_vis,20490,,
fivb_vis:20491,2024-08-25,women,EuroVolley,EURO_WOMEN,other,AUT,GRC,61,75,0,3,team_b,Multiversum SCHWECHAT,,True,fivb_vis,20491,,
fivb_vis:20492,2024-08-27,women,EuroVolley,EURO_WOMEN,other,SVN,ISR,75,47,3,0,team_a,Športna Dvorana Maksa Pecarja LJUBLJANA,,True,fivb_vis,20492,,
fivb_vis:20493,2024-08-28,women,EuroVolley,EURO_WOMEN,other,ESP,GEO,75,29,3,0,team_a,Palacio Multiusos GUADALAJARA,,True,fivb_vis,20493,,
fivb_vis:20494,2024-08-28,women,EuroVolley,EURO_WOMEN,other,BIH,LVA,0,75,0,3,team_b,SD Goran Čengić SARAJEVO,,True,fivb_vis,20494,,
fivb_vis:20495,2024-08-28,women,EuroVolley,EURO_WOMEN,other,GRC,MKD,75,33,3,0,team_a,National Sport Centre of Mikra KALAMARIA-THESSALONIKI,,True,fivb_vis,20495,,
fivb_vis:20496,2024-08-28,women,EuroVolley,EURO_WOMEN,other,BEL,DNK,75,59,3,0,team_a,SC Lange Munte KORTRIJK,,True,fivb_vis,20496,,
fivb_vis:20497,2024-08-29,women,EuroVolley,EURO_WOMEN,other,DEU,FIN,75,55,3,0,team_a,PALMBERG Arena SCHWERIN,,True,fivb_vis,20497,,
fivb_vis:20498,2024-08-29,women,EuroVolley,EURO_WOMEN,other,ROU,XKX,75,43,3,0,team_a,Polivalenta ALBA BLAJ,,True,fivb_vis,20498,,
fivb_vis:20499,2024-08-29,women,EuroVolley,EURO_WOMEN,other,SVN,EST,75,54,3,0,team_a,Športna Dvorana Maksa Pecarja LJUBLJANA,,True,fivb_vis,20499,,
fivb_vis:20500,2025-08-06,women,EuroVolley,EURO_WOMEN,other,BEL,HUN,75,52,3,0,team_a,Steengoed Arena MAASEIK,,True,fivb_vis,20500,,
fivb_vis:20501,2025-08-06,women,EuroVolley,EURO_WOMEN,other,DEU,CHE,75,44,3,0,team_a,Sporthalle am Platz der Deutschen Einheit WIESBADEN,,True,fivb_vis,20501,,
fivb_vis:20502,2025-08-06,women,EuroVolley,EURO_WOMEN,other,ESP,PRT,108,96,3,2,team_a,Pabellón de Deportes de LUGO,,True,fivb_vis,20502,,
fivb_vis:20503,2025-08-06,women,EuroVolley,EURO_WOMEN,other,BIH,MNE,64,77,0,3,team_b,"Sportska dvorana ""Mirsad Hurić"" GORAŽDE",,True,fivb_vis,20503,,
fivb_vis:20504,2025-08-06,women,EuroVolley,EURO_WOMEN,other,ROU,HRV,98,88,3,1,team_a,Polivalenta ALBA BLAJ,,True,fivb_vis,20504,,
fivb_vis:20505,2025-08-06,women,EuroVolley,EURO_WOMEN,other,GRC,AUT,93,72,3,1,team_a,Melina Merkouri RENTIS,,True,fivb_vis,20505,,
fivb_vis:28901,2026-08-21,women,EuroVolley,EURO_WOMEN,other,FRA,SVK,75,47,3,0,team_a,Scandinavium GOTHENBURG,,True,fivb_vis,28901,,
fivb_vis:28902,2026-08-21,women,EuroVolley,EURO_WOMEN,other,AUT,SRB,47,75,0,3,team_b,Brno Exhibition Centre - The Pavilion P - BRNO,,True,fivb_vis,28902,,
fivb_vis:28903,2026-08-21,women,EuroVolley,EURO_WOMEN,other,HRV,ITA,54,75,0,3,team_b,Scandinavium GOTHENBURG,,True,fivb_vis,28903,,
fivb_vis:28904,2026-08-21,women,EuroVolley,EURO_WOMEN,other,BGR,UKR,75,66,3,0,team_a,Brno Exhibition Centre - The Pavilion P - BRNO,,True,fivb_vis,28904,,
fivb_vis:28905,2026-08-21,women,EuroVolley,EURO_WOMEN,other,SWE,MNE,75,54,3,0,team_a,Scandinavium GOTHENBURG,,True,fivb_vis,28905,,
fivb_vis:28906,2026-08-21,women,EuroVolley,EURO_WOMEN,other,AZE,PRT,100,92,3,1,team_a,National Gymnastics Arena BAKU,,True,fivb_vis,28906,,
fivb_vis:28907,2026-08-21,women,EuroVolley,EURO_WOMEN,other,TUR,LVA,75,49,3,0,team_a,Sinan Erdem Sports Hall ISTANBUL,,True,fivb_vis,28907,,
fivb_vis:28908,2026-08-21,women,EuroVolley,EURO_WOMEN,other,CZE,GRC,98,74,3,1,team_a,Brno Exhibition Centre - The Pavilion P - BRNO,,True,fivb_vis,28908,,
fivb_vis:28909,2026-08-22,women,EuroVolley,EURO_WOMEN,other,ITA,MNE,75,52,3,0,team_a,Scandinavium GOTHENBURG,,True,fivb_vis,28909,,
fivb_vis:28910,2026-08-22,women,EuroVolley,EURO_WOMEN,other,BEL,ESP,106,90,3,2,team_a,National Gymnastics Arena BAKU,,True,fivb_vis,28910,,
fivb_vis:28911,2026-08-22,women,EuroVolley,EURO_WOMEN,other,UKR,GRC,105,100,2,3,team_b,Brno Exhibition Centre - The Pavilion P - BRNO,,True,fivb_vis,28911,,
fivb_vis:28912,2026-08-22,women,EuroVolley,EURO_WOMEN,other,DEU,SVN,63,75,0,3,team_b,Sinan Erdem Sports Hall ISTANBUL,,True,fivb_vis,28912,,
fivb_vis:28913,2026-08-22,women,EuroVolley,EURO_WOMEN,other,SVK,SWE,94,101,2,3,team_b,Scandinavium GOTHENBURG,,True,fivb_vis,28913,,
fivb_vis:28914,2026-08-22,women,EuroVolley,EURO_WOMEN,other,ROU,NLD,98,113,2,3,team_b,National Gymnastics Arena BAKU,,True,fivb_vis,28914,,
fivb_vis:28915,2026-08-22,women,EuroVolley,EURO_WOMEN,other,AUT,CZE,50,75,0,3,team_b,Brno Exhibition Centre - The Pavilion P - BRNO,,True,fivb_vis,28915,,
fivb_vis:28916,2026-08-22,women,EuroVolley,EURO_WOMEN,other,HUN,POL,56,76,0,3,team_b,Sinan Erdem Sports Hall ISTANBUL,,True,fivb_vis,28916,,
fivb_vis:28917,2026-08-23,women,EuroVolley,EURO_WOMEN,other,FRA,HRV,75,55,3,0,team_a,Scandinavium GOTHENBURG,,True,fivb_vis,28917,,
fivb_vis:28918,2026-08-23,women,EuroVolley,EURO_WOMEN,other,PRT,BEL,49,75,0,3,team_b,National Gymnastics Arena BAKU,,True,fivb_vis,28918,,
fivb_vis:28919,2026-08-23,women,EuroVolley,EURO_WOMEN,other,GRC,BGR,96,86,3,1,team_a,Brno Exhibition Centre - The Pavilion P - BRNO,,True,fivb_vis,28919,,
fivb_vis:28920,2026-08-23,women,EuroVolley,EURO_WOMEN,other,LVA,DEU,73,88,1,3,team_b,Sinan Erdem Sports Hall ISTANBUL,,True,fivb_vis,28920,,
fivb_vis:28921,2026-08-23,women,EuroVolley,EURO_WOMEN,other,SWE,ITA,55,75,0,3,team_b,Scandinavium GOTHENBURG,,True,fivb_vis,28921,,
fivb_vis:28922,2026-08-23,women,EuroVolley,EURO_WOMEN,other,ESP,AZE,53,75,0,3,team_b,National Gymnastics Arena BAKU,,True,fivb_vis,28922,,
fivb_vis:28923,2026-08-23,women,EuroVolley,EURO_WOMEN,other,CZE,SRB,78,91,1,3,team_b,Brno Exhibition Centre - The Pavilion P - BRNO,,True,fivb_vis,28923,,
fivb_vis:28924,2026-08-23,women,EuroVolley,EURO_WOMEN,other,SVN,TUR,79,97,1,3,team_b,Sinan Erdem Sports Hall ISTANBUL,,True,fivb_vis,28924,,
fivb_vis:28925,2026-08-24,women,EuroVolley,EURO_WOMEN,other,NLD,PRT,75,62,3,0,team_a,National Gymnastics Arena BAKU,,True,fivb_vis,28925,,
fivb_vis:28926,2026-08-24,women,EuroVolley,EURO_WOMEN,other,HRV,SVK,109,106,3,2,team_a,Scandinavium GOTHENBURG,,True,fivb_vis,28926,,
fivb_vis:28927,2026-08-24,women,EuroVolley,EURO_WOMEN,other,UKR,AUT,75,43,3,0,team_a,Brno Exhibition Centre - The Pavilion P - BRNO,,True,fivb_vis,28927,,
fivb_vis:28928,2026-08-24,women,EuroVolley,EURO_WOMEN,other,POL,LVA,99,90,3,1,team_a,Sinan Erdem Sports Hall ISTANBUL,,True,fivb_vis,28928,,
fivb_vis:28929,2026-08-24,women,EuroVolley,EURO_WOMEN,other,AZE,ROU,102,102,3,2,team_a,National Gymnastics Arena BAKU,,True,fivb_vis,28929,,
fivb_vis:28930,2026-08-24,women,EuroVolley,EURO_WOMEN,other,MNE,FRA,58,75,0,3,team_b,Scandinavium GOTHENBURG,,True,fivb_vis,28930,,
fivb_vis:28931,2026-08-24,women,EuroVolley,EURO_WOMEN,other,SRB,BGR,75,52,3,0,team_a,Brno Exhibition Centre - The Pavilion P - BRNO,,True,fivb_vis,28931,,
fivb_vis:28932,2026-08-24,women,EuroVolley,EURO_WOMEN,other,TUR,HUN,76,59,3,0,team_a,Sinan Erdem Sports Hall ISTANBUL,,True,fivb_vis,28932,,
fivb_vis:28933,2026-08-25,women,EuroVolley,EURO_WOMEN,other,ROU,BEL,58,75,0,3,team_b,National Gymnastics Arena BAKU,,True,fivb_vis,28933,,
fivb_vis:28934,2026-08-25,women,EuroVolley,EURO_WOMEN,other,ITA,SVK,75,57,3,0,team_a,Scandinavium GOTHENBURG,,True,fivb_vis,28934,,
fivb_vis:28935,2026-08-25,women,EuroVolley,EURO_WOMEN,other,GRC,AUT,95,69,3,1,team_a,Brno Exhibition Centre - The Pavilion P - BRNO,,True,fivb_vis,28935,,
fivb_vis:28936,2026-08-25,women,EuroVolley,EURO_WOMEN,other,HUN,DEU,52,75,0,3,team_b,Sinan Erdem Sports Hall ISTANBUL,,True,fivb_vis,28936,,
fivb_vis:28937,2026-08-25,women,EuroVolley,EURO_WOMEN,other,NLD,ESP,75,40,3,0,team_a,National Gymnastics Arena BAKU,,True,fivb_vis,28937,,
fivb_vis:28938,2026-08-25,women,EuroVolley,EURO_WOMEN,other,SWE,HRV,111,106,3,2,team_a,Scandinavium GOTHENBURG,,True,fivb_vis,28938,,
fivb_vis:28939,2026-08-25,women,EuroVolley,EURO_WOMEN,other,CZE,UKR,96,82,3,1,team_a,Brno Exhibition Centre - The Pavilion P - BRNO,,True,fivb_vis,28939,,
fivb_vis:28940,2026-08-25,women,EuroVolley,EURO_WOMEN,other,POL,SVN,78,58,3,0,team_a,Sinan Erdem Sports Hall ISTANBUL,,True,fivb_vis,28940,,
fivb_vis:28941,2026-08-26,women,EuroVolley,EURO_WOMEN,other,ESP,PRT,88,99,1,3,team_b,National Gymnastics Arena BAKU,,True,fivb_vis,28941,,
fivb_vis:28942,2026-08-26,women,EuroVolley,EURO_WOMEN,other,FRA,ITA,86,94,1,3,team_b,Scandinavium GOTHENBURG,,True,fivb_vis,28942,,
fivb_vis:28943,2026-08-26,women,EuroVolley,EURO_WOMEN,other,AUT,BGR,86,104,2,3,team_b,Brno Exhibition Centre - The Pavilion P - BRNO,,True,fivb_vis,28943,,
fivb_vis:28944,2026-08-26,women,EuroVolley,EURO_WOMEN,other,SVN,LVA,107,90,3,2,team_a,Sinan Erdem Sports Hall ISTANBUL,,True,fivb_vis,28944,,
fivb_vis:28945,2026-08-26,women,EuroVolley,EURO_WOMEN,other,BEL,AZE,75,64,3,0,team_a,National Gymnastics Arena BAKU,,True,fivb_vis,28945,,
fivb_vis:28946,2026-08-26,women,EuroVolley,EURO_WOMEN,other,SVK,MNE,75,51,3,0,team_a,Scandinavium GOTHENBURG,,True,fivb_vis,28946,,
fivb_vis:28947,2026-08-26,women,EuroVolley,EURO_WOMEN,other,SRB,GRC,75,53,3,0,team_a,Brno Exhibition Centre - The Pavilion P - BRNO,,True,fivb_vis,28947,,
fivb_vis:28948,2026-08-26,women,EuroVolley,EURO_WOMEN,other,DEU,TUR,87,100,1,3,team_b,Sinan Erdem Sports Hall ISTANBUL,,True,fivb_vis,28948,,
fivb_vis:20079,2024-06-07,women,NORCECA Championship,NORCECA_WOMEN,other,MEX,CUB,96,78,3,1,team_a,Coliseo Salvador Dijol,,True,fivb_vis,20079,,
fivb_vis:20080,2024-06-07,women,NORCECA Championship,NORCECA_WOMEN,other,PRI,CRI,75,39,3,0,team_a,Coliseo Salvador Dijol,,True,fivb_vis,20080,,
fivb_vis:20081,2024-06-08,women,NORCECA Championship,NORCECA_WOMEN,other,MEX,CRI,75,42,3,0,team_a,Coliseo Salvador Dijol,,True,fivb_vis,20081,,
fivb_vis:20082,2024-06-08,women,NORCECA Championship,NORCECA_WOMEN,other,CUB,PRI,57,75,0,3,team_b,Coliseo Salvador Dijol,,True,fivb_vis,20082,,
fivb_vis:20083,2024-06-09,women,NORCECA Championship,NORCECA_WOMEN,other,CRI,CUB,74,95,1,3,team_b,Coliseo Salvador Dijol,,True,fivb_vis,20083,,
fivb_vis:20084,2024-06-09,women,NORCECA Championship,NORCECA_WOMEN,other,PRI,MEX,96,90,3,1,team_a,Coliseo Salvador Dijol,,True,fivb_vis,20084,,
fivb_vis:20085,2024-06-14,men,NORCECA Championship,NORCECA_MEN,other,MEX,DOM,55,76,0,3,team_b,Coliseo Salvador Dijol,,True,fivb_vis,20085,,
fivb_vis:20086,2024-06-14,men,NORCECA Championship,NORCECA_MEN,other,PRI,GTM,75,46,3,0,team_a,Coliseo Salvador Dijol,,True,fivb_vis,20086,,
fivb_vis:20087,2024-06-15,men,NORCECA Championship,NORCECA_MEN,other,GTM,MEX,65,77,0,3,team_b,Coliseo Salvador Dijol,,True,fivb_vis,20087,,
fivb_vis:20088,2024-06-15,men,NORCECA Championship,NORCECA_MEN,other,DOM,PRI,68,80,0,3,team_b,Coliseo Salvador Dijol,,True,fivb_vis,20088,,
fivb_vis:20089,2024-06-16,men,NORCECA Championship,NORCECA_MEN,other,DOM,GTM,113,96,3,2,team_a,Coliseo Salvador Dijol,,True,fivb_vis,20089,,
fivb_vis:20090,2024-06-16,men,NORCECA Championship,NORCECA_MEN,other,PRI,MEX,98,82,3,1,team_a,Coliseo Salvador Dijol,,True,fivb_vis,20090,,
fivb_vis:20185,2024-06-26,women,NORCECA Championship,NORCECA_WOMEN,other,USA,MEX,85,71,3,0,team_a,Palacio del Voleibol “Prof. Ricardo G. Arias”,,True,fivb_vis,20185,,
fivb_vis:20186,2024-06-26,women,NORCECA Championship,NORCECA_WOMEN,other,DOM,CUB,75,54,3,0,team_a,Palacio del Voleibol “Prof. Ricardo G. Arias”,,True,fivb_vis,20186,,
fivb_vis:20187,2024-06-27,women,NORCECA Championship,NORCECA_WOMEN,other,CAN,MEX,84,96,1,3,team_b,Palacio del Voleibol “Prof. Ricardo G. Arias”,,True,fivb_vis,20187,,
fivb_vis:20188,2024-06-27,women,NORCECA Championship,NORCECA_WOMEN,other,PRI,CUB,101,95,3,2,team_a,Palacio del Voleibol “Prof. Ricardo G. Arias”,,True,fivb_vis,20188,,
fivb_vis:20189,2024-06-28,women,NORCECA Championship,NORCECA_WOMEN,other,USA,CAN,75,49,3,0,team_a,Palacio del Voleibol “Prof. Ricardo G. Arias”,,True,fivb_vis,20189,,
fivb_vis:20190,2024-06-28,women,NORCECA Championship,NORCECA_WOMEN,other,DOM,PRI,117,112,3,2,team_a,Palacio del Voleibol “Prof. Ricardo G. Arias”,,True,fivb_vis,20190,,
fivb_vis:20191,2024-06-29,women,NORCECA Championship,NORCECA_WOMEN,other,USA,PRI,96,85,3,1,team_a,Palacio del Voleibol “Prof. Ricardo G. Arias”,,True,fivb_vis,20191,,
fivb_vis:20192,2024-06-29,women,NORCECA Championship,NORCECA_WOMEN,other,DOM,MEX,75,58,3,0,team_a,Palacio del Voleibol “Prof. Ricardo G. Arias”,,True,fivb_vis,20192,,
fivb_vis:20193,2024-06-30,women,NORCECA Championship,NORCECA_WOMEN,other,CAN,CUB,76,66,3,0,team_a,Palacio del Voleibol “Prof. Ricardo G. Arias”,,True,fivb_vis,20193,,
fivb_vis:20194,2024-06-30,women,NORCECA Championship,NORCECA_WOMEN,other,PRI,MEX,93,99,1,3,team_b,Palacio del Voleibol “Prof. Ricardo G. Arias”,,True,fivb_vis,20194,,
fivb_vis:20195,2024-06-30,women,NORCECA Championship,NORCECA_WOMEN,other,DOM,USA,105,92,3,2,team_a,Palacio del Voleibol “Prof. Ricardo G. Arias”,,True,fivb_vis,20195,,
fivb_vis:20297,2024-08-20,men,NORCECA Championship,NORCECA_MEN,other,CUB,MEX,52,75,0,3,team_b,Centre Slush Puppie,,True,fivb_vis,20297,,
fivb_vis:20298,2024-08-20,men,NORCECA Championship,NORCECA_MEN,other,USA,DOM,100,86,3,1,team_a,Centre Slush Puppie,,True,fivb_vis,20298,,
fivb_vis:20299,2024-08-20,men,NORCECA Championship,NORCECA_MEN,other,CAN,PRI,75,59,3,0,team_a,Centre Slush Puppie,,True,fivb_vis,20299,,
fivb_vis:20300,2024-08-21,men,NORCECA Championship,NORCECA_MEN,other,USA,MEX,108,98,3,2,team_a,Centre Slush Puppie,,True,fivb_vis,20300,,
fivb_vis:20301,2024-08-21,men,NORCECA Championship,NORCECA_MEN,other,CUB,PRI,76,67,3,0,team_a,Centre Slush Puppie,,True,fivb_vis,20301,,
fivb_vis:20302,2024-08-21,men,NORCECA Championship,NORCECA_MEN,other,CAN,DOM,84,74,3,0,team_a,Centre Slush Puppie,,True,fivb_vis,20302,,
fivb_vis:20303,2024-08-22,men,NORCECA Championship,NORCECA_MEN,other,USA,PRI,75,59,3,0,team_a,Centre Slush Puppie,,True,fivb_vis,20303,,
fivb_vis:20304,2024-08-22,men,NORCECA Championship,NORCECA_MEN,other,DOM,MEX,60,75,0,3,team_b,Centre Slush Puppie,,True,fivb_vis,20304,,
fivb_vis:20305,2024-08-22,men,NORCECA Championship,NORCECA_MEN,other,CAN,CUB,75,64,3,0,team_a,Centre Slush Puppie,,True,fivb_vis,20305,,
fivb_vis:20306,2024-08-23,men,NORCECA Championship,NORCECA_MEN,other,MEX,PRI,90,96,1,3,team_b,Centre Slush Puppie,,True,fivb_vis,20306,,
fivb_vis:20307,2024-08-23,men,NORCECA Championship,NORCECA_MEN,other,DOM,CUB,75,65,3,0,team_a,Centre Slush Puppie,,True,fivb_vis,20307,,
fivb_vis:20308,2024-08-23,men,NORCECA Championship,NORCECA_MEN,other,CAN,USA,75,62,3,0,team_a,Centre Slush Puppie,,True,fivb_vis,20308,,
fivb_vis:20309,2024-08-24,men,NORCECA Championship,NORCECA_MEN,other,PRI,DOM,90,84,3,1,team_a,Centre Slush Puppie,,True,fivb_vis,20309,,
fivb_vis:20310,2024-08-24,men,NORCECA Championship,NORCECA_MEN,other,USA,CUB,83,62,3,0,team_a,Centre Slush Puppie,,True,fivb_vis,20310,,
fivb_vis:20311,2024-08-24,men,NORCECA Championship,NORCECA_MEN,other,CAN,MEX,92,100,1,3,team_b,Centre Slush Puppie,,True,fivb_vis,20311,,
fivb_vis:20312,2024-08-25,men,NORCECA Championship,NORCECA_MEN,other,DOM,CUB,100,110,1,3,team_b,Centre Slush Puppie,,True,fivb_vis,20312,,
fivb_vis:20313,2024-08-25,men,NORCECA Championship,NORCECA_MEN,other,MEX,PRI,109,96,3,2,team_a,Centre Slush Puppie,,True,fivb_vis,20313,,
fivb_vis:20314,2024-08-25,men,NORCECA Championship,NORCECA_MEN,other,CAN,USA,86,92,1,3,team_b,Centre Slush Puppie,,True,fivb_vis,20314,,
fivb_vis:1866,2009-05-15,women,World Championship,WCH_WOMEN,other,UKR,BLR,71,78,0,3,team_b,Olympic Leisure Complex,,True,fivb_vis,1866,,
fivb_vis:1867,2009-05-15,women,World Championship,WCH_WOMEN,other,AZE,ISR,96,72,3,1,team_a,Olympic Leisure Complex,,True,fivb_vis,1867,,
fivb_vis:1868,2009-05-16,women,World Championship,WCH_WOMEN,other,UKR,ISR,84,92,1,3,team_b,Olympic Leisure Complex,,True,fivb_vis,1868,,
fivb_vis:1869,2009-05-16,women,World Championship,WCH_WOMEN,other,BLR,AZE,81,70,3,0,team_a,Olympic Leisure Complex,,True,fivb_vis,1869,,
fivb_vis:1870,2009-05-17,women,World Championship,WCH_WOMEN,other,ISR,BLR,83,97,1,3,team_b,Olympic Leisure Complex,,True,fivb_vis,1870,,
fivb_vis:1871,2009-05-17,women,World Championship,WCH_WOMEN,other,AZE,UKR,76,49,3,0,team_a,Olympic Leisure Complex,,True,fivb_vis,1871,,
fivb_vis:1872,2009-05-15,women,World Championship,WCH_WOMEN,other,HRV,HUN,75,38,3,0,team_a,SC Gripe,,True,fivb_vis,1872,,
fivb_vis:1873,2009-05-15,women,World Championship,WCH_WOMEN,other,BEL,SVK,75,58,3,0,team_a,SC Gripe,,True,fivb_vis,1873,,
fivb_vis:1874,2009-05-16,women,World Championship,WCH_WOMEN,other,HRV,SVK,75,56,3,0,team_a,SC Gripe,,True,fivb_vis,1874,,
fivb_vis:1875,2009-05-16,women,World Championship,WCH_WOMEN,other,BEL,HUN,75,56,3,0,team_a,SC Gripe,,True,fivb_vis,1875,,
fivb_vis:1876,2009-05-17,women,World Championship,WCH_WOMEN,other,HRV,BEL,80,62,3,0,team_a,SC Gripe,,True,fivb_vis,1876,,
fivb_vis:1877,2009-05-17,women,World Championship,WCH_WOMEN,other,SVK,HUN,75,55,3,0,team_a,SC Gripe,,True,fivb_vis,1877,,
fivb_vis:1878,2009-05-13,women,World Championship,WCH_WOMEN,other,ROU,CZE,92,96,1,3,team_b,Orlovec,,True,fivb_vis,1878,,
fivb_vis:1879,2009-05-13,women,World Championship,WCH_WOMEN,other,BGR,MDA,75,51,3,0,team_a,Orlovec,,True,fivb_vis,1879,,
fivb_vis:1880,2009-05-14,women,World Championship,WCH_WOMEN,other,MDA,ROU,39,75,0,3,team_b,Orlovec,,True,fivb_vis,1880,,
fivb_vis:1881,2009-05-14,women,World Championship,WCH_WOMEN,other,ALB,BGR,44,75,0,3,team_b,Orlovec,,True,fivb_vis,1881,,
fivb_vis:1882,2009-05-15,women,World Championship,WCH_WOMEN,other,CZE,MDA,75,41,3,0,team_a,Orlovec,,True,fivb_vis,1882,,
fivb_vis:1883,2009-05-15,women,World Championship,WCH_WOMEN,other,ROU,ALB,75,41,3,0,team_a,Orlovec,,True,fivb_vis,1883,,
fivb_vis:1884,2009-05-16,women,World Championship,WCH_WOMEN,other,ALB,CZE,41,75,0,3,team_b,Orlovec,,True,fivb_vis,1884,,
fivb_vis:1885,2009-05-16,women,World Championship,WCH_WOMEN,other,BGR,ROU,101,86,3,1,team_a,Orlovec,,True,fivb_vis,1885,,
fivb_vis:1886,2009-05-17,women,World Championship,WCH_WOMEN,other,MDA,ALB,93,99,1,3,team_b,Orlovec,,True,fivb_vis,1886,,
fivb_vis:1887,2009-05-17,women,World Championship,WCH_WOMEN,other,CZE,BGR,94,102,1,3,team_b,Orlovec,,True,fivb_vis,1887,,
fivb_vis:1888,2009-05-13,women,World Championship,WCH_WOMEN,other,ESP,GRC,93,80,3,1,team_a,Palais des Sports,,True,fivb_vis,1888,,
fivb_vis:1889,2009-05-13,women,World Championship,WCH_WOMEN,other,SVN,FIN,75,55,3,0,team_a,Palais des Sports,,True,fivb_vis,1889,,
fivb_vis:1890,2009-05-14,women,World Championship,WCH_WOMEN,other,GRC,FIN,75,50,3,0,team_a,Palais des Sports,,True,fivb_vis,1890,,
fivb_vis:1891,2009-05-14,women,World Championship,WCH_WOMEN,other,FRA,SVN,99,77,3,1,team_a,Palais des Sports,,True,fivb_vis,1891,,
fivb_vis:1892,2009-05-15,women,World Championship,WCH_WOMEN,other,FRA,FIN,96,81,3,1,team_a,Palais des Sports,,True,fivb_vis,1892,,
fivb_vis:1893,2009-05-15,women,World Championship,WCH_WOMEN,other,SVN,ESP,97,106,2,3,team_b,Palais des Sports,,True,fivb_vis,1893,,
fivb_vis:1894,2009-05-16,women,World Championship,WCH_WOMEN,other,FIN,ESP,30,75,0,3,team_b,Palais des Sports,,True,fivb_vis,1894,,
fivb_vis:1895,2009-05-16,women,World Championship,WCH_WOMEN,other,FRA,GRC,98,75,3,1,team_a,Palais des Sports,,True,fivb_vis,1895,,
fivb_vis:1896,2009-05-17,women,World Championship,WCH_WOMEN,other,GRC,SVN,102,105,2,3,team_b,Palais des Sports,,True,fivb_vis,1896,,
fivb_vis:1897,2009-05-17,women,World Championship,WCH_WOMEN,other,FRA,ESP,109,101,2,3,team_b,Palais des Sports,,True,fivb_vis,1897,,
fivb_vis:1898,2009-07-17,women,World Championship,WCH_WOMEN,other,CZE,BGR,96,88,3,1,team_a,Zoppas Arena,,True,fivb_vis,1898,,
fivb_vis:1899,2009-07-17,women,World Championship,WCH_WOMEN,other,ITA,BLR,75,50,3,0,team_a,Zoppas Arena,,True,fivb_vis,1899,,
fivb_vis:1900,2009-07-18,women,World Championship,WCH_WOMEN,other,BGR,BLR,86,93,1,3,team_b,Zoppas Arena,,True,fivb_vis,1900,,
fivb_vis:1901,2009-07-18,women,World Championship,WCH_WOMEN,other,ITA,CZE,78,62,3,0,team_a,Zoppas Arena,,True,fivb_vis,1901,,
fivb_vis:1902,2009-07-19,women,World Championship,WCH_WOMEN,other,BLR,CZE,86,96,1,3,team_b,Zoppas Arena,,True,fivb_vis,1902,,
fivb_vis:1903,2009-07-19,women,World Championship,WCH_WOMEN,other,ITA,BGR,106,105,3,2,team_a,Zoppas Arena,,True,fivb_vis,1903,,
fivb_vis:21062,2025-09-12,men,World Championship,WCH_MEN,other,PHL,TUN,53,75,0,3,team_b,SM Mall of Asia Arena,,True,fivb_vis,21062,,
fivb_vis:21063,2025-09-13,men,World Championship,WCH_MEN,other,USA,COL,75,55,3,0,team_a,SM Mall of Asia Arena,,True,fivb_vis,21063,,
fivb_vis:21064,2025-09-13,men,World Championship,WCH_MEN,other,CAN,LBY,101,84,3,1,team_a,Smart Araneta Coliseum,,True,fivb_vis,21064,,
fivb_vis:21065,2025-09-13,men,World Championship,WCH_MEN,other,CUB,PRT,85,95,1,3,team_b,SM Mall of Asia Arena,,True,fivb_vis,21065,,
fivb_vis:21066,2025-09-13,men,World Championship,WCH_MEN,other,JPN,TUR,61,75,0,3,team_b,Smart Araneta Coliseum,,True,fivb_vis,21066,,
fivb_vis:21067,2025-09-13,men,World Championship,WCH_MEN,other,DEU,BGR,80,90,0,3,team_b,SM Mall of Asia Arena,,True,fivb_vis,21067,,
fivb_vis:21068,2025-09-13,men,World Championship,WCH_MEN,other,NLD,QAT,101,92,3,1,team_a,Smart Araneta Coliseum,,True,fivb_vis,21068,,
fivb_vis:21069,2025-09-13,men,World Championship,WCH_MEN,other,SVN,CHL,75,55,3,0,team_a,SM Mall of Asia Arena,,True,fivb_vis,21069,,
fivb_vis:21070,2025-09-13,men,World Championship,WCH_MEN,other,POL,ROU,84,66,3,0,team_a,Smart Araneta Coliseum,,True,fivb_vis,21070,,
fivb_vis:21071,2025-09-14,men,World Championship,WCH_MEN,other,ARG,FIN,102,105,3,2,team_a,Smart Araneta Coliseum,,True,fivb_vis,21071,,
fivb_vis:21072,2025-09-14,men,World Championship,WCH_MEN,other,IRN,EGY,85,91,1,3,team_b,SM Mall of Asia Arena,,True,fivb_vis,21072,,
fivb_vis:21073,2025-09-14,men,World Championship,WCH_MEN,other,UKR,BEL,55,75,0,3,team_b,Smart Araneta Coliseum,,True,fivb_vis,21073,,
fivb_vis:21074,2025-09-14,men,World Championship,WCH_MEN,other,SRB,CZE,65,75,0,3,team_b,SM Mall of Asia Arena,,True,fivb_vis,21074,,
fivb_vis:21075,2025-09-14,men,World Championship,WCH_MEN,other,FRA,KOR,75,46,3,0,team_a,Smart Araneta Coliseum,,True,fivb_vis,21075,,
fivb_vis:21076,2025-09-14,men,World Championship,WCH_MEN,other,BRA,CHN,94,91,3,1,team_a,SM Mall of Asia Arena,,True,fivb_vis,21076,,
fivb_vis:21077,2025-09-14,men,World Championship,WCH_MEN,other,ITA,DZA,75,52,3,0,team_a,Smart Araneta Coliseum,,True,fivb_vis,21077,,
fivb_vis:21078,2025-09-15,men,World Championship,WCH_MEN,other,CUB,COL,75,63,3,0,team_a,SM Mall of Asia Arena,,True,fivb_vis,21078,,
fivb_vis:21079,2025-09-15,men,World Championship,WCH_MEN,other,TUR,LBY,98,73,3,1,team_a,Smart Araneta Coliseum,,True,fivb_vis,21079,,
fivb_vis:21080,2025-09-15,men,World Championship,WCH_MEN,other,DEU,CHL,75,61,3,0,team_a,SM Mall of Asia Arena,,True,fivb_vis,21080,,
fivb_vis:21081,2025-09-15,men,World Championship,WCH_MEN,other,JPN,CAN,65,75,0,3,team_b,Smart Araneta Coliseum,,True,fivb_vis,21081,,
fivb_vis:21082,2025-09-15,men,World Championship,WCH_MEN,other,SVN,BGR,96,106,2,3,team_b,SM Mall of Asia Arena,,True,fivb_vis,21082,,
fivb_vis:21083,2025-09-15,men,World Championship,WCH_MEN,other,NLD,ROU,77,71,3,0,team_a,Smart Araneta Coliseum,,True,fivb_vis,21083,,
fivb_vis:21084,2025-09-15,men,World Championship,WCH_MEN,other,USA,PRT,75,58,3,0,team_a,SM Mall of Asia Arena,,True,fivb_vis,21084,,
fivb_vis:21085,2025-09-15,men,World Championship,WCH_MEN,other,POL,QAT,75,54,3,0,team_a,Smart Araneta Coliseum,,True,fivb_vis,21085,,
fivb_vis:21086,2025-09-16,men,World Championship,WCH_MEN,other,BRA,CZE,75,51,3,0,team_a,SM Mall of Asia Arena,,True,fivb_vis,21086,,
fivb_vis:21087,2025-09-16,men,World Championship,WCH_MEN,other,ARG,KOR,98,86,3,1,team_a,Smart Araneta Coliseum,,True,fivb_vis,21087,,
fivb_vis:21088,2025-09-16,men,World Championship,WCH_MEN,other,IRN,TUN,98,84,3,1,team_a,SM Mall of Asia Arena,,True,fivb_vis,21088,,
fivb_vis:21089,2025-09-16,men,World Championship,WCH_MEN,other,UKR,DZA,75,40,3,0,team_a,Smart Araneta Coliseum,,True,fivb_vis,21089,,
fivb_vis:21090,2025-09-16,men,World Championship,WCH_MEN,other,PHL,EGY,102,94,3,1,team_a,SM Mall of Asia Arena,,True,fivb_vis,21090,,
fivb_vis:21091,2025-09-16,men,World Championship,WCH_MEN,other,FRA,FIN,105,107,2,3,team_b,Smart Araneta Coliseum,,True,fivb_vis,21091,,
fivb_vis:21092,2025-09-16,men,World Championship,WCH_MEN,other,SRB,CHN,79,64,3,0,team_a,SM Mall of Asia Arena,,True,fivb_vis,21092,,
fivb_vis:21093,2025-09-16,men,World Championship,WCH_MEN,other,ITA,BEL,106,108,2,3,team_b,Smart Araneta Coliseum,,True,fivb_vis,21093,,
fivb_vis:21094,2025-09-17,men,World Championship,WCH_MEN,other,PRT,COL,109,102,3,2,team_a,SM Mall of Asia Arena,,True,fivb_vis,21094,,
fivb_vis:21095,2025-09-17,men,World Championship,WCH_MEN,other,QAT,ROU,95,90,3,1,team_a,Smart Araneta Coliseum,,True,fivb_vis,21095,,
fivb_vis:21096,2025-09-17,men,World Championship,WCH_MEN,other,BGR,CHL,75,41,3,0,team_a,SM Mall of Asia Arena,,True,fivb_vis,21096,,
fivb_vis:21097,2025-09-17,men,World Championship,WCH_MEN,other,CAN,TUR,62,77,0,3,team_b,Smart Araneta Coliseum,,True,fivb_vis,21097,,
fivb_vis:21098,2025-09-17,men,World Championship,WCH_MEN,other,USA,CUB,100,89,3,1,team_a,SM Mall of Asia Arena,,True,fivb_vis,21098,,
fivb_vis:21099,2025-09-17,men,World Championship,WCH_MEN,other,POL,NLD,97,89,3,1,team_a,Smart Araneta Coliseum,,True,fivb_vis,21099,,
fivb_vis:21100,2025-09-17,men,World Championship,WCH_MEN,other,SVN,DEU,98,97,3,1,team_a,SM Mall of Asia Arena,,True,fivb_vis,21100,,
fivb_vis:21101,2025-09-17,men,World Championship,WCH_MEN,other,JPN,LBY,75,49,3,0,team_a,Smart Araneta Coliseum,,True,fivb_vis,21101,,
fivb_vis:21102,2025-09-18,men,World Championship,WCH_MEN,other,BRA,SRB,64,75,0,3,team_b,SM Mall of Asia Arena,,True,fivb_vis,21102,,
fivb_vis:21103,2025-09-18,men,World Championship,WCH_MEN,other,FIN,KOR,92,87,3,1,team_a,Smart Araneta Coliseum,,True,fivb_vis,21103,,
fivb_vis:21104,2025-09-18,men,World Championship,WCH_MEN,other,EGY,TUN,59,75,0,3,team_b,SM Mall of Asia Arena,,True,fivb_vis,21104,,
fivb_vis:21105,2025-09-18,men,World Championship,WCH_MEN,other,BEL,DZA,75,54,3,0,team_a,Smart Araneta Coliseum,,True,fivb_vis,21105,,
fivb_vis:21106,2025-09-18,men,World Championship,WCH_MEN,other,PHL,IRN,114,110,2,3,team_b,SM Mall of Asia Arena,,True,fivb_vis,21106,,
fivb_vis:21107,2025-09-18,men,World Championship,WCH_MEN,other,FRA,ARG,111,109,2,3,team_b,Smart Araneta Coliseum,,True,fivb_vis,21107,,
fivb_vis:21108,2025-09-18,men,World Championship,WCH_MEN,other,CZE,CHN,76,61,3,0,team_a,SM Mall of Asia Arena,,True,fivb_vis,21108,,
fivb_vis:21109,2025-09-18,men,World Championship,WCH_MEN,other,ITA,UKR,75,61,3,0,team_a,Smart Araneta Coliseum,,True,fivb_vis,21109,,
fivb_vis:21110,2025-09-23,men,World Championship,WCH_MEN,other,TUN,CZE,60,75,0,3,team_b,SM Mall of Asia Arena,,True,fivb_vis,21110,,
fivb_vis:21111,2025-09-23,men,World Championship,WCH_MEN,other,SRB,IRN,101,112,2,3,team_b,SM Mall of Asia Arena,,True,fivb_vis,21111,,
fivb_vis:21112,2025-09-22,men,World Championship,WCH_MEN,other,USA,SVN,94,84,3,1,team_a,SM Mall of Asia Arena,,True,fivb_vis,21112,,
fivb_vis:21113,2025-09-22,men,World Championship,WCH_MEN,other,BGR,PRT,75,55,3,0,team_a,SM Mall of Asia Arena,,True,fivb_vis,21113,,
fivb_vis:21114,2025-09-20,men,World Championship,WCH_MEN,other,POL,CAN,98,77,3,1,team_a,SM Mall of Asia Arena,,True,fivb_vis,21114,,
fivb_vis:21115,2025-09-20,men,World Championship,WCH_MEN,other,TUR,NLD,102,87,3,1,team_a,SM Mall of Asia Arena,,True,fivb_vis,21115,,
fivb_vis:21116,2025-09-21,men,World Championship,WCH_MEN,other,ARG,ITA,65,75,0,3,team_b,SM Mall of Asia Arena,,True,fivb_vis,21116,,
fivb_vis:21117,2025-09-21,men,World Championship,WCH_MEN,other,BEL,FIN,75,59,3,0,team_a,SM Mall of Asia Arena,,True,fivb_vis,21117,,
fivb_vis:21118,2025-09-25,men,World Championship,WCH_MEN,other,CZE,IRN,99,91,3,1,team_a,SM Mall of Asia Arena,,True,fivb_vis,21118,,
fivb_vis:21119,2025-09-25,men,World Championship,WCH_MEN,other,USA,BGR,102,105,2,3,team_b,SM Mall of Asia Arena,,True,fivb_vis,21119,,
fivb_vis:21120,2025-09-24,men,World Championship,WCH_MEN,other,POL,TUR,75,56,3,0,team_a,SM Mall of Asia Arena,,True,fivb_vis,21120,,
fivb_vis:21121,2025-09-24,men,World Championship,WCH_MEN,other,ITA,BEL,75,49,3,0,team_a,SM Mall of Asia Arena,,True,fivb_vis,21121,,
fivb_vis:21122,2025-09-27,men,World Championship,WCH_MEN,other,CZE,BGR,88,98,1,3,team_b,SM Mall of Asia Arena,,True,fivb_vis,21122,,
fivb_vis:21123,2025-09-27,men,World Championship,WCH_MEN,other,POL,ITA,66,75,0,3,team_b,SM Mall of Asia Arena,,True,fivb_vis,21123,,
fivb_vis:21124,2025-09-28,men,World Championship,WCH_MEN,other,CZE,POL,86,98,1,3,team_b,SM Mall of Asia Arena,,True,fivb_vis,21124,,
fivb_vis:21125,2025-09-28,men,World Championship,WCH_MEN,other,BGR,ITA,73,92,1,3,team_b,SM Mall of Asia Arena,,True,fivb_vis,21125,,
fivb_vis:22391,2025-08-22,women,World Championship,WCH_WOMEN,other,CZE,ARG,89,94,1,3,team_b,Chatchai Hall,,True,fivb_vis,22391,,
fivb_vis:22392,2025-08-22,women,World Championship,WCH_WOMEN,other,PRI,FRA,79,96,1,3,team_b,International Exhibition and Convention Centre,,True,fivb_vis,22392,,
fivb_vis:22393,2025-08-22,women,World Championship,WCH_WOMEN,other,NLD,SWE,111,93,3,2,team_a,Indoor Stadium Huamark,,True,fivb_vis,22393,,
fivb_vis:22394,2025-08-22,women,World Championship,WCH_WOMEN,other,BEL,CUB,75,48,3,0,team_a,Saphan Hin Municipal Sadium,,True,fivb_vis,22394,,
fivb_vis:22395,2025-08-22,women,World Championship,WCH_WOMEN,other,USA,SVN,92,84,3,1,team_a,Chatchai Hall,,True,fivb_vis,22395,,
fivb_vis:22396,2025-08-22,women,World Championship,WCH_WOMEN,other,BRA,GRC,75,50,3,0,team_a,International Exhibition and Convention Centre,,True,fivb_vis,22396,,
fivb_vis:22397,2025-08-22,women,World Championship,WCH_WOMEN,other,THA,EGY,98,66,3,1,team_a,Indoor Stadium Huamark,,True,fivb_vis,22397,,
fivb_vis:22398,2025-08-22,women,World Championship,WCH_WOMEN,other,ITA,SVK,75,51,3,0,team_a,Saphan Hin Municipal Sadium,,True,fivb_vis,22398,,
fivb_vis:22399,2025-08-23,women,World Championship,WCH_WOMEN,other,CAN,BGR,98,84,3,1,team_a,Chatchai Hall,,True,fivb_vis,22399,,
fivb_vis:22400,2025-08-23,women,World Championship,WCH_WOMEN,other,DOM,COL,75,46,3,0,team_a,International Exhibition and Convention Centre,,True,fivb_vis,22400,,
fivb_vis:22401,2025-08-23,women,World Championship,WCH_WOMEN,other,JPN,CMR,75,57,3,0,team_a,Indoor Stadium Huamark,,True,fivb_vis,22401,,
fivb_vis:22402,2025-08-23,women,World Championship,WCH_WOMEN,other,DEU,KEN,75,50,3,0,team_a,Saphan Hin Municipal Sadium,,True,fivb_vis,22402,,
fivb_vis:22403,2025-08-23,women,World Championship,WCH_WOMEN,other,TUR,ESP,75,61,3,0,team_a,Chatchai Hall,,True,fivb_vis,22403,,
fivb_vis:22404,2025-08-23,women,World Championship,WCH_WOMEN,other,CHN,MEX,98,77,3,1,team_a,International Exhibition and Convention Centre,,True,fivb_vis,22404,,
fivb_vis:22405,2025-08-23,women,World Championship,WCH_WOMEN,other,SRB,UKR,75,57,3,0,team_a,Indoor Stadium Huamark,,True,fivb_vis,22405,,
fivb_vis:22406,2025-08-23,women,World Championship,WCH_WOMEN,other,POL,VNM,98,69,3,1,team_a,Saphan Hin Municipal Sadium,,True,fivb_vis,22406,,
fivb_vis:22407,2025-08-24,women,World Championship,WCH_WOMEN,other,CZE,SVN,106,104,3,2,team_a,Chatchai Hall,,True,fivb_vis,22407,,
fivb_vis:22408,2025-08-24,women,World Championship,WCH_WOMEN,other,PRI,GRC,71,98,1,3,team_b,International Exhibition and Convention Centre,,True,fivb_vis,22408,,
fivb_vis:22409,2025-08-24,women,World Championship,WCH_WOMEN,other,NLD,EGY,75,41,3,0,team_a,Indoor Stadium Huamark,,True,fivb_vis,22409,,
fivb_vis:22410,2025-08-24,women,World Championship,WCH_WOMEN,other,ITA,CUB,75,33,3,0,team_a,Saphan Hin Municipal Sadium,,True,fivb_vis,22410,,
fivb_vis:22411,2025-08-24,women,World Championship,WCH_WOMEN,other,USA,ARG,98,68,3,1,team_a,Chatchai Hall,,True,fivb_vis,22411,,
fivb_vis:22412,2025-08-24,women,World Championship,WCH_WOMEN,other,BRA,FRA,106,95,3,2,team_a,International Exhibition and Convention Centre,,True,fivb_vis,22412,,
fivb_vis:22413,2025-08-24,women,World Championship,WCH_WOMEN,other,THA,SWE,75,60,3,0,team_a,Indoor Stadium Huamark,,True,fivb_vis,22413,,
fivb_vis:22414,2025-08-24,women,World Championship,WCH_WOMEN,other,BEL,SVK,75,54,3,0,team_a,Saphan Hin Municipal Sadium,,True,fivb_vis,22414,,
fivb_vis:22415,2025-08-25,women,World Championship,WCH_WOMEN,other,CAN,ESP,114,102,3,2,team_a,Chatchai Hall,,True,fivb_vis,22415,,
fivb_vis:22416,2025-08-25,women,World Championship,WCH_WOMEN,other,DOM,MEX,75,52,3,0,team_a,International Exhibition and Convention Centre,,True,fivb_vis,22416,,
fivb_vis:22417,2025-08-25,women,World Championship,WCH_WOMEN,other,JPN,UKR,111,107,3,2,team_a,Indoor Stadium Huamark,,True,fivb_vis,22417,,
fivb_vis:22418,2025-08-25,women,World Championship,WCH_WOMEN,other,DEU,VNM,75,56,3,0,team_a,Saphan Hin Municipal Sadium,,True,fivb_vis,22418,,
fivb_vis:22419,2025-08-25,women,World Championship,WCH_WOMEN,other,TUR,BGR,75,55,3,0,team_a,Chatchai Hall,,True,fivb_vis,22419,,
fivb_vis:22420,2025-08-25,women,World Championship,WCH_WOMEN,other,CHN,COL,98,71,3,1,team_a,International Exhibition and Convention Centre,,True,fivb_vis,22420,,
fivb_vis:22421,2025-08-25,women,World Championship,WCH_WOMEN,other,SRB,CMR,75,45,3,0,team_a,Indoor Stadium Huamark,,True,fivb_vis,22421,,
fivb_vis:22422,2025-08-25,women,World Championship,WCH_WOMEN,other,POL,KEN,90,71,3,1,team_a,Saphan Hin Municipal Sadium,,True,fivb_vis,22422,,
fivb_vis:22423,2025-08-26,women,World Championship,WCH_WOMEN,other,ARG,SVN,63,75,0,3,team_b,Chatchai Hall,,True,fivb_vis,22423,,
fivb_vis:22424,2025-08-26,women,World Championship,WCH_WOMEN,other,FRA,GRC,95,89,3,1,team_a,International Exhibition and Convention Centre,,True,fivb_vis,22424,,
fivb_vis:22425,2025-08-26,women,World Championship,WCH_WOMEN,other,SWE,EGY,101,82,3,1,team_a,Indoor Stadium Huamark,,True,fivb_vis,22425,,
fivb_vis:22426,2025-08-26,women,World Championship,WCH_WOMEN,other,ITA,BEL,96,75,3,1,team_a,Saphan Hin Municipal Sadium,,True,fivb_vis,22426,,
fivb_vis:22427,2025-08-26,women,World Championship,WCH_WOMEN,other,USA,CZE,76,59,3,0,team_a,Chatchai Hall,,True,fivb_vis,22427,,
fivb_vis:22428,2025-08-26,women,World Championship,WCH_WOMEN,other,BRA,PRI,75,50,3,0,team_a,International Exhibition and Convention Centre,,True,fivb_vis,22428,,
fivb_vis:22429,2025-08-26,women,World Championship,WCH_WOMEN,other,THA,NLD,91,112,2,3,team_b,Indoor Stadium Huamark,,True,fivb_vis,22429,,
fivb_vis:22430,2025-08-26,women,World Championship,WCH_WOMEN,other,CUB,SVK,100,95,3,1,team_a,Saphan Hin Municipal Sadium,,True,fivb_vis,22430,,
fivb_vis:22431,2025-08-27,women,World Championship,WCH_WOMEN,other,TUR,CAN,77,59,3,0,team_a,Chatchai Hall,,True,fivb_vis,22431,,
fivb_vis:22432,2025-08-27,women,World Championship,WCH_WOMEN,other,COL,MEX,107,105,2,3,team_b,International Exhibition and Convention Centre,,True,fivb_vis,22432,,
fivb_vis:22433,2025-08-27,women,World Championship,WCH_WOMEN,other,JPN,SRB,103,94,3,1,team_a,Indoor Stadium Huamark,,True,fivb_vis,22433,,
fivb_vis:22434,2025-08-27,women,World Championship,WCH_WOMEN,other,KEN,VNM,75,63,3,0,team_a,Saphan Hin Municipal Sadium,,True,fivb_vis,22434,,
fivb_vis:22435,2025-08-27,women,World Championship,WCH_WOMEN,other,BGR,ESP,79,97,1,3,team_b,Chatchai Hall,,True,fivb_vis,22435,,
fivb_vis:22436,2025-08-27,women,World Championship,WCH_WOMEN,other,CHN,DOM,75,53,3,0,team_a,International Exhibition and Convention Centre,,True,fivb_vis,22436,,
fivb_vis:22437,2025-08-27,women,World Championship,WCH_WOMEN,other,UKR,CMR,75,58,3,0,team_a,Indoor Stadium Huamark,,True,fivb_vis,22437,,
fivb_vis:22438,2025-08-27,women,World Championship,WCH_WOMEN,other,POL,DEU,112,108,3,2,team_a,Saphan Hin Municipal Sadium,,True,fivb_vis,22438,,
fivb_vis:22439,2025-08-29,women,World Championship,WCH_WOMEN,other,NLD,SRB,110,110,3,2,team_a,Indoor Stadium Huamark,,True,fivb_vis,22439,,
fivb_vis:22440,2025-08-29,women,World Championship,WCH_WOMEN,other,JPN,THA,75,66,3,0,team_a,Indoor Stadium Huamark,,True,fivb_vis,22440,,
fivb_vis:22441,2025-09-01,women,World Championship,WCH_WOMEN,other,USA,CAN,75,60,3,0,team_a,Indoor Stadium Huamark,,True,fivb_vis,22441,,
fivb_vis:22442,2025-09-01,women,World Championship,WCH_WOMEN,other,TUR,SVN,84,68,3,0,team_a,Indoor Stadium Huamark,,True,fivb_vis,22442,,
fivb_vis:22443,2025-08-30,women,World Championship,WCH_WOMEN,other,ITA,DEU,75,51,3,0,team_a,Indoor Stadium Huamark,,True,fivb_vis,22443,,
fivb_vis:22444,2025-08-30,women,World Championship,WCH_WOMEN,other,POL,BEL,112,99,3,2,team_a,Indoor Stadium Huamark,,True,fivb_vis,22444,,
fivb_vis:22445,2025-08-31,women,World Championship,WCH_WOMEN,other,BRA,DOM,93,69,3,1,team_a,Indoor Stadium Huamark,,True,fivb_vis,22445,,
fivb_vis:22446,2025-08-31,women,World Championship,WCH_WOMEN,other,CHN,FRA,90,99,1,3,team_b,Indoor Stadium Huamark,,True,fivb_vis,22446,,
fivb_vis:22447,2025-09-03,women,World Championship,WCH_WOMEN,other,NLD,JPN,104,107,2,3,team_b,Indoor Stadium Huamark,,True,fivb_vis,22447,,
fivb_vis:22448,2025-09-04,women,World Championship,WCH_WOMEN,other,USA,TUR,76,97,1,3,team_b,Indoor Stadium Huamark,,True,fivb_vis,22448,,
fivb_vis:22449,2025-09-03,women,World Championship,WCH_WOMEN,other,ITA,POL,75,56,3,0,team_a,Indoor Stadium Huamark,,True,fivb_vis,22449,,
fivb_vis:22450,2025-09-04,women,World Championship,WCH_WOMEN,other,BRA,FRA,85,75,3,0,team_a,Indoor Stadium Huamark,,True,fivb_vis,22450,,
fivb_vis:22451,2025-09-06,women,World Championship,WCH_WOMEN,other,JPN,TUR,85,93,1,3,team_b,Indoor Stadium Huamark,,True,fivb_vis,22451,,
fivb_vis:22452,2025-09-06,women,World Championship,WCH_WOMEN,other,ITA,BRA,115,112,3,2,team_a,Indoor Stadium Huamark,,True,fivb_vis,22452,,
fivb_vis:22453,2025-09-07,women,World Championship,WCH_WOMEN,other,JPN,BRA,99,114,2,3,team_b,Indoor Stadium Huamark,,True,fivb_vis,22453,,
fivb_vis:22454,2025-09-07,women,World Championship,WCH_WOMEN,other,TUR,ITA,105,98,2,3,team_b,Indoor Stadium Huamark,,True,fivb_vis,22454,,
fivb_vis:1904,2009-07-17,women,World Championship,WCH_WOMEN,other,ESP,SRB,49,75,0,3,team_b,"Hala Sportova ""Dudova Suma""",,True,fivb_vis,1904,,
fivb_vis:1905,2009-07-17,women,World Championship,WCH_WOMEN,other,HRV,ROU,97,58,3,1,team_a,"Hala Sportova ""Dudova Suma""",,True,fivb_vis,1905,,
fivb_vis:1906,2009-07-18,women,World Championship,WCH_WOMEN,other,SRB,ROU,101,75,3,1,team_a,"Hala Sportova ""Dudova Suma""",,True,fivb_vis,1906,,
fivb_vis:1907,2009-07-18,women,World Championship,WCH_WOMEN,other,ESP,HRV,104,102,2,3,team_b,"Hala Sportova ""Dudova Suma""",,True,fivb_vis,1907,,
fivb_vis:1908,2009-07-19,women,World Championship,WCH_WOMEN,other,ROU,ESP,90,81,3,1,team_a,"Hala Sportova ""Dudova Suma""",,True,fivb_vis,1908,,
fivb_vis:1909,2009-07-19,women,World Championship,WCH_WOMEN,other,HRV,SRB,84,99,1,3,team_b,"Hala Sportova ""Dudova Suma""",,True,fivb_vis,1909,,
fivb_vis:1910,2009-07-17,women,World Championship,WCH_WOMEN,other,FRA,TUR,57,75,0,3,team_b,Podpromie,,True,fivb_vis,1910,,
fivb_vis:1911,2009-07-17,women,World Championship,WCH_WOMEN,other,POL,BEL,108,99,3,2,team_a,Podpromie,,True,fivb_vis,1911,,
fivb_vis:1912,2009-07-18,women,World Championship,WCH_WOMEN,other,TUR,BEL,75,52,3,0,team_a,Podpromie,,True,fivb_vis,1912,,
fivb_vis:1913,2009-07-18,women,World Championship,WCH_WOMEN,other,POL,FRA,82,57,3,0,team_a,Podpromie,,True,fivb_vis,1913,,
fivb_vis:1914,2009-07-19,women,World Championship,WCH_WOMEN,other,BEL,FRA,88,82,3,1,team_a,Podpromie,,True,fivb_vis,1914,,
fivb_vis:1915,2009-07-19,women,World Championship,WCH_WOMEN,other,POL,TUR,93,101,1,3,team_b,Podpromie,,True,fivb_vis,1915,,
fivb_vis:21437,2025-06-11,men,Volleyball Nations League,VNL_MEN,other,POL,NLD,97,91,3,1,team_a,Qujiang Sports Complex,,True,fivb_vis,21437,,
fivb_vis:21438,2025-06-11,men,Volleyball Nations League,VNL_MEN,other,CHN,JPN,59,75,0,3,team_b,Qujiang Sports Complex,,True,fivb_vis,21438,,
fivb_vis:21439,2025-06-11,men,Volleyball Nations League,VNL_MEN,other,SRB,TUR,87,93,3,1,team_a,Qujiang Sports Complex,,True,fivb_vis,21439,,
fivb_vis:21440,2025-06-11,men,Volleyball Nations League,VNL_MEN,other,BGR,ITA,79,97,1,3,team_b,Centre Vidéotron,,True,fivb_vis,21440,,
fivb_vis:21441,2025-06-11,men,Volleyball Nations League,VNL_MEN,other,UKR,USA,75,65,3,0,team_a,Maracanãzinho,,True,fivb_vis,21441,,
fivb_vis:21442,2025-06-11,men,Volleyball Nations League,VNL_MEN,other,ARG,FRA,88,88,3,1,team_a,Centre Vidéotron,,True,fivb_vis,21442,,
fivb_vis:21443,2025-06-11,men,Volleyball Nations League,VNL_MEN,other,BRA,IRN,75,53,3,0,team_a,Maracanãzinho,,True,fivb_vis,21443,,
fivb_vis:21444,2025-06-11,men,Volleyball Nations League,VNL_MEN,other,DEU,CAN,103,109,2,3,team_b,Centre Vidéotron,,True,fivb_vis,21444,,
fivb_vis:21445,2025-06-11,men,Volleyball Nations League,VNL_MEN,other,SVN,CUB,96,80,3,1,team_a,Maracanãzinho,,True,fivb_vis,21445,,
fivb_vis:21446,2025-06-12,men,Volleyball Nations League,VNL_MEN,other,CHN,SRB,75,66,3,0,team_a,Qujiang Sports Complex,,True,fivb_vis,21446,,
fivb_vis:21447,2025-06-12,men,Volleyball Nations League,VNL_MEN,other,POL,JPN,109,109,3,1,team_a,Qujiang Sports Complex,,True,fivb_vis,21447,,
fivb_vis:21448,2025-06-12,men,Volleyball Nations League,VNL_MEN,other,DEU,ITA,103,106,2,3,team_b,Centre Vidéotron,,True,fivb_vis,21448,,
fivb_vis:21449,2025-06-12,men,Volleyball Nations League,VNL_MEN,other,BRA,CUB,112,109,2,3,team_b,Maracanãzinho,,True,fivb_vis,21449,,
fivb_vis:21450,2025-06-12,men,Volleyball Nations League,VNL_MEN,other,ARG,CAN,100,102,3,2,team_a,Centre Vidéotron,,True,fivb_vis,21450,,
fivb_vis:21451,2025-06-12,men,Volleyball Nations League,VNL_MEN,other,USA,IRN,107,109,3,2,team_a,Maracanãzinho,,True,fivb_vis,21451,,
fivb_vis:21452,2025-06-13,men,Volleyball Nations League,VNL_MEN,other,JPN,SRB,76,67,3,0,team_a,Qujiang Sports Complex,,True,fivb_vis,21452,,
fivb_vis:21453,2025-06-13,men,Volleyball Nations League,VNL_MEN,other,NLD,TUR,96,93,3,1,team_a,Qujiang Sports Complex,,True,fivb_vis,21453,,
fivb_vis:21454,2025-06-13,men,Volleyball Nations League,VNL_MEN,other,BGR,ARG,78,67,3,0,team_a,Centre Vidéotron,,True,fivb_vis,21454,,
fivb_vis:21455,2025-06-13,men,Volleyball Nations League,VNL_MEN,other,UKR,CUB,102,104,3,2,team_a,Maracanãzinho,,True,fivb_vis,21455,,
fivb_vis:21456,2025-06-13,men,Volleyball Nations League,VNL_MEN,other,FRA,ITA,95,89,3,1,team_a,Centre Vidéotron,,True,fivb_vis,21456,,
fivb_vis:21457,2025-06-13,men,Volleyball Nations League,VNL_MEN,other,IRN,SVN,103,100,2,3,team_b,Maracanãzinho,,True,fivb_vis,21457,,
fivb_vis:21458,2025-06-14,men,Volleyball Nations League,VNL_MEN,other,CHN,NLD,88,81,3,1,team_a,Qujiang Sports Complex,,True,fivb_vis,21458,,
fivb_vis:21459,2025-06-14,men,Volleyball Nations League,VNL_MEN,other,TUR,POL,70,78,0,3,team_b,Qujiang Sports Complex,,True,fivb_vis,21459,,
fivb_vis:21460,2025-06-14,men,Volleyball Nations League,VNL_MEN,other,UKR,BRA,105,98,2,3,team_b,Maracanãzinho,,True,fivb_vis,21460,,
fivb_vis:21461,2025-06-14,men,Volleyball Nations League,VNL_MEN,other,USA,SVN,95,97,1,3,team_b,Maracanãzinho,,True,fivb_vis,21461,,
fivb_vis:21462,2025-06-14,men,Volleyball Nations League,VNL_MEN,other,CAN,FRA,109,117,2,3,team_b,Centre Vidéotron,,True,fivb_vis,21462,,
fivb_vis:21463,2025-06-14,men,Volleyball Nations League,VNL_MEN,other,BGR,DEU,110,103,3,2,team_a,Centre Vidéotron,,True,fivb_vis,21463,,
fivb_vis:21464,2025-06-15,men,Volleyball Nations League,VNL_MEN,other,NLD,JPN,59,75,0,3,team_b,Qujiang Sports Complex,,True,fivb_vis,21464,,
fivb_vis:21465,2025-06-15,men,Volleyball Nations League,VNL_MEN,other,CHN,TUR,63,75,0,3,team_b,Qujiang Sports Complex,,True,fivb_vis,21465,,
fivb_vis:21466,2025-06-15,men,Volleyball Nations League,VNL_MEN,other,POL,SRB,75,64,3,0,team_a,Qujiang Sports Complex,,True,fivb_vis,21466,,
fivb_vis:21467,2025-06-15,men,Volleyball Nations League,VNL_MEN,other,BRA,SVN,79,65,3,0,team_a,Maracanãzinho,,True,fivb_vis,21467,,
fivb_vis:21468,2025-06-15,men,Volleyball Nations League,VNL_MEN,other,ARG,ITA,104,104,1,3,team_b,Centre Vidéotron,,True,fivb_vis,21468,,
fivb_vis:21469,2025-06-15,men,Volleyball Nations League,VNL_MEN,other,UKR,IRN,105,115,2,3,team_b,Maracanãzinho,,True,fivb_vis,21469,,
fivb_vis:21470,2025-06-15,men,Volleyball Nations League,VNL_MEN,other,DEU,FRA,106,98,3,1,team_a,Centre Vidéotron,,True,fivb_vis,21470,,
fivb_vis:21471,2025-06-15,men,Volleyball Nations League,VNL_MEN,other,CUB,USA,88,93,1,3,team_b,Maracanãzinho,,True,fivb_vis,21471,,
fivb_vis:21472,2025-06-15,men,Volleyball Nations League,VNL_MEN,other,BGR,CAN,66,76,0,3,team_b,Centre Vidéotron,,True,fivb_vis,21472,,
fivb_vis:21473,2025-06-25,men,Volleyball Nations League,VNL_MEN,other,UKR,FRA,61,75,0,3,team_b,Arena Burgas,,True,fivb_vis,21473,,
fivb_vis:21474,2025-06-25,men,Volleyball Nations League,VNL_MEN,other,DEU,CUB,86,94,1,3,team_b,Belgrade Arena,,True,fivb_vis,21474,,
fivb_vis:21475,2025-06-25,men,Volleyball Nations League,VNL_MEN,other,TUR,SVN,56,75,0,3,team_b,Arena Burgas,,True,fivb_vis,21475,,
fivb_vis:21476,2025-06-25,men,Volleyball Nations League,VNL_MEN,other,NLD,ARG,56,75,0,3,team_b,Belgrade Arena,,True,fivb_vis,21476,,
fivb_vis:21477,2025-06-25,men,Volleyball Nations League,VNL_MEN,other,BGR,JPN,77,67,3,0,team_a,Arena Burgas,,True,fivb_vis,21477,,
fivb_vis:21478,2025-06-25,men,Volleyball Nations League,VNL_MEN,other,ITA,POL,109,98,3,2,team_a,Now Arena,,True,fivb_vis,21478,,
fivb_vis:21479,2025-06-25,men,Volleyball Nations League,VNL_MEN,other,SRB,IRN,88,98,1,3,team_b,Belgrade Arena,,True,fivb_vis,21479,,
fivb_vis:21480,2025-06-25,men,Volleyball Nations League,VNL_MEN,other,CAN,BRA,56,75,0,3,team_b,Now Arena,,True,fivb_vis,21480,,
fivb_vis:21481,2025-06-25,men,Volleyball Nations League,VNL_MEN,other,CHN,USA,99,105,2,3,team_b,Now Arena,,True,fivb_vis,21481,,
fivb_vis:21482,2025-06-26,men,Volleyball Nations League,VNL_MEN,other,FRA,JPN,103,106,2,3,team_b,Arena Burgas,,True,fivb_vis,21482,,
fivb_vis:21483,2025-06-26,men,Volleyball Nations League,VNL_MEN,other,NLD,DEU,93,100,1,3,team_b,Belgrade Arena,,True,fivb_vis,21483,,
fivb_vis:21484,2025-06-26,men,Volleyball Nations League,VNL_MEN,other,TUR,UKR,54,75,0,3,team_b,Arena Burgas,,True,fivb_vis,21484,,
fivb_vis:21485,2025-06-26,men,Volleyball Nations League,VNL_MEN,other,SRB,CUB,79,97,1,3,team_b,Belgrade Arena,,True,fivb_vis,21485,,
fivb_vis:21486,2025-06-26,men,Volleyball Nations League,VNL_MEN,other,BRA,CHN,75,61,3,0,team_a,Now Arena,,True,fivb_vis,21486,,
fivb_vis:21487,2025-06-26,men,Volleyball Nations League,VNL_MEN,other,CAN,USA,73,80,0,3,team_b,Now Arena,,True,fivb_vis,21487,,
fivb_vis:21488,2025-06-27,men,Volleyball Nations League,VNL_MEN,other,UKR,JPN,111,99,3,2,team_a,Arena Burgas,,True,fivb_vis,21488,,
fivb_vis:21489,2025-06-27,men,Volleyball Nations League,VNL_MEN,other,ARG,IRN,90,97,1,3,team_b,Belgrade Arena,,True,fivb_vis,21489,,
fivb_vis:21490,2025-06-27,men,Volleyball Nations League,VNL_MEN,other,BGR,SVN,93,91,3,1,team_a,Arena Burgas,,True,fivb_vis,21490,,
fivb_vis:21491,2025-06-27,men,Volleyball Nations League,VNL_MEN,other,NLD,CUB,92,101,1,3,team_b,Belgrade Arena,,True,fivb_vis,21491,,
fivb_vis:21492,2025-06-27,men,Volleyball Nations League,VNL_MEN,other,CHN,ITA,52,75,0,3,team_b,Now Arena,,True,fivb_vis,21492,,
fivb_vis:21493,2025-06-27,men,Volleyball Nations League,VNL_MEN,other,CAN,POL,110,109,2,3,team_b,Now Arena,,True,fivb_vis,21493,,
fivb_vis:21494,2025-06-28,men,Volleyball Nations League,VNL_MEN,other,SVN,FRA,73,79,0,3,team_b,Arena Burgas,,True,fivb_vis,21494,,
fivb_vis:21495,2025-06-28,men,Volleyball Nations League,VNL_MEN,other,DEU,IRN,99,93,3,1,team_a,Belgrade Arena,,True,fivb_vis,21495,,
fivb_vis:21496,2025-06-28,men,Volleyball Nations League,VNL_MEN,other,BGR,TUR,61,75,0,3,team_b,Arena Burgas,,True,fivb_vis,21496,,
fivb_vis:21497,2025-06-28,men,Volleyball Nations League,VNL_MEN,other,SRB,ARG,78,93,1,3,team_b,Belgrade Arena,,True,fivb_vis,21497,,
fivb_vis:21498,2025-06-28,men,Volleyball Nations League,VNL_MEN,other,BRA,ITA,111,116,3,2,team_a,Now Arena,,True,fivb_vis,21498,,
fivb_vis:21499,2025-06-28,men,Volleyball Nations League,VNL_MEN,other,USA,POL,63,75,0,3,team_b,Now Arena,,True,fivb_vis,21499,,
fivb_vis:21500,2025-06-29,men,Volleyball Nations League,VNL_MEN,other,SVN,JPN,56,77,0,3,team_b,Arena Burgas,,True,fivb_vis,21500,,
fivb_vis:21501,2025-06-29,men,Volleyball Nations League,VNL_MEN,other,IRN,NLD,108,97,3,2,team_a,Belgrade Arena,,True,fivb_vis,21501,,
fivb_vis:21502,2025-06-29,men,Volleyball Nations League,VNL_MEN,other,TUR,FRA,57,75,0,3,team_b,Arena Burgas,,True,fivb_vis,21502,,
fivb_vis:21503,2025-06-29,men,Volleyball Nations League,VNL_MEN,other,CUB,ARG,105,109,2,3,team_b,Belgrade Arena,,True,fivb_vis,21503,,
fivb_vis:21504,2025-06-29,men,Volleyball Nations League,VNL_MEN,other,BGR,UKR,90,96,1,3,team_b,Arena Burgas,,True,fivb_vis,21504,,
fivb_vis:21505,2025-06-29,men,Volleyball Nations League,VNL_MEN,other,CHN,CAN,66,75,0,3,team_b,Now Arena,,True,fivb_vis,21505,,
fivb_vis:21506,2025-06-29,men,Volleyball Nations League,VNL_MEN,other,DEU,SRB,98,83,3,1,team_a,Belgrade Arena,,True,fivb_vis,21506,,
fivb_vis:21507,2025-06-29,men,Volleyball Nations League,VNL_MEN,other,BRA,POL,99,93,3,1,team_a,Now Arena,,True,fivb_vis,21507,,
fivb_vis:21508,2025-06-29,men,Volleyball Nations League,VNL_MEN,other,USA,ITA,61,75,0,3,team_b,Now Arena,,True,fivb_vis,21508,,
fivb_vis:21509,2025-07-20,men,Volleyball Nations League,VNL_MEN,other,USA,JPN,63,75,0,3,team_b,Chiba Port Arena,,True,fivb_vis,21509,,
fivb_vis:21510,2025-07-16,men,Volleyball Nations League,VNL_MEN,other,ARG,BRA,88,99,1,3,team_b,Chiba Port Arena,,True,fivb_vis,21510,,
fivb_vis:21511,2025-07-16,men,Volleyball Nations League,VNL_MEN,other,TUR,USA,72,80,0,3,team_b,Chiba Port Arena,,True,fivb_vis,21511,,
fivb_vis:21512,2025-07-16,men,Volleyball Nations League,VNL_MEN,other,DEU,JPN,88,96,1,3,team_b,Chiba Port Arena,,True,fivb_vis,21512,,
fivb_vis:21513,2025-07-16,men,Volleyball Nations League,VNL_MEN,other,CHN,FRA,87,97,1,3,team_b,Ergo Arena,,True,fivb_vis,21513,,
fivb_vis:21514,2025-07-16,men,Volleyball Nations League,VNL_MEN,other,UKR,NLD,106,108,3,2,team_a,Arena Stožice Ljubljana,,True,fivb_vis,21514,,
fivb_vis:21515,2025-07-16,men,Volleyball Nations League,VNL_MEN,other,BGR,CUB,104,113,2,3,team_b,Ergo Arena,,True,fivb_vis,21515,,
fivb_vis:21516,2025-07-16,men,Volleyball Nations League,VNL_MEN,other,SRB,ITA,45,75,0,3,team_b,Arena Stožice Ljubljana,,True,fivb_vis,21516,,
fivb_vis:21517,2025-07-16,men,Volleyball Nations League,VNL_MEN,other,IRN,POL,95,109,2,3,team_b,Ergo Arena,,True,fivb_vis,21517,,
fivb_vis:21518,2025-07-16,men,Volleyball Nations League,VNL_MEN,other,CAN,SVN,86,96,1,3,team_b,Arena Stožice Ljubljana,,True,fivb_vis,21518,,
fivb_vis:21519,2025-07-17,men,Volleyball Nations League,VNL_MEN,other,TUR,DEU,102,102,3,1,team_a,Chiba Port Arena,,True,fivb_vis,21519,,
fivb_vis:21520,2025-07-17,men,Volleyball Nations League,VNL_MEN,other,ARG,JPN,107,111,2,3,team_b,Chiba Port Arena,,True,fivb_vis,21520,,
fivb_vis:21521,2025-07-17,men,Volleyball Nations League,VNL_MEN,other,CHN,IRN,64,78,0,3,team_b,Ergo Arena,,True,fivb_vis,21521,,
fivb_vis:21522,2025-07-17,men,Volleyball Nations League,VNL_MEN,other,UKR,ITA,95,104,2,3,team_b,Arena Stožice Ljubljana,,True,fivb_vis,21522,,
fivb_vis:21523,2025-07-17,men,Volleyball Nations League,VNL_MEN,other,CUB,POL,98,89,3,1,team_a,Ergo Arena,,True,fivb_vis,21523,,
fivb_vis:21524,2025-07-17,men,Volleyball Nations League,VNL_MEN,other,NLD,SVN,58,75,0,3,team_b,Arena Stožice Ljubljana,,True,fivb_vis,21524,,
fivb_vis:21525,2025-07-18,men,Volleyball Nations League,VNL_MEN,other,ARG,USA,91,95,1,3,team_b,Chiba Port Arena,,True,fivb_vis,21525,,
fivb_vis:21526,2025-07-18,men,Volleyball Nations League,VNL_MEN,other,BRA,JPN,78,70,3,0,team_a,Chiba Port Arena,,True,fivb_vis,21526,,
fivb_vis:21527,2025-07-18,men,Volleyball Nations League,VNL_MEN,other,CUB,FRA,95,108,2,3,team_b,Ergo Arena,,True,fivb_vis,21527,,
fivb_vis:21528,2025-07-18,men,Volleyball Nations League,VNL_MEN,other,UKR,SRB,58,75,0,3,team_b,Arena Stožice Ljubljana,,True,fivb_vis,21528,,
fivb_vis:21529,2025-07-18,men,Volleyball Nations League,VNL_MEN,other,CHN,BGR,63,76,0,3,team_b,Ergo Arena,,True,fivb_vis,21529,,
fivb_vis:21530,2025-07-18,men,Volleyball Nations League,VNL_MEN,other,NLD,CAN,57,75,0,3,team_b,Arena Stožice Ljubljana,,True,fivb_vis,21530,,
fivb_vis:21531,2025-07-19,men,Volleyball Nations League,VNL_MEN,other,TUR,BRA,93,98,1,3,team_b,Chiba Port Arena,,True,fivb_vis,21531,,
fivb_vis:21532,2025-07-19,men,Volleyball Nations League,VNL_MEN,other,DEU,USA,104,99,3,2,team_a,Chiba Port Arena,,True,fivb_vis,21532,,
fivb_vis:21533,2025-07-19,men,Volleyball Nations League,VNL_MEN,other,SRB,CAN,90,87,3,1,team_a,Arena Stožice Ljubljana,,True,fivb_vis,21533,,
fivb_vis:21534,2025-07-19,men,Volleyball Nations League,VNL_MEN,other,BGR,POL,109,110,3,2,team_a,Ergo Arena,,True,fivb_vis,21534,,
fivb_vis:21535,2025-07-19,men,Volleyball Nations League,VNL_MEN,other,IRN,FRA,64,77,0,3,team_b,Ergo Arena,,True,fivb_vis,21535,,
fivb_vis:21536,2025-07-19,men,Volleyball Nations League,VNL_MEN,other,SVN,ITA,65,75,0,3,team_b,Arena Stožice Ljubljana,,True,fivb_vis,21536,,
fivb_vis:21537,2025-07-20,men,Volleyball Nations League,VNL_MEN,other,TUR,ARG,105,102,2,3,team_b,Chiba Port Arena,,True,fivb_vis,21537,,
fivb_vis:21538,2025-07-20,men,Volleyball Nations League,VNL_MEN,other,DEU,BRA,89,96,1,3,team_b,Chiba Port Arena,,True,fivb_vis,21538,,
fivb_vis:21539,2025-07-20,men,Volleyball Nations League,VNL_MEN,other,UKR,CAN,98,106,1,3,team_b,Arena Stožice Ljubljana,,True,fivb_vis,21539,,
fivb_vis:21540,2025-07-20,men,Volleyball Nations League,VNL_MEN,other,CHN,CUB,104,112,3,2,team_a,Ergo Arena,,True,fivb_vis,21540,,
fivb_vis:21541,2025-07-20,men,Volleyball Nations League,VNL_MEN,other,NLD,ITA,54,75,0,3,team_b,Arena Stožice Ljubljana,,True,fivb_vis,21541,,
fivb_vis:21542,2025-07-20,men,Volleyball Nations League,VNL_MEN,other,BGR,IRN,50,75,0,3,team_b,Ergo Arena,,True,fivb_vis,21542,,
fivb_vis:21543,2025-07-20,men,Volleyball Nations League,VNL_MEN,other,FRA,POL,112,115,2,3,team_b,Ergo Arena,,True,fivb_vis,21543,,
fivb_vis:21544,2025-07-20,men,Volleyball Nations League,VNL_MEN,other,SRB,SVN,104,113,2,3,team_b,Arena Stožice Ljubljana,,True,fivb_vis,21544,,
fivb_vis:21545,2025-07-30,men,Volleyball Nations League,VNL_MEN,other,BRA,CHN,104,87,3,1,team_a,Ningbo Beilun Sports and Arts Center,,True,fivb_vis,21545,,
fivb_vis:21546,2025-07-31,men,Volleyball Nations League,VNL_MEN,other,JPN,POL,59,76,0,3,team_b,Ningbo Beilun Sports and Arts Center,,True,fivb_vis,21546,,
fivb_vis:21547,2025-07-30,men,Volleyball Nations League,VNL_MEN,other,ITA,CUB,95,83,3,1,team_a,Ningbo Beilun Sports and Arts Center,,True,fivb_vis,21547,,
fivb_vis:21548,2025-07-31,men,Volleyball Nations League,VNL_MEN,other,FRA,SVN,84,90,1,3,team_b,Ningbo Beilun Sports and Arts Center,,True,fivb_vis,21548,,
fivb_vis:21549,2025-08-02,men,Volleyball Nations League,VNL_MEN,other,BRA,POL,66,78,0,3,team_b,Ningbo Beilun Sports and Arts Center,,True,fivb_vis,21549,,
fivb_vis:21550,2025-08-02,men,Volleyball Nations League,VNL_MEN,other,ITA,SVN,97,86,3,1,team_a,Ningbo Beilun Sports and Arts Center,,True,fivb_vis,21550,,
fivb_vis:21551,2025-08-03,men,Volleyball Nations League,VNL_MEN,other,BRA,SVN,98,87,3,1,team_a,Ningbo Beilun Sports and Arts Center,,True,fivb_vis,21551,,
fivb_vis:21552,2025-08-03,men,Volleyball Nations League,VNL_MEN,other,POL,ITA,75,55,3,0,team_a,Ningbo Beilun Sports and Arts Center,,True,fivb_vis,21552,,
fivb_vis:21553,2025-06-04,women,Volleyball Nations League,VNL_WOMEN,other,FRA,TUR,69,98,1,3,team_b,National Indoor Stadium,,True,fivb_vis,21553,,
fivb_vis:21554,2025-06-04,women,Volleyball Nations League,VNL_WOMEN,other,THA,POL,68,76,0,3,team_b,National Indoor Stadium,,True,fivb_vis,21554,,
fivb_vis:21555,2025-06-04,women,Volleyball Nations League,VNL_WOMEN,other,CHN,BEL,77,56,3,0,team_a,National Indoor Stadium,,True,fivb_vis,21555,,
fivb_vis:21556,2025-06-04,women,Volleyball Nations League,VNL_WOMEN,other,NLD,JPN,48,75,0,3,team_b,TD Place,,True,fivb_vis,21556,,
fivb_vis:21557,2025-06-04,women,Volleyball Nations League,VNL_WOMEN,other,USA,ITA,54,80,0,3,team_b,Maracanãzinho,,True,fivb_vis,21557,,
fivb_vis:21558,2025-06-04,women,Volleyball Nations League,VNL_WOMEN,other,DOM,SRB,113,104,3,2,team_a,TD Place,,True,fivb_vis,21558,,
fivb_vis:21559,2025-06-04,women,Volleyball Nations League,VNL_WOMEN,other,CZE,BRA,58,75,0,3,team_b,Maracanãzinho,,True,fivb_vis,21559,,
fivb_vis:21560,2025-06-04,women,Volleyball Nations League,VNL_WOMEN,other,BGR,CAN,84,107,2,3,team_b,TD Place,,True,fivb_vis,21560,,
fivb_vis:21561,2025-06-04,women,Volleyball Nations League,VNL_WOMEN,other,KOR,DEU,53,75,0,3,team_b,Maracanãzinho,,True,fivb_vis,21561,,
fivb_vis:21562,2025-06-05,women,Volleyball Nations League,VNL_WOMEN,other,BEL,THA,99,93,3,1,team_a,National Indoor Stadium,,True,fivb_vis,21562,,
fivb_vis:21563,2025-06-05,women,Volleyball Nations League,VNL_WOMEN,other,CHN,POL,87,95,1,3,team_b,National Indoor Stadium,,True,fivb_vis,21563,,
fivb_vis:21564,2025-06-05,women,Volleyball Nations League,VNL_WOMEN,other,BGR,DOM,111,101,3,1,team_a,TD Place,,True,fivb_vis,21564,,
fivb_vis:21565,2025-06-05,women,Volleyball Nations League,VNL_WOMEN,other,DEU,ITA,82,107,2,3,team_b,Maracanãzinho,,True,fivb_vis,21565,,
fivb_vis:21566,2025-06-05,women,Volleyball Nations League,VNL_WOMEN,other,CAN,NLD,81,97,1,3,team_b,TD Place,,True,fivb_vis,21566,,
fivb_vis:21567,2025-06-05,women,Volleyball Nations League,VNL_WOMEN,other,USA,BRA,54,75,0,3,team_b,Maracanãzinho,,True,fivb_vis,21567,,
fivb_vis:21568,2025-06-06,women,Volleyball Nations League,VNL_WOMEN,other,FRA,BEL,88,79,3,1,team_a,National Indoor Stadium,,True,fivb_vis,21568,,
fivb_vis:21569,2025-06-06,women,Volleyball Nations League,VNL_WOMEN,other,TUR,THA,75,59,3,0,team_a,National Indoor Stadium,,True,fivb_vis,21569,,
fivb_vis:21570,2025-06-06,women,Volleyball Nations League,VNL_WOMEN,other,DOM,NLD,112,108,3,2,team_a,TD Place,,True,fivb_vis,21570,,
fivb_vis:21571,2025-06-06,women,Volleyball Nations League,VNL_WOMEN,other,KOR,ITA,43,75,0,3,team_b,Maracanãzinho,,True,fivb_vis,21571,,
fivb_vis:21572,2025-06-06,women,Volleyball Nations League,VNL_WOMEN,other,SRB,JPN,53,75,0,3,team_b,TD Place,,True,fivb_vis,21572,,
fivb_vis:21573,2025-06-06,women,Volleyball Nations League,VNL_WOMEN,other,CZE,USA,120,112,3,2,team_a,Maracanãzinho,,True,fivb_vis,21573,,
fivb_vis:21574,2025-06-07,women,Volleyball Nations League,VNL_WOMEN,other,TUR,POL,105,101,3,2,team_a,National Indoor Stadium,,True,fivb_vis,21574,,
fivb_vis:21575,2025-06-07,women,Volleyball Nations League,VNL_WOMEN,other,CHN,FRA,75,46,3,0,team_a,National Indoor Stadium,,True,fivb_vis,21575,,
fivb_vis:21576,2025-06-07,women,Volleyball Nations League,VNL_WOMEN,other,DEU,BRA,101,109,2,3,team_b,Maracanãzinho,,True,fivb_vis,21576,,
fivb_vis:21577,2025-06-07,women,Volleyball Nations League,VNL_WOMEN,other,KOR,CZE,85,103,2,3,team_b,Maracanãzinho,,True,fivb_vis,21577,,
fivb_vis:21578,2025-06-07,women,Volleyball Nations League,VNL_WOMEN,other,CAN,JPN,63,76,0,3,team_b,TD Place,,True,fivb_vis,21578,,
fivb_vis:21579,2025-06-07,women,Volleyball Nations League,VNL_WOMEN,other,BGR,SRB,89,100,3,2,team_a,TD Place,,True,fivb_vis,21579,,
fivb_vis:21580,2025-06-08,women,Volleyball Nations League,VNL_WOMEN,other,BEL,POL,51,77,0,3,team_b,National Indoor Stadium,,True,fivb_vis,21580,,
fivb_vis:21581,2025-06-08,women,Volleyball Nations League,VNL_WOMEN,other,FRA,THA,75,94,1,3,team_b,National Indoor Stadium,,True,fivb_vis,21581,,
fivb_vis:21582,2025-06-08,women,Volleyball Nations League,VNL_WOMEN,other,CHN,TUR,114,116,2,3,team_b,National Indoor Stadium,,True,fivb_vis,21582,,
fivb_vis:21583,2025-06-08,women,Volleyball Nations League,VNL_WOMEN,other,BRA,ITA,67,79,0,3,team_b,Maracanãzinho,,True,fivb_vis,21583,,
fivb_vis:21584,2025-06-08,women,Volleyball Nations League,VNL_WOMEN,other,DOM,JPN,49,75,0,3,team_b,TD Place,,True,fivb_vis,21584,,
fivb_vis:21585,2025-06-08,women,Volleyball Nations League,VNL_WOMEN,other,CZE,DEU,88,97,1,3,team_b,Maracanãzinho,,True,fivb_vis,21585,,
fivb_vis:21586,2025-06-08,women,Volleyball Nations League,VNL_WOMEN,other,BGR,NLD,60,75,0,3,team_b,TD Place,,True,fivb_vis,21586,,
fivb_vis:21587,2025-06-08,women,Volleyball Nations League,VNL_WOMEN,other,KOR,USA,56,78,0,3,team_b,Maracanãzinho,,True,fivb_vis,21587,,
fivb_vis:21588,2025-06-08,women,Volleyball Nations League,VNL_WOMEN,other,CAN,SRB,103,100,3,2,team_a,TD Place,,True,fivb_vis,21588,,
fivb_vis:21589,2025-06-18,women,Volleyball Nations League,VNL_WOMEN,other,BGR,ITA,72,98,1,3,team_b,Kai Tak Arena,,True,fivb_vis,21589,,
fivb_vis:21590,2025-06-18,women,Volleyball Nations League,VNL_WOMEN,other,THA,JPN,96,106,2,3,team_b,Kai Tak Arena,,True,fivb_vis,21590,,
fivb_vis:21591,2025-06-18,women,Volleyball Nations League,VNL_WOMEN,other,KOR,CAN,102,106,3,2,team_a,Sinan Erdem Dome,,True,fivb_vis,21591,,
fivb_vis:21592,2025-06-18,women,Volleyball Nations League,VNL_WOMEN,other,FRA,DEU,114,112,2,3,team_b,Belgrade Arena,,True,fivb_vis,21592,,
fivb_vis:21593,2025-06-18,women,Volleyball Nations League,VNL_WOMEN,other,CZE,CHN,89,102,1,3,team_b,Kai Tak Arena,,True,fivb_vis,21593,,
fivb_vis:21594,2025-06-18,women,Volleyball Nations League,VNL_WOMEN,other,BEL,BRA,79,99,1,3,team_b,Sinan Erdem Dome,,True,fivb_vis,21594,,
fivb_vis:21595,2025-06-18,women,Volleyball Nations League,VNL_WOMEN,other,NLD,POL,95,99,2,3,team_b,Belgrade Arena,,True,fivb_vis,21595,,
fivb_vis:21596,2025-06-18,women,Volleyball Nations League,VNL_WOMEN,other,DOM,TUR,70,80,0,3,team_b,Sinan Erdem Dome,,True,fivb_vis,21596,,
fivb_vis:21597,2025-06-18,women,Volleyball Nations League,VNL_WOMEN,other,SRB,USA,103,109,2,3,team_b,Belgrade Arena,,True,fivb_vis,21597,,
fivb_vis:21598,2025-06-19,women,Volleyball Nations League,VNL_WOMEN,other,THA,ITA,57,75,0,3,team_b,Kai Tak Arena,,True,fivb_vis,21598,,
fivb_vis:21599,2025-06-19,women,Volleyball Nations League,VNL_WOMEN,other,BGR,CHN,101,112,2,3,team_b,Kai Tak Arena,,True,fivb_vis,21599,,
fivb_vis:21600,2025-06-19,women,Volleyball Nations League,VNL_WOMEN,other,BEL,DOM,57,77,0,3,team_b,Sinan Erdem Dome,,True,fivb_vis,21600,,
fivb_vis:21601,2025-06-19,women,Volleyball Nations League,VNL_WOMEN,other,USA,POL,80,95,1,3,team_b,Belgrade Arena,,True,fivb_vis,21601,,
fivb_vis:21602,2025-06-19,women,Volleyball Nations League,VNL_WOMEN,other,CAN,TUR,58,76,0,3,team_b,Sinan Erdem Dome,,True,fivb_vis,21602,,
fivb_vis:21603,2025-06-19,women,Volleyball Nations League,VNL_WOMEN,other,DEU,SRB,98,85,3,1,team_a,Belgrade Arena,,True,fivb_vis,21603,,
fivb_vis:21604,2025-06-20,women,Volleyball Nations League,VNL_WOMEN,other,BGR,CZE,52,75,0,3,team_b,Kai Tak Arena,,True,fivb_vis,21604,,
fivb_vis:21605,2025-06-20,women,Volleyball Nations League,VNL_WOMEN,other,JPN,ITA,105,105,2,3,team_b,Kai Tak Arena,,True,fivb_vis,21605,,
fivb_vis:21606,2025-06-20,women,Volleyball Nations League,VNL_WOMEN,other,KOR,BEL,82,101,1,3,team_b,Sinan Erdem Dome,,True,fivb_vis,21606,,
fivb_vis:21607,2025-06-20,women,Volleyball Nations League,VNL_WOMEN,other,FRA,NLD,75,60,3,0,team_a,Belgrade Arena,,True,fivb_vis,21607,,
fivb_vis:21608,2025-06-20,women,Volleyball Nations League,VNL_WOMEN,other,CAN,BRA,66,75,0,3,team_b,Sinan Erdem Dome,,True,fivb_vis,21608,,
fivb_vis:21609,2025-06-20,women,Volleyball Nations League,VNL_WOMEN,other,DEU,POL,52,75,0,3,team_b,Belgrade Arena,,True,fivb_vis,21609,,
fivb_vis:21610,2025-06-21,women,Volleyball Nations League,VNL_WOMEN,other,CZE,THA,82,64,3,0,team_a,Kai Tak Arena,,True,fivb_vis,21610,,
fivb_vis:21611,2025-06-21,women,Volleyball Nations League,VNL_WOMEN,other,JPN,CHN,74,93,1,3,team_b,Kai Tak Arena,,True,fivb_vis,21611,,
fivb_vis:21612,2025-06-21,women,Volleyball Nations League,VNL_WOMEN,other,DOM,BRA,61,75,0,3,team_b,Sinan Erdem Dome,,True,fivb_vis,21612,,
fivb_vis:21613,2025-06-21,women,Volleyball Nations League,VNL_WOMEN,other,NLD,USA,59,75,0,3,team_b,Belgrade Arena,,True,fivb_vis,21613,,
fivb_vis:21614,2025-06-21,women,Volleyball Nations League,VNL_WOMEN,other,KOR,TUR,41,75,0,3,team_b,Sinan Erdem Dome,,True,fivb_vis,21614,,
fivb_vis:21615,2025-06-21,women,Volleyball Nations League,VNL_WOMEN,other,FRA,SRB,102,94,3,2,team_a,Belgrade Arena,,True,fivb_vis,21615,,
fivb_vis:21616,2025-06-22,women,Volleyball Nations League,VNL_WOMEN,other,BGR,THA,109,96,3,2,team_a,Kai Tak Arena,,True,fivb_vis,21616,,
fivb_vis:21617,2025-06-22,women,Volleyball Nations League,VNL_WOMEN,other,CZE,JPN,59,75,0,3,team_b,Kai Tak Arena,,True,fivb_vis,21617,,
fivb_vis:21618,2025-06-22,women,Volleyball Nations League,VNL_WOMEN,other,BEL,CAN,111,101,3,2,team_a,Sinan Erdem Dome,,True,fivb_vis,21618,,
fivb_vis:21619,2025-06-22,women,Volleyball Nations League,VNL_WOMEN,other,DEU,NLD,104,107,2,3,team_b,Belgrade Arena,,True,fivb_vis,21619,,
fivb_vis:21620,2025-06-22,women,Volleyball Nations League,VNL_WOMEN,other,CHN,ITA,62,82,0,3,team_b,Kai Tak Arena,,True,fivb_vis,21620,,
fivb_vis:21621,2025-06-22,women,Volleyball Nations League,VNL_WOMEN,other,KOR,DOM,101,104,2,3,team_b,Sinan Erdem Dome,,True,fivb_vis,21621,,
fivb_vis:21622,2025-06-22,women,Volleyball Nations League,VNL_WOMEN,other,FRA,USA,109,107,2,3,team_b,Belgrade Arena,,True,fivb_vis,21622,,
fivb_vis:21623,2025-06-22,women,Volleyball Nations League,VNL_WOMEN,other,TUR,BRA,81,98,1,3,team_b,Sinan Erdem Dome,,True,fivb_vis,21623,,
fivb_vis:21624,2025-06-22,women,Volleyball Nations League,VNL_WOMEN,other,SRB,POL,92,97,1,3,team_b,Belgrade Arena,,True,fivb_vis,21624,,
fivb_vis:21625,2025-07-09,women,Volleyball Nations League,VNL_WOMEN,other,CZE,SRB,91,100,1,3,team_b,Omnisport,,True,fivb_vis,21625,,
fivb_vis:21626,2025-07-09,women,Volleyball Nations League,VNL_WOMEN,other,ITA,BEL,75,52,3,0,team_a,Omnisport,,True,fivb_vis,21626,,
fivb_vis:21627,2025-07-09,women,Volleyball Nations League,VNL_WOMEN,other,DEU,CAN,112,107,3,2,team_a,College Park Centre,,True,fivb_vis,21627,,
fivb_vis:21628,2025-07-09,women,Volleyball Nations League,VNL_WOMEN,other,NLD,TUR,56,75,0,3,team_b,Omnisport,,True,fivb_vis,21628,,
fivb_vis:21629,2025-07-09,women,Volleyball Nations League,VNL_WOMEN,other,DOM,CHN,107,104,2,3,team_b,College Park Centre,,True,fivb_vis,21629,,
fivb_vis:21630,2025-07-09,women,Volleyball Nations League,VNL_WOMEN,other,THA,USA,91,101,1,3,team_b,College Park Centre,,True,fivb_vis,21630,,
fivb_vis:21631,2025-07-09,women,Volleyball Nations League,VNL_WOMEN,other,BGR,BRA,79,102,1,3,team_b,Chiba Port Arena,,True,fivb_vis,21631,,
fivb_vis:21632,2025-07-09,women,Volleyball Nations League,VNL_WOMEN,other,KOR,POL,84,96,1,3,team_b,Chiba Port Arena,,True,fivb_vis,21632,,
fivb_vis:21633,2025-07-09,women,Volleyball Nations League,VNL_WOMEN,other,FRA,JPN,58,75,0,3,team_b,Chiba Port Arena,,True,fivb_vis,21633,,
fivb_vis:21634,2025-07-10,women,Volleyball Nations League,VNL_WOMEN,other,ITA,SRB,76,61,3,0,team_a,Omnisport,,True,fivb_vis,21634,,
fivb_vis:21635,2025-07-10,women,Volleyball Nations League,VNL_WOMEN,other,BEL,NLD,93,98,1,3,team_b,Omnisport,,True,fivb_vis,21635,,
fivb_vis:21636,2025-07-10,women,Volleyball Nations League,VNL_WOMEN,other,THA,DEU,54,76,0,3,team_b,College Park Centre,,True,fivb_vis,21636,,
fivb_vis:21637,2025-07-10,women,Volleyball Nations League,VNL_WOMEN,other,DOM,USA,80,98,1,3,team_b,College Park Centre,,True,fivb_vis,21637,,
fivb_vis:21638,2025-07-10,women,Volleyball Nations League,VNL_WOMEN,other,FRA,BRA,103,105,2,3,team_b,Chiba Port Arena,,True,fivb_vis,21638,,
fivb_vis:21639,2025-07-10,women,Volleyball Nations League,VNL_WOMEN,other,KOR,JPN,68,77,0,3,team_b,Chiba Port Arena,,True,fivb_vis,21639,,
fivb_vis:21640,2025-07-11,women,Volleyball Nations League,VNL_WOMEN,other,BEL,SRB,59,76,0,3,team_b,Omnisport,,True,fivb_vis,21640,,
fivb_vis:21641,2025-07-11,women,Volleyball Nations League,VNL_WOMEN,other,CZE,TUR,79,88,3,1,team_a,Omnisport,,True,fivb_vis,21641,,
fivb_vis:21642,2025-07-11,women,Volleyball Nations League,VNL_WOMEN,other,THA,DOM,62,75,0,3,team_b,College Park Centre,,True,fivb_vis,21642,,
fivb_vis:21643,2025-07-11,women,Volleyball Nations League,VNL_WOMEN,other,CAN,CHN,85,97,1,3,team_b,College Park Centre,,True,fivb_vis,21643,,
fivb_vis:21644,2025-07-11,women,Volleyball Nations League,VNL_WOMEN,other,BGR,FRA,86,96,1,3,team_b,Chiba Port Arena,,True,fivb_vis,21644,,
fivb_vis:21645,2025-07-11,women,Volleyball Nations League,VNL_WOMEN,other,POL,BRA,90,96,1,3,team_b,Chiba Port Arena,,True,fivb_vis,21645,,
fivb_vis:21646,2025-07-12,women,Volleyball Nations League,VNL_WOMEN,other,CZE,NLD,102,102,2,3,team_b,Omnisport,,True,fivb_vis,21646,,
fivb_vis:21647,2025-07-12,women,Volleyball Nations League,VNL_WOMEN,other,TUR,ITA,100,107,2,3,team_b,Omnisport,,True,fivb_vis,21647,,
fivb_vis:21648,2025-07-12,women,Volleyball Nations League,VNL_WOMEN,other,DEU,CHN,105,114,2,3,team_b,College Park Centre,,True,fivb_vis,21648,,
fivb_vis:21649,2025-07-12,women,Volleyball Nations League,VNL_WOMEN,other,CAN,USA,112,113,2,3,team_b,College Park Centre,,True,fivb_vis,21649,,
fivb_vis:21650,2025-07-12,women,Volleyball Nations League,VNL_WOMEN,other,KOR,BGR,105,109,2,3,team_b,Chiba Port Arena,,True,fivb_vis,21650,,
fivb_vis:21651,2025-07-12,women,Volleyball Nations League,VNL_WOMEN,other,JPN,POL,98,91,3,1,team_a,Chiba Port Arena,,True,fivb_vis,21651,,
fivb_vis:21652,2025-07-13,women,Volleyball Nations League,VNL_WOMEN,other,CZE,BEL,86,94,1,3,team_b,Omnisport,,True,fivb_vis,21652,,
fivb_vis:21653,2025-07-13,women,Volleyball Nations League,VNL_WOMEN,other,KOR,FRA,57,75,0,3,team_b,Chiba Port Arena,,True,fivb_vis,21653,,
fivb_vis:21654,2025-07-13,women,Volleyball Nations League,VNL_WOMEN,other,NLD,ITA,67,78,0,3,team_b,Omnisport,,True,fivb_vis,21654,,
fivb_vis:21655,2025-07-13,women,Volleyball Nations League,VNL_WOMEN,other,DEU,DOM,96,79,3,1,team_a,College Park Centre,,True,fivb_vis,21655,,
fivb_vis:21656,2025-07-13,women,Volleyball Nations League,VNL_WOMEN,other,SRB,TUR,75,56,3,0,team_a,Omnisport,,True,fivb_vis,21656,,
fivb_vis:21657,2025-07-13,women,Volleyball Nations League,VNL_WOMEN,other,THA,CAN,114,110,2,3,team_b,College Park Centre,,True,fivb_vis,21657,,
fivb_vis:21658,2025-07-13,women,Volleyball Nations League,VNL_WOMEN,other,CHN,USA,105,103,3,2,team_a,College Park Centre,,True,fivb_vis,21658,,
fivb_vis:21659,2025-07-13,women,Volleyball Nations League,VNL_WOMEN,other,BGR,POL,49,75,0,3,team_b,Chiba Port Arena,,True,fivb_vis,21659,,
fivb_vis:21660,2025-07-13,women,Volleyball Nations League,VNL_WOMEN,other,JPN,BRA,55,75,0,3,team_b,Chiba Port Arena,,True,fivb_vis,21660,,
fivb_vis:21661,2025-07-23,women,Volleyball Nations League,VNL_WOMEN,other,ITA,USA,78,69,3,0,team_a,Atlas Arena,,True,fivb_vis,21661,,
fivb_vis:21662,2025-07-23,women,Volleyball Nations League,VNL_WOMEN,other,POL,CHN,101,101,3,2,team_a,Atlas Arena,,True,fivb_vis,21662,,
fivb_vis:21663,2025-07-24,women,Volleyball Nations League,VNL_WOMEN,other,BRA,DEU,76,57,3,0,team_a,Atlas Arena,,True,fivb_vis,21663,,
fivb_vis:21664,2025-07-24,women,Volleyball Nations League,VNL_WOMEN,other,JPN,TUR,103,100,3,2,team_a,Atlas Arena,,True,fivb_vis,21664,,
fivb_vis:21665,2025-07-26,women,Volleyball Nations League,VNL_WOMEN,other,ITA,POL,75,48,3,0,team_a,Atlas Arena,,True,fivb_vis,21665,,
fivb_vis:21666,2025-07-26,women,Volleyball Nations League,VNL_WOMEN,other,BRA,JPN,107,97,3,2,team_a,Atlas Arena,,True,fivb_vis,21666,,
fivb_vis:21667,2025-07-27,women,Volleyball Nations League,VNL_WOMEN,other,POL,JPN,99,80,3,1,team_a,Atlas Arena,,True,fivb_vis,21667,,
fivb_vis:21668,2025-07-27,women,Volleyball Nations League,VNL_WOMEN,other,ITA,BRA,97,87,3,1,team_a,Atlas Arena,,True,fivb_vis,21668,,
fivb_vis:1916,2009-07-17,women,World Championship,WCH_WOMEN,other,NLD,SVN,103,81,3,1,team_a,Topsport Centrum,,True,fivb_vis,1916,,
fivb_vis:1917,2009-07-17,women,World Championship,WCH_WOMEN,other,DEU,AZE,109,103,3,2,team_a,Topsport Centrum,,True,fivb_vis,1917,,
fivb_vis:1918,2009-07-18,women,World Championship,WCH_WOMEN,other,AZE,NLD,54,75,0,3,team_b,Topsport Centrum,,True,fivb_vis,1918,,
fivb_vis:1919,2009-07-18,women,World Championship,WCH_WOMEN,other,SVN,DEU,59,75,0,3,team_b,Topsport Centrum,,True,fivb_vis,1919,,
fivb_vis:1920,2009-07-19,women,World Championship,WCH_WOMEN,other,AZE,SVN,97,87,3,2,team_a,Topsport Centrum,,True,fivb_vis,1920,,
fivb_vis:1921,2009-07-19,women,World Championship,WCH_WOMEN,other,NLD,DEU,61,75,0,3,team_b,Topsport Centrum,,True,fivb_vis,1921,,
fivb_vis:1922,2009-04-15,women,World Championship,WCH_WOMEN,other,DMA,BMU,54,75,0,3,team_b,Omni Sport Hall,,True,fivb_vis,1922,,
fivb_vis:1923,2009-04-16,women,World Championship,WCH_WOMEN,other,VGB,KNA,32,75,0,3,team_b,Omni Sport Hall,,True,fivb_vis,1923,,
fivb_vis:1924,2009-04-16,women,World Championship,WCH_WOMEN,other,AIA,DMA,87,100,1,3,team_b,Omni Sport Hall,,True,fivb_vis,1924,,
fivb_vis:1925,2009-04-16,women,World Championship,WCH_WOMEN,other,KNA,BMU,49,75,0,3,team_b,Omni Sport Hall,,True,fivb_vis,1925,,
fivb_vis:1926,2009-04-17,women,World Championship,WCH_WOMEN,other,KNA,AIA,91,94,1,3,team_b,Omni Sport Hall,,True,fivb_vis,1926,,
fivb_vis:1927,2009-04-17,women,World Championship,WCH_WOMEN,other,VGB,BMU,29,75,0,3,team_b,Omni Sport Hall,,True,fivb_vis,1927,,
fivb_vis:1928,2009-04-18,women,World Championship,WCH_WOMEN,other,AIA,VGB,75,38,3,0,team_a,Omni Sport Hall,,True,fivb_vis,1928,,
fivb_vis:1929,2009-04-18,women,World Championship,WCH_WOMEN,other,KNA,DMA,75,52,3,0,team_a,Omni Sport Hall,,True,fivb_vis,1929,,
fivb_vis:1930,2009-04-19,women,World Championship,WCH_WOMEN,other,AIA,BMU,46,75,0,3,team_b,Omni Sport Hall,,True,fivb_vis,1930,,
fivb_vis:1931,2009-04-19,women,World Championship,WCH_WOMEN,other,VGB,DMA,30,75,0,3,team_b,Omni Sport Hall,,True,fivb_vis,1931,,
fivb_vis:23701,2025-07-18,women,NORCECA Championship,NORCECA_WOMEN,other,TTO,MEX,33,75,0,3,team_b,"Coliseo Juan Aubín Abreu ""Bincito""",,True,fivb_vis,23701,,
fivb_vis:23702,2025-07-18,women,NORCECA Championship,NORCECA_WOMEN,other,PRI,CRI,75,29,3,0,team_a,"Coliseo Juan Aubín Abreu ""Bincito""",,True,fivb_vis,23702,,
fivb_vis:23703,2025-07-19,women,NORCECA Championship,NORCECA_WOMEN,other,MEX,CRI,75,46,3,0,team_a,"Coliseo Juan Aubín Abreu ""Bincito""",,True,fivb_vis,23703,,
fivb_vis:23704,2025-07-19,women,NORCECA Championship,NORCECA_WOMEN,other,PRI,TTO,75,35,3,0,team_a,"Coliseo Juan Aubín Abreu ""Bincito""",,True,fivb_vis,23704,,
fivb_vis:23705,2025-07-20,women,NORCECA Championship,NORCECA_WOMEN,other,TTO,CRI,53,76,0,3,team_b,"Coliseo Juan Aubín Abreu ""Bincito""",,True,fivb_vis,23705,,
fivb_vis:23706,2025-07-20,women,NORCECA Championship,NORCECA_WOMEN,other,PRI,MEX,109,101,3,2,team_a,"Coliseo Juan Aubín Abreu ""Bincito""",,True,fivb_vis,23706,,
fivb_vis:1932,2009-03-27,women,World Championship,WCH_WOMEN,other,ATG,VCT,75,34,3,0,team_a,Beausejour Indoor Practice,,True,fivb_vis,1932,,
fivb_vis:1933,2009-03-27,women,World Championship,WCH_WOMEN,other,LCA,GRD,75,38,3,0,team_a,Beausejour Indoor Practice,,True,fivb_vis,1933,,
fivb_vis:1934,2009-03-28,women,World Championship,WCH_WOMEN,other,GRD,ATG,40,75,0,3,team_b,Beausejour Indoor Practice,,True,fivb_vis,1934,,
fivb_vis:1935,2009-03-28,women,World Championship,WCH_WOMEN,other,VCT,LCA,49,79,0,3,team_b,Beausejour Indoor Practice,,True,fivb_vis,1935,,
fivb_vis:1936,2009-03-29,women,World Championship,WCH_WOMEN,other,GRD,VCT,57,75,0,3,team_b,Beausejour Indoor Practice,,True,fivb_vis,1936,,
fivb_vis:1937,2009-03-29,women,World Championship,WCH_WOMEN,other,LCA,ATG,97,66,3,1,team_a,Beausejour Indoor Practice,,True,fivb_vis,1937,,
fivb_vis:23057,2025-05-29,men,Volleyball Nations League,VNL_MEN,other,IRN,IND,95,85,3,1,team_a,Samo,,True,fivb_vis,23057,,
fivb_vis:23058,2025-05-29,men,Volleyball Nations League,VNL_MEN,other,KGZ,KAZ,93,87,3,1,team_a,Samo,,True,fivb_vis,23058,,
fivb_vis:23059,2025-05-29,men,Volleyball Nations League,VNL_MEN,other,UZB,TKM,88,99,1,3,team_b,Samo,,True,fivb_vis,23059,,
fivb_vis:23060,2025-05-30,men,Volleyball Nations League,VNL_MEN,other,PAK,KGZ,75,47,3,0,team_a,Samo,,True,fivb_vis,23060,,
fivb_vis:23061,2025-05-30,men,Volleyball Nations League,VNL_MEN,other,TKM,IRN,99,105,1,3,team_b,Samo,,True,fivb_vis,23061,,
fivb_vis:23062,2025-05-30,men,Volleyball Nations League,VNL_MEN,other,UZB,IND,54,75,0,3,team_b,Samo,,True,fivb_vis,23062,,
fivb_vis:23063,2025-05-31,men,Volleyball Nations League,VNL_MEN,other,TKM,IND,89,100,1,3,team_b,Samo,,True,fivb_vis,23063,,
fivb_vis:23064,2025-05-31,men,Volleyball Nations League,VNL_MEN,other,PAK,KAZ,99,102,1,3,team_b,Samo,,True,fivb_vis,23064,,
fivb_vis:23065,2025-05-31,men,Volleyball Nations League,VNL_MEN,other,UZB,IRN,42,75,0,3,team_b,Samo,,True,fivb_vis,23065,,
fivb_vis:23066,2025-06-02,men,Volleyball Nations League,VNL_MEN,other,IRN,KAZ,80,58,3,0,team_a,Samo,,True,fivb_vis,23066,,
fivb_vis:23067,2025-06-02,men,Volleyball Nations League,VNL_MEN,other,IND,PAK,75,57,3,0,team_a,Samo,,True,fivb_vis,23067,,
fivb_vis:23068,2025-06-02,men,Volleyball Nations League,VNL_MEN,other,TKM,KGZ,99,105,2,3,team_b,Samo,,True,fivb_vis,23068,,
fivb_vis:23069,2025-06-03,men,Volleyball Nations League,VNL_MEN,other,IRN,PAK,99,90,3,1,team_a,Samo,,True,fivb_vis,23069,,
fivb_vis:23070,2025-06-03,men,Volleyball Nations League,VNL_MEN,other,IND,KAZ,108,108,3,2,team_a,Samo,,True,fivb_vis,23070,,
fivb_vis:23071,2025-06-03,men,Volleyball Nations League,VNL_MEN,other,KGZ,UZB,105,104,3,2,team_a,Samo,,True,fivb_vis,23071,,
fivb_vis:23072,2025-06-04,men,Volleyball Nations League,VNL_MEN,other,KGZ,TKM,60,76,0,3,team_b,Samo,,True,fivb_vis,23072,,
fivb_vis:23073,2025-06-04,men,Volleyball Nations League,VNL_MEN,other,KAZ,PAK,82,98,1,3,team_b,Samo,,True,fivb_vis,23073,,
fivb_vis:23074,2025-06-04,men,Volleyball Nations League,VNL_MEN,other,IRN,IND,75,56,3,0,team_a,Samo,,True,fivb_vis,23074,,
fivb_vis:1938,2009-06-02,women,World Championship,WCH_WOMEN,other,SUR,BMU,62,75,0,3,team_b,UWI Sport and Physical Education Centre,,True,fivb_vis,1938,,
fivb_vis:1939,2009-06-02,women,World Championship,WCH_WOMEN,other,ABW,VIR,57,79,0,3,team_b,UWI Sport and Physical Education Centre,,True,fivb_vis,1939,,
fivb_vis:1940,2009-06-03,women,World Championship,WCH_WOMEN,other,ANT,SUR,101,81,3,1,team_a,UWI Sport and Physical Education Centre,,True,fivb_vis,1940,,
fivb_vis:1941,2009-06-03,women,World Championship,WCH_WOMEN,other,TTO,VIR,75,43,3,0,team_a,UWI Sport and Physical Education Centre,,True,fivb_vis,1941,,
fivb_vis:1942,2009-06-04,women,World Championship,WCH_WOMEN,other,ANT,BMU,109,110,3,2,team_a,UWI Sport and Physical Education Centre,,True,fivb_vis,1942,,
fivb_vis:1943,2009-06-04,women,World Championship,WCH_WOMEN,other,TTO,ABW,75,29,3,0,team_a,UWI Sport and Physical Education Centre,,True,fivb_vis,1943,,
fivb_vis:1944,2009-06-05,women,World Championship,WCH_WOMEN,other,VIR,ANT,97,106,2,3,team_b,UWI Sport and Physical Education Centre,,True,fivb_vis,1944,,
fivb_vis:1945,2009-06-05,women,World Championship,WCH_WOMEN,other,TTO,BMU,75,39,3,0,team_a,UWI Sport and Physical Education Centre,,True,fivb_vis,1945,,
fivb_vis:1946,2009-06-06,women,World Championship,WCH_WOMEN,other,ABW,SUR,43,75,0,3,team_b,UWI Sport and Physical Education Centre,,True,fivb_vis,1946,,
fivb_vis:1947,2009-06-06,women,World Championship,WCH_WOMEN,other,VIR,BMU,90,102,3,2,team_a,UWI Sport and Physical Education Centre,,True,fivb_vis,1947,,
fivb_vis:1948,2009-06-06,women,World Championship,WCH_WOMEN,other,ANT,TTO,42,75,0,3,team_b,UWI Sport and Physical Education Centre,,True,fivb_vis,1948,,
fivb_vis:23931,2025-07-25,men,NORCECA Championship,NORCECA_MEN,other,DOM,PRI,65,76,0,3,team_b,Arena BUAP,,True,fivb_vis,23931,,
fivb_vis:23932,2025-07-25,men,NORCECA Championship,NORCECA_MEN,other,MEX,GTM,85,79,3,0,team_a,Arena BUAP,,True,fivb_vis,23932,,
fivb_vis:23933,2025-07-26,men,NORCECA Championship,NORCECA_MEN,other,PRI,GTM,75,56,3,0,team_a,Arena BUAP,,True,fivb_vis,23933,,
fivb_vis:23934,2025-07-26,men,NORCECA Championship,NORCECA_MEN,other,MEX,DOM,75,56,3,0,team_a,Arena BUAP,,True,fivb_vis,23934,,
fivb_vis:23935,2025-07-27,men,NORCECA Championship,NORCECA_MEN,other,DOM,GTM,95,88,3,1,team_a,Arena BUAP,,True,fivb_vis,23935,,
fivb_vis:23936,2025-07-27,men,NORCECA Championship,NORCECA_MEN,other,MEX,PRI,97,110,2,3,team_b,Arena BUAP,,True,fivb_vis,23936,,
fivb_vis:1949,2009-06-10,women,World Championship,WCH_WOMEN,other,JAM,LCA,75,59,3,0,team_a,Garfield Sobers Sports Complex,,True,fivb_vis,1949,,
fivb_vis:1950,2009-06-10,women,World Championship,WCH_WOMEN,other,BRB,HTI,76,52,3,0,team_a,Garfield Sobers Sports Complex,,True,fivb_vis,1950,,
fivb_vis:1951,2009-06-11,women,World Championship,WCH_WOMEN,other,BHS,HTI,109,105,3,2,team_a,Garfield Sobers Sports Complex,,True,fivb_vis,1951,,
fivb_vis:1952,2009-06-11,women,World Championship,WCH_WOMEN,other,CYM,LCA,55,75,0,3,team_b,Garfield Sobers Sports Complex,,True,fivb_vis,1952,,
fivb_vis:1953,2009-06-12,women,World Championship,WCH_WOMEN,other,JAM,CYM,75,41,3,0,team_a,Grafield Sobers Sports Complex,,True,fivb_vis,1953,,
fivb_vis:1954,2009-06-12,women,World Championship,WCH_WOMEN,other,BRB,BHS,111,99,3,2,team_a,Garfield Sobers Sports Complex,,True,fivb_vis,1954,,
fivb_vis:1955,2009-06-13,women,World Championship,WCH_WOMEN,other,HTI,CYM,75,48,3,0,team_a,Garfield Sobers Sport Complex,,True,fivb_vis,1955,,
fivb_vis:1956,2009-06-13,women,World Championship,WCH_WOMEN,other,JAM,BHS,75,45,3,0,team_a,Garfield Sobers Complex,,True,fivb_vis,1956,,
fivb_vis:1957,2009-06-13,women,World Championship,WCH_WOMEN,other,BRB,LCA,114,102,3,2,team_a,Garfield Sobers Sport Complex,,True,fivb_vis,1957,,
fivb_vis:1958,2009-06-14,women,World Championship,WCH_WOMEN,other,BHS,LCA,76,59,3,0,team_a,Garfield Sobers Complex,,True,fivb_vis,1958,,
fivb_vis:1959,2009-06-14,women,World Championship,WCH_WOMEN,other,JAM,BRB,95,110,2,3,team_b,Garfield Sobers Sports Complex,,True,fivb_vis,1959,,
fivb_vis:23801,2025-07-12,men,Asian Championship,ASIA_MEN,other,KAZ,HKG,75,55,3,0,team_a,Nakhon Pathom Gymnasium,,True,fivb_vis,23801,,
fivb_vis:23802,2025-07-12,men,Asian Championship,ASIA_MEN,other,IRN,IDN,97,89,3,1,team_a,Nakhon Pathom Gymnasium,,True,fivb_vis,23802,,
fivb_vis:23803,2025-07-12,men,Asian Championship,ASIA_MEN,other,AUS,CHN,56,77,0,3,team_b,Nakhon Pathom Gymnasium,,True,fivb_vis,23803,,
fivb_vis:23804,2025-07-12,men,Asian Championship,ASIA_MEN,other,THA,IND,62,75,0,3,team_b,Nakhon Pathom Gymnasium,,True,fivb_vis,23804,,
fivb_vis:23805,2025-07-12,men,Asian Championship,ASIA_MEN,other,TPE,SAU,75,54,3,0,team_a,Ratchaburi Gymnasium,,True,fivb_vis,23805,,
fivb_vis:23806,2025-07-12,men,Asian Championship,ASIA_MEN,other,PAK,KOR,75,43,3,0,team_a,Ratchaburi Gymnasium,,True,fivb_vis,23806,,
fivb_vis:23807,2025-07-12,men,Asian Championship,ASIA_MEN,other,UZB,ARE,75,0,3,0,team_a,Ratchaburi Gymnasium,,True,fivb_vis,23807,,
fivb_vis:23808,2025-07-12,men,Asian Championship,ASIA_MEN,other,JPN,MNG,75,53,3,0,team_a,Ratchaburi Gymnasium,,True,fivb_vis,23808,,
fivb_vis:23809,2025-07-13,men,Asian Championship,ASIA_MEN,other,IDN,KAZ,93,65,3,1,team_a,Nakhon Pathom Gymnasium,,True,fivb_vis,23809,,
fivb_vis:23810,2025-07-13,men,Asian Championship,ASIA_MEN,other,IND,AUS,75,51,3,0,team_a,Nakhon Pathom Gymnasium,,True,fivb_vis,23810,,
fivb_vis:23811,2025-07-13,men,Asian Championship,ASIA_MEN,other,IRN,HKG,75,52,3,0,team_a,Nakhon Pathom Gymnasium,,True,fivb_vis,23811,,
fivb_vis:23812,2025-07-13,men,Asian Championship,ASIA_MEN,other,THA,CHN,96,79,3,1,team_a,Nakhon Pathom Gymnasium,,True,fivb_vis,23812,,
fivb_vis:23813,2025-07-13,men,Asian Championship,ASIA_MEN,other,TPE,KOR,99,102,2,3,team_b,Ratchaburi Gymnasium,,True,fivb_vis,23813,,
fivb_vis:23814,2025-07-13,men,Asian Championship,ASIA_MEN,other,ARE,JPN,0,75,0,3,team_b,Ratchaburi Gymnasium,,True,fivb_vis,23814,,
fivb_vis:23815,2025-07-13,men,Asian Championship,ASIA_MEN,other,SAU,PAK,39,75,0,3,team_b,Ratchaburi Gymnasium,,True,fivb_vis,23815,,
fivb_vis:23816,2025-07-13,men,Asian Championship,ASIA_MEN,other,UZB,MNG,76,62,3,0,team_a,Ratchaburi Gymnasium,,True,fivb_vis,23816,,
fivb_vis:23817,2025-07-14,men,Asian Championship,ASIA_MEN,other,HKG,IDN,48,75,0,3,team_b,Nakhon Pathom Gymnasium,,True,fivb_vis,23817,,
fivb_vis:23818,2025-07-14,men,Asian Championship,ASIA_MEN,other,CHN,IND,57,76,0,3,team_b,Nakhon Pathom Gymnasium,,True,fivb_vis,23818,,
fivb_vis:23819,2025-07-14,men,Asian Championship,ASIA_MEN,other,IRN,KAZ,75,48,3,0,team_a,Nakhon Pathom Gymnasium,,True,fivb_vis,23819,,
fivb_vis:23820,2025-07-14,men,Asian Championship,ASIA_MEN,other,THA,AUS,75,43,3,0,team_a,Nakhon Pathom Gymnasium,,True,fivb_vis,23820,,
fivb_vis:23821,2025-07-14,men,Asian Championship,ASIA_MEN,other,KOR,SAU,75,30,3,0,team_a,Ratchaburi Gymnasium,,True,fivb_vis,23821,,
fivb_vis:23822,2025-07-14,men,Asian Championship,ASIA_MEN,other,MNG,ARE,75,0,3,0,team_a,Ratchaburi Gymnasium,,True,fivb_vis,23822,,
fivb_vis:23823,2025-07-14,men,Asian Championship,ASIA_MEN,other,TPE,PAK,54,76,0,3,team_b,Ratchaburi Gymnasium,,True,fivb_vis,23823,,
fivb_vis:23824,2025-07-14,men,Asian Championship,ASIA_MEN,other,UZB,JPN,51,75,0,3,team_b,Ratchaburi Gymnasium,,True,fivb_vis,23824,,
fivb_vis:23825,2025-07-16,men,Asian Championship,ASIA_MEN,other,CHN,ARE,75,0,3,0,team_a,Ratchaburi Gymnasium,,True,fivb_vis,23825,,
fivb_vis:23826,2025-07-16,men,Asian Championship,ASIA_MEN,other,MNG,AUS,75,57,3,0,team_a,Ratchaburi Gymnasium,,True,fivb_vis,23826,,
fivb_vis:23827,2025-07-16,men,Asian Championship,ASIA_MEN,other,KAZ,SAU,98,79,3,1,team_a,Ratchaburi Gymnasium,,True,fivb_vis,23827,,
fivb_vis:23828,2025-07-16,men,Asian Championship,ASIA_MEN,other,TPE,HKG,75,55,3,0,team_a,Ratchaburi Gymnasium,,True,fivb_vis,23828,,
fivb_vis:23829,2025-07-16,men,Asian Championship,ASIA_MEN,other,IRN,KOR,102,92,3,1,team_a,Nakhon Pathom Gymnasium,,True,fivb_vis,23829,,
fivb_vis:23830,2025-07-16,men,Asian Championship,ASIA_MEN,other,PAK,IDN,75,63,3,0,team_a,Nakhon Pathom Gymnasium,,True,fivb_vis,23830,,
fivb_vis:23831,2025-07-16,men,Asian Championship,ASIA_MEN,other,JPN,THA,75,57,3,0,team_a,Nakhon Pathom Gymnasium,,True,fivb_vis,23831,,
fivb_vis:23832,2025-07-16,men,Asian Championship,ASIA_MEN,other,IND,UZB,102,100,3,2,team_a,Nakhon Pathom Gymnasium,,True,fivb_vis,23832,,
fivb_vis:23833,2025-07-17,men,Asian Championship,ASIA_MEN,other,AUS,ARE,75,0,3,0,team_a,Ratchaburi Gymnasium,,True,fivb_vis,23833,,
fivb_vis:23834,2025-07-17,men,Asian Championship,ASIA_MEN,other,CHN,MNG,64,76,0,3,team_b,Ratchaburi Gymnasium,,True,fivb_vis,23834,,
fivb_vis:23835,2025-07-17,men,Asian Championship,ASIA_MEN,other,HKG,SAU,82,99,1,3,team_b,Ratchaburi Gymnasium,,True,fivb_vis,23835,,
fivb_vis:23836,2025-07-17,men,Asian Championship,ASIA_MEN,other,KAZ,TPE,53,75,0,3,team_b,Ratchaburi Gymnasium,,True,fivb_vis,23836,,
fivb_vis:23837,2025-07-17,men,Asian Championship,ASIA_MEN,other,IDN,KOR,97,102,2,3,team_b,Nakhon Pathom Gymnasium,,True,fivb_vis,23837,,
fivb_vis:23838,2025-07-17,men,Asian Championship,ASIA_MEN,other,IRN,PAK,96,103,1,3,team_b,Nakhon Pathom Gymnasium,,True,fivb_vis,23838,,
fivb_vis:23839,2025-07-17,men,Asian Championship,ASIA_MEN,other,THA,UZB,96,80,3,1,team_a,Nakhon Pathom Gymnasium,,True,fivb_vis,23839,,
fivb_vis:23840,2025-07-17,men,Asian Championship,ASIA_MEN,other,IND,JPN,75,98,1,3,team_b,Nakhon Pathom Gymnasium,,True,fivb_vis,23840,,
fivb_vis:23841,2025-07-18,men,Asian Championship,ASIA_MEN,other,AUS,HKG,99,106,3,2,team_a,Ratchaburi Gymnasium,,True,fivb_vis,23841,,
fivb_vis:23842,2025-07-18,men,Asian Championship,ASIA_MEN,other,SAU,ARE,75,0,3,0,team_a,Ratchaburi Gymnasium,,True,fivb_vis,23842,,
fivb_vis:23843,2025-07-18,men,Asian Championship,ASIA_MEN,other,MNG,KAZ,104,106,3,2,team_a,Ratchaburi Gymnasium,,True,fivb_vis,23843,,
fivb_vis:23844,2025-07-18,men,Asian Championship,ASIA_MEN,other,TPE,CHN,110,93,3,2,team_a,Ratchaburi Gymnasium,,True,fivb_vis,23844,,
fivb_vis:23845,2025-07-18,men,Asian Championship,ASIA_MEN,other,THA,IDN,104,98,2,3,team_b,Nakhon Pathom Gymnasium,,True,fivb_vis,23845,,
fivb_vis:23846,2025-07-18,men,Asian Championship,ASIA_MEN,other,KOR,UZB,98,106,2,3,team_b,Nakhon Pathom Gymnasium,,True,fivb_vis,23846,,
fivb_vis:23847,2025-07-18,men,Asian Championship,ASIA_MEN,other,JPN,IRN,61,75,0,3,team_b,Nakhon Pathom Gymnasium,,True,fivb_vis,23847,,
fivb_vis:23848,2025-07-18,men,Asian Championship,ASIA_MEN,other,PAK,IND,75,47,3,0,team_a,Nakhon Pathom Gymnasium,,True,fivb_vis,23848,,
fivb_vis:23849,2025-07-19,men,Asian Championship,ASIA_MEN,other,HKG,ARE,75,0,3,0,team_a,Ratchaburi Gymnasium,,True,fivb_vis,23849,,
fivb_vis:23850,2025-07-19,men,Asian Championship,ASIA_MEN,other,AUS,SAU,111,105,3,2,team_a,Ratchaburi Gymnasium,,True,fivb_vis,23850,,
fivb_vis:23851,2025-07-19,men,Asian Championship,ASIA_MEN,other,KAZ,CHN,95,111,2,3,team_b,Ratchaburi Gymnasium,,True,fivb_vis,23851,,
fivb_vis:23852,2025-07-19,men,Asian Championship,ASIA_MEN,other,MNG,TPE,74,99,1,3,team_b,Ratchaburi Gymnasium,,True,fivb_vis,23852,,
fivb_vis:23853,2025-07-19,men,Asian Championship,ASIA_MEN,other,THA,KOR,87,100,1,3,team_b,Nakhon Pathom Gymnasium,,True,fivb_vis,23853,,
fivb_vis:23854,2025-07-19,men,Asian Championship,ASIA_MEN,other,IDN,UZB,105,99,3,2,team_a,Nakhon Pathom Gymnasium,,True,fivb_vis,23854,,
fivb_vis:23855,2025-07-19,men,Asian Championship,ASIA_MEN,other,JPN,IND,104,95,2,3,team_b,Nakhon Pathom Gymnasium,,True,fivb_vis,23855,,
fivb_vis:23856,2025-07-19,men,Asian Championship,ASIA_MEN,other,IRN,PAK,109,113,2,3,team_b,Nakhon Pathom Gymnasium,,True,fivb_vis,23856,,
fivb_vis:25819,2025-11-01,women,Asian Championship,ASIA_WOMEN,other,JOR,LBN,75,0,3,0,team_a,Prince Hamza Arena,,True,fivb_vis,25819,,
fivb_vis:25820,2025-11-01,women,Asian Championship,ASIA_WOMEN,other,CHN,KOR,95,102,3,2,team_a,Prince Hamza Arena,,True,fivb_vis,25820,,
fivb_vis:25821,2025-11-01,women,Asian Championship,ASIA_WOMEN,other,KAZ,QAT,75,19,3,0,team_a,Prince Hamza Arena,,True,fivb_vis,25821,,
fivb_vis:25822,2025-11-01,women,Asian Championship,ASIA_WOMEN,other,UZB,HKG,80,98,1,3,team_b,Prince Hamza Arena,,True,fivb_vis,25822,,
fivb_vis:25823,2025-11-01,women,Asian Championship,ASIA_WOMEN,other,IRN,SAU,75,0,3,0,team_a,Princess Sumaya Hall,,True,fivb_vis,25823,,
fivb_vis:25824,2025-11-01,women,Asian Championship,ASIA_WOMEN,other,TPE,IND,75,0,3,0,team_a,Princess Sumaya Hall,,True,fivb_vis,25824,,
fivb_vis:25825,2025-11-01,women,Asian Championship,ASIA_WOMEN,other,THA,AUS,75,33,3,0,team_a,Princess Sumaya Hall,,True,fivb_vis,25825,,
fivb_vis:25826,2025-11-01,women,Asian Championship,ASIA_WOMEN,other,JPN,PHL,96,78,3,1,team_a,Princess Sumaya Hall,,True,fivb_vis,25826,,
fivb_vis:25827,2025-11-02,women,Asian Championship,ASIA_WOMEN,other,UZB,LBN,75,0,3,0,team_a,Prince Hamza Arena,,True,fivb_vis,25827,,
fivb_vis:25828,2025-11-02,women,Asian Championship,ASIA_WOMEN,other,KAZ,KOR,45,75,0,3,team_b,Prince Hamza Arena,,True,fivb_vis,25828,,
fivb_vis:25829,2025-11-02,women,Asian Championship,ASIA_WOMEN,other,CHN,QAT,75,13,3,0,team_a,Prince Hamza Arena,,True,fivb_vis,25829,,
fivb_vis:25830,2025-11-02,women,Asian Championship,ASIA_WOMEN,other,JOR,HKG,38,75,0,3,team_b,Prince Hamza Arena,,True,fivb_vis,25830,,
fivb_vis:25831,2025-11-02,women,Asian Championship,ASIA_WOMEN,other,JPN,SAU,75,0,3,0,team_a,Princess Sumaya Hall,,True,fivb_vis,25831,,
fivb_vis:25832,2025-11-02,women,Asian Championship,ASIA_WOMEN,other,THA,IND,75,29,3,0,team_a,Princess Sumaya Hall,,True,fivb_vis,25832,,
fivb_vis:25833,2025-11-02,women,Asian Championship,ASIA_WOMEN,other,TPE,AUS,75,48,3,0,team_a,Princess Sumaya Hall,,True,fivb_vis,25833,,
fivb_vis:25834,2025-11-02,women,Asian Championship,ASIA_WOMEN,other,IRN,PHL,65,75,0,3,team_b,Princess Sumaya Hall,,True,fivb_vis,25834,,
fivb_vis:25835,2025-11-03,women,Asian Championship,ASIA_WOMEN,other,LBN,HKG,0,75,0,3,team_b,Prince Hamza Arena,,True,fivb_vis,25835,,
fivb_vis:25836,2025-11-03,women,Asian Championship,ASIA_WOMEN,other,QAT,KOR,13,75,0,3,team_b,Prince Hamza Arena,,True,fivb_vis,25836,,
fivb_vis:25837,2025-11-03,women,Asian Championship,ASIA_WOMEN,other,CHN,KAZ,75,50,3,0,team_a,Prince Hamza Arena,,True,fivb_vis,25837,,
fivb_vis:25838,2025-11-03,women,Asian Championship,ASIA_WOMEN,other,JOR,UZB,48,75,0,3,team_b,Prince Hamza Arena,,True,fivb_vis,25838,,
fivb_vis:25839,2025-11-03,women,Asian Championship,ASIA_WOMEN,other,SAU,PHL,0,75,0,3,team_b,Princess Sumaya Hall,,True,fivb_vis,25839,,
fivb_vis:25840,2025-11-03,women,Asian Championship,ASIA_WOMEN,other,AUS,IND,75,50,3,0,team_a,Princess Sumaya Hall,,True,fivb_vis,25840,,
fivb_vis:25841,2025-11-03,women,Asian Championship,ASIA_WOMEN,other,TPE,THA,97,84,3,1,team_a,Princess Sumaya Hall,,True,fivb_vis,25841,,
fivb_vis:25842,2025-11-03,women,Asian Championship,ASIA_WOMEN,other,JPN,IRN,75,47,3,0,team_a,Princess Sumaya Hall,,True,fivb_vis,25842,,
fivb_vis:25843,2025-11-05,women,Asian Championship,ASIA_WOMEN,other,JOR,QAT,75,52,3,0,team_a,Princess Sumaya Hall,,True,fivb_vis,25843,,
fivb_vis:25844,2025-11-05,women,Asian Championship,ASIA_WOMEN,other,KAZ,LBN,75,0,3,0,team_a,Princess Sumaya Hall,,True,fivb_vis,25844,,
fivb_vis:25845,2025-11-05,women,Asian Championship,ASIA_WOMEN,other,IRN,IND,75,33,3,0,team_a,Princess Sumaya Hall,,True,fivb_vis,25845,,
fivb_vis:25846,2025-11-05,women,Asian Championship,ASIA_WOMEN,other,AUS,SAU,75,0,3,0,team_a,Princess Sumaya Hall,,True,fivb_vis,25846,,
fivb_vis:25847,2025-11-05,women,Asian Championship,ASIA_WOMEN,other,JPN,THA,75,54,3,0,team_a,Prince Hamza Arena,,True,fivb_vis,25847,,
fivb_vis:25848,2025-11-05,women,Asian Championship,ASIA_WOMEN,other,TPE,PHL,75,50,3,0,team_a,Prince Hamza Arena,,True,fivb_vis,25848,,
fivb_vis:25849,2025-11-05,women,Asian Championship,ASIA_WOMEN,other,CHN,UZB,75,28,3,0,team_a,Prince Hamza Arena,,True,fivb_vis,25849,,
fivb_vis:25850,2025-11-05,women,Asian Championship,ASIA_WOMEN,other,HKG,KOR,34,75,0,3,team_b,Prince Hamza Arena,,True,fivb_vis,25850,,
fivb_vis:25851,2025-11-06,women,Asian Championship,ASIA_WOMEN,other,LBN,QAT,0,75,0,3,team_b,Princess Sumaya Hall,,True,fivb_vis,25851,,
fivb_vis:25852,2025-11-06,women,Asian Championship,ASIA_WOMEN,other,JOR,KAZ,39,75,0,3,team_b,Princess Sumaya Hall,,True,fivb_vis,25852,,
fivb_vis:25853,2025-11-06,women,Asian Championship,ASIA_WOMEN,other,SAU,IND,0,75,0,3,team_b,Princess Sumaya Hall,,True,fivb_vis,25853,,
fivb_vis:25854,2025-11-06,women,Asian Championship,ASIA_WOMEN,other,IRN,AUS,105,105,3,2,team_a,Princess Sumaya Hall,,True,fivb_vis,25854,,
fivb_vis:25855,2025-11-06,women,Asian Championship,ASIA_WOMEN,other,PHL,THA,96,111,2,3,team_b,Prince Hamza Arena,,True,fivb_vis,25855,,
fivb_vis:25856,2025-11-06,women,Asian Championship,ASIA_WOMEN,other,JPN,TPE,110,104,3,2,team_a,Prince Hamza Arena,,True,fivb_vis,25856,,
fivb_vis:25857,2025-11-06,women,Asian Championship,ASIA_WOMEN,other,UZB,KOR,38,75,0,3,team_b,Prince Hamza Arena,,True,fivb_vis,25857,,
fivb_vis:25858,2025-11-06,women,Asian Championship,ASIA_WOMEN,other,HKG,CHN,43,75,0,3,team_b,Prince Hamza Arena,,True,fivb_vis,25858,,
fivb_vis:25859,2025-11-07,women,Asian Championship,ASIA_WOMEN,other,QAT,SAU,75,0,3,0,team_a,Princess Sumaya Hall,,True,fivb_vis,25859,,
fivb_vis:25860,2025-11-07,women,Asian Championship,ASIA_WOMEN,other,IND,LBN,75,0,3,0,team_a,Princess Sumaya Hall,,True,fivb_vis,25860,,
fivb_vis:25861,2025-11-07,women,Asian Championship,ASIA_WOMEN,other,KAZ,AUS,76,50,3,0,team_a,Princess Sumaya Hall,,True,fivb_vis,25861,,
fivb_vis:25862,2025-11-07,women,Asian Championship,ASIA_WOMEN,other,IRN,JOR,75,38,3,0,team_a,Princess Sumaya Hall,,True,fivb_vis,25862,,
fivb_vis:25863,2025-11-07,women,Asian Championship,ASIA_WOMEN,other,HKG,PHL,49,75,0,3,team_b,Prince Hamza Arena,,True,fivb_vis,25863,,
fivb_vis:25864,2025-11-07,women,Asian Championship,ASIA_WOMEN,other,THA,UZB,75,37,3,0,team_a,Prince Hamza Arena,,True,fivb_vis,25864,,
fivb_vis:25865,2025-11-07,women,Asian Championship,ASIA_WOMEN,other,CHN,TPE,88,95,1,3,team_b,Prince Hamza Arena,,True,fivb_vis,25865,,
fivb_vis:25866,2025-11-07,women,Asian Championship,ASIA_WOMEN,other,JPN,KOR,99,100,2,3,team_b,Prince Hamza Arena,,True,fivb_vis,25866,,
fivb_vis:25868,2025-11-08,women,Asian Championship,ASIA_WOMEN,other,QAT,IND,29,75,0,3,team_b,Princess Sumaya Hall,,True,fivb_vis,25868,,
fivb_vis:25869,2025-11-08,women,Asian Championship,ASIA_WOMEN,other,AUS,JOR,75,43,3,0,team_a,Princess Sumaya Hall,,True,fivb_vis,25869,,
fivb_vis:25870,2025-11-08,women,Asian Championship,ASIA_WOMEN,other,KAZ,IRN,75,53,3,0,team_a,Princess Sumaya Hall,,True,fivb_vis,25870,,
fivb_vis:25871,2025-11-08,women,Asian Championship,ASIA_WOMEN,other,HKG,UZB,78,90,1,3,team_b,Prince Hamza Arena,,True,fivb_vis,25871,,
fivb_vis:25872,2025-11-08,women,Asian Championship,ASIA_WOMEN,other,PHL,THA,94,90,3,1,team_a,Prince Hamza Arena,,True,fivb_vis,25872,,
fivb_vis:25873,2025-11-08,women,Asian Championship,ASIA_WOMEN,other,CHN,JPN,112,103,3,2,team_a,Prince Hamza Arena,,True,fivb_vis,25873,,
fivb_vis:25874,2025-11-08,women,Asian Championship,ASIA_WOMEN,other,TPE,KOR,98,110,2,3,team_b,Prince Hamza Arena,,True,fivb_vis,25874,,
fivb_vis:1960,2008-12-09,women,World Championship,WCH_WOMEN,other,GTM,HND,75,38,3,0,team_a,Gimnasio del Polideportivo España,,True,fivb_vis,1960,,
fivb_vis:1961,2008-12-09,women,World Championship,WCH_WOMEN,other,BLZ,SLV,53,75,0,3,team_b,Gimnasio del Polideportivo España,,True,fivb_vis,1961,,
fivb_vis:1962,2008-12-09,women,World Championship,WCH_WOMEN,other,PAN,NIC,45,75,0,3,team_b,Gimnasio del Polideportivo España,,True,fivb_vis,1962,,
fivb_vis:1963,2008-12-10,women,World Championship,WCH_WOMEN,other,HND,SLV,59,75,0,3,team_b,Gimnasio del Polideportivo España,,True,fivb_vis,1963,,
fivb_vis:1964,2008-12-10,women,World Championship,WCH_WOMEN,other,GTM,PAN,75,52,3,0,team_a,Gimnasio del Polideportivo España,,True,fivb_vis,1964,,
fivb_vis:1965,2008-12-10,women,World Championship,WCH_WOMEN,other,NIC,BLZ,75,38,3,0,team_a,Gimnasio del Polideportivo España,,True,fivb_vis,1965,,
fivb_vis:1966,2008-12-11,women,World Championship,WCH_WOMEN,other,BLZ,GTM,48,75,0,3,team_b,Gimnasio del Polideportivo España,,True,fivb_vis,1966,,
fivb_vis:1967,2008-12-11,women,World Championship,WCH_WOMEN,other,PAN,HND,99,78,3,1,team_a,Gimnasio del Polideportivo España,,True,fivb_vis,1967,,
fivb_vis:1968,2008-12-11,women,World Championship,WCH_WOMEN,other,SLV,NIC,45,75,0,3,team_b,Gimnasio del Polideportivo España,,True,fivb_vis,1968,,
fivb_vis:1969,2008-12-12,women,World Championship,WCH_WOMEN,other,PAN,BLZ,75,50,3,0,team_a,Gimnasio del Polideportivo España,,True,fivb_vis,1969,,
fivb_vis:1970,2008-12-12,women,World Championship,WCH_WOMEN,other,GTM,SLV,75,55,3,0,team_a,Gimnasio del Polideportivo España,,True,fivb_vis,1970,,
fivb_vis:1971,2008-12-12,women,World Championship,WCH_WOMEN,other,HND,NIC,37,75,0,3,team_b,Gimnasio del Polideportivo España,,True,fivb_vis,1971,,
fivb_vis:1972,2008-12-13,women,World Championship,WCH_WOMEN,other,SLV,PAN,57,76,0,3,team_b,Gimnasio del Polideportivo España,,True,fivb_vis,1972,,
fivb_vis:1973,2008-12-13,women,World Championship,WCH_WOMEN,other,BLZ,HND,81,94,1,3,team_b,Gimnasio del Polideportivo España,,True,fivb_vis,1973,,
fivb_vis:1974,2008-12-13,women,World Championship,WCH_WOMEN,other,NIC,GTM,90,87,1,3,team_b,Gimnasio del Polideportivo España,,True,fivb_vis,1974,,
fivb_vis:1975,2009-06-21,women,World Championship,WCH_WOMEN,other,TTO,GTM,75,55,3,0,team_a,Coliseo de Ciudad Deportiva,,True,fivb_vis,1975,,
fivb_vis:1976,2009-06-21,women,World Championship,WCH_WOMEN,other,CUB,NIC,75,38,3,0,team_a,Coliseo de Ciudad Deportiva,,True,fivb_vis,1976,,
fivb_vis:1977,2009-06-22,women,World Championship,WCH_WOMEN,other,GTM,NIC,73,99,1,3,team_b,Coliseo de Ciudad Deportiva,,True,fivb_vis,1977,,
fivb_vis:1978,2009-06-22,women,World Championship,WCH_WOMEN,other,TTO,CUB,46,75,0,3,team_b,Coliseo de Ciudad Deportiva,,True,fivb_vis,1978,,
fivb_vis:1979,2009-06-23,women,World Championship,WCH_WOMEN,other,NIC,TTO,74,99,1,3,team_b,Coliseo de Ciudad Deportiva,,True,fivb_vis,1979,,
fivb_vis:1980,2009-06-23,women,World Championship,WCH_WOMEN,other,CUB,GTM,75,41,3,0,team_a,Coliseo de Ciudad Deportiva,,True,fivb_vis,1980,,
fivb_vis:1981,2009-07-06,women,World Championship,WCH_WOMEN,other,CRI,BRB,75,53,3,0,team_a,UCF Arena,,True,fivb_vis,1981,,
fivb_vis:1982,2009-07-06,women,World Championship,WCH_WOMEN,other,USA,ANT,75,24,3,0,team_a,UCF Arena,,True,fivb_vis,1982,,
fivb_vis:1983,2009-07-07,women,World Championship,WCH_WOMEN,other,ANT,CRI,48,75,0,3,team_b,UCF Arena,,True,fivb_vis,1983,,
fivb_vis:1984,2009-07-07,women,World Championship,WCH_WOMEN,other,BRB,USA,29,75,0,3,team_b,UCF Arena,,True,fivb_vis,1984,,
fivb_vis:1985,2009-07-08,women,World Championship,WCH_WOMEN,other,BRB,ANT,111,109,2,3,team_b,UCF Arena,,True,fivb_vis,1985,,
fivb_vis:1986,2009-07-08,women,World Championship,WCH_WOMEN,other,USA,CRI,75,39,3,0,team_a,UCF Arena,,True,fivb_vis,1986,,
fivb_vis:1987,2009-06-12,women,World Championship,WCH_WOMEN,other,MEX,PAN,92,73,3,1,team_a,"Arena del Cibao, Oscar Gobaira",,True,fivb_vis,1987,,
fivb_vis:1988,2009-06-12,women,World Championship,WCH_WOMEN,other,DOM,VIR,75,35,3,0,team_a,Palacio de los Deportes Oscar Gobaira,,True,fivb_vis,1988,,
fivb_vis:1989,2009-06-13,women,World Championship,WCH_WOMEN,other,VIR,MEX,43,75,0,3,team_b,"Arena del Cibao, Dr. Oscar Gobaira",,True,fivb_vis,1989,,
fivb_vis:1990,2009-06-13,women,World Championship,WCH_WOMEN,other,PAN,DOM,28,75,0,3,team_b,"Arena del Cibao, Dr. Oscar Gobaira",,True,fivb_vis,1990,,
fivb_vis:1991,2009-06-14,women,World Championship,WCH_WOMEN,other,VIR,PAN,96,107,3,2,team_a,Arena del Cibao Dr. Oscar Gobaira,,True,fivb_vis,1991,,
fivb_vis:1992,2009-06-14,women,World Championship,WCH_WOMEN,other,DOM,MEX,75,40,3,0,team_a,Palacio de los Deportes Oscar Gobaira,,True,fivb_vis,1992,,
fivb_vis:1993,2009-07-07,women,World Championship,WCH_WOMEN,other,CAN,JAM,76,51,3,0,team_a,Hector Sola Bezares Coliseum,,True,fivb_vis,1993,,
fivb_vis:1994,2009-07-07,women,World Championship,WCH_WOMEN,other,PRI,BHS,75,32,3,0,team_a,Hector Sola Bezares Coliseum,,True,fivb_vis,1994,,
fivb_vis:1995,2009-07-08,women,World Championship,WCH_WOMEN,other,BHS,CAN,25,75,0,3,team_b,Hector Sola Bezares Coliseum,,True,fivb_vis,1995,,
fivb_vis:1996,2009-07-08,women,World Championship,WCH_WOMEN,other,JAM,PRI,43,75,0,3,team_b,Hector Sola Bezares Coliseum,,True,fivb_vis,1996,,
fivb_vis:1997,2009-07-09,women,World Championship,WCH_WOMEN,other,BHS,JAM,68,75,0,3,team_b,Hector Sola Bezares Coliseum,,True,fivb_vis,1997,,
fivb_vis:1998,2009-07-09,women,World Championship,WCH_WOMEN,other,PRI,CAN,75,58,3,0,team_a,Hector Sola Bezares Coliseum,,True,fivb_vis,1998,,
fivb_vis:1999,2009-08-28,women,World Championship,WCH_WOMEN,other,CAN,CRI,75,59,3,0,team_a,Gimnasio de Usos Multiples del CAR,,True,fivb_vis,1999,,
fivb_vis:2000,2009-08-28,women,World Championship,WCH_WOMEN,other,MEX,TTO,75,58,3,0,team_a,Gimnasio de Usos Multiples del CAR,,True,fivb_vis,2000,,
fivb_vis:2001,2009-08-29,women,World Championship,WCH_WOMEN,other,TTO,CAN,55,75,0,3,team_b,Gimnasio de Usos Multiples del CAR,,True,fivb_vis,2001,,
fivb_vis:2002,2009-08-29,women,World Championship,WCH_WOMEN,other,CRI,MEX,97,85,3,1,team_a,Gimansio de Usos Multiples del CAR,,True,fivb_vis,2002,,
fivb_vis:2003,2009-08-30,women,World Championship,WCH_WOMEN,other,CRI,TTO,75,51,3,0,team_a,Gimnasio de Usos Multiples del CAR,,True,fivb_vis,2003,,
fivb_vis:2004,2009-08-30,women,World Championship,WCH_WOMEN,other,MEX,CAN,93,107,2,3,team_b,Gimnasio de Usos Multiples del CAR,,True,fivb_vis,2004,,
fivb_vis:2005,2009-05-31,women,World Championship,WCH_WOMEN,other,URY,CHL,75,45,3,0,team_a,Centro Cultural y Deportivo,,True,fivb_vis,2005,,
fivb_vis:2006,2009-05-31,women,World Championship,WCH_WOMEN,other,ARG,BOL,75,23,3,0,team_a,Centro Cultural y Deportivo,,True,fivb_vis,2006,,
fivb_vis:2007,2009-05-31,women,World Championship,WCH_WOMEN,other,VEN,COL,94,84,3,1,team_a,Centro Cultural y Deportivo,,True,fivb_vis,2007,,
fivb_vis:2008,2009-06-01,women,World Championship,WCH_WOMEN,other,VEN,CHL,75,56,3,0,team_a,Centro Cultural y Deportivo,,True,fivb_vis,2008,,
fivb_vis:2009,2009-06-01,women,World Championship,WCH_WOMEN,other,BOL,URY,62,99,1,3,team_b,Centro Cultural y Deportivo,,True,fivb_vis,2009,,
fivb_vis:2010,2009-06-01,women,World Championship,WCH_WOMEN,other,ARG,COL,75,48,3,0,team_a,Centro Cultural y Deportivo,,True,fivb_vis,2010,,
fivb_vis:2011,2009-06-02,women,World Championship,WCH_WOMEN,other,VEN,URY,95,81,3,1,team_a,Centro Cultural y Deportivo,,True,fivb_vis,2011,,
fivb_vis:2012,2009-06-02,women,World Championship,WCH_WOMEN,other,COL,BOL,75,46,3,0,team_a,Centro Cultural y Deportivo,,True,fivb_vis,2012,,
fivb_vis:2013,2009-06-02,women,World Championship,WCH_WOMEN,other,ARG,CHL,75,42,3,0,team_a,Centro Cultural y Deportivo,,True,fivb_vis,2013,,
fivb_vis:2014,2009-06-03,women,World Championship,WCH_WOMEN,other,VEN,BOL,75,38,3,0,team_a,Centro Cultural y Deportivo,,True,fivb_vis,2014,,
fivb_vis:2015,2009-06-03,women,World Championship,WCH_WOMEN,other,COL,CHL,75,50,3,0,team_a,Centro Cultural y Deportivo,,True,fivb_vis,2015,,
fivb_vis:2016,2009-06-03,women,World Championship,WCH_WOMEN,other,ARG,URY,79,52,3,0,team_a,Centro Cultural y Deportivo,,True,fivb_vis,2016,,
fivb_vis:2017,2009-06-04,women,World Championship,WCH_WOMEN,other,CHL,BOL,75,54,3,0,team_a,Centro Cultural y Deportivo,,True,fivb_vis,2017,,
fivb_vis:2018,2009-06-04,women,World Championship,WCH_WOMEN,other,COL,URY,104,100,3,2,team_a,Centro Cultural y Deportivo,,True,fivb_vis,2018,,
fivb_vis:2019,2009-06-04,women,World Championship,WCH_WOMEN,other,ARG,VEN,75,55,3,0,team_a,Centro Cultural y Deportivo,,True,fivb_vis,2019,,
fivb_vis:26434,2026-06-10,men,Volleyball Nations League,VNL_MEN,other,CUB,POL,57,75,0,3,team_b,Linyi Olympic Sports Park Gymnasium,,True,fivb_vis,26434,,
fivb_vis:26435,2026-06-10,men,Volleyball Nations League,VNL_MEN,other,CHN,SVN,100,105,2,3,team_b,Linyi Olympic Sports Park Gymnasium,,True,fivb_vis,26435,,
fivb_vis:26436,2026-06-10,men,Volleyball Nations League,VNL_MEN,other,UKR,JPN,65,75,0,3,team_b,Linyi Olympic Sports Park Gymnasium,,True,fivb_vis,26436,,
fivb_vis:26437,2026-06-10,men,Volleyball Nations League,VNL_MEN,other,TUR,USA,88,95,1,3,team_b,TD Place,,True,fivb_vis,26437,,
fivb_vis:26438,2026-06-10,men,Volleyball Nations League,VNL_MEN,other,BEL,BGR,97,96,3,1,team_a,Arena Nilson Nelson,,True,fivb_vis,26438,,
fivb_vis:26439,2026-06-10,men,Volleyball Nations League,VNL_MEN,other,SRB,ARG,101,94,3,1,team_a,Arena Nilson Nelson,,True,fivb_vis,26439,,
fivb_vis:26440,2026-06-10,men,Volleyball Nations League,VNL_MEN,other,FRA,ITA,112,114,3,2,team_a,TD Place,,True,fivb_vis,26440,,
fivb_vis:26441,2026-06-10,men,Volleyball Nations League,VNL_MEN,other,BRA,IRN,98,84,3,1,team_a,Arena Nilson Nelson,,True,fivb_vis,26441,,
fivb_vis:26442,2026-06-10,men,Volleyball Nations League,VNL_MEN,other,CAN,DEU,104,109,2,3,team_b,TD Place,,True,fivb_vis,26442,,
fivb_vis:26443,2026-06-11,men,Volleyball Nations League,VNL_MEN,other,CHN,UKR,84,96,1,3,team_b,Linyi Olympic Sports Park Gymnasium,,True,fivb_vis,26443,,
fivb_vis:26444,2026-06-11,men,Volleyball Nations League,VNL_MEN,other,SVN,POL,116,116,3,2,team_a,Linyi Olympic Sports Park Gymnasium,,True,fivb_vis,26444,,
fivb_vis:26445,2026-06-11,men,Volleyball Nations League,VNL_MEN,other,BGR,IRN,75,63,3,0,team_a,Arena Nilson Nelson,,True,fivb_vis,26445,,
fivb_vis:26446,2026-06-11,men,Volleyball Nations League,VNL_MEN,other,DEU,ITA,97,103,1,3,team_b,TD Place,,True,fivb_vis,26446,,
fivb_vis:26447,2026-06-11,men,Volleyball Nations League,VNL_MEN,other,BRA,BEL,98,79,3,1,team_a,Arena Nilson Nelson,,True,fivb_vis,26447,,
fivb_vis:26448,2026-06-11,men,Volleyball Nations League,VNL_MEN,other,CAN,FRA,98,88,3,1,team_a,TD Place,,True,fivb_vis,26448,,
fivb_vis:26449,2026-06-12,men,Volleyball Nations League,VNL_MEN,other,UKR,CUB,75,57,3,0,team_a,Linyi Olympic Sports Park Gymnasium,,True,fivb_vis,26449,,
fivb_vis:26450,2026-06-12,men,Volleyball Nations League,VNL_MEN,other,JPN,POL,110,107,3,2,team_a,Linyi Olympic Sports Park Gymnasium,,True,fivb_vis,26450,,
fivb_vis:26451,2026-06-12,men,Volleyball Nations League,VNL_MEN,other,BEL,SRB,87,99,1,3,team_b,Arena Nilson Nelson,,True,fivb_vis,26451,,
fivb_vis:26452,2026-06-12,men,Volleyball Nations League,VNL_MEN,other,DEU,USA,57,75,0,3,team_b,TD Place,,True,fivb_vis,26452,,
fivb_vis:26453,2026-06-12,men,Volleyball Nations League,VNL_MEN,other,IRN,ARG,75,65,3,0,team_a,Arena Nilson Nelson,,True,fivb_vis,26453,,
fivb_vis:26454,2026-06-12,men,Volleyball Nations League,VNL_MEN,other,TUR,FRA,77,69,3,0,team_a,TD Place,,True,fivb_vis,26454,,
fivb_vis:26455,2026-06-13,men,Volleyball Nations League,VNL_MEN,other,CHN,JPN,91,95,1,3,team_b,Linyi Olympic Sports Park Gymnasium,,True,fivb_vis,26455,,
fivb_vis:26456,2026-06-13,men,Volleyball Nations League,VNL_MEN,other,CUB,SVN,93,110,2,3,team_b,Linyi Olympic Sports Park Gymnasium,,True,fivb_vis,26456,,
fivb_vis:26457,2026-06-13,men,Volleyball Nations League,VNL_MEN,other,BRA,SRB,75,62,3,0,team_a,Arena Nilson Nelson,,True,fivb_vis,26457,,
fivb_vis:26458,2026-06-13,men,Volleyball Nations League,VNL_MEN,other,BGR,ARG,98,86,3,1,team_a,Arena Nilson Nelson,,True,fivb_vis,26458,,
fivb_vis:26459,2026-06-13,men,Volleyball Nations League,VNL_MEN,other,CAN,USA,116,119,2,3,team_b,TD Place,,True,fivb_vis,26459,,
fivb_vis:26460,2026-06-13,men,Volleyball Nations League,VNL_MEN,other,TUR,ITA,61,79,0,3,team_b,TD Place,,True,fivb_vis,26460,,
fivb_vis:26461,2026-06-14,men,Volleyball Nations League,VNL_MEN,other,UKR,POL,104,102,2,3,team_b,Linyi Olympic Sports Park Gymnasium,,True,fivb_vis,26461,,
fivb_vis:26462,2026-06-14,men,Volleyball Nations League,VNL_MEN,other,CHN,CUB,75,63,3,0,team_a,Linyi Olympic Sports Park Gymnasium,,True,fivb_vis,26462,,
fivb_vis:26463,2026-06-14,men,Volleyball Nations League,VNL_MEN,other,SVN,JPN,87,100,1,3,team_b,Linyi Olympic Sports Park Gymnasium,,True,fivb_vis,26463,,
fivb_vis:26464,2026-06-14,men,Volleyball Nations League,VNL_MEN,other,BEL,IRN,105,107,3,2,team_a,Arena Nilson Nelson,,True,fivb_vis,26464,,
fivb_vis:26465,2026-06-14,men,Volleyball Nations League,VNL_MEN,other,DEU,FRA,109,105,3,1,team_a,TD Place,,True,fivb_vis,26465,,
fivb_vis:26466,2026-06-14,men,Volleyball Nations League,VNL_MEN,other,BGR,SRB,73,80,0,3,team_b,Arena Nilson Nelson,,True,fivb_vis,26466,,
fivb_vis:26467,2026-06-14,men,Volleyball Nations League,VNL_MEN,other,CAN,TUR,102,96,2,3,team_b,TD Place,,True,fivb_vis,26467,,
fivb_vis:26468,2026-06-14,men,Volleyball Nations League,VNL_MEN,other,BRA,ARG,107,102,3,2,team_a,Arena Nilson Nelson,,True,fivb_vis,26468,,
fivb_vis:26469,2026-06-14,men,Volleyball Nations League,VNL_MEN,other,USA,ITA,97,98,2,3,team_b,TD Place,,True,fivb_vis,26469,,
fivb_vis:26470,2026-06-24,men,Volleyball Nations League,VNL_MEN,other,CHN,TUR,56,75,0,3,team_b,PreZero Arena,,True,fivb_vis,26470,,
fivb_vis:26471,2026-06-24,men,Volleyball Nations League,VNL_MEN,other,BGR,ITA,102,102,3,2,team_a,Arena Stožice Ljubljana,,True,fivb_vis,26471,,
fivb_vis:26472,2026-06-24,men,Volleyball Nations League,VNL_MEN,other,SRB,JPN,73,97,1,3,team_b,Arena d'Orléans - CO'Met,,True,fivb_vis,26472,,
fivb_vis:26473,2026-06-24,men,Volleyball Nations League,VNL_MEN,other,ARG,DEU,98,99,3,2,team_a,PreZero Arena,,True,fivb_vis,26473,,
fivb_vis:26474,2026-06-24,men,Volleyball Nations League,VNL_MEN,other,UKR,BRA,101,95,3,1,team_a,Arena Stožice Ljubljana,,True,fivb_vis,26474,,
fivb_vis:26475,2026-06-24,men,Volleyball Nations League,VNL_MEN,other,CUB,USA,61,75,0,3,team_b,Arena d'Orléans - CO'Met,,True,fivb_vis,26475,,
fivb_vis:26476,2026-06-24,men,Volleyball Nations League,VNL_MEN,other,POL,BEL,112,108,3,2,team_a,PreZero Arena,,True,fivb_vis,26476,,
fivb_vis:26477,2026-06-24,men,Volleyball Nations League,VNL_MEN,other,FRA,IRN,114,108,3,2,team_a,Arena d'Orléans - CO'Met,,True,fivb_vis,26477,,
fivb_vis:26478,2026-06-24,men,Volleyball Nations League,VNL_MEN,other,SVN,CAN,98,91,3,1,team_a,Arena Stožice Ljubljana,,True,fivb_vis,26478,,
fivb_vis:26479,2026-06-25,men,Volleyball Nations League,VNL_MEN,other,CHN,BEL,90,101,1,3,team_b,PreZero Arena,,True,fivb_vis,26479,,
fivb_vis:26480,2026-06-25,men,Volleyball Nations League,VNL_MEN,other,UKR,ITA,75,58,3,0,team_a,Arena Stožice Ljubljana,,True,fivb_vis,26480,,
fivb_vis:26481,2026-06-25,men,Volleyball Nations League,VNL_MEN,other,IRN,USA,72,81,0,3,team_b,Arena d'Orléans - CO'Met,,True,fivb_vis,26481,,
fivb_vis:26482,2026-06-25,men,Volleyball Nations League,VNL_MEN,other,POL,TUR,110,104,3,2,team_a,PreZero Arena,,True,fivb_vis,26482,,
fivb_vis:26483,2026-06-25,men,Volleyball Nations League,VNL_MEN,other,FRA,CUB,111,107,3,2,team_a,Arena d'Orléans - CO'Met,,True,fivb_vis,26483,,
fivb_vis:26484,2026-06-25,men,Volleyball Nations League,VNL_MEN,other,SVN,BGR,102,101,3,2,team_a,Arena Stožice Ljubljana,,True,fivb_vis,26484,,
fivb_vis:26485,2026-06-26,men,Volleyball Nations League,VNL_MEN,other,CHN,ARG,63,75,0,3,team_b,PreZero Arena,,True,fivb_vis,26485,,
fivb_vis:26486,2026-06-26,men,Volleyball Nations League,VNL_MEN,other,UKR,CAN,93,90,3,1,team_a,Arena Stožice Ljubljana,,True,fivb_vis,26486,,
fivb_vis:26487,2026-06-26,men,Volleyball Nations League,VNL_MEN,other,IRN,JPN,100,108,2,3,team_b,Arena d'Orléans - CO'Met,,True,fivb_vis,26487,,
fivb_vis:26488,2026-06-26,men,Volleyball Nations League,VNL_MEN,other,BEL,DEU,89,94,1,3,team_b,PreZero Arena,,True,fivb_vis,26488,,
fivb_vis:26489,2026-06-26,men,Volleyball Nations League,VNL_MEN,other,BRA,ITA,90,97,1,3,team_b,Arena Stožice Ljubljana,,True,fivb_vis,26489,,
fivb_vis:26490,2026-06-26,men,Volleyball Nations League,VNL_MEN,other,SRB,CUB,88,89,3,1,team_a,Arena d'Orléans - CO'Met,,True,fivb_vis,26490,,
fivb_vis:26491,2026-06-27,men,Volleyball Nations League,VNL_MEN,other,BGR,CAN,111,103,3,2,team_a,Arena Stožice Ljubljana,,True,fivb_vis,26491,,
fivb_vis:26492,2026-06-27,men,Volleyball Nations League,VNL_MEN,other,USA,JPN,106,103,2,3,team_b,Arena d'Orléans - CO'Met,,True,fivb_vis,26492,,
fivb_vis:26493,2026-06-27,men,Volleyball Nations League,VNL_MEN,other,POL,DEU,98,73,3,1,team_a,PreZero Arena,,True,fivb_vis,26493,,
fivb_vis:26494,2026-06-27,men,Volleyball Nations League,VNL_MEN,other,FRA,SRB,75,61,3,0,team_a,Arena d'Orléans - CO'Met,,True,fivb_vis,26494,,
fivb_vis:26495,2026-06-27,men,Volleyball Nations League,VNL_MEN,other,TUR,ARG,108,105,3,2,team_a,PreZero Arena,,True,fivb_vis,26495,,
fivb_vis:26496,2026-06-27,men,Volleyball Nations League,VNL_MEN,other,SVN,BRA,77,62,3,0,team_a,Arena Stožice Ljubljana,,True,fivb_vis,26496,,
fivb_vis:26497,2026-06-28,men,Volleyball Nations League,VNL_MEN,other,CHN,DEU,84,97,1,3,team_b,PreZero Arena,,True,fivb_vis,26497,,
fivb_vis:26498,2026-06-28,men,Volleyball Nations League,VNL_MEN,other,BGR,UKR,93,85,3,1,team_a,Arena Stožice Ljubljana,,True,fivb_vis,26498,,
fivb_vis:26499,2026-06-28,men,Volleyball Nations League,VNL_MEN,other,IRN,CUB,100,96,3,1,team_a,Arena d'Orléans - CO'Met,,True,fivb_vis,26499,,
fivb_vis:26500,2026-06-28,men,Volleyball Nations League,VNL_MEN,other,BEL,TUR,65,77,0,3,team_b,PreZero Arena,,True,fivb_vis,26500,,
fivb_vis:26501,2026-06-28,men,Volleyball Nations League,VNL_MEN,other,CAN,BRA,108,115,2,3,team_b,Arena Stožice Ljubljana,,True,fivb_vis,26501,,
fivb_vis:26502,2026-06-28,men,Volleyball Nations League,VNL_MEN,other,FRA,JPN,117,122,2,3,team_b,Arena d'Orléans - CO'Met,,True,fivb_vis,26502,,
fivb_vis:26503,2026-06-28,men,Volleyball Nations League,VNL_MEN,other,POL,ARG,124,113,3,1,team_a,PreZero Arena,,True,fivb_vis,26503,,
fivb_vis:26504,2026-06-28,men,Volleyball Nations League,VNL_MEN,other,SRB,USA,78,99,1,3,team_b,Arena d'Orléans - CO'Met,,True,fivb_vis,26504,,
fivb_vis:26505,2026-06-28,men,Volleyball Nations League,VNL_MEN,other,SVN,ITA,82,98,1,3,team_b,Arena Stožice Ljubljana,,True,fivb_vis,26505,,
fivb_vis:26506,2026-07-15,men,Volleyball Nations League,VNL_MEN,other,CAN,ARG,104,115,2,3,team_b,Asue Arena,,True,fivb_vis,26506,,
fivb_vis:26507,2026-07-15,men,Volleyball Nations League,VNL_MEN,other,BEL,CUB,62,75,0,3,team_b,Asue Arena,,True,fivb_vis,26507,,
fivb_vis:26508,2026-07-15,men,Volleyball Nations League,VNL_MEN,other,JPN,ITA,112,102,3,2,team_a,Asue Arena,,True,fivb_vis,26508,,
fivb_vis:26509,2026-07-15,men,Volleyball Nations League,VNL_MEN,other,DEU,SVN,85,101,1,3,team_b,Belgrade Arena,,True,fivb_vis,26509,,
fivb_vis:26510,2026-07-15,men,Volleyball Nations League,VNL_MEN,other,UKR,IRN,104,93,3,1,team_a,Belgrade Arena,,True,fivb_vis,26510,,
fivb_vis:26511,2026-07-15,men,Volleyball Nations League,VNL_MEN,other,BGR,POL,53,75,0,3,team_b,NOW Arena,,True,fivb_vis,26511,,
fivb_vis:26512,2026-07-15,men,Volleyball Nations League,VNL_MEN,other,SRB,TUR,60,75,0,3,team_b,Belgrade Arena,,True,fivb_vis,26512,,
fivb_vis:26513,2026-07-15,men,Volleyball Nations League,VNL_MEN,other,FRA,BRA,65,75,0,3,team_b,NOW Arena,,True,fivb_vis,26513,,
fivb_vis:26514,2026-07-15,men,Volleyball Nations League,VNL_MEN,other,USA,CHN,75,52,3,0,team_a,NOW Arena,,True,fivb_vis,26514,,
fivb_vis:26515,2026-07-16,men,Volleyball Nations League,VNL_MEN,other,BEL,ITA,64,75,0,3,team_b,Asue Arena,,True,fivb_vis,26515,,
fivb_vis:26516,2026-07-16,men,Volleyball Nations League,VNL_MEN,other,JPN,CAN,111,108,3,2,team_a,Asue Arena,,True,fivb_vis,26516,,
fivb_vis:26517,2026-07-16,men,Volleyball Nations League,VNL_MEN,other,IRN,DEU,109,107,3,2,team_a,Belgrade Arena,,True,fivb_vis,26517,,
fivb_vis:26518,2026-07-16,men,Volleyball Nations League,VNL_MEN,other,SRB,UKR,97,86,3,1,team_a,Belgrade Arena,,True,fivb_vis,26518,,
fivb_vis:26519,2026-07-16,men,Volleyball Nations League,VNL_MEN,other,CHN,FRA,60,75,0,3,team_b,NOW Arena,,True,fivb_vis,26519,,
fivb_vis:26520,2026-07-16,men,Volleyball Nations League,VNL_MEN,other,USA,BRA,75,60,3,0,team_a,NOW Arena,,True,fivb_vis,26520,,
fivb_vis:26521,2026-07-17,men,Volleyball Nations League,VNL_MEN,other,CUB,ARG,104,102,3,2,team_a,Asue Arena,,True,fivb_vis,26521,,
fivb_vis:26522,2026-07-17,men,Volleyball Nations League,VNL_MEN,other,JPN,BEL,75,58,3,0,team_a,Asue Arena,,True,fivb_vis,26522,,
fivb_vis:26523,2026-07-17,men,Volleyball Nations League,VNL_MEN,other,TUR,UKR,110,102,3,2,team_a,Belgrade Arena,,True,fivb_vis,26523,,
fivb_vis:26524,2026-07-17,men,Volleyball Nations League,VNL_MEN,other,IRN,SVN,68,78,0,3,team_b,Belgrade Arena,,True,fivb_vis,26524,,
fivb_vis:26525,2026-07-17,men,Volleyball Nations League,VNL_MEN,other,CHN,BGR,79,97,1,3,team_b,NOW Arena,,True,fivb_vis,26525,,
fivb_vis:26526,2026-07-17,men,Volleyball Nations League,VNL_MEN,other,BRA,POL,67,78,0,3,team_b,NOW Arena,,True,fivb_vis,26526,,
fivb_vis:26527,2026-07-18,men,Volleyball Nations League,VNL_MEN,other,CAN,CUB,70,79,0,3,team_b,Asue Arena,,True,fivb_vis,26527,,
fivb_vis:26528,2026-07-18,men,Volleyball Nations League,VNL_MEN,other,ARG,ITA,66,75,0,3,team_b,Asue Arena,,True,fivb_vis,26528,,
fivb_vis:26529,2026-07-18,men,Volleyball Nations League,VNL_MEN,other,TUR,SVN,91,95,1,3,team_b,Belgrade Arena,,True,fivb_vis,26529,,
fivb_vis:26530,2026-07-18,men,Volleyball Nations League,VNL_MEN,other,SRB,DEU,100,112,2,3,team_b,Belgrade Arena,,True,fivb_vis,26530,,
fivb_vis:26531,2026-07-18,men,Volleyball Nations League,VNL_MEN,other,FRA,POL,86,92,1,3,team_b,NOW Arena,,True,fivb_vis,26531,,
fivb_vis:26532,2026-07-18,men,Volleyball Nations League,VNL_MEN,other,USA,BGR,92,100,1,3,team_b,NOW Arena,,True,fivb_vis,26532,,
fivb_vis:26533,2026-07-19,men,Volleyball Nations League,VNL_MEN,other,BEL,CAN,75,63,3,0,team_a,Asue Arena,,True,fivb_vis,26533,,
fivb_vis:26534,2026-07-19,men,Volleyball Nations League,VNL_MEN,other,CUB,ITA,82,92,1,3,team_b,Asue Arena,,True,fivb_vis,26534,,
fivb_vis:26535,2026-07-19,men,Volleyball Nations League,VNL_MEN,other,JPN,ARG,75,60,3,0,team_a,Asue Arena,,True,fivb_vis,26535,,
fivb_vis:26536,2026-07-19,men,Volleyball Nations League,VNL_MEN,other,TUR,IRN,92,82,3,1,team_a,Belgrade Arena,,True,fivb_vis,26536,,
fivb_vis:26537,2026-07-19,men,Volleyball Nations League,VNL_MEN,other,UKR,DEU,96,94,3,1,team_a,Belgrade Arena,,True,fivb_vis,26537,,
fivb_vis:26538,2026-07-19,men,Volleyball Nations League,VNL_MEN,other,CHN,BRA,57,75,0,3,team_b,NOW Arena,,True,fivb_vis,26538,,
fivb_vis:26539,2026-07-19,men,Volleyball Nations League,VNL_MEN,other,SRB,SVN,62,75,0,3,team_b,Belgrade Arena,,True,fivb_vis,26539,,
fivb_vis:26540,2026-07-19,men,Volleyball Nations League,VNL_MEN,other,BGR,FRA,64,75,0,3,team_b,NOW Arena,,True,fivb_vis,26540,,
fivb_vis:26541,2026-07-19,men,Volleyball Nations League,VNL_MEN,other,USA,POL,60,75,0,3,team_b,NOW Arena,,True,fivb_vis,26541,,
fivb_vis:26542,2026-07-29,men,Volleyball Nations League,VNL_MEN,other,JPN,CHN,98,87,3,1,team_a,Ningbo Beilun Sports and Arts Centre,,True,fivb_vis,26542,,
fivb_vis:26543,2026-07-30,men,Volleyball Nations League,VNL_MEN,other,ITA,USA,64,75,0,3,team_b,Ningbo Beilun Sports and Arts Centre,,True,fivb_vis,26543,,
fivb_vis:26544,2026-07-29,men,Volleyball Nations League,VNL_MEN,other,SVN,TUR,99,91,3,0,team_a,Ningbo Beilun Sports and Arts Centre,,True,fivb_vis,26544,,
fivb_vis:26545,2026-07-30,men,Volleyball Nations League,VNL_MEN,other,POL,UKR,97,84,3,1,team_a,Ningbo Beilun Sports and Arts Centre,,True,fivb_vis,26545,,
fivb_vis:26546,2026-08-01,men,Volleyball Nations League,VNL_MEN,other,JPN,USA,101,108,2,3,team_b,Ningbo Beilun Sports and Arts Centre,,True,fivb_vis,26546,,
fivb_vis:26547,2026-08-01,men,Volleyball Nations League,VNL_MEN,other,SVN,POL,52,75,0,3,team_b,Ningbo Beilun Sports and Arts Centre,,True,fivb_vis,26547,,
fivb_vis:26548,2026-08-02,men,Volleyball Nations League,VNL_MEN,other,JPN,SVN,93,101,1,3,team_b,Ningbo Beilun Sports and Arts Centre,,True,fivb_vis,26548,,
fivb_vis:26549,2026-08-02,men,Volleyball Nations League,VNL_MEN,other,USA,POL,106,113,2,3,team_b,Ningbo Beilun Sports and Arts Centre,,True,fivb_vis,26549,,
fivb_vis:26550,2026-06-03,women,Volleyball Nations League,VNL_WOMEN,other,BEL,POL,106,105,2,3,team_b,Nanjing Youth Olympic Games Sports Park Gymnasium,,True,fivb_vis,26550,,
fivb_vis:26551,2026-06-03,women,Volleyball Nations League,VNL_WOMEN,other,THA,SRB,65,76,0,3,team_b,Nanjing Youth Olympic Games Sports Park Gymnasium,,True,fivb_vis,26551,,
fivb_vis:26552,2026-06-03,women,Volleyball Nations League,VNL_WOMEN,other,CHN,CZE,64,76,0,3,team_b,Nanjing Youth Olympic Games Sports Park Gymnasium,,True,fivb_vis,26552,,
fivb_vis:26553,2026-06-03,women,Volleyball Nations League,VNL_WOMEN,other,UKR,USA,56,75,0,3,team_b,Centre Vidéotron,,True,fivb_vis,26553,,
fivb_vis:26554,2026-06-03,women,Volleyball Nations League,VNL_WOMEN,other,DOM,TUR,97,105,2,3,team_b,Arena Nilson Nelson,,True,fivb_vis,26554,,
fivb_vis:26555,2026-06-03,women,Volleyball Nations League,VNL_WOMEN,other,ITA,BGR,77,63,3,0,team_a,Arena Nilson Nelson,,True,fivb_vis,26555,,
fivb_vis:26556,2026-06-03,women,Volleyball Nations League,VNL_WOMEN,other,FRA,JPN,72,98,1,3,team_b,Centre Vidéotron,,True,fivb_vis,26556,,
fivb_vis:26557,2026-06-03,women,Volleyball Nations League,VNL_WOMEN,other,BRA,NLD,100,82,3,1,team_a,Arena Nilson Nelson,,True,fivb_vis,26557,,
fivb_vis:26558,2026-06-03,women,Volleyball Nations League,VNL_WOMEN,other,CAN,DEU,87,100,1,3,team_b,Centre Vidéotron,,True,fivb_vis,26558,,
fivb_vis:26559,2026-06-04,women,Volleyball Nations League,VNL_WOMEN,other,CZE,POL,64,75,0,3,team_b,Nanjing Youth Olympic Games Sports Park Gymnasium,,True,fivb_vis,26559,,
fivb_vis:26560,2026-06-04,women,Volleyball Nations League,VNL_WOMEN,other,CHN,THA,112,91,3,2,team_a,Nanjing Youth Olympic Games Sports Park Gymnasium,,True,fivb_vis,26560,,
fivb_vis:26561,2026-06-04,women,Volleyball Nations League,VNL_WOMEN,other,TUR,NLD,58,75,0,3,team_b,Arena Nilson Nelson,,True,fivb_vis,26561,,
fivb_vis:26562,2026-06-04,women,Volleyball Nations League,VNL_WOMEN,other,UKR,DEU,103,112,3,2,team_a,Centre Vidéotron,,True,fivb_vis,26562,,
fivb_vis:26563,2026-06-04,women,Volleyball Nations League,VNL_WOMEN,other,BRA,DOM,98,69,3,1,team_a,Arena Nilson Nelson,,True,fivb_vis,26563,,
fivb_vis:26564,2026-06-04,women,Volleyball Nations League,VNL_WOMEN,other,CAN,USA,80,72,3,0,team_a,Centre Vidéotron,,True,fivb_vis,26564,,
fivb_vis:26565,2026-06-05,women,Volleyball Nations League,VNL_WOMEN,other,BEL,CZE,57,75,0,3,team_b,Nanjing Youth Olympic Games Sports Park Gymnasium,,True,fivb_vis,26565,,
fivb_vis:26566,2026-06-05,women,Volleyball Nations League,VNL_WOMEN,other,SRB,POL,102,106,2,3,team_b,Nanjing Youth Olympic Games Sports Park Gymnasium,,True,fivb_vis,26566,,
fivb_vis:26567,2026-06-05,women,Volleyball Nations League,VNL_WOMEN,other,DOM,BGR,51,75,0,3,team_b,Arena Nilson Nelson,,True,fivb_vis,26567,,
fivb_vis:26568,2026-06-05,women,Volleyball Nations League,VNL_WOMEN,other,UKR,JPN,81,91,1,3,team_b,Centre Vidéotron,,True,fivb_vis,26568,,
fivb_vis:26569,2026-06-05,women,Volleyball Nations League,VNL_WOMEN,other,NLD,ITA,62,75,0,3,team_b,Arena Nilson Nelson,,True,fivb_vis,26569,,
fivb_vis:26570,2026-06-05,women,Volleyball Nations League,VNL_WOMEN,other,FRA,USA,107,113,2,3,team_b,Centre Vidéotron,,True,fivb_vis,26570,,
fivb_vis:26571,2026-06-06,women,Volleyball Nations League,VNL_WOMEN,other,THA,BEL,109,108,2,3,team_b,Nanjing Youth Olympic Games Sports Park Gymnasium,,True,fivb_vis,26571,,
fivb_vis:26572,2026-06-06,women,Volleyball Nations League,VNL_WOMEN,other,CHN,SRB,75,63,3,0,team_a,Nanjing Youth Olympic Games Sports Park Gymnasium,,True,fivb_vis,26572,,
fivb_vis:26573,2026-06-06,women,Volleyball Nations League,VNL_WOMEN,other,BRA,BGR,75,53,3,0,team_a,Arena Nilson Nelson,,True,fivb_vis,26573,,
fivb_vis:26574,2026-06-06,women,Volleyball Nations League,VNL_WOMEN,other,ITA,TUR,101,78,3,1,team_a,Arena Nilson Nelson,,True,fivb_vis,26574,,
fivb_vis:26575,2026-06-06,women,Volleyball Nations League,VNL_WOMEN,other,CAN,FRA,99,90,3,1,team_a,Centre Vidéotron,,True,fivb_vis,26575,,
fivb_vis:26576,2026-06-06,women,Volleyball Nations League,VNL_WOMEN,other,DEU,JPN,59,76,0,3,team_b,Centre Vidéotron,,True,fivb_vis,26576,,
fivb_vis:26577,2026-06-07,women,Volleyball Nations League,VNL_WOMEN,other,THA,CZE,44,75,0,3,team_b,Nanjing Youth Olympic Games Sports Park Gymnasium,,True,fivb_vis,26577,,
fivb_vis:26578,2026-06-07,women,Volleyball Nations League,VNL_WOMEN,other,BEL,SRB,106,104,3,2,team_a,Nanjing Youth Olympic Games Sports Park Gymnasium,,True,fivb_vis,26578,,
fivb_vis:26579,2026-06-07,women,Volleyball Nations League,VNL_WOMEN,other,CHN,POL,92,90,3,1,team_a,Nanjing Youth Olympic Games Sports Park Gymnasium,,True,fivb_vis,26579,,
fivb_vis:26580,2026-06-07,women,Volleyball Nations League,VNL_WOMEN,other,DOM,NLD,56,75,0,3,team_b,Arena Nilson Nelson,,True,fivb_vis,26580,,
fivb_vis:26581,2026-06-07,women,Volleyball Nations League,VNL_WOMEN,other,UKR,FRA,99,98,2,3,team_b,Centre Vidéotron,,True,fivb_vis,26581,,
fivb_vis:26582,2026-06-07,women,Volleyball Nations League,VNL_WOMEN,other,BRA,ITA,111,100,3,2,team_a,Arena Nilson Nelson,,True,fivb_vis,26582,,
fivb_vis:26583,2026-06-07,women,Volleyball Nations League,VNL_WOMEN,other,USA,DEU,75,49,3,0,team_a,Centre Vidéotron,,True,fivb_vis,26583,,
fivb_vis:26584,2026-06-07,women,Volleyball Nations League,VNL_WOMEN,other,BGR,TUR,64,97,1,3,team_b,Arena Nilson Nelson,,True,fivb_vis,26584,,
fivb_vis:26585,2026-06-07,women,Volleyball Nations League,VNL_WOMEN,other,CAN,JPN,114,120,2,3,team_b,Centre Vidéotron,,True,fivb_vis,26585,,
fivb_vis:26586,2026-06-17,women,Volleyball Nations League,VNL_WOMEN,other,DOM,USA,51,75,0,3,team_b,PhilSports Arena,,True,fivb_vis,26586,,
fivb_vis:26587,2026-06-17,women,Volleyball Nations League,VNL_WOMEN,other,CAN,NLD,95,81,3,1,team_a,Indoor Stadium Huamark,,True,fivb_vis,26587,,
fivb_vis:26588,2026-06-17,women,Volleyball Nations League,VNL_WOMEN,other,CZE,ITA,61,75,0,3,team_b,PhilSports Arena,,True,fivb_vis,26588,,
fivb_vis:26589,2026-06-17,women,Volleyball Nations League,VNL_WOMEN,other,DEU,CHN,101,108,2,3,team_b,Ankara Sports Hall,,True,fivb_vis,26589,,
fivb_vis:26590,2026-06-17,women,Volleyball Nations League,VNL_WOMEN,other,BGR,POL,57,75,0,3,team_b,Indoor Stadium Huamark,,True,fivb_vis,26590,,
fivb_vis:26591,2026-06-17,women,Volleyball Nations League,VNL_WOMEN,other,JPN,SRB,111,111,3,2,team_a,PhilSports Arena,,True,fivb_vis,26591,,
fivb_vis:26592,2026-06-17,women,Volleyball Nations League,VNL_WOMEN,other,FRA,BRA,56,75,0,3,team_b,Ankara Sports Hall,,True,fivb_vis,26592,,
fivb_vis:26593,2026-06-17,women,Volleyball Nations League,VNL_WOMEN,other,THA,UKR,109,109,2,3,team_b,Indoor Stadium Huamark,,True,fivb_vis,26593,,
fivb_vis:26594,2026-06-17,women,Volleyball Nations League,VNL_WOMEN,other,TUR,BEL,75,50,3,0,team_a,Ankara Sports Hall,,True,fivb_vis,26594,,
fivb_vis:26595,2026-06-18,women,Volleyball Nations League,VNL_WOMEN,other,CZE,USA,45,75,0,3,team_b,PhilSports Arena,,True,fivb_vis,26595,,
fivb_vis:26596,2026-06-18,women,Volleyball Nations League,VNL_WOMEN,other,UKR,POL,82,97,1,3,team_b,Indoor Stadium Huamark,,True,fivb_vis,26596,,
fivb_vis:26597,2026-06-18,women,Volleyball Nations League,VNL_WOMEN,other,SRB,ITA,91,104,2,3,team_b,PhilSports Arena,,True,fivb_vis,26597,,
fivb_vis:26598,2026-06-18,women,Volleyball Nations League,VNL_WOMEN,other,BEL,BRA,105,110,2,3,team_b,Ankara Sports Hall,,True,fivb_vis,26598,,
fivb_vis:26599,2026-06-18,women,Volleyball Nations League,VNL_WOMEN,other,THA,BGR,75,59,3,0,team_a,Indoor Stadium Huamark,,True,fivb_vis,26599,,
fivb_vis:26600,2026-06-18,women,Volleyball Nations League,VNL_WOMEN,other,TUR,FRA,75,60,3,0,team_a,Ankara Sports Hall,,True,fivb_vis,26600,,
fivb_vis:26601,2026-06-19,women,Volleyball Nations League,VNL_WOMEN,other,DOM,SRB,60,75,0,3,team_b,PhilSports Arena,,True,fivb_vis,26601,,
fivb_vis:26602,2026-06-19,women,Volleyball Nations League,VNL_WOMEN,other,UKR,NLD,59,75,0,3,team_b,Indoor Stadium Huamark,,True,fivb_vis,26602,,
fivb_vis:26603,2026-06-19,women,Volleyball Nations League,VNL_WOMEN,other,JPN,CZE,77,63,3,0,team_a,PhilSports Arena,,True,fivb_vis,26603,,
fivb_vis:26604,2026-06-19,women,Volleyball Nations League,VNL_WOMEN,other,FRA,CHN,54,75,0,3,team_b,Ankara Sports Hall,,True,fivb_vis,26604,,
fivb_vis:26605,2026-06-19,women,Volleyball Nations League,VNL_WOMEN,other,BGR,CAN,91,101,1,3,team_b,Indoor Stadium Huamark,,True,fivb_vis,26605,,
fivb_vis:26606,2026-06-19,women,Volleyball Nations League,VNL_WOMEN,other,BEL,DEU,60,75,0,3,team_b,Ankara Sports Hall,,True,fivb_vis,26606,,
fivb_vis:26607,2026-06-20,women,Volleyball Nations League,VNL_WOMEN,other,USA,ITA,77,61,3,0,team_a,PhilSports Arena,,True,fivb_vis,26607,,
fivb_vis:26608,2026-06-20,women,Volleyball Nations League,VNL_WOMEN,other,NLD,POL,82,89,1,3,team_b,Indoor Stadium Huamark,,True,fivb_vis,26608,,
fivb_vis:26609,2026-06-20,women,Volleyball Nations League,VNL_WOMEN,other,JPN,DOM,94,95,1,3,team_b,PhilSports Arena,,True,fivb_vis,26609,,
fivb_vis:26610,2026-06-20,women,Volleyball Nations League,VNL_WOMEN,other,CHN,BRA,82,95,1,3,team_b,Ankara Sports Hall,,True,fivb_vis,26610,,
fivb_vis:26611,2026-06-20,women,Volleyball Nations League,VNL_WOMEN,other,THA,CAN,97,84,3,1,team_a,Indoor Stadium Huamark,,True,fivb_vis,26611,,
fivb_vis:26612,2026-06-20,women,Volleyball Nations League,VNL_WOMEN,other,TUR,DEU,107,105,3,2,team_a,Ankara Sports Hall,,True,fivb_vis,26612,,
fivb_vis:26613,2026-06-21,women,Volleyball Nations League,VNL_WOMEN,other,SRB,USA,83,93,1,3,team_b,PhilSports Arena,,True,fivb_vis,26613,,
fivb_vis:26614,2026-06-21,women,Volleyball Nations League,VNL_WOMEN,other,BGR,UKR,107,102,3,2,team_a,Indoor Stadium Huamark,,True,fivb_vis,26614,,
fivb_vis:26615,2026-06-21,women,Volleyball Nations League,VNL_WOMEN,other,CZE,DOM,112,108,3,2,team_a,PhilSports Arena,,True,fivb_vis,26615,,
fivb_vis:26616,2026-06-21,women,Volleyball Nations League,VNL_WOMEN,other,BEL,FRA,106,93,3,2,team_a,Ankara Sports Hall,,True,fivb_vis,26616,,
fivb_vis:26617,2026-06-21,women,Volleyball Nations League,VNL_WOMEN,other,CAN,POL,97,102,3,2,team_a,Indoor Stadium Huamark,,True,fivb_vis,26617,,
fivb_vis:26618,2026-06-21,women,Volleyball Nations League,VNL_WOMEN,other,JPN,ITA,62,75,0,3,team_b,PhilSports Arena,,True,fivb_vis,26618,,
fivb_vis:26619,2026-06-21,women,Volleyball Nations League,VNL_WOMEN,other,DEU,BRA,104,114,3,2,team_a,Ankara Sports Hall,,True,fivb_vis,26619,,
fivb_vis:26620,2026-06-21,women,Volleyball Nations League,VNL_WOMEN,other,THA,NLD,60,75,0,3,team_b,Indoor Stadium Huamark,,True,fivb_vis,26620,,
fivb_vis:26621,2026-06-21,women,Volleyball Nations League,VNL_WOMEN,other,TUR,CHN,114,102,3,2,team_a,Ankara Sports Hall,,True,fivb_vis,26621,,
fivb_vis:26622,2026-07-08,women,Volleyball Nations League,VNL_WOMEN,other,TUR,POL,97,88,3,1,team_a,Asue Arena,,True,fivb_vis,26622,,
fivb_vis:26623,2026-07-08,women,Volleyball Nations League,VNL_WOMEN,other,BEL,DOM,103,102,3,2,team_a,Kai Tak Sports Park,,True,fivb_vis,26623,,
fivb_vis:26624,2026-07-08,women,Volleyball Nations League,VNL_WOMEN,other,THA,USA,59,75,0,3,team_b,Asue Arena,,True,fivb_vis,26624,,
fivb_vis:26625,2026-07-08,women,Volleyball Nations League,VNL_WOMEN,other,UKR,ITA,71,98,1,3,team_b,Kai Tak Sports Park,,True,fivb_vis,26625,,
fivb_vis:26626,2026-07-08,women,Volleyball Nations League,VNL_WOMEN,other,JPN,BRA,87,94,1,3,team_b,Asue Arena,,True,fivb_vis,26626,,
fivb_vis:26627,2026-07-08,women,Volleyball Nations League,VNL_WOMEN,other,FRA,NLD,63,75,0,3,team_b,Belgrade Arena,,True,fivb_vis,26627,,
fivb_vis:26628,2026-07-08,women,Volleyball Nations League,VNL_WOMEN,other,CHN,CAN,100,107,2,3,team_b,Kai Tak Sports Park,,True,fivb_vis,26628,,
fivb_vis:26629,2026-07-08,women,Volleyball Nations League,VNL_WOMEN,other,CZE,DEU,79,97,1,3,team_b,Belgrade Arena,,True,fivb_vis,26629,,
fivb_vis:26630,2026-07-08,women,Volleyball Nations League,VNL_WOMEN,other,SRB,BGR,77,60,3,0,team_a,Belgrade Arena,,True,fivb_vis,26630,,
fivb_vis:26631,2026-07-09,women,Volleyball Nations League,VNL_WOMEN,other,USA,POL,105,103,2,3,team_b,Asue Arena,,True,fivb_vis,26631,,
fivb_vis:26632,2026-07-09,women,Volleyball Nations League,VNL_WOMEN,other,BEL,CAN,88,87,1,3,team_b,Kai Tak Sports Park,,True,fivb_vis,26632,,
fivb_vis:26633,2026-07-09,women,Volleyball Nations League,VNL_WOMEN,other,JPN,THA,97,83,3,1,team_a,Asue Arena,,True,fivb_vis,26633,,
fivb_vis:26634,2026-07-09,women,Volleyball Nations League,VNL_WOMEN,other,CHN,UKR,75,60,3,0,team_a,Kai Tak Sports Park,,True,fivb_vis,26634,,
fivb_vis:26635,2026-07-09,women,Volleyball Nations League,VNL_WOMEN,other,CZE,NLD,60,75,0,3,team_b,Belgrade Arena,,True,fivb_vis,26635,,
fivb_vis:26636,2026-07-09,women,Volleyball Nations League,VNL_WOMEN,other,SRB,FRA,108,107,2,3,team_b,Belgrade Arena,,True,fivb_vis,26636,,
fivb_vis:26637,2026-07-10,women,Volleyball Nations League,VNL_WOMEN,other,USA,TUR,114,106,3,2,team_a,Asue Arena,,True,fivb_vis,26637,,
fivb_vis:26638,2026-07-10,women,Volleyball Nations League,VNL_WOMEN,other,UKR,DOM,96,106,2,3,team_b,Kai Tak Sports Park,,True,fivb_vis,26638,,
fivb_vis:26639,2026-07-10,women,Volleyball Nations League,VNL_WOMEN,other,POL,BRA,94,101,1,3,team_b,Asue Arena,,True,fivb_vis,26639,,
fivb_vis:26640,2026-07-10,women,Volleyball Nations League,VNL_WOMEN,other,BEL,ITA,55,75,0,3,team_b,Kai Tak Sports Park,,True,fivb_vis,26640,,
fivb_vis:26641,2026-07-10,women,Volleyball Nations League,VNL_WOMEN,other,BGR,CZE,70,91,1,3,team_b,Belgrade Arena,,True,fivb_vis,26641,,
fivb_vis:26642,2026-07-10,women,Volleyball Nations League,VNL_WOMEN,other,DEU,NLD,69,75,0,3,team_b,Belgrade Arena,,True,fivb_vis,26642,,
fivb_vis:26643,2026-07-11,women,Volleyball Nations League,VNL_WOMEN,other,THA,BRA,75,48,3,0,team_a,Asue Arena,,True,fivb_vis,26643,,
fivb_vis:26644,2026-07-11,women,Volleyball Nations League,VNL_WOMEN,other,CAN,ITA,105,114,2,3,team_b,Kai Tak Sports Park,,True,fivb_vis,26644,,
fivb_vis:26645,2026-07-11,women,Volleyball Nations League,VNL_WOMEN,other,JPN,TUR,91,97,1,3,team_b,Asue Arena,,True,fivb_vis,26645,,
fivb_vis:26646,2026-07-11,women,Volleyball Nations League,VNL_WOMEN,other,CHN,DOM,94,97,1,3,team_b,Kai Tak Sports Park,,True,fivb_vis,26646,,
fivb_vis:26647,2026-07-11,women,Volleyball Nations League,VNL_WOMEN,other,BGR,FRA,95,103,1,3,team_b,Belgrade Arena,,True,fivb_vis,26647,,
fivb_vis:26648,2026-07-11,women,Volleyball Nations League,VNL_WOMEN,other,SRB,DEU,75,65,3,0,team_a,Belgrade Arena,,True,fivb_vis,26648,,
fivb_vis:26649,2026-07-12,women,Volleyball Nations League,VNL_WOMEN,other,BEL,UKR,56,75,0,3,team_b,Kai Tak Sports Park,,True,fivb_vis,26649,,
fivb_vis:26650,2026-07-12,women,Volleyball Nations League,VNL_WOMEN,other,USA,BRA,76,62,3,0,team_a,Asue Arena,,True,fivb_vis,26650,,
fivb_vis:26651,2026-07-12,women,Volleyball Nations League,VNL_WOMEN,other,THA,TUR,89,100,1,3,team_b,Asue Arena,,True,fivb_vis,26651,,
fivb_vis:26652,2026-07-12,women,Volleyball Nations League,VNL_WOMEN,other,CAN,DOM,92,85,3,1,team_a,Kai Tak Sports Park,,True,fivb_vis,26652,,
fivb_vis:26653,2026-07-12,women,Volleyball Nations League,VNL_WOMEN,other,JPN,POL,99,103,3,2,team_a,Asue Arena,,True,fivb_vis,26653,,
fivb_vis:26654,2026-07-12,women,Volleyball Nations League,VNL_WOMEN,other,FRA,CZE,97,113,2,3,team_b,Belgrade Arena,,True,fivb_vis,26654,,
fivb_vis:26655,2026-07-12,women,Volleyball Nations League,VNL_WOMEN,other,CHN,ITA,93,108,2,3,team_b,Kai Tak Sports Park,,True,fivb_vis,26655,,
fivb_vis:26656,2026-07-12,women,Volleyball Nations League,VNL_WOMEN,other,BGR,DEU,55,75,0,3,team_b,Belgrade Arena,,True,fivb_vis,26656,,
fivb_vis:26657,2026-07-12,women,Volleyball Nations League,VNL_WOMEN,other,SRB,NLD,75,57,3,0,team_a,Belgrade Arena,,True,fivb_vis,26657,,
fivb_vis:26658,2026-07-23,women,Volleyball Nations League,VNL_WOMEN,other,USA,CHN,106,97,2,3,team_b,East Asian Games Dome,,True,fivb_vis,26658,,
fivb_vis:26659,2026-07-23,women,Volleyball Nations League,VNL_WOMEN,other,TUR,CAN,97,84,3,1,team_a,East Asian Games Dome,,True,fivb_vis,26659,,
fivb_vis:26660,2026-07-22,women,Volleyball Nations League,VNL_WOMEN,other,BRA,JPN,99,84,3,1,team_a,East Asian Games Dome,,True,fivb_vis,26660,,
fivb_vis:26661,2026-07-22,women,Volleyball Nations League,VNL_WOMEN,other,ITA,NLD,75,53,3,0,team_a,East Asian Games Dome,,True,fivb_vis,26661,,
fivb_vis:26662,2026-07-25,women,Volleyball Nations League,VNL_WOMEN,other,CHN,TUR,56,75,0,3,team_b,East Asian Games Dome,,True,fivb_vis,26662,,
fivb_vis:26663,2026-07-25,women,Volleyball Nations League,VNL_WOMEN,other,BRA,ITA,108,107,3,2,team_a,East Asian Games Dome,,True,fivb_vis,26663,,
fivb_vis:26664,2026-07-26,women,Volleyball Nations League,VNL_WOMEN,other,CHN,ITA,76,98,1,3,team_b,East Asian Games Dome,,True,fivb_vis,26664,,
fivb_vis:26665,2026-07-26,women,Volleyball Nations League,VNL_WOMEN,other,TUR,BRA,99,93,3,1,team_a,East Asian Games Dome,,True,fivb_vis,26665,,
fivb_vis:2020,2009-07-22,women,World Championship,WCH_WOMEN,other,ARG,PER,103,101,2,3,team_b,Ginasio Poliesportivo do Riacho,,True,fivb_vis,2020,,
fivb_vis:2021,2009-07-22,women,World Championship,WCH_WOMEN,other,BRA,VEN,75,47,3,0,team_a,Ginasio Poliesportivo do Riacho,,True,fivb_vis,2021,,
fivb_vis:2022,2009-07-23,women,World Championship,WCH_WOMEN,other,PER,VEN,93,70,3,1,team_a,Ginasio Poliesportivo do Riacho,,True,fivb_vis,2022,,
fivb_vis:2023,2009-07-23,women,World Championship,WCH_WOMEN,other,BRA,ARG,95,61,3,1,team_a,Ginasio Polisportivo do Riacho,,True,fivb_vis,2023,,
fivb_vis:2024,2009-07-24,women,World Championship,WCH_WOMEN,other,ARG,VEN,91,80,3,1,team_a,Divino Braga,,True,fivb_vis,2024,,
fivb_vis:2025,2009-07-24,women,World Championship,WCH_WOMEN,other,BRA,PER,75,57,3,0,team_a,Divino Braga,,True,fivb_vis,2025,,
fivb_vis:2026,2009-07-25,women,World Championship,WCH_WOMEN,other,BRA,VEN,75,30,3,0,team_a,Divino Braga,,True,fivb_vis,2026,,
fivb_vis:2027,2009-07-25,women,World Championship,WCH_WOMEN,other,PER,ARG,75,58,3,0,team_a,Divino Braga,,True,fivb_vis,2027,,
fivb_vis:2028,2009-07-26,women,World Championship,WCH_WOMEN,other,VEN,ARG,91,91,3,1,team_a,Divino Braga,,True,fivb_vis,2028,,
fivb_vis:2029,2009-07-26,women,World Championship,WCH_WOMEN,other,BRA,PER,75,38,3,0,team_a,Divino Braga,,True,fivb_vis,2029,,
fivb_vis:2030,2007-11-02,women,World Cup,WC_WOMEN,other,KOR,SRB,59,75,0,3,team_b,Tokyo Metropolitan Gymnasium,,True,fivb_vis,2030,,
fivb_vis:2031,2007-11-02,women,World Cup,WC_WOMEN,other,ITA,THA,75,44,3,0,team_a,Tokyo Metropolitan Gymnasium,,True,fivb_vis,2031,,
fivb_vis:2032,2007-11-02,women,World Cup,WC_WOMEN,other,JPN,DOM,75,61,3,0,team_a,Tokyo Metropolitan Gymnasium,,True,fivb_vis,2032,,
fivb_vis:2033,2007-11-02,women,World Cup,WC_WOMEN,other,CUB,KEN,75,49,3,0,team_a,Hamamatsu Arena,,True,fivb_vis,2033,,
fivb_vis:2034,2007-11-02,women,World Cup,WC_WOMEN,other,PER,USA,56,75,0,3,team_b,Hamamatsu Arena,,True,fivb_vis,2034,,
fivb_vis:2035,2007-11-02,women,World Cup,WC_WOMEN,other,BRA,POL,75,54,3,0,team_a,Hamamatsu Arena,,True,fivb_vis,2035,,
fivb_vis:2036,2007-11-03,women,World Cup,WC_WOMEN,other,SRB,THA,94,86,3,1,team_a,Tokyo Metropolitan Gymnasium,,True,fivb_vis,2036,,
fivb_vis:2037,2007-11-03,women,World Cup,WC_WOMEN,other,DOM,ITA,50,75,0,3,team_b,Tokyo Metropolitan Gymnasium,,True,fivb_vis,2037,,
fivb_vis:2038,2007-11-03,women,World Cup,WC_WOMEN,other,JPN,KOR,94,86,3,1,team_a,Tokyo Metropolitan Gymnasium,,True,fivb_vis,2038,,
fivb_vis:2039,2007-11-03,women,World Cup,WC_WOMEN,other,CUB,USA,100,105,2,3,team_b,Hamamatsu Arena,,True,fivb_vis,2039,,
fivb_vis:2040,2007-11-03,women,World Cup,WC_WOMEN,other,PER,POL,50,75,0,3,team_b,Hamamatsu Arena,,True,fivb_vis,2040,,
fivb_vis:2041,2007-11-03,women,World Cup,WC_WOMEN,other,BRA,KEN,75,37,3,0,team_a,Hamamatsu Arena,,True,fivb_vis,2041,,
fivb_vis:2042,2007-11-04,women,World Cup,WC_WOMEN,other,DOM,THA,109,100,3,2,team_a,Tokyo Metropolitan Gymnasium,,True,fivb_vis,2042,,
fivb_vis:2043,2007-11-04,women,World Cup,WC_WOMEN,other,ITA,KOR,75,56,3,0,team_a,Tokyo Metropolitan Gymnasium,,True,fivb_vis,2043,,
fivb_vis:2044,2007-11-04,women,World Cup,WC_WOMEN,other,JPN,SRB,89,94,1,3,team_b,Tokyo Metropolitan Gymnasium,,True,fivb_vis,2044,,
fivb_vis:2045,2007-11-04,women,World Cup,WC_WOMEN,other,KEN,PER,44,75,0,3,team_b,Hamamatsu Arena,,True,fivb_vis,2045,,
fivb_vis:2046,2007-11-04,women,World Cup,WC_WOMEN,other,BRA,CUB,103,97,3,2,team_a,Hamamatsu Arena,,True,fivb_vis,2046,,
fivb_vis:2047,2007-11-04,women,World Cup,WC_WOMEN,other,POL,USA,88,89,1,3,team_b,Hamamatsu Arena,,True,fivb_vis,2047,,
fivb_vis:2048,2007-11-06,women,World Cup,WC_WOMEN,other,ITA,SRB,104,88,3,2,team_a,Namihaya Dome,,True,fivb_vis,2048,,
fivb_vis:2049,2007-11-06,women,World Cup,WC_WOMEN,other,DOM,KOR,90,98,1,3,team_b,Namihaya Dome,,True,fivb_vis,2049,,
fivb_vis:2050,2007-11-06,women,World Cup,WC_WOMEN,other,JPN,THA,77,58,3,0,team_a,Namihaya Dome,,True,fivb_vis,2050,,
fivb_vis:2051,2007-11-06,women,World Cup,WC_WOMEN,other,KEN,USA,39,75,0,3,team_b,Sendai City Gymnasium,,True,fivb_vis,2051,,
fivb_vis:2052,2007-11-06,women,World Cup,WC_WOMEN,other,CUB,POL,109,108,3,2,team_a,Sendai City Gymnasium,,True,fivb_vis,2052,,
fivb_vis:2053,2007-11-06,women,World Cup,WC_WOMEN,other,BRA,PER,75,49,3,0,team_a,Sendai City Gymnasium,,True,fivb_vis,2053,,
fivb_vis:2054,2007-11-07,women,World Cup,WC_WOMEN,other,KOR,THA,75,62,3,0,team_a,Namihaya Dome,,True,fivb_vis,2054,,
fivb_vis:2055,2007-11-07,women,World Cup,WC_WOMEN,other,DOM,SRB,59,75,0,3,team_b,Namihaya Dome,,True,fivb_vis,2055,,
fivb_vis:2056,2007-11-07,women,World Cup,WC_WOMEN,other,JPN,ITA,51,75,0,3,team_b,Namihaya Dome,,True,fivb_vis,2056,,
fivb_vis:2057,2007-11-07,women,World Cup,WC_WOMEN,other,KEN,POL,37,75,0,3,team_b,Sendai City Gymnasium,,True,fivb_vis,2057,,
fivb_vis:2058,2007-11-07,women,World Cup,WC_WOMEN,other,CUB,PER,79,59,3,0,team_a,Sendai City Gymnasium,,True,fivb_vis,2058,,
fivb_vis:2059,2007-11-07,women,World Cup,WC_WOMEN,other,BRA,USA,103,98,2,3,team_b,Sendai City Gymnasium,,True,fivb_vis,2059,,
fivb_vis:2060,2007-11-09,women,World Cup,WC_WOMEN,other,ITA,POL,75,48,3,0,team_a,Hokkaido Prefectural Sports Center,,True,fivb_vis,2060,,
fivb_vis:2061,2007-11-09,women,World Cup,WC_WOMEN,other,KEN,SRB,41,75,0,3,team_b,Hokkaido Prefectural Sports Center,,True,fivb_vis,2061,,
fivb_vis:2062,2007-11-09,women,World Cup,WC_WOMEN,other,JPN,PER,97,75,3,1,team_a,Hokkaido Prefectural Sports Center,,True,fivb_vis,2062,,
fivb_vis:2063,2007-11-09,women,World Cup,WC_WOMEN,other,BRA,THA,75,45,3,0,team_a,Kumamoto Prefectural Gymnasium,,True,fivb_vis,2063,,
fivb_vis:2064,2007-11-09,women,World Cup,WC_WOMEN,other,DOM,USA,75,95,1,3,team_b,Kumamoto Prefectural Gymnasium,,True,fivb_vis,2064,,
fivb_vis:2065,2007-11-09,women,World Cup,WC_WOMEN,other,CUB,KOR,101,101,3,2,team_a,Kumamoto Prefectural Gymnasium,,True,fivb_vis,2065,,
fivb_vis:2066,2007-11-10,women,World Cup,WC_WOMEN,other,ITA,KEN,75,31,3,0,team_a,Hokkaido Prefectural Sports Center,,True,fivb_vis,2066,,
fivb_vis:2067,2007-11-10,women,World Cup,WC_WOMEN,other,PER,SRB,53,75,0,3,team_b,Hokkaido Prefectural Sports Center,,True,fivb_vis,2067,,
fivb_vis:2068,2007-11-10,women,World Cup,WC_WOMEN,other,JPN,POL,102,107,3,2,team_a,Hokkaido Prefectural Sports Center,,True,fivb_vis,2068,,
fivb_vis:2069,2007-11-10,women,World Cup,WC_WOMEN,other,CUB,DOM,100,81,3,1,team_a,Kumamoto Prefectural Gymnasium,,True,fivb_vis,2069,,
fivb_vis:2070,2007-11-10,women,World Cup,WC_WOMEN,other,THA,USA,68,96,1,3,team_b,Kumamoto Prefectural Gymnasium,,True,fivb_vis,2070,,
fivb_vis:2071,2007-11-10,women,World Cup,WC_WOMEN,other,BRA,KOR,75,49,3,0,team_a,Kumamoto Prefectural Gymnasium,,True,fivb_vis,2071,,
fivb_vis:2072,2007-11-11,women,World Cup,WC_WOMEN,other,ITA,PER,75,51,3,0,team_a,Hokkaido Prefectural Sports Center,,True,fivb_vis,2072,,
fivb_vis:2073,2007-11-11,women,World Cup,WC_WOMEN,other,POL,SRB,108,96,3,2,team_a,Hokkaido Prefectural Sports Center,,True,fivb_vis,2073,,
fivb_vis:2074,2007-11-11,women,World Cup,WC_WOMEN,other,JPN,KEN,75,34,3,0,team_a,Hokkaido Prefectural Sports Center,,True,fivb_vis,2074,,
fivb_vis:2075,2007-11-11,women,World Cup,WC_WOMEN,other,CUB,THA,98,82,3,1,team_a,Kumamoto Prefectural Gymnasium,,True,fivb_vis,2075,,
fivb_vis:2076,2007-11-11,women,World Cup,WC_WOMEN,other,KOR,USA,63,75,0,3,team_b,Kumamoto Prefectural Gymnasium,,True,fivb_vis,2076,,
fivb_vis:2077,2007-11-11,women,World Cup,WC_WOMEN,other,BRA,DOM,75,42,3,0,team_a,Kumamoto Prefectural Gymnasium,,True,fivb_vis,2077,,
fivb_vis:2078,2007-11-14,women,World Cup,WC_WOMEN,other,BRA,ITA,62,75,0,3,team_b,Nippon Gaishi Hall,,True,fivb_vis,2078,,
fivb_vis:2079,2007-11-14,women,World Cup,WC_WOMEN,other,SRB,USA,101,94,3,1,team_a,Nippon Gaishi Hall,,True,fivb_vis,2079,,
fivb_vis:2080,2007-11-14,women,World Cup,WC_WOMEN,other,JPN,CUB,97,103,1,3,team_b,Nippon Gaishi Hall,,True,fivb_vis,2080,,
fivb_vis:2081,2007-11-14,women,World Cup,WC_WOMEN,other,KEN,THA,88,110,2,3,team_b,Park Arena Komaki,,True,fivb_vis,2081,,
fivb_vis:2082,2007-11-14,women,World Cup,WC_WOMEN,other,DOM,POL,46,75,0,3,team_b,Park Arena Komaki,,True,fivb_vis,2082,,
fivb_vis:2083,2007-11-14,women,World Cup,WC_WOMEN,other,KOR,PER,76,61,3,0,team_a,Park Arena Komaki,,True,fivb_vis,2083,,
fivb_vis:2084,2007-11-15,women,World Cup,WC_WOMEN,other,BRA,SRB,75,48,3,0,team_a,Nippon Gaishi Hall,,True,fivb_vis,2084,,
fivb_vis:2085,2007-11-15,women,World Cup,WC_WOMEN,other,CUB,ITA,60,77,0,3,team_b,Nippon Gaishi Hall,,True,fivb_vis,2085,,
fivb_vis:2086,2007-11-15,women,World Cup,WC_WOMEN,other,JPN,USA,51,75,0,3,team_b,Nippon Gaishi Hall,,True,fivb_vis,2086,,
fivb_vis:2087,2007-11-15,women,World Cup,WC_WOMEN,other,DOM,KEN,75,53,3,0,team_a,Park Arena Komaki,,True,fivb_vis,2087,,
fivb_vis:2088,2007-11-15,women,World Cup,WC_WOMEN,other,PER,THA,62,75,0,3,team_b,Park Arena Komaki,,True,fivb_vis,2088,,
fivb_vis:2089,2007-11-15,women,World Cup,WC_WOMEN,other,KOR,POL,87,95,1,3,team_b,Park Arena Komaki,,True,fivb_vis,2089,,
fivb_vis:2090,2007-11-16,women,World Cup,WC_WOMEN,other,CUB,SRB,98,89,3,1,team_a,Nippon Gaishi Hall,,True,fivb_vis,2090,,
fivb_vis:2091,2007-11-16,women,World Cup,WC_WOMEN,other,ITA,USA,77,63,3,0,team_a,Nippon Gaishi Hall,,True,fivb_vis,2091,,
fivb_vis:2092,2007-11-16,women,World Cup,WC_WOMEN,other,JPN,BRA,77,98,1,3,team_b,Nippon Gaishi Hall,,True,fivb_vis,2092,,
fivb_vis:2093,2007-11-16,women,World Cup,WC_WOMEN,other,DOM,PER,109,90,3,2,team_a,Park Arena Komaki,,True,fivb_vis,2093,,
fivb_vis:2094,2007-11-16,women,World Cup,WC_WOMEN,other,POL,THA,75,54,3,0,team_a,Park Arena Komaki,,True,fivb_vis,2094,,
fivb_vis:2095,2007-11-16,women,World Cup,WC_WOMEN,other,KEN,KOR,45,75,0,3,team_b,Park Arena Komaki,,True,fivb_vis,2095,,
fivb_vis:2096,2006-10-31,women,World Championship,WCH_WOMEN,other,KOR,CRI,75,48,3,0,team_a,Yoyogi National Stadium,,True,fivb_vis,2096,,
fivb_vis:2097,2006-10-31,women,World Championship,WCH_WOMEN,other,POL,KEN,95,77,3,1,team_a,Yoyogi National Stadium,,True,fivb_vis,2097,,
fivb_vis:2098,2006-10-31,women,World Championship,WCH_WOMEN,other,TPE,JPN,93,85,3,1,team_a,Yoyogi National Stadium,,True,fivb_vis,2098,,
fivb_vis:2099,2006-10-31,women,World Championship,WCH_WOMEN,other,DOM,DEU,54,75,0,3,team_b,Hokkaido Prefectural Sports Center,,True,fivb_vis,2099,,
fivb_vis:2100,2006-10-31,women,World Championship,WCH_WOMEN,other,MEX,RUS,29,75,0,3,team_b,Hokkaido Prefectural Sports Center,,True,fivb_vis,2100,,
fivb_vis:2101,2006-10-31,women,World Championship,WCH_WOMEN,other,CHN,AZE,99,87,3,1,team_a,Hokkaido Prefectural Sports Center,,True,fivb_vis,2101,,
fivb_vis:2102,2006-10-31,women,World Championship,WCH_WOMEN,other,BRA,PRI,75,54,3,0,team_a,Green Arena Kobe,,True,fivb_vis,2102,,
fivb_vis:2103,2006-10-31,women,World Championship,WCH_WOMEN,other,NLD,CMR,75,50,3,0,team_a,Green Arena Kobe,,True,fivb_vis,2103,,
fivb_vis:2104,2006-10-31,women,World Championship,WCH_WOMEN,other,USA,KAZ,111,105,3,2,team_a,Green Arena Kobe,,True,fivb_vis,2104,,
fivb_vis:2105,2006-10-31,women,World Championship,WCH_WOMEN,other,PER,EGY,75,38,3,0,team_a,Nagoya Rainbow Hall,,True,fivb_vis,2105,,
fivb_vis:2106,2006-10-31,women,World Championship,WCH_WOMEN,other,TUR,CUB,66,77,0,3,team_b,Nagoya Rainbow Hall,,True,fivb_vis,2106,,
fivb_vis:2107,2006-10-31,women,World Championship,WCH_WOMEN,other,ITA,XSCG,90,96,1,3,team_b,Nagoya Rainbow Hall,,True,fivb_vis,2107,,
fivb_vis:2108,2006-11-01,women,World Championship,WCH_WOMEN,other,KEN,TPE,49,79,0,3,team_b,Yoyogi National Stadium,,True,fivb_vis,2108,,
fivb_vis:2109,2006-11-01,women,World Championship,WCH_WOMEN,other,KOR,POL,107,112,2,3,team_b,Yoyogi National Stadium,,True,fivb_vis,2109,,
fivb_vis:2110,2006-11-01,women,World Championship,WCH_WOMEN,other,CRI,JPN,34,75,0,3,team_b,Yoyogi National Stadium,,True,fivb_vis,2110,,
fivb_vis:2111,2006-11-01,women,World Championship,WCH_WOMEN,other,AZE,RUS,85,94,1,3,team_b,Hokkaido Prefectural Sports Center,,True,fivb_vis,2111,,
fivb_vis:2112,2006-11-01,women,World Championship,WCH_WOMEN,other,DEU,MEX,75,58,3,0,team_a,Hokkaido Prefectural Sports Center,,True,fivb_vis,2112,,
fivb_vis:2113,2006-11-01,women,World Championship,WCH_WOMEN,other,CHN,DOM,75,59,3,0,team_a,Hokkaido Prefectural Sports Center,,True,fivb_vis,2113,,
fivb_vis:2114,2006-11-01,women,World Championship,WCH_WOMEN,other,KAZ,BRA,46,75,0,3,team_b,Green Arena Kobe,,True,fivb_vis,2114,,
fivb_vis:2115,2006-11-01,women,World Championship,WCH_WOMEN,other,CMR,PRI,60,75,0,3,team_b,Green Arena Kobe,,True,fivb_vis,2115,,
fivb_vis:2116,2006-11-01,women,World Championship,WCH_WOMEN,other,NLD,USA,102,112,2,3,team_b,Green Arena Kobe,,True,fivb_vis,2116,,
fivb_vis:2117,2006-11-01,women,World Championship,WCH_WOMEN,other,EGY,TUR,32,75,0,3,team_b,Nagoya Rainbow Hall,,True,fivb_vis,2117,,
fivb_vis:2118,2006-11-01,women,World Championship,WCH_WOMEN,other,XSCG,CUB,97,90,3,1,team_a,Nagoya Rainbow Hall,,True,fivb_vis,2118,,
fivb_vis:2119,2006-11-01,women,World Championship,WCH_WOMEN,other,ITA,PER,75,45,3,0,team_a,Nagoya Rainbow Hall,,True,fivb_vis,2119,,
fivb_vis:2120,2006-11-03,women,World Championship,WCH_WOMEN,other,TPE,KOR,110,112,3,2,team_a,Yoyogi National Stadium,,True,fivb_vis,2120,,
fivb_vis:2121,2006-11-03,women,World Championship,WCH_WOMEN,other,POL,CRI,95,67,3,1,team_a,Yoyogi National Stadium,,True,fivb_vis,2121,,
fivb_vis:2122,2006-11-03,women,World Championship,WCH_WOMEN,other,JPN,KEN,75,42,3,0,team_a,Yoyogi National Stadium,,True,fivb_vis,2122,,
fivb_vis:2123,2006-11-03,women,World Championship,WCH_WOMEN,other,DOM,AZE,81,96,1,3,team_b,Hokkaido Prefectural Sports Center,,True,fivb_vis,2123,,
fivb_vis:2124,2006-11-03,women,World Championship,WCH_WOMEN,other,RUS,DEU,0,0,3,1,team_a,Hokkaide Prefectural Sports Center,,True,fivb_vis,2124,,
fivb_vis:2125,2006-11-03,women,World Championship,WCH_WOMEN,other,MEX,CHN,42,75,0,3,team_b,Hokkaido Prefectural Sports Center,,True,fivb_vis,2125,,
fivb_vis:2126,2006-11-03,women,World Championship,WCH_WOMEN,other,BRA,NLD,111,95,3,2,team_a,Green Arena Kobe,,True,fivb_vis,2126,,
fivb_vis:2127,2006-11-03,women,World Championship,WCH_WOMEN,other,PRI,KAZ,0,0,3,1,team_a,Green Arena Kobe,,True,fivb_vis,2127,,
fivb_vis:2128,2006-11-03,women,World Championship,WCH_WOMEN,other,USA,CMR,75,46,3,0,team_a,Green Arena Kobe,,True,fivb_vis,2128,,
fivb_vis:2129,2006-11-03,women,World Championship,WCH_WOMEN,other,PER,XSCG,109,119,2,3,team_b,Nagoya Rainbow Hall,,True,fivb_vis,2129,,
fivb_vis:2130,2006-11-03,women,World Championship,WCH_WOMEN,other,CUB,EGY,75,33,3,0,team_a,Nagoya Rainbow Hall,,True,fivb_vis,2130,,
fivb_vis:2131,2006-11-03,women,World Championship,WCH_WOMEN,other,TUR,ITA,54,75,0,3,team_b,Nagoya Rainbow Hall,,True,fivb_vis,2131,,
fivb_vis:2132,2006-11-04,women,World Championship,WCH_WOMEN,other,CRI,KEN,114,105,3,2,team_a,Yoyogi National Stadium,,True,fivb_vis,2132,,
fivb_vis:2133,2006-11-04,women,World Championship,WCH_WOMEN,other,POL,TPE,85,98,1,3,team_b,Yoyogi National Stadium,,True,fivb_vis,2133,,
fivb_vis:2134,2006-11-04,women,World Championship,WCH_WOMEN,other,KOR,JPN,89,96,1,3,team_b,Yoyogi National Stadium,,True,fivb_vis,2134,,
fivb_vis:2135,2006-11-04,women,World Championship,WCH_WOMEN,other,CHN,RUS,77,95,1,3,team_b,Hokkaido Prefectural Sports Center,,True,fivb_vis,2135,,
fivb_vis:2136,2006-11-04,women,World Championship,WCH_WOMEN,other,AZE,DEU,63,77,0,3,team_b,Hokkaido Prefectural Sports Center,,True,fivb_vis,2136,,
fivb_vis:2137,2006-11-04,women,World Championship,WCH_WOMEN,other,DOM,MEX,75,51,3,0,team_a,Hokkaido Prefectural Sports Center,,True,fivb_vis,2137,,
fivb_vis:2138,2006-11-04,women,World Championship,WCH_WOMEN,other,USA,BRA,57,75,0,3,team_b,Green Arena Kobe,,True,fivb_vis,2138,,
fivb_vis:2139,2006-11-04,women,World Championship,WCH_WOMEN,other,CMR,KAZ,45,75,0,3,team_b,Green Arena Kobe,,True,fivb_vis,2139,,
fivb_vis:2140,2006-11-04,women,World Championship,WCH_WOMEN,other,NLD,PRI,80,63,3,0,team_a,Green Arena Kobe,,True,fivb_vis,2140,,
fivb_vis:2141,2006-11-04,women,World Championship,WCH_WOMEN,other,XSCG,EGY,75,37,3,0,team_a,Nagoya Rainbow Hall,,True,fivb_vis,2141,,
fivb_vis:2142,2006-11-04,women,World Championship,WCH_WOMEN,other,PER,TUR,98,111,2,3,team_b,Nagoya Rainbow Hall,,True,fivb_vis,2142,,
fivb_vis:2143,2006-11-04,women,World Championship,WCH_WOMEN,other,ITA,CUB,100,86,3,1,team_a,Nagoya Rainbow Hall,,True,fivb_vis,2143,,
fivb_vis:2144,2006-11-05,women,World Championship,WCH_WOMEN,other,TPE,CRI,75,40,3,0,team_a,Yoyogi National Stadium,,True,fivb_vis,2144,,
fivb_vis:2145,2006-11-05,women,World Championship,WCH_WOMEN,other,KEN,KOR,38,75,0,3,team_b,Yoyogi National Stadium,,True,fivb_vis,2145,,
fivb_vis:2146,2006-11-05,women,World Championship,WCH_WOMEN,other,JPN,POL,106,96,3,1,team_a,Yoyogi National Stadium,,True,fivb_vis,2146,,
fivb_vis:2147,2006-11-05,women,World Championship,WCH_WOMEN,other,DEU,CHN,95,87,3,1,team_a,Hokkaido Prefectural Sports Center,,True,fivb_vis,2147,,
fivb_vis:2148,2006-11-05,women,World Championship,WCH_WOMEN,other,MEX,AZE,40,75,0,3,team_b,Hokkaido Prefectural Sports Center,,True,fivb_vis,2148,,
fivb_vis:2149,2006-11-05,women,World Championship,WCH_WOMEN,other,RUS,DOM,95,79,3,1,team_a,Hokkaido Prefectural Sports Center,,True,fivb_vis,2149,,
fivb_vis:2150,2006-11-05,women,World Championship,WCH_WOMEN,other,BRA,CMR,75,35,3,0,team_a,Green Arena Kobe,,True,fivb_vis,2150,,
fivb_vis:2151,2006-11-05,women,World Championship,WCH_WOMEN,other,PRI,USA,45,75,0,3,team_b,Green Arena Kobe,,True,fivb_vis,2151,,
fivb_vis:2152,2006-11-05,women,World Championship,WCH_WOMEN,other,KAZ,NLD,103,114,2,3,team_b,Green Arena Kobe,,True,fivb_vis,2152,,
fivb_vis:2153,2006-11-05,women,World Championship,WCH_WOMEN,other,TUR,XSCG,62,77,0,3,team_b,Nagoya Rainbow Hall,,True,fivb_vis,2153,,
fivb_vis:2154,2006-11-05,women,World Championship,WCH_WOMEN,other,CUB,PER,104,92,3,2,team_a,Nagoya Rainbow Hall,,True,fivb_vis,2154,,
fivb_vis:2155,2006-11-05,women,World Championship,WCH_WOMEN,other,EGY,ITA,34,75,0,3,team_b,Nagoya Rainbow Hall,,True,fivb_vis,2155,,
fivb_vis:2156,2006-11-08,women,World Championship,WCH_WOMEN,other,KOR,XSCG,64,75,0,3,team_b,Nagoya Rainbow Hall,,True,fivb_vis,2156,,
fivb_vis:2157,2006-11-08,women,World Championship,WCH_WOMEN,other,POL,ITA,54,75,0,3,team_b,Nagoya Rainbow Hall,,True,fivb_vis,2157,,
fivb_vis:2158,2006-11-08,women,World Championship,WCH_WOMEN,other,JPN,CUB,92,97,1,3,team_b,Nagoya Rainbow Hall,,True,fivb_vis,2158,,
fivb_vis:2159,2006-11-08,women,World Championship,WCH_WOMEN,other,TPE,TUR,75,96,1,3,team_b,Nagoya Rainbow Hall,,True,fivb_vis,2159,,
fivb_vis:2160,2006-11-08,women,World Championship,WCH_WOMEN,other,RUS,PRI,75,46,3,0,team_a,Osaka Municipal Central Gymnasium,,True,fivb_vis,2160,,
fivb_vis:2161,2006-11-08,women,World Championship,WCH_WOMEN,other,DEU,NLD,108,112,2,3,team_b,Osaka Municipal Central Gymnasium,,True,fivb_vis,2161,,
fivb_vis:2162,2006-11-08,women,World Championship,WCH_WOMEN,other,CHN,USA,95,87,3,1,team_a,Osaka Municipal Central Gymnasium,,True,fivb_vis,2162,,
fivb_vis:2163,2006-11-08,women,World Championship,WCH_WOMEN,other,AZE,BRA,63,75,0,3,team_b,Osaka Municipal Central Gymnasium,,True,fivb_vis,2163,,
fivb_vis:2164,2006-11-09,women,World Championship,WCH_WOMEN,other,KOR,ITA,50,75,0,3,team_b,Nagoya Rainbow Hall,,True,fivb_vis,2164,,
fivb_vis:2165,2006-11-09,women,World Championship,WCH_WOMEN,other,POL,XSCG,51,75,0,3,team_b,Nagoya Rainbow Hall,,True,fivb_vis,2165,,
fivb_vis:2166,2006-11-09,women,World Championship,WCH_WOMEN,other,JPN,TUR,102,91,3,1,team_a,Nagoya Rainbow Hall,,True,fivb_vis,2166,,
fivb_vis:2167,2006-11-09,women,World Championship,WCH_WOMEN,other,TPE,CUB,55,75,0,3,team_b,Nagoya Rainbow Hall,,True,fivb_vis,2167,,
fivb_vis:2168,2006-11-09,women,World Championship,WCH_WOMEN,other,RUS,NLD,75,51,3,0,team_a,Osaka Municipal Central Gymnasium,,True,fivb_vis,2168,,
fivb_vis:2169,2006-11-09,women,World Championship,WCH_WOMEN,other,DEU,PRI,75,67,3,0,team_a,Osaka Municipal Central Gymnasium,,True,fivb_vis,2169,,
fivb_vis:2170,2006-11-09,women,World Championship,WCH_WOMEN,other,CHN,BRA,105,113,2,3,team_b,Osaka Municipal Central Gymnasium,,True,fivb_vis,2170,,
fivb_vis:2171,2006-11-09,women,World Championship,WCH_WOMEN,other,AZE,USA,106,106,3,2,team_a,Osaka Municipal Central Gymnasium,,True,fivb_vis,2171,,
fivb_vis:2172,2006-11-11,women,World Championship,WCH_WOMEN,other,KOR,CUB,55,75,0,3,team_b,Nagoya Rainbow Hall,,True,fivb_vis,2172,,
fivb_vis:2173,2006-11-11,women,World Championship,WCH_WOMEN,other,POL,TUR,59,75,0,3,team_b,Nagoya Rainbow Hall,,True,fivb_vis,2173,,
fivb_vis:2174,2006-11-11,women,World Championship,WCH_WOMEN,other,JPN,XSCG,105,100,3,2,team_a,Nagoya Rainbow Hall,,True,fivb_vis,2174,,
fivb_vis:2175,2006-11-11,women,World Championship,WCH_WOMEN,other,TPE,ITA,42,75,0,3,team_b,Nagoya Rainbow Hall,,True,fivb_vis,2175,,
fivb_vis:2176,2006-11-11,women,World Championship,WCH_WOMEN,other,RUS,USA,75,58,3,0,team_a,Osaka Municipal Central Gymnasium,,True,fivb_vis,2176,,
fivb_vis:2177,2006-11-11,women,World Championship,WCH_WOMEN,other,DEU,BRA,53,75,0,3,team_b,Osaka Municipal Central Gymnasium,,True,fivb_vis,2177,,
fivb_vis:2178,2006-11-11,women,World Championship,WCH_WOMEN,other,CHN,PRI,78,62,3,0,team_a,Osaka Municipal Central Gymnasium,,True,fivb_vis,2178,,
fivb_vis:2179,2006-11-11,women,World Championship,WCH_WOMEN,other,AZE,NLD,70,77,0,3,team_b,Osaka Municipal Central Gymnasium,,True,fivb_vis,2179,,
fivb_vis:2180,2006-11-12,women,World Championship,WCH_WOMEN,other,KOR,TUR,75,49,3,0,team_a,Nagoya Rainbow Hall,,True,fivb_vis,2180,,
fivb_vis:2181,2006-11-12,women,World Championship,WCH_WOMEN,other,POL,CUB,67,78,0,3,team_b,Nagoya Rainbow Hall,,True,fivb_vis,2181,,
fivb_vis:2182,2006-11-12,women,World Championship,WCH_WOMEN,other,JPN,ITA,66,78,0,3,team_b,Nagoya Rainbow Hall,,True,fivb_vis,2182,,
fivb_vis:2183,2006-11-12,women,World Championship,WCH_WOMEN,other,TPE,XSCG,101,108,2,3,team_b,Nagoya Rainbow Hall,,True,fivb_vis,2183,,
fivb_vis:2184,2006-11-12,women,World Championship,WCH_WOMEN,other,RUS,BRA,90,104,1,3,team_b,Osaka Municipal Central Gymnasium,,True,fivb_vis,2184,,
fivb_vis:2185,2006-11-12,women,World Championship,WCH_WOMEN,other,DEU,USA,110,110,2,3,team_b,Osaka Municipal Central Gymnasium,,True,fivb_vis,2185,,
fivb_vis:2186,2006-11-12,women,World Championship,WCH_WOMEN,other,CHN,NLD,107,103,2,3,team_b,Osaka Municipal Central Gymnasium,,True,fivb_vis,2186,,
fivb_vis:2187,2006-11-12,women,World Championship,WCH_WOMEN,other,AZE,PRI,75,57,3,0,team_a,Osaka Municipal Central Gymnasium,,True,fivb_vis,2187,,
fivb_vis:2188,2006-11-15,women,World Championship,WCH_WOMEN,other,ITA,RUS,55,75,0,3,team_b,Osaka Municipal Central Gymnasium,,True,fivb_vis,2188,,
fivb_vis:2189,2006-11-15,women,World Championship,WCH_WOMEN,other,BRA,XSCG,96,76,3,1,team_a,Osaka Municipal Central Gymnasium,,True,fivb_vis,2189,,
fivb_vis:2190,2006-11-15,women,World Championship,WCH_WOMEN,other,CUB,CHN,93,102,1,3,team_b,Osaka Prefectural Gymnasium,,True,fivb_vis,2190,,
fivb_vis:2191,2006-11-15,women,World Championship,WCH_WOMEN,other,NLD,JPN,90,100,1,3,team_b,Osaka Municipal Central Gymnasium,,True,fivb_vis,2191,,
fivb_vis:2192,2006-11-15,women,World Championship,WCH_WOMEN,other,TPE,USA,56,75,0,3,team_b,Osaka Prefectural Gymnasium,,True,fivb_vis,2192,,
fivb_vis:2193,2006-11-15,women,World Championship,WCH_WOMEN,other,DEU,TUR,86,100,1,3,team_b,Osaka Prefectural Gymnasium,,True,fivb_vis,2193,,
fivb_vis:2194,2006-11-16,women,World Championship,WCH_WOMEN,other,USA,TUR,98,80,3,1,team_a,Osaka Prefectural Gymnasium,,True,fivb_vis,2194,,
fivb_vis:2195,2006-11-16,women,World Championship,WCH_WOMEN,other,TPE,DEU,49,75,0,3,team_b,Osaka Prefectural Gymnasium,,True,fivb_vis,2195,,
fivb_vis:2196,2006-11-16,women,World Championship,WCH_WOMEN,other,CHN,JPN,75,63,3,0,team_a,Osaka Municipal Central Gymnasium,,True,fivb_vis,2196,,
fivb_vis:2197,2006-11-16,women,World Championship,WCH_WOMEN,other,CUB,NLD,75,61,3,0,team_a,Osaka Prefectural Gymnasium,,True,fivb_vis,2197,,
fivb_vis:2198,2006-11-16,women,World Championship,WCH_WOMEN,other,ITA,XSCG,65,75,0,3,team_b,Osaka Municipal Central Gymnasium,,True,fivb_vis,2198,,
fivb_vis:2199,2006-11-16,women,World Championship,WCH_WOMEN,other,RUS,BRA,100,104,3,2,team_a,Osaka Municipal Central Gymnasium,,True,fivb_vis,2199,,
fivb_vis:2200,2008-05-17,women,Olympic Games,OG_WOMEN,other,THA,DOM,70,77,0,3,team_b,Tokyo Metropolitan Gymnasium,,True,fivb_vis,2200,,
fivb_vis:2201,2008-05-17,women,Olympic Games,OG_WOMEN,other,KOR,PRI,96,84,3,1,team_a,Tokyo Metropolitan Gymnasium,,True,fivb_vis,2201,,
fivb_vis:2202,2008-05-17,women,Olympic Games,OG_WOMEN,other,SRB,KAZ,98,70,3,1,team_a,Tokyo Metropolitan Gymnasium,,True,fivb_vis,2202,,
fivb_vis:2203,2008-05-17,women,Olympic Games,OG_WOMEN,other,POL,JPN,87,96,1,3,team_b,Tokyo Metropolitan Gymnasium,,True,fivb_vis,2203,,
fivb_vis:2204,2008-05-18,women,Olympic Games,OG_WOMEN,other,DOM,SRB,91,100,1,3,team_b,Tokyo Metropolitan Gymnasium,,True,fivb_vis,2204,,
fivb_vis:2205,2008-05-18,women,Olympic Games,OG_WOMEN,other,KOR,THA,106,112,3,2,team_a,Tokyo Metropolitan Gymnasium,,True,fivb_vis,2205,,
fivb_vis:2206,2008-05-18,women,Olympic Games,OG_WOMEN,other,KAZ,POL,54,75,0,3,team_b,Tokyo Metropolitan Gymnasium,,True,fivb_vis,2206,,
fivb_vis:2207,2008-05-18,women,Olympic Games,OG_WOMEN,other,PRI,JPN,87,93,1,3,team_b,Tokyo Metropolitan Gymnasium,,True,fivb_vis,2207,,
fivb_vis:2208,2008-05-20,women,Olympic Games,OG_WOMEN,other,THA,PRI,75,60,3,0,team_a,Tokyo Metropolitan Gymnasium,,True,fivb_vis,2208,,
fivb_vis:2209,2008-05-20,women,Olympic Games,OG_WOMEN,other,SRB,KOR,75,65,3,0,team_a,Tokyo Metropolitan Gymnasium,,True,fivb_vis,2209,,
fivb_vis:2210,2008-05-20,women,Olympic Games,OG_WOMEN,other,POL,DOM,98,84,3,1,team_a,Tokyo Metropolitan Gymnasium,,True,fivb_vis,2210,,
fivb_vis:2211,2008-05-20,women,Olympic Games,OG_WOMEN,other,JPN,KAZ,83,73,3,0,team_a,Tokyo Metropolitan Gymnasium,,True,fivb_vis,2211,,
fivb_vis:2212,2008-05-21,women,Olympic Games,OG_WOMEN,other,THA,SRB,54,75,0,3,team_b,Tokyo Metropolitan Gymnasium,,True,fivb_vis,2212,,
fivb_vis:2213,2008-05-21,women,Olympic Games,OG_WOMEN,other,PRI,KAZ,103,104,3,2,team_a,Tokyo Metropolitan Gymnasium,,True,fivb_vis,2213,,
fivb_vis:2214,2008-05-21,women,Olympic Games,OG_WOMEN,other,KOR,POL,51,75,0,3,team_b,Tokyo Metropolitan Gymnasium,,True,fivb_vis,2214,,
fivb_vis:2215,2008-05-21,women,Olympic Games,OG_WOMEN,other,DOM,JPN,83,93,1,3,team_b,Tokyo Metropolitan Gymnasium,,True,fivb_vis,2215,,
fivb_vis:2216,2008-05-23,women,Olympic Games,OG_WOMEN,other,KAZ,DOM,59,75,0,3,team_b,Tokyo Metropolitan Gymnasium,,True,fivb_vis,2216,,
fivb_vis:2217,2008-05-23,women,Olympic Games,OG_WOMEN,other,SRB,PRI,75,48,3,0,team_a,Tokyo Metropolitan Gymnasium,,True,fivb_vis,2217,,
fivb_vis:2218,2008-05-23,women,Olympic Games,OG_WOMEN,other,POL,THA,93,81,3,1,team_a,Tokyo Metropolitan Gymnasium,,True,fivb_vis,2218,,
fivb_vis:2219,2008-05-23,women,Olympic Games,OG_WOMEN,other,JPN,KOR,96,77,3,1,team_a,Tokyo Metropolitan Gymnasium,,True,fivb_vis,2219,,
fivb_vis:2220,2008-05-24,women,Olympic Games,OG_WOMEN,other,PRI,DOM,55,75,0,3,team_b,Tokyo Metropolitan Gymnasium,,True,fivb_vis,2220,,
fivb_vis:2221,2008-05-24,women,Olympic Games,OG_WOMEN,other,SRB,POL,92,105,2,3,team_b,Tokyo Metropolitan Gymnasium,,True,fivb_vis,2221,,
fivb_vis:2222,2008-05-24,women,Olympic Games,OG_WOMEN,other,KOR,KAZ,60,75,0,3,team_b,Tokyo Metropolitan Gymnasium,,True,fivb_vis,2222,,
fivb_vis:2223,2008-05-24,women,Olympic Games,OG_WOMEN,other,THA,JPN,103,118,2,3,team_b,Tokyo Metropolitan Gymnasium,,True,fivb_vis,2223,,
fivb_vis:2224,2008-05-25,women,Olympic Games,OG_WOMEN,other,DOM,KOR,92,79,3,1,team_a,Tokyo Metropolitan Gymnasium,,True,fivb_vis,2224,,
fivb_vis:2225,2008-05-25,women,Olympic Games,OG_WOMEN,other,KAZ,THA,88,78,3,1,team_a,Tokyo Metropolitan Gymnasium,,True,fivb_vis,2225,,
fivb_vis:2226,2008-05-25,women,Olympic Games,OG_WOMEN,other,POL,PRI,75,66,3,0,team_a,Tokyo Metropolitan Gymnasium,,True,fivb_vis,2226,,
fivb_vis:2227,2008-05-25,women,Olympic Games,OG_WOMEN,other,JPN,SRB,105,109,2,3,team_b,Tokyo Metropolitan Gymnasium,,True,fivb_vis,2227,,
fivb_vis:2482,2010-09-25,men,World Championship,WCH_MEN,other,EGY,IRN,75,59,3,0,team_a,Forum,,True,fivb_vis,2482,,
fivb_vis:2483,2010-09-25,men,World Championship,WCH_MEN,other,ITA,JPN,75,50,3,0,team_a,Forum,,True,fivb_vis,2483,,
fivb_vis:2484,2010-09-25,men,World Championship,WCH_MEN,other,BRA,TUN,75,49,3,0,team_a,Palaolimpia,,True,fivb_vis,2484,,
fivb_vis:2485,2010-09-25,men,World Championship,WCH_MEN,other,ESP,CUB,100,106,2,3,team_b,Palaolimpia,,True,fivb_vis,2485,,
fivb_vis:2486,2010-09-25,men,World Championship,WCH_MEN,other,RUS,CMR,75,53,3,0,team_a,Palapanini,,True,fivb_vis,2486,,
fivb_vis:2487,2010-09-25,men,World Championship,WCH_MEN,other,AUS,PRI,91,101,1,3,team_b,Palapanini,,True,fivb_vis,2487,,
fivb_vis:2488,2010-09-25,men,World Championship,WCH_MEN,other,VEN,ARG,58,75,0,3,team_b,Palacalafiore,,True,fivb_vis,2488,,
fivb_vis:2489,2010-09-25,men,World Championship,WCH_MEN,other,USA,MEX,106,101,3,2,team_a,Palacalafiore,,True,fivb_vis,2489,,
fivb_vis:2490,2010-09-25,men,World Championship,WCH_MEN,other,FRA,CZE,111,101,3,2,team_a,PalaRuffini,,True,fivb_vis,2490,,
fivb_vis:2491,2010-09-25,men,World Championship,WCH_MEN,other,BGR,CHN,75,55,3,0,team_a,PalaRuffini,,True,fivb_vis,2491,,
fivb_vis:2492,2010-09-26,men,World Championship,WCH_MEN,other,VEN,USA,61,75,0,3,team_b,Palacalafiore,,True,fivb_vis,2492,,
fivb_vis:2493,2010-09-26,men,World Championship,WCH_MEN,other,ARG,MEX,92,71,3,1,team_a,Palacalafiore,,True,fivb_vis,2493,,
fivb_vis:2494,2010-09-26,men,World Championship,WCH_MEN,other,RUS,AUS,99,75,3,1,team_a,Palapanini,,True,fivb_vis,2494,,
fivb_vis:2495,2010-09-26,men,World Championship,WCH_MEN,other,CMR,PRI,64,75,0,3,team_b,Palapanini,,True,fivb_vis,2495,,
fivb_vis:2496,2010-09-26,men,World Championship,WCH_MEN,other,BRA,ESP,101,92,3,1,team_a,Palaolimpia,,True,fivb_vis,2496,,
fivb_vis:2497,2010-09-26,men,World Championship,WCH_MEN,other,TUN,CUB,48,75,0,3,team_b,Palaolimpia,,True,fivb_vis,2497,,
fivb_vis:2498,2010-09-26,men,World Championship,WCH_MEN,other,EGY,ITA,60,75,0,3,team_b,Forum,,True,fivb_vis,2498,,
fivb_vis:2499,2010-09-26,men,World Championship,WCH_MEN,other,IRN,JPN,91,89,3,1,team_a,Forum,,True,fivb_vis,2499,,
fivb_vis:2500,2010-09-25,men,World Championship,WCH_MEN,other,DEU,SRB,55,75,0,3,team_b,PalaTrieste,,True,fivb_vis,2500,,
fivb_vis:2501,2010-09-25,men,World Championship,WCH_MEN,other,POL,CAN,75,56,3,0,team_a,PalaTrieste,,True,fivb_vis,2501,,
fivb_vis:2502,2010-09-26,men,World Championship,WCH_MEN,other,CZE,CHN,94,86,3,1,team_a,PalaRuffini,,True,fivb_vis,2502,,
fivb_vis:2503,2010-09-26,men,World Championship,WCH_MEN,other,FRA,BGR,120,111,3,2,team_a,Palaruffini,,True,fivb_vis,2503,,
fivb_vis:2504,2010-09-26,men,World Championship,WCH_MEN,other,CAN,SRB,92,90,3,1,team_a,Palatrieste,,True,fivb_vis,2504,,
fivb_vis:2505,2010-09-26,men,World Championship,WCH_MEN,other,POL,DEU,108,105,3,2,team_a,Palatrieste,,True,fivb_vis,2505,,
fivb_vis:2506,2010-09-27,men,World Championship,WCH_MEN,other,JPN,EGY,120,108,3,2,team_a,Forum,,True,fivb_vis,2506,,
fivb_vis:2507,2010-09-27,men,World Championship,WCH_MEN,other,ITA,IRN,112,97,3,2,team_a,Forum,,True,fivb_vis,2507,,
fivb_vis:2508,2010-09-27,men,World Championship,WCH_MEN,other,ESP,TUN,100,95,3,1,team_a,Palaolimpia,,True,fivb_vis,2508,,
fivb_vis:2509,2010-09-27,men,World Championship,WCH_MEN,other,CUB,BRA,115,115,3,2,team_a,Palaolimpia,,True,fivb_vis,2509,,
fivb_vis:2510,2010-09-27,men,World Championship,WCH_MEN,other,AUS,CMR,87,96,1,3,team_b,Palapanini,,True,fivb_vis,2510,,
fivb_vis:2511,2010-09-27,men,World Championship,WCH_MEN,other,PRI,RUS,96,109,2,3,team_b,Palapanini,,True,fivb_vis,2511,,
fivb_vis:2512,2010-09-27,men,World Championship,WCH_MEN,other,MEX,VEN,75,62,3,0,team_a,Palacalafiore,,True,fivb_vis,2512,,
fivb_vis:2513,2010-09-27,men,World Championship,WCH_MEN,other,USA,ARG,99,92,3,1,team_a,Palacalafiore,,True,fivb_vis,2513,,
fivb_vis:2514,2010-09-27,men,World Championship,WCH_MEN,other,BGR,CZE,103,107,1,3,team_b,Palaruffini,,True,fivb_vis,2514,,
fivb_vis:2515,2010-09-27,men,World Championship,WCH_MEN,other,CHN,FRA,56,75,0,3,team_b,Palaruffini,,True,fivb_vis,2515,,
fivb_vis:2516,2010-09-27,men,World Championship,WCH_MEN,other,DEU,CAN,77,67,3,0,team_a,Palatrieste,,True,fivb_vis,2516,,
fivb_vis:2517,2010-09-27,men,World Championship,WCH_MEN,other,SRB,POL,85,96,1,3,team_b,Palatrieste,,True,fivb_vis,2517,,
fivb_vis:2528,2010-09-30,men,World Championship,WCH_MEN,other,PRI,DEU,62,75,0,3,team_b,Palacatania,,True,fivb_vis,2528,,
fivb_vis:2529,2010-09-30,men,World Championship,WCH_MEN,other,CUB,SRB,85,91,1,3,team_b,Forum,,True,fivb_vis,2529,,
fivb_vis:2530,2010-09-30,men,World Championship,WCH_MEN,other,USA,CZE,63,75,0,3,team_b,Palarossini,,True,fivb_vis,2530,,
fivb_vis:2531,2010-09-30,men,World Championship,WCH_MEN,other,RUS,EGY,75,56,3,0,team_a,Palacatania,,True,fivb_vis,2531,,
fivb_vis:2532,2010-09-30,men,World Championship,WCH_MEN,other,FRA,ARG,86,91,1,3,team_b,Forum,,True,fivb_vis,2532,,
fivb_vis:2533,2010-09-30,men,World Championship,WCH_MEN,other,POL,BRA,56,75,0,3,team_b,Palarossini,,True,fivb_vis,2533,,
fivb_vis:2534,2010-10-01,men,World Championship,WCH_MEN,other,ESP,RUS,104,104,3,2,team_a,Palacatania,,True,fivb_vis,2534,,
fivb_vis:2535,2010-10-01,men,World Championship,WCH_MEN,other,JPN,FRA,64,75,0,3,team_b,Forum,,True,fivb_vis,2535,,
fivb_vis:2536,2010-10-01,men,World Championship,WCH_MEN,other,BGR,POL,75,57,3,0,team_a,Palarossini,,True,fivb_vis,2536,,
fivb_vis:2537,2010-10-01,men,World Championship,WCH_MEN,other,DEU,ITA,82,96,1,3,team_b,Palacatania,,True,fivb_vis,2537,,
fivb_vis:2538,2010-10-01,men,World Championship,WCH_MEN,other,MEX,CUB,57,77,0,3,team_b,Forum,,True,fivb_vis,2538,,
fivb_vis:2539,2010-10-01,men,World Championship,WCH_MEN,other,CMR,USA,93,113,2,3,team_b,Palarossini,,True,fivb_vis,2539,,
fivb_vis:2540,2010-10-02,men,World Championship,WCH_MEN,other,SRB,MEX,75,60,3,0,team_a,Forum,,True,fivb_vis,2540,,
fivb_vis:2541,2010-10-02,men,World Championship,WCH_MEN,other,EGY,ESP,85,103,1,3,team_b,Palacatania,,True,fivb_vis,2541,,
fivb_vis:2542,2010-10-02,men,World Championship,WCH_MEN,other,CZE,CMR,75,52,3,0,team_a,Palarossini,,True,fivb_vis,2542,,
fivb_vis:2543,2010-10-02,men,World Championship,WCH_MEN,other,ITA,PRI,93,84,3,1,team_a,Palacatania,,True,fivb_vis,2543,,
fivb_vis:2544,2010-10-02,men,World Championship,WCH_MEN,other,ARG,JPN,91,80,3,1,team_a,Forum,,True,fivb_vis,2544,,
fivb_vis:2545,2010-10-02,men,World Championship,WCH_MEN,other,BRA,BGR,58,75,0,3,team_b,Palarossini,,True,fivb_vis,2545,,
fivb_vis:2550,2010-10-04,men,World Championship,WCH_MEN,other,FRA,USA,53,75,0,3,team_b,Palalottomatica,,True,fivb_vis,2550,,
fivb_vis:2551,2010-10-04,men,World Championship,WCH_MEN,other,SRB,ARG,96,80,3,1,team_a,Mandela Forum,,True,fivb_vis,2551,,
fivb_vis:2552,2010-10-04,men,World Championship,WCH_MEN,other,CZE,BRA,99,110,2,3,team_b,Palalottomatica,,True,fivb_vis,2552,,
fivb_vis:2553,2010-10-04,men,World Championship,WCH_MEN,other,ESP,BGR,92,103,1,3,team_b,Mandela Forum,,True,fivb_vis,2553,,
fivb_vis:2554,2010-10-05,men,World Championship,WCH_MEN,other,USA,ITA,96,92,1,3,team_b,Palalottomatica,,True,fivb_vis,2554,,
fivb_vis:2555,2010-10-05,men,World Championship,WCH_MEN,other,RUS,SRB,97,96,1,3,team_b,Mandela Forum,,True,fivb_vis,2555,,
fivb_vis:2556,2010-10-05,men,World Championship,WCH_MEN,other,DEU,CZE,75,54,3,0,team_a,Palalottomatica,,True,fivb_vis,2556,,
fivb_vis:2557,2010-10-05,men,World Championship,WCH_MEN,other,CUB,ESP,90,91,3,1,team_a,Mandela Forum,,True,fivb_vis,2557,,
fivb_vis:2558,2010-10-06,men,World Championship,WCH_MEN,other,ITA,FRA,100,84,3,1,team_a,Palalottomatica,,True,fivb_vis,2558,,
fivb_vis:2559,2010-10-06,men,World Championship,WCH_MEN,other,ARG,RUS,54,75,0,3,team_b,Mandela Forum,,True,fivb_vis,2559,,
fivb_vis:2560,2010-10-06,men,World Championship,WCH_MEN,other,BRA,DEU,75,56,3,0,team_a,Palalottomatica,,True,fivb_vis,2560,,
fivb_vis:2561,2010-10-06,men,World Championship,WCH_MEN,other,BGR,CUB,115,118,2,3,team_b,Mandela Forum,,True,fivb_vis,2561,,
fivb_vis:2564,2010-10-08,men,World Championship,WCH_MEN,other,RUS,BGR,96,92,3,1,team_a,Palapanini,,True,fivb_vis,2564,,
fivb_vis:2565,2010-10-08,men,World Championship,WCH_MEN,other,ARG,ESP,99,87,3,1,team_a,Mandela Forum,,True,fivb_vis,2565,,
fivb_vis:2566,2010-10-08,men,World Championship,WCH_MEN,other,USA,DEU,75,65,3,0,team_a,Palapanini,,True,fivb_vis,2566,,
fivb_vis:2567,2010-10-08,men,World Championship,WCH_MEN,other,FRA,CZE,57,75,0,3,team_b,Mandela Forum,,True,fivb_vis,2567,,
fivb_vis:2568,2010-10-09,men,World Championship,WCH_MEN,other,SRB,CUB,110,116,2,3,team_b,Palalottomatica,,True,fivb_vis,2568,,
fivb_vis:2569,2010-10-09,men,World Championship,WCH_MEN,other,ITA,BRA,79,98,1,3,team_b,Palalottomatica,,True,fivb_vis,2569,,
fivb_vis:2570,2010-10-09,men,World Championship,WCH_MEN,other,BGR,DEU,77,69,3,0,team_a,Palapanini,,True,fivb_vis,2570,,
fivb_vis:2571,2010-10-09,men,World Championship,WCH_MEN,other,ESP,FRA,86,91,1,3,team_b,Mandela Forum,,True,fivb_vis,2571,,
fivb_vis:2572,2010-10-09,men,World Championship,WCH_MEN,other,RUS,USA,75,59,3,0,team_a,Palapanini,,True,fivb_vis,2572,,
fivb_vis:2573,2010-10-09,men,World Championship,WCH_MEN,other,ARG,CZE,93,90,3,1,team_a,Mandela Forum,,True,fivb_vis,2573,,
fivb_vis:2574,2010-10-10,men,World Championship,WCH_MEN,other,SRB,ITA,101,88,3,1,team_a,Palalottomatica,,True,fivb_vis,2574,,
fivb_vis:2575,2010-10-10,men,World Championship,WCH_MEN,other,CUB,BRA,58,75,0,3,team_b,Palalottomatica,,True,fivb_vis,2575,,
fivb_vis:28138,2026-06-12,men,NORCECA Championship,NORCECA_MEN,other,DOM,PRI,104,106,2,3,team_b,Domo de la Feria,,True,fivb_vis,28138,,
fivb_vis:28139,2026-06-12,men,NORCECA Championship,NORCECA_MEN,other,MEX,GTM,102,90,3,1,team_a,Domo de la Feria,,True,fivb_vis,28139,,
fivb_vis:28140,2026-06-13,men,NORCECA Championship,NORCECA_MEN,other,PRI,GTM,75,60,3,0,team_a,Domo de la Feria,,True,fivb_vis,28140,,
fivb_vis:28141,2026-06-13,men,NORCECA Championship,NORCECA_MEN,other,MEX,DOM,111,104,3,2,team_a,Domo de la Feria,,True,fivb_vis,28141,,
fivb_vis:28142,2026-06-14,men,NORCECA Championship,NORCECA_MEN,other,DOM,GTM,115,116,2,3,team_b,Domo de la Feria,,True,fivb_vis,28142,,
fivb_vis:28143,2026-06-14,men,NORCECA Championship,NORCECA_MEN,other,MEX,PRI,64,75,0,3,team_b,Domo de la Feria,,True,fivb_vis,28143,,
fivb_vis:28105,2026-06-05,women,NORCECA Championship,NORCECA_WOMEN,other,CUB,MEX,52,75,0,3,team_b,Cancha Salvador Dijols,,True,fivb_vis,28105,,
fivb_vis:28106,2026-06-05,women,NORCECA Championship,NORCECA_WOMEN,other,PRI,CRI,75,47,3,0,team_a,Cancha Salvador Dijols,,True,fivb_vis,28106,,
fivb_vis:28107,2026-06-06,women,NORCECA Championship,NORCECA_WOMEN,other,MEX,CRI,75,51,3,0,team_a,Cancha Salvador Dijols,,True,fivb_vis,28107,,
fivb_vis:28108,2026-06-06,women,NORCECA Championship,NORCECA_WOMEN,other,PRI,CUB,95,79,3,1,team_a,Cancha Salvador Dijols,,True,fivb_vis,28108,,
fivb_vis:28109,2026-06-07,women,NORCECA Championship,NORCECA_WOMEN,other,CUB,CRI,97,71,3,1,team_a,Cancha Salvador Dijols,,True,fivb_vis,28109,,
fivb_vis:28110,2026-06-07,women,NORCECA Championship,NORCECA_WOMEN,other,PRI,MEX,104,110,2,3,team_b,Cancha Salvador Dijols,,True,fivb_vis,28110,,
fivb_vis:28159,2026-08-05,men,Asian Championship,ASIA_MEN,other,TPE,MAC,75,47,3,0,team_a,ASA Arena,,True,fivb_vis,28159,,
fivb_vis:28160,2026-08-05,men,Asian Championship,ASIA_MEN,other,KOR,JPN,98,85,3,1,team_a,ASA Arena,,True,fivb_vis,28160,,
fivb_vis:28161,2026-08-05,men,Asian Championship,ASIA_MEN,other,HKG,MNG,61,75,0,3,team_b,ASA Arena,,True,fivb_vis,28161,,
fivb_vis:28162,2026-08-06,men,Asian Championship,ASIA_MEN,other,JPN,MAC,75,60,3,0,team_a,ASA Arena,,True,fivb_vis,28162,,
fivb_vis:28163,2026-08-06,men,Asian Championship,ASIA_MEN,other,KOR,TPE,117,117,3,2,team_a,ASA Arena,,True,fivb_vis,28163,,
fivb_vis:28164,2026-08-06,men,Asian Championship,ASIA_MEN,other,CHN,HKG,109,102,3,2,team_a,ASA Arena,,True,fivb_vis,28164,,
fivb_vis:28165,2026-08-07,men,Asian Championship,ASIA_MEN,other,MAC,KOR,49,75,0,3,team_b,ASA Arena,,True,fivb_vis,28165,,
fivb_vis:28166,2026-08-07,men,Asian Championship,ASIA_MEN,other,TPE,JPN,74,90,0,3,team_b,ASA Arena,,True,fivb_vis,28166,,
fivb_vis:28167,2026-08-07,men,Asian Championship,ASIA_MEN,other,MNG,CHN,75,57,3,0,team_a,ASA Arena,,True,fivb_vis,28167,,
fivb_vis:28168,2026-08-08,men,Asian Championship,ASIA_MEN,other,HKG,MAC,92,82,3,1,team_a,ASA Arena,,True,fivb_vis,28168,,
fivb_vis:28169,2026-08-08,men,Asian Championship,ASIA_MEN,other,MNG,JPN,110,108,2,3,team_b,ASA Arena,,True,fivb_vis,28169,,
fivb_vis:28170,2026-08-08,men,Asian Championship,ASIA_MEN,other,KOR,CHN,75,63,3,0,team_a,ASA Arena,,True,fivb_vis,28170,,
fivb_vis:28171,2026-08-09,men,Asian Championship,ASIA_MEN,other,HKG,TPE,65,76,0,3,team_b,ASA Arena,,True,fivb_vis,28171,,
fivb_vis:28172,2026-08-09,men,Asian Championship,ASIA_MEN,other,MNG,CHN,94,86,3,1,team_a,ASA Arena,,True,fivb_vis,28172,,
fivb_vis:28173,2026-08-09,men,Asian Championship,ASIA_MEN,other,JPN,KOR,102,113,1,3,team_b,ASA Arena,,True,fivb_vis,28173,,
fivb_vis:28144,2026-08-11,women,Asian Championship,ASIA_WOMEN,other,TPE,MAC,75,32,3,0,team_a,Queen Elizabeth Stadium,,True,fivb_vis,28144,,
fivb_vis:28145,2026-08-11,women,Asian Championship,ASIA_WOMEN,other,KOR,MNG,75,35,3,0,team_a,Queen Elizabeth Stadium,,True,fivb_vis,28145,,
fivb_vis:28146,2026-08-11,women,Asian Championship,ASIA_WOMEN,other,CHN,JPN,75,56,3,0,team_a,Queen Elizabeth Stadium,,True,fivb_vis,28146,,
fivb_vis:28147,2026-08-12,women,Asian Championship,ASIA_WOMEN,other,JPN,MAC,75,26,3,0,team_a,Queen Elizabeth Stadium,,True,fivb_vis,28147,,
fivb_vis:28148,2026-08-12,women,Asian Championship,ASIA_WOMEN,other,CHN,TPE,91,81,3,1,team_a,Queen Elizabeth Stadium,,True,fivb_vis,28148,,
fivb_vis:28149,2026-08-12,women,Asian Championship,ASIA_WOMEN,other,HKG,KOR,53,75,0,3,team_b,Queen Elizabeth Stadium,,True,fivb_vis,28149,,
fivb_vis:28150,2026-08-13,women,Asian Championship,ASIA_WOMEN,other,MAC,CHN,43,75,0,3,team_b,Queen Elizabeth Stadium,,True,fivb_vis,28150,,
fivb_vis:28151,2026-08-13,women,Asian Championship,ASIA_WOMEN,other,TPE,JPN,76,95,1,3,team_b,Queen Elizabeth Stadium,,True,fivb_vis,28151,,
fivb_vis:28152,2026-08-13,women,Asian Championship,ASIA_WOMEN,other,MNG,HKG,89,102,1,3,team_b,Queen Elizabeth Stadium,,True,fivb_vis,28152,,
fivb_vis:28153,2026-08-15,women,Asian Championship,ASIA_WOMEN,other,MNG,MAC,75,53,3,0,team_a,Queen Elizabeth Stadium,,True,fivb_vis,28153,,
fivb_vis:28154,2026-08-15,women,Asian Championship,ASIA_WOMEN,other,KOR,JPN,56,75,0,3,team_b,Queen Elizabeth Stadium,,True,fivb_vis,28154,,
fivb_vis:28155,2026-08-15,women,Asian Championship,ASIA_WOMEN,other,CHN,HKG,75,44,3,0,team_a,Queen Elizabeth Stadium,,True,fivb_vis,28155,,
fivb_vis:28156,2026-08-16,women,Asian Championship,ASIA_WOMEN,other,MNG,TPE,47,75,0,3,team_b,Queen Elizabeth Stadium,,True,fivb_vis,28156,,
fivb_vis:28157,2026-08-16,women,Asian Championship,ASIA_WOMEN,other,KOR,HKG,80,54,3,0,team_a,Queen Elizabeth Stadium,,True,fivb_vis,28157,,
fivb_vis:28158,2026-08-16,women,Asian Championship,ASIA_WOMEN,other,JPN,CHN,75,50,3,0,team_a,Queen Elizabeth Stadium,,True,fivb_vis,28158,,
fivb_vis:2580,2010-10-29,women,World Championship,WCH_WOMEN,other,PER,DZA,75,46,3,0,team_a,Yoyogi National Stadium,,True,fivb_vis,2580,,
fivb_vis:2581,2010-10-29,women,World Championship,WCH_WOMEN,other,SRB,CRI,75,47,3,0,team_a,Yoyogi National Stadium,,True,fivb_vis,2581,,
fivb_vis:2582,2010-10-29,women,World Championship,WCH_WOMEN,other,POL,JPN,108,112,2,3,team_b,Yoyogi National Stadium,,True,fivb_vis,2582,,
fivb_vis:2583,2010-10-29,women,World Championship,WCH_WOMEN,other,BRA,KEN,75,42,3,0,team_a,Hamamatsu Arena,,True,fivb_vis,2583,,
fivb_vis:2584,2010-10-29,women,World Championship,WCH_WOMEN,other,CZE,NLD,58,76,0,3,team_b,Hamamatsu Arena,,True,fivb_vis,2584,,
fivb_vis:2585,2010-10-29,women,World Championship,WCH_WOMEN,other,PRI,ITA,49,75,0,3,team_b,Hamamatsu Arena,,True,fivb_vis,2585,,
fivb_vis:2586,2010-10-29,women,World Championship,WCH_WOMEN,other,DEU,KAZ,75,51,3,0,team_a,Matsumoto City Gymnasium,,True,fivb_vis,2586,,
fivb_vis:2587,2010-10-29,women,World Championship,WCH_WOMEN,other,USA,THA,98,80,3,1,team_a,Matsumoto City Gymnasium,,True,fivb_vis,2587,,
fivb_vis:2588,2010-10-29,women,World Championship,WCH_WOMEN,other,HRV,CUB,84,76,3,0,team_a,Matsumoto City Gymnasium,,True,fivb_vis,2588,,
fivb_vis:2589,2010-10-29,women,World Championship,WCH_WOMEN,other,RUS,DOM,96,62,3,1,team_a,Osaka Municipal Central Gym,,True,fivb_vis,2589,,
fivb_vis:2590,2010-10-29,women,World Championship,WCH_WOMEN,other,CAN,KOR,52,75,0,3,team_b,Osaka Municipal Central Gym,,True,fivb_vis,2590,,
fivb_vis:2591,2010-10-29,women,World Championship,WCH_WOMEN,other,TUR,CHN,94,76,3,1,team_a,Osaka Municipal Central Gym,,True,fivb_vis,2591,,
fivb_vis:2592,2010-10-30,women,World Championship,WCH_WOMEN,other,CRI,DZA,75,49,3,0,team_a,Yoyogi National Stadium,,True,fivb_vis,2592,,
fivb_vis:2593,2010-10-30,women,World Championship,WCH_WOMEN,other,SRB,POL,97,96,3,1,team_a,Yoyogi National Stadium,,True,fivb_vis,2593,,
fivb_vis:2594,2010-10-30,women,World Championship,WCH_WOMEN,other,JPN,PER,97,71,3,1,team_a,Yoyogi National Stadium,,True,fivb_vis,2594,,
fivb_vis:2595,2010-10-30,women,World Championship,WCH_WOMEN,other,CZE,BRA,101,110,2,3,team_b,Hamamatsu Arena,,True,fivb_vis,2595,,
fivb_vis:2596,2010-10-30,women,World Championship,WCH_WOMEN,other,KEN,PRI,62,75,0,3,team_b,Hamamatsu Arena,,True,fivb_vis,2596,,
fivb_vis:2597,2010-10-30,women,World Championship,WCH_WOMEN,other,NLD,ITA,109,109,2,3,team_b,Hamamatsu Arena,,True,fivb_vis,2597,,
fivb_vis:2598,2010-10-30,women,World Championship,WCH_WOMEN,other,USA,HRV,75,52,3,0,team_a,Matsumoto City Gymnasium,,True,fivb_vis,2598,,
fivb_vis:2599,2010-10-30,women,World Championship,WCH_WOMEN,other,THA,KAZ,95,75,3,1,team_a,Matsumoto City Gymnasium,,True,fivb_vis,2599,,
fivb_vis:2600,2010-10-30,women,World Championship,WCH_WOMEN,other,CUB,DEU,64,76,0,3,team_b,Matsumoto City Gymnasium,,True,fivb_vis,2600,,
fivb_vis:2601,2010-10-30,women,World Championship,WCH_WOMEN,other,RUS,TUR,100,77,3,1,team_a,Osaka Municipal Central Gym,,True,fivb_vis,2601,,
fivb_vis:2602,2010-10-30,women,World Championship,WCH_WOMEN,other,DOM,KOR,70,79,0,3,team_b,Osaka Municipal Central Gym,,True,fivb_vis,2602,,
fivb_vis:2603,2010-10-30,women,World Championship,WCH_WOMEN,other,CHN,CAN,75,45,3,0,team_a,Osaka Municipal Central Gym,,True,fivb_vis,2603,,
fivb_vis:2604,2010-10-31,women,World Championship,WCH_WOMEN,other,PER,SRB,85,91,1,3,team_b,Yoyogi National Stadium,,True,fivb_vis,2604,,
fivb_vis:2605,2010-10-31,women,World Championship,WCH_WOMEN,other,POL,CRI,75,41,3,0,team_a,Yoyogi National Stadium,,True,fivb_vis,2605,,
fivb_vis:2606,2010-10-31,women,World Championship,WCH_WOMEN,other,DZA,JPN,39,75,0,3,team_b,Yoyogi National Stadium,,True,fivb_vis,2606,,
fivb_vis:2607,2010-10-31,women,World Championship,WCH_WOMEN,other,PRI,CZE,45,75,0,3,team_b,Hamamatsu Arena,,True,fivb_vis,2607,,
fivb_vis:2608,2010-10-31,women,World Championship,WCH_WOMEN,other,ITA,KEN,75,37,3,0,team_a,Hamamatsu Arena,,True,fivb_vis,2608,,
fivb_vis:2609,2010-10-31,women,World Championship,WCH_WOMEN,other,BRA,NLD,75,51,3,0,team_a,Hamamatsu Arena,,True,fivb_vis,2609,,
fivb_vis:2610,2010-10-31,women,World Championship,WCH_WOMEN,other,KAZ,CUB,100,110,2,3,team_b,Matsumoto City Gymnasium,,True,fivb_vis,2610,,
fivb_vis:2611,2010-10-31,women,World Championship,WCH_WOMEN,other,HRV,THA,46,75,0,3,team_b,Matsumoto City Gymnasium,,True,fivb_vis,2611,,
fivb_vis:2612,2010-10-31,women,World Championship,WCH_WOMEN,other,DEU,USA,64,76,0,3,team_b,Matsumoto City Gymnasium,,True,fivb_vis,2612,,
fivb_vis:2613,2010-10-31,women,World Championship,WCH_WOMEN,other,TUR,DOM,113,99,3,2,team_a,Osaka Municipal Central Gym,,True,fivb_vis,2613,,
fivb_vis:2614,2010-10-31,women,World Championship,WCH_WOMEN,other,CAN,RUS,50,75,0,3,team_b,Osaka Municipal Central Gym,,True,fivb_vis,2614,,
fivb_vis:2615,2010-10-31,women,World Championship,WCH_WOMEN,other,KOR,CHN,75,68,3,0,team_a,Osaka Municipal Central Gym,,True,fivb_vis,2615,,
fivb_vis:2616,2010-11-02,women,World Championship,WCH_WOMEN,other,SRB,DZA,75,48,3,0,team_a,Yoyogi National Stadium,,True,fivb_vis,2616,,
fivb_vis:2617,2010-11-02,women,World Championship,WCH_WOMEN,other,POL,PER,75,41,3,0,team_a,Yoyogi National Stadium,,True,fivb_vis,2617,,
fivb_vis:2618,2010-11-02,women,World Championship,WCH_WOMEN,other,CRI,JPN,30,75,0,3,team_b,Yoyogi National Stadium,,True,fivb_vis,2618,,
fivb_vis:2619,2010-11-02,women,World Championship,WCH_WOMEN,other,BRA,PRI,75,58,3,0,team_a,Hamamatsu Arena,,True,fivb_vis,2619,,
fivb_vis:2620,2010-11-02,women,World Championship,WCH_WOMEN,other,NLD,KEN,75,33,3,0,team_a,Hamamatsu Arena,,True,fivb_vis,2620,,
fivb_vis:2621,2010-11-02,women,World Championship,WCH_WOMEN,other,CZE,ITA,119,116,3,2,team_a,Hamamatsu Arena,,True,fivb_vis,2621,,
fivb_vis:2622,2010-11-02,women,World Championship,WCH_WOMEN,other,HRV,DEU,63,76,0,3,team_b,Matsumoto City Gymnasium,,True,fivb_vis,2622,,
fivb_vis:2623,2010-11-02,women,World Championship,WCH_WOMEN,other,THA,CUB,71,81,0,3,team_b,Matsumoto City Gymnasium,,True,fivb_vis,2623,,
fivb_vis:2624,2010-11-02,women,World Championship,WCH_WOMEN,other,USA,KAZ,75,55,3,0,team_a,Matsumoto City Gymnasium,,True,fivb_vis,2624,,
fivb_vis:2625,2010-11-02,women,World Championship,WCH_WOMEN,other,TUR,CAN,104,89,3,2,team_a,Osaka Municipal Central Gym,,True,fivb_vis,2625,,
fivb_vis:2626,2010-11-02,women,World Championship,WCH_WOMEN,other,RUS,KOR,94,82,3,1,team_a,Osaka Municipal Central Gym,,True,fivb_vis,2626,,
fivb_vis:2627,2010-11-02,women,World Championship,WCH_WOMEN,other,DOM,CHN,47,75,0,3,team_b,Osaka Municipal Central Gym,,True,fivb_vis,2627,,
fivb_vis:2628,2010-11-03,women,World Championship,WCH_WOMEN,other,PER,CRI,107,89,3,1,team_a,Yoyogi National Stadium,,True,fivb_vis,2628,,
fivb_vis:2629,2010-11-03,women,World Championship,WCH_WOMEN,other,DZA,POL,45,75,0,3,team_b,Yoyogi National Stadium,,True,fivb_vis,2629,,
fivb_vis:2630,2010-11-03,women,World Championship,WCH_WOMEN,other,JPN,SRB,102,103,3,1,team_a,Yoyogi National Stadium,,True,fivb_vis,2630,,
fivb_vis:2631,2010-11-03,women,World Championship,WCH_WOMEN,other,PRI,NLD,41,75,0,3,team_b,Hamamatsu Arena,,True,fivb_vis,2631,,
fivb_vis:2632,2010-11-03,women,World Championship,WCH_WOMEN,other,KEN,CZE,55,75,0,3,team_b,Hamamatsu Arena,,True,fivb_vis,2632,,
fivb_vis:2633,2010-11-03,women,World Championship,WCH_WOMEN,other,ITA,BRA,42,75,0,3,team_b,Hamamatsu Arena,,True,fivb_vis,2633,,
fivb_vis:2634,2010-11-03,women,World Championship,WCH_WOMEN,other,KAZ,HRV,54,75,0,3,team_b,Matsumoto City Gymnasium,,True,fivb_vis,2634,,
fivb_vis:2635,2010-11-03,women,World Championship,WCH_WOMEN,other,DEU,THA,75,39,3,0,team_a,Matsumoto City Gymnasium,,True,fivb_vis,2635,,
fivb_vis:2636,2010-11-03,women,World Championship,WCH_WOMEN,other,CUB,USA,99,102,1,3,team_b,Matsumoto City Gymnasium,,True,fivb_vis,2636,,
fivb_vis:2637,2010-11-03,women,World Championship,WCH_WOMEN,other,CAN,DOM,82,99,1,3,team_b,Osaka Municipal Central Gym,,True,fivb_vis,2637,,
fivb_vis:2638,2010-11-03,women,World Championship,WCH_WOMEN,other,KOR,TUR,100,105,3,2,team_a,Osaka Municipal Central Gym,,True,fivb_vis,2638,,
fivb_vis:2639,2010-11-03,women,World Championship,WCH_WOMEN,other,CHN,RUS,58,75,0,3,team_b,Osaka Municipal Central Gym,,True,fivb_vis,2639,,
fivb_vis:2641,2010-11-06,women,World Championship,WCH_WOMEN,other,PER,RUS,50,75,0,3,team_b,Yoyogi National Stadium,,True,fivb_vis,2641,,
fivb_vis:2642,2010-11-06,women,World Championship,WCH_WOMEN,other,POL,KOR,101,100,3,2,team_a,Yoyogi National Stadium,,True,fivb_vis,2642,,
fivb_vis:2643,2010-11-06,women,World Championship,WCH_WOMEN,other,SRB,TUR,55,75,0,3,team_b,Yoyogi National Stadium,,True,fivb_vis,2643,,
fivb_vis:2644,2010-11-06,women,World Championship,WCH_WOMEN,other,JPN,CHN,87,102,1,3,team_b,Yoyogi National Stadium,,True,fivb_vis,2644,,
fivb_vis:2645,2010-11-06,women,World Championship,WCH_WOMEN,other,BRA,THA,75,54,3,0,team_a,Nippongaishi Hall,,True,fivb_vis,2645,,
fivb_vis:2646,2010-11-06,women,World Championship,WCH_WOMEN,other,NLD,CUB,97,69,3,1,team_a,Nippongaishi Hall,,True,fivb_vis,2646,,
fivb_vis:2647,2010-11-06,women,World Championship,WCH_WOMEN,other,ITA,DEU,104,78,3,1,team_a,Nippongaishi Hall,,True,fivb_vis,2647,,
fivb_vis:2648,2010-11-06,women,World Championship,WCH_WOMEN,other,CZE,USA,53,75,0,3,team_b,Nippongaishi Hall,,True,fivb_vis,2648,,
fivb_vis:2649,2010-11-07,women,World Championship,WCH_WOMEN,other,PER,KOR,82,99,1,3,team_b,Yoyogi National Stadium,,True,fivb_vis,2649,,
fivb_vis:2650,2010-11-07,women,World Championship,WCH_WOMEN,other,POL,RUS,69,83,0,3,team_b,Yoyogi National Stadium,,True,fivb_vis,2650,,
fivb_vis:2651,2010-11-07,women,World Championship,WCH_WOMEN,other,SRB,CHN,96,89,3,1,team_a,Yoyogi National Stadium,,True,fivb_vis,2651,,
fivb_vis:2652,2010-11-07,women,World Championship,WCH_WOMEN,other,JPN,TUR,98,76,3,1,team_a,Yoyogi National Stadium,,True,fivb_vis,2652,,
fivb_vis:2653,2010-11-07,women,World Championship,WCH_WOMEN,other,BRA,CUB,98,76,3,1,team_a,Nippongaishi Hall,,True,fivb_vis,2653,,
fivb_vis:2654,2010-11-07,women,World Championship,WCH_WOMEN,other,NLD,THA,87,91,1,3,team_b,Nippongaishi Hall,,True,fivb_vis,2654,,
fivb_vis:2655,2010-11-07,women,World Championship,WCH_WOMEN,other,ITA,USA,103,92,3,1,team_a,Nippongaishi Hall,,True,fivb_vis,2655,,
fivb_vis:2656,2010-11-07,women,World Championship,WCH_WOMEN,other,CZE,DEU,41,75,0,3,team_b,Nippongaishi Hall,,True,fivb_vis,2656,,
fivb_vis:2657,2010-11-09,women,World Championship,WCH_WOMEN,other,PER,TUR,53,75,0,3,team_b,Yoyogi National Stadium,,True,fivb_vis,2657,,
fivb_vis:2658,2010-11-09,women,World Championship,WCH_WOMEN,other,POL,CHN,62,75,0,3,team_b,Yoyogi National Stadium,,True,fivb_vis,2658,,
fivb_vis:2659,2010-11-09,women,World Championship,WCH_WOMEN,other,SRB,RUS,39,75,0,3,team_b,Yoyogi National Stadium,,True,fivb_vis,2659,,
fivb_vis:2660,2010-11-09,women,World Championship,WCH_WOMEN,other,JPN,KOR,75,58,3,0,team_a,Yoyogi National Stadium,,True,fivb_vis,2660,,
fivb_vis:2661,2010-11-09,women,World Championship,WCH_WOMEN,other,BRA,DEU,75,50,3,0,team_a,Nippongaishi Hall,,True,fivb_vis,2661,,
fivb_vis:2662,2010-11-09,women,World Championship,WCH_WOMEN,other,NLD,USA,57,75,0,3,team_b,Nippongaishi Hall,,True,fivb_vis,2662,,
fivb_vis:2663,2010-11-09,women,World Championship,WCH_WOMEN,other,ITA,THA,75,44,3,0,team_a,Nippongaishi Hall,,True,fivb_vis,2663,,
fivb_vis:2664,2010-11-09,women,World Championship,WCH_WOMEN,other,CZE,CUB,97,103,1,3,team_b,Nippongaishi Hall,,True,fivb_vis,2664,,
fivb_vis:2665,2010-11-10,women,World Championship,WCH_WOMEN,other,PER,CHN,60,75,0,3,team_b,Yoyogi National Stadium,,True,fivb_vis,2665,,
fivb_vis:2666,2010-11-10,women,World Championship,WCH_WOMEN,other,POL,TUR,101,96,3,1,team_a,Yoyogi National Stadium,,True,fivb_vis,2666,,
fivb_vis:2667,2010-11-10,women,World Championship,WCH_WOMEN,other,SRB,KOR,75,55,3,0,team_a,Yoyogi National Stadium,,True,fivb_vis,2667,,
fivb_vis:2668,2010-11-10,women,World Championship,WCH_WOMEN,other,JPN,RUS,73,98,1,3,team_b,Yoyogi National Stadium,,True,fivb_vis,2668,,
fivb_vis:2669,2010-11-10,women,World Championship,WCH_WOMEN,other,BRA,USA,99,87,3,1,team_a,Nippongaishi Hall,,True,fivb_vis,2669,,
fivb_vis:2670,2010-11-10,women,World Championship,WCH_WOMEN,other,NLD,DEU,76,96,1,3,team_b,Nippongaishi Hall,,True,fivb_vis,2670,,
fivb_vis:2671,2010-11-10,women,World Championship,WCH_WOMEN,other,ITA,CUB,119,112,2,3,team_b,Nippongaishi Hall,,True,fivb_vis,2671,,
fivb_vis:2672,2010-11-10,women,World Championship,WCH_WOMEN,other,CZE,THA,86,91,1,3,team_b,Nippongaishi Hall,,True,fivb_vis,2672,,
fivb_vis:2673,2010-11-13,women,World Championship,WCH_WOMEN,other,RUS,USA,88,81,3,1,team_a,Yoyogi National Stadium,,True,fivb_vis,2673,,
fivb_vis:2674,2010-11-13,women,World Championship,WCH_WOMEN,other,BRA,JPN,120,115,3,2,team_a,Yoyogi National Stadium,,True,fivb_vis,2674,,
fivb_vis:2675,2010-11-13,women,World Championship,WCH_WOMEN,other,SRB,ITA,57,75,0,3,team_b,Tokyo Metropolitan Gymnasium,,True,fivb_vis,2675,,
fivb_vis:2676,2010-11-13,women,World Championship,WCH_WOMEN,other,DEU,TUR,102,99,2,3,team_b,Tokyo Metropolitan Gymnasium,,True,fivb_vis,2676,,
fivb_vis:2677,2010-11-13,women,World Championship,WCH_WOMEN,other,POL,NLD,108,104,3,2,team_a,Yoyogi National Stadium,,True,fivb_vis,2677,,
fivb_vis:2678,2010-11-13,women,World Championship,WCH_WOMEN,other,CUB,CHN,88,91,1,3,team_b,Tokyo Metropolitan Gymnasium,,True,fivb_vis,2678,,
fivb_vis:2679,2010-11-14,women,World Championship,WCH_WOMEN,other,POL,CHN,75,66,3,0,team_a,Yoyogi National Stadium,,True,fivb_vis,2679,,
fivb_vis:2680,2010-11-14,women,World Championship,WCH_WOMEN,other,NLD,CUB,82,70,3,0,team_a,Tokyo Metropolitan Gymnasium,,True,fivb_vis,2680,,
fivb_vis:2681,2010-11-14,women,World Championship,WCH_WOMEN,other,ITA,TUR,75,64,3,0,team_a,Tokyo Metropolitan Gymnasium,,True,fivb_vis,2681,,
fivb_vis:2682,2010-11-14,women,World Championship,WCH_WOMEN,other,SRB,DEU,91,95,1,3,team_b,Tokyo Metropolitan Gymnasium,,True,fivb_vis,2682,,
fivb_vis:2683,2010-11-14,women,World Championship,WCH_WOMEN,other,USA,JPN,100,104,2,3,team_b,Yoyogi National Stadium,,True,fivb_vis,2683,,
fivb_vis:2684,2010-11-14,women,World Championship,WCH_WOMEN,other,RUS,BRA,106,92,3,2,team_a,Yoyogi National Stadium,,True,fivb_vis,2684,,
fivb_vis:28731,2026-08-23,men,NORCECA Championship,NORCECA_MEN,other,USA,MEX,104,94,3,1,team_a,Juan Pachín Vicéns Auditorium,,True,fivb_vis,28731,,
fivb_vis:28732,2026-08-23,men,NORCECA Championship,NORCECA_MEN,other,GTM,CAN,58,75,0,3,team_b,Juan Pachín Vicéns Auditorium,,True,fivb_vis,28732,,
fivb_vis:28733,2026-08-23,men,NORCECA Championship,NORCECA_MEN,other,PRI,DOM,98,92,3,1,team_a,Juan Pachín Vicéns Auditorium,,True,fivb_vis,28733,,
fivb_vis:28734,2026-08-24,men,NORCECA Championship,NORCECA_MEN,other,USA,GTM,75,48,3,0,team_a,Juan Pachín Vicéns Auditorium,,True,fivb_vis,28734,,
fivb_vis:28735,2026-08-24,men,NORCECA Championship,NORCECA_MEN,other,MEX,DOM,82,69,3,0,team_a,Juan Pachín Vicéns Auditorium,,True,fivb_vis,28735,,
fivb_vis:28736,2026-08-24,men,NORCECA Championship,NORCECA_MEN,other,PRI,CAN,106,104,3,2,team_a,Juan Pachín Vicéns Auditorium,,True,fivb_vis,28736,,
fivb_vis:28737,2026-08-25,men,NORCECA Championship,NORCECA_MEN,other,GTM,DOM,54,75,0,3,team_b,Juan Pachín Vicéns Auditorium,,True,fivb_vis,28737,,
fivb_vis:28738,2026-08-25,men,NORCECA Championship,NORCECA_MEN,other,USA,CAN,104,101,3,2,team_a,Juan Pachín Vicéns Auditorium,,True,fivb_vis,28738,,
fivb_vis:28739,2026-08-25,men,NORCECA Championship,NORCECA_MEN,other,PRI,MEX,85,92,1,3,team_b,Juan Pachín Vicéns Auditorium,,True,fivb_vis,28739,,
fivb_vis:28740,2026-08-26,men,NORCECA Championship,NORCECA_MEN,other,USA,DOM,109,98,3,2,team_a,Juan Pachín Vicéns Auditorium,,True,fivb_vis,28740,,
fivb_vis:28741,2026-08-26,men,NORCECA Championship,NORCECA_MEN,other,CAN,MEX,75,47,3,0,team_a,Juan Pachín Vicéns Auditorium,,True,fivb_vis,28741,,
fivb_vis:28742,2026-08-26,men,NORCECA Championship,NORCECA_MEN,other,PRI,GTM,104,97,3,2,team_a,Juan Pachín Vicéns Auditorium,,True,fivb_vis,28742,,
fivb_vis:28751,2026-08-21,women,NORCECA Championship,NORCECA_WOMEN,other,USA,TTO,75,21,3,0,team_a,Palacio del Voleibol Ricardo Gioriver Arias,,True,fivb_vis,28751,,
fivb_vis:28752,2026-08-21,women,NORCECA Championship,NORCECA_WOMEN,other,CAN,MEX,75,66,3,0,team_a,Palacio del Voleibol Ricardo Gioriver Arias,,True,fivb_vis,28752,,
fivb_vis:28753,2026-08-21,women,NORCECA Championship,NORCECA_WOMEN,other,PRI,CUB,88,114,2,3,team_b,Palacio del Voleibol Ricardo Gioriver Arias,,True,fivb_vis,28753,,
fivb_vis:28754,2026-08-21,women,NORCECA Championship,NORCECA_WOMEN,other,DOM,CRI,75,32,3,0,team_a,Palacio del Voleibol Ricardo Gioriver Arias,,True,fivb_vis,28754,,
fivb_vis:28755,2026-08-22,women,NORCECA Championship,NORCECA_WOMEN,other,CAN,TTO,75,21,3,0,team_a,Palacio del Voleibol Ricardo Gioriver Arias,,True,fivb_vis,28755,,
fivb_vis:28756,2026-08-22,women,NORCECA Championship,NORCECA_WOMEN,other,PRI,CRI,75,50,3,0,team_a,Palacio del Voleibol Ricardo Gioriver Arias,,True,fivb_vis,28756,,
fivb_vis:28757,2026-08-22,women,NORCECA Championship,NORCECA_WOMEN,other,USA,MEX,75,56,3,0,team_a,Palacio del Voleibol Ricardo Gioriver Arias,,True,fivb_vis,28757,,
fivb_vis:28758,2026-08-22,women,NORCECA Championship,NORCECA_WOMEN,other,DOM,CUB,75,62,3,0,team_a,Palacio del Voleibol Ricardo Gioriver Arias,,True,fivb_vis,28758,,
fivb_vis:28759,2026-08-23,women,NORCECA Championship,NORCECA_WOMEN,other,CUB,CRI,75,24,3,0,team_a,Palacio del Voleibol Ricardo Gioriver Arias,,True,fivb_vis,28759,,
fivb_vis:28760,2026-08-23,women,NORCECA Championship,NORCECA_WOMEN,other,MEX,TTO,75,14,3,0,team_a,Palacio del Voleibol Ricardo Gioriver Arias,,True,fivb_vis,28760,,
fivb_vis:28761,2026-08-23,women,NORCECA Championship,NORCECA_WOMEN,other,USA,CAN,110,110,2,3,team_b,Palacio del Voleibol Ricardo Gioriver Arias,,True,fivb_vis,28761,,
fivb_vis:28762,2026-08-23,women,NORCECA Championship,NORCECA_WOMEN,other,DOM,PRI,96,88,3,1,team_a,Palacio del Voleibol Ricardo Gioriver Arias,,True,fivb_vis,28762,,
fivb_vis:28763,2026-08-24,women,NORCECA Championship,NORCECA_WOMEN,other,USA,PRI,76,56,3,0,team_a,Palacio del Voleibol Ricardo Gioriver Arias,,True,fivb_vis,28763,,
fivb_vis:28764,2026-08-24,women,NORCECA Championship,NORCECA_WOMEN,other,CUB,MEX,75,60,3,0,team_a,Palacio del Voleibol Ricardo Gioriver Arias,,True,fivb_vis,28764,,
fivb_vis:28765,2026-08-25,women,NORCECA Championship,NORCECA_WOMEN,other,TTO,PRI,17,75,0,3,team_b,Palacio del Voleibol Ricardo Gioriver Arias,,True,fivb_vis,28765,,
fivb_vis:28766,2026-08-25,women,NORCECA Championship,NORCECA_WOMEN,other,CRI,MEX,41,75,0,3,team_b,Palacio del Voleibol Ricardo Gioriver Arias,,True,fivb_vis,28766,,
fivb_vis:28767,2026-08-25,women,NORCECA Championship,NORCECA_WOMEN,other,CAN,CUB,75,49,3,0,team_a,Palacio del Voleibol Ricardo Gioriver Arias,,True,fivb_vis,28767,,
fivb_vis:28768,2026-08-25,women,NORCECA Championship,NORCECA_WOMEN,other,DOM,USA,47,75,0,3,team_b,Palacio del Voleibol Ricardo Gioriver Arias,,True,fivb_vis,28768,,
fivb_vis:28769,2026-08-26,women,NORCECA Championship,NORCECA_WOMEN,other,TTO,CRI,34,75,0,3,team_b,Palacio del Voleibol Ricardo Gioriver Arias,,True,fivb_vis,28769,,
fivb_vis:28770,2026-08-26,women,NORCECA Championship,NORCECA_WOMEN,other,PRI,MEX,111,94,3,2,team_a,Palacio del Voleibol Ricardo Gioriver Arias,,True,fivb_vis,28770,,
fivb_vis:28771,2026-08-26,women,NORCECA Championship,NORCECA_WOMEN,other,CUB,DOM,76,59,3,0,team_a,Palacio del Voleibol Ricardo Gioriver Arias,,True,fivb_vis,28771,,
fivb_vis:28772,2026-08-26,women,NORCECA Championship,NORCECA_WOMEN,other,CAN,USA,103,106,3,2,team_a,Palacio del Voleibol Ricardo Gioriver Arias,,True,fivb_vis,28772,,
fivb_vis:28803,2026-08-21,women,Asian Championship,ASIA_WOMEN,other,TPE,IRN,83,93,1,3,team_b,Tianjin Olympic Center Gymnasium,,True,fivb_vis,28803,,
fivb_vis:28804,2026-08-21,women,Asian Championship,ASIA_WOMEN,other,THA,AUS,75,48,3,0,team_a,Tianjin Olympic Center Gymnasium,,True,fivb_vis,28804,,
fivb_vis:28805,2026-08-21,women,Asian Championship,ASIA_WOMEN,other,JPN,HKG,75,36,3,0,team_a,Tianjin Olympic Center Gymnasium,,True,fivb_vis,28805,,
fivb_vis:28806,2026-08-22,women,Asian Championship,ASIA_WOMEN,other,VNM,KOR,83,97,1,3,team_b,Tianjin Olympic Center Gymnasium,,True,fivb_vis,28806,,
fivb_vis:28807,2026-08-22,women,Asian Championship,ASIA_WOMEN,other,KAZ,IDN,67,75,0,3,team_b,Tianjin Olympic Center Gymnasium,,True,fivb_vis,28807,,
fivb_vis:28808,2026-08-22,women,Asian Championship,ASIA_WOMEN,other,CHN,IRQ,75,16,3,0,team_a,Tianjin Olympic Center Gymnasium,,True,fivb_vis,28808,,
fivb_vis:28809,2026-08-23,women,Asian Championship,ASIA_WOMEN,other,KAZ,AUS,75,60,3,0,team_a,Tianjin Olympic Center Gymnasium,,True,fivb_vis,28809,,
fivb_vis:28810,2026-08-23,women,Asian Championship,ASIA_WOMEN,other,TPE,IRQ,75,24,3,0,team_a,Tianjin Olympic Center Gymnasium,,True,fivb_vis,28810,,
fivb_vis:28811,2026-08-23,women,Asian Championship,ASIA_WOMEN,other,JPN,KOR,83,70,3,0,team_a,Tianjin Olympic Center Gymnasium,,True,fivb_vis,28811,,
fivb_vis:28812,2026-08-24,women,Asian Championship,ASIA_WOMEN,other,VNM,HKG,75,42,3,0,team_a,Tianjin Olympic Center Gymnasium,,True,fivb_vis,28812,,
fivb_vis:28813,2026-08-24,women,Asian Championship,ASIA_WOMEN,other,THA,IDN,75,49,3,0,team_a,Tianjin Olympic Center Gymnasium,,True,fivb_vis,28813,,
fivb_vis:28814,2026-08-24,women,Asian Championship,ASIA_WOMEN,other,CHN,IRN,75,51,3,0,team_a,Tianjin Olympic Center Gymnasium,,True,fivb_vis,28814,,
fivb_vis:28815,2026-08-25,women,Asian Championship,ASIA_WOMEN,other,THA,KAZ,98,74,3,1,team_a,Tianjin Olympic Center Gymnasium,,True,fivb_vis,28815,,
fivb_vis:28816,2026-08-25,women,Asian Championship,ASIA_WOMEN,other,IRN,IRQ,75,16,3,0,team_a,Tianjin Olympic Center Gymnasium,,True,fivb_vis,28816,,
fivb_vis:28817,2026-08-25,women,Asian Championship,ASIA_WOMEN,other,JPN,VNM,75,61,3,0,team_a,Tianjin Olympic Center Gymnasium,,True,fivb_vis,28817,,
fivb_vis:28818,2026-08-26,women,Asian Championship,ASIA_WOMEN,other,KOR,HKG,95,69,3,1,team_a,Tianjin Olympic Center Gymnasium,,True,fivb_vis,28818,,
fivb_vis:28819,2026-08-26,women,Asian Championship,ASIA_WOMEN,other,IDN,AUS,75,56,3,0,team_a,Tianjin Olympic Center Gymnasium,,True,fivb_vis,28819,,
fivb_vis:28820,2026-08-26,women,Asian Championship,ASIA_WOMEN,other,CHN,TPE,75,40,3,0,team_a,Tianjin Olympic Center Gymnasium,,True,fivb_vis,28820,,
fivb_vis:28823,2026-08-27,women,Asian Championship,ASIA_WOMEN,other,JPN,TPE,75,48,3,0,team_a,Tianjin Olympic Center Gymnasium,,True,fivb_vis,28823,,
fivb_vis:28824,2026-08-27,women,Asian Championship,ASIA_WOMEN,other,THA,KOR,75,59,3,0,team_a,Tianjin Olympic Center Gymnasium,,True,fivb_vis,28824,,
fivb_vis:29058,2026-08-25,women,African Championship,AFRICA_WOMEN,other,COD,BDI,75,49,3,0,team_a,Ulinzi Complex,,True,fivb_vis,29058,,
fivb_vis:29059,2026-08-25,women,African Championship,AFRICA_WOMEN,other,SEN,UGA,52,75,0,3,team_b,Kasarani Arena,,True,fivb_vis,29059,,
fivb_vis:29060,2026-08-25,women,African Championship,AFRICA_WOMEN,other,EGY,BFA,75,33,3,0,team_a,Kasarani Arena,,True,fivb_vis,29060,,
fivb_vis:29061,2026-08-25,women,African Championship,AFRICA_WOMEN,other,RWA,DZA,75,58,3,0,team_a,Ulinzi Complex,,True,fivb_vis,29061,,
fivb_vis:29062,2026-08-25,women,African Championship,AFRICA_WOMEN,other,CMR,GHA,75,50,3,0,team_a,Kasarani Arena,,True,fivb_vis,29062,,
fivb_vis:29063,2026-08-25,women,African Championship,AFRICA_WOMEN,other,TUN,NGA,93,88,3,1,team_a,Ulinzi Complex,,True,fivb_vis,29063,,
fivb_vis:29064,2026-08-25,women,African Championship,AFRICA_WOMEN,other,KEN,ZMB,75,34,3,0,team_a,Kasarani Arena,,True,fivb_vis,29064,,
fivb_vis:29065,2026-08-26,women,African Championship,AFRICA_WOMEN,other,COD,RWA,48,75,0,3,team_b,Kasarani Arena,,True,fivb_vis,29065,,
fivb_vis:29066,2026-08-26,women,African Championship,AFRICA_WOMEN,other,UGA,BFA,75,45,3,0,team_a,Ulinzi Complex,,True,fivb_vis,29066,,
fivb_vis:29067,2026-08-26,women,African Championship,AFRICA_WOMEN,other,DZA,BDI,75,49,3,0,team_a,Kasarani Arena,,True,fivb_vis,29067,,
fivb_vis:29068,2026-08-26,women,African Championship,AFRICA_WOMEN,other,ZMB,MLI,97,81,3,1,team_a,Ulinzi Complex,,True,fivb_vis,29068,,
fivb_vis:29069,2026-08-26,women,African Championship,AFRICA_WOMEN,other,EGY,SEN,75,30,3,0,team_a,Kasarani Arena,,True,fivb_vis,29069,,
fivb_vis:29070,2026-08-26,women,African Championship,AFRICA_WOMEN,other,NGA,GHA,100,98,3,2,team_a,Ulinzi Complex,,True,fivb_vis,29070,,
fivb_vis:29071,2026-08-26,women,African Championship,AFRICA_WOMEN,other,CMR,TUN,75,58,3,0,team_a,Kasarani Arena,,True,fivb_vis,29071,,
fivb_vis:29072,2026-08-27,women,African Championship,AFRICA_WOMEN,other,UGA,EGY,39,75,0,3,team_b,Kasarani Arena,,True,fivb_vis,29072,,
fivb_vis:29073,2026-08-27,women,African Championship,AFRICA_WOMEN,other,BDI,RWA,30,75,0,3,team_b,Ulinzi Complex,,True,fivb_vis,29073,,
fivb_vis:29074,2026-08-27,women,African Championship,AFRICA_WOMEN,other,BFA,SEN,51,75,0,3,team_b,Kasarani Arena,,True,fivb_vis,29074,,
fivb_vis:29075,2026-08-27,women,African Championship,AFRICA_WOMEN,other,DZA,COD,75,38,3,0,team_a,Ulinzi Complex,,True,fivb_vis,29075,,
fivb_vis:29076,2026-08-27,women,African Championship,AFRICA_WOMEN,other,NGA,CMR,51,75,0,3,team_b,Kasarani Arena,,True,fivb_vis,29076,,
fivb_vis:29077,2026-08-27,women,African Championship,AFRICA_WOMEN,other,GHA,TUN,105,105,3,2,team_a,Ulinzi Complex,,True,fivb_vis,29077,,
fivb_vis:29078,2026-08-27,women,African Championship,AFRICA_WOMEN,other,MLI,KEN,45,75,0,3,team_b,Kasarani Arena,,True,fivb_vis,29078,,
fivb_vis:4115,2012-07-29,men,Olympic Games,OG_MEN,other,GBR,BGR,62,76,0,3,team_b,Earls Court,,True,fivb_vis,4115,,
fivb_vis:4116,2012-07-29,men,Olympic Games,OG_MEN,other,RUS,DEU,81,64,3,0,team_a,Earls Court,,True,fivb_vis,4116,,
fivb_vis:4117,2012-07-29,men,Olympic Games,OG_MEN,other,AUS,ARG,63,75,0,3,team_b,Earls Court,,True,fivb_vis,4117,,
fivb_vis:4118,2012-07-29,men,Olympic Games,OG_MEN,other,USA,SRB,75,60,3,0,team_a,Earls Court,,True,fivb_vis,4118,,
fivb_vis:4119,2012-07-29,men,Olympic Games,OG_MEN,other,ITA,POL,82,96,1,3,team_b,Earls Court,,True,fivb_vis,4119,,
fivb_vis:4120,2012-07-29,men,Olympic Games,OG_MEN,other,BRA,TUN,75,56,3,0,team_a,Earls Court,,True,fivb_vis,4120,,
fivb_vis:4121,2012-07-31,men,Olympic Games,OG_MEN,other,SRB,TUN,95,79,3,1,team_a,Earls Court,,True,fivb_vis,4121,,
fivb_vis:4122,2012-07-31,men,Olympic Games,OG_MEN,other,POL,BGR,97,92,1,3,team_b,Earls Court,,True,fivb_vis,4122,,
fivb_vis:4123,2012-07-31,men,Olympic Games,OG_MEN,other,ITA,ARG,96,82,3,1,team_a,Earls Court,,True,fivb_vis,4123,,
fivb_vis:4124,2012-07-31,men,Olympic Games,OG_MEN,other,USA,DEU,75,59,3,0,team_a,Earls Court,,True,fivb_vis,4124,,
fivb_vis:4125,2012-07-31,men,Olympic Games,OG_MEN,other,GBR,AUS,53,75,0,3,team_b,Earls Court,,True,fivb_vis,4125,,
fivb_vis:4126,2012-07-31,men,Olympic Games,OG_MEN,other,BRA,RUS,75,65,3,0,team_a,Earls Court,,True,fivb_vis,4126,,
fivb_vis:4127,2012-08-02,men,Olympic Games,OG_MEN,other,SRB,DEU,110,119,2,3,team_b,Earls Court,,True,fivb_vis,4127,,
fivb_vis:4128,2012-08-02,men,Olympic Games,OG_MEN,other,AUS,BGR,66,75,0,3,team_b,Earls Court,,True,fivb_vis,4128,,
fivb_vis:4129,2012-08-02,men,Olympic Games,OG_MEN,other,RUS,TUN,75,59,3,0,team_a,Earls Court,,True,fivb_vis,4129,,
fivb_vis:4130,2012-08-02,men,Olympic Games,OG_MEN,other,POL,ARG,75,54,3,0,team_a,Earls Court,,True,fivb_vis,4130,,
fivb_vis:4131,2012-08-02,men,Olympic Games,OG_MEN,other,BRA,USA,86,100,1,3,team_b,Earls Court,,True,fivb_vis,4131,,
fivb_vis:4132,2012-08-02,men,Olympic Games,OG_MEN,other,GBR,ITA,55,75,0,3,team_b,Earls Court,,True,fivb_vis,4132,,
fivb_vis:4133,2012-08-04,men,Olympic Games,OG_MEN,other,DEU,TUN,75,47,3,0,team_a,Earls Court,,True,fivb_vis,4133,,
fivb_vis:4134,2012-08-04,men,Olympic Games,OG_MEN,other,GBR,POL,53,75,0,3,team_b,Earls Court,,True,fivb_vis,4134,,
fivb_vis:4135,2012-08-04,men,Olympic Games,OG_MEN,other,AUS,ITA,98,104,2,3,team_b,Earls Court,,True,fivb_vis,4135,,
fivb_vis:4136,2012-08-04,men,Olympic Games,OG_MEN,other,RUS,USA,112,102,3,2,team_a,Earls Court,,True,fivb_vis,4136,,
fivb_vis:4137,2012-08-04,men,Olympic Games,OG_MEN,other,ARG,BGR,96,82,3,1,team_a,Earls Court,,True,fivb_vis,4137,,
fivb_vis:4138,2012-08-04,men,Olympic Games,OG_MEN,other,BRA,SRB,107,96,3,2,team_a,Earls Court,,True,fivb_vis,4138,,
fivb_vis:4139,2012-08-06,men,Olympic Games,OG_MEN,other,AUS,POL,93,90,3,1,team_a,Earls Court,,True,fivb_vis,4139,,
fivb_vis:4140,2012-08-06,men,Olympic Games,OG_MEN,other,RUS,SRB,75,52,3,0,team_a,Earls Court,,True,fivb_vis,4140,,
fivb_vis:4141,2012-08-06,men,Olympic Games,OG_MEN,other,ITA,BGR,69,82,0,3,team_b,Earls Court,,True,fivb_vis,4141,,
fivb_vis:4142,2012-08-06,men,Olympic Games,OG_MEN,other,GBR,ARG,51,75,0,3,team_b,Earls Court,,True,fivb_vis,4142,,
fivb_vis:4143,2012-08-06,men,Olympic Games,OG_MEN,other,USA,TUN,75,53,3,0,team_a,Earls Court,,True,fivb_vis,4143,,
fivb_vis:4144,2012-08-06,men,Olympic Games,OG_MEN,other,BRA,DEU,75,62,3,0,team_a,Earls Court,,True,fivb_vis,4144,,
fivb_vis:4169,2012-08-08,men,Olympic Games,OG_MEN,other,BGR,DEU,75,50,3,0,team_a,Earls Court,,True,fivb_vis,4169,,
fivb_vis:4170,2012-08-08,men,Olympic Games,OG_MEN,other,POL,RUS,61,75,0,3,team_b,Earls Court,,True,fivb_vis,4170,,
fivb_vis:4171,2012-08-08,men,Olympic Games,OG_MEN,other,ARG,BRA,56,75,0,3,team_b,Earls Court,,True,fivb_vis,4171,,
fivb_vis:4172,2012-08-08,men,Olympic Games,OG_MEN,other,USA,ITA,66,78,0,3,team_b,Earls Court,,True,fivb_vis,4172,,
fivb_vis:4179,2012-08-10,men,Olympic Games,OG_MEN,other,BGR,RUS,84,98,1,3,team_b,Earls Court,,True,fivb_vis,4179,,
fivb_vis:4180,2012-08-10,men,Olympic Games,OG_MEN,other,BRA,ITA,75,54,3,0,team_a,Earls Court,,True,fivb_vis,4180,,
fivb_vis:4188,2012-08-12,men,Olympic Games,OG_MEN,other,BGR,ITA,86,98,1,3,team_b,Earls Court,,True,fivb_vis,4188,,
fivb_vis:4189,2012-08-12,men,Olympic Games,OG_MEN,other,RUS,BRA,108,108,3,2,team_a,Earls Court,,True,fivb_vis,4189,,
fivb_vis:4085,2012-07-28,women,Olympic Games,OG_WOMEN,other,DZA,JPN,36,75,0,3,team_b,Earls Court,,True,fivb_vis,4085,,
fivb_vis:4086,2012-07-28,women,Olympic Games,OG_WOMEN,other,CHN,SRB,91,68,3,1,team_a,Earls Court,,True,fivb_vis,4086,,
fivb_vis:4087,2012-07-28,women,Olympic Games,OG_WOMEN,other,GBR,RUS,45,75,0,3,team_b,Earls Court,,True,fivb_vis,4087,,
fivb_vis:4088,2012-07-28,women,Olympic Games,OG_WOMEN,other,ITA,DOM,98,76,3,1,team_a,Earls Court,,True,fivb_vis,4088,,
fivb_vis:4089,2012-07-28,women,Olympic Games,OG_WOMEN,other,USA,KOR,95,82,3,1,team_a,Earls Court,,True,fivb_vis,4089,,
fivb_vis:4090,2012-07-28,women,Olympic Games,OG_WOMEN,other,BRA,TUR,113,101,3,2,team_a,Earls Court,,True,fivb_vis,4090,,
fivb_vis:4091,2012-07-30,women,Olympic Games,OG_WOMEN,other,CHN,TUR,104,93,3,1,team_a,Earls Court,,True,fivb_vis,4091,,
fivb_vis:4092,2012-07-30,women,Olympic Games,OG_WOMEN,other,SRB,KOR,74,91,1,3,team_b,Earls Court,,True,fivb_vis,4092,,
fivb_vis:4093,2012-07-30,women,Olympic Games,OG_WOMEN,other,DOM,RUS,86,99,1,3,team_b,Earls Court,,True,fivb_vis,4093,,
fivb_vis:4094,2012-07-30,women,Olympic Games,OG_WOMEN,other,USA,BRA,97,81,3,1,team_a,Earls Court,,True,fivb_vis,4094,,
fivb_vis:4095,2012-07-30,women,Olympic Games,OG_WOMEN,other,ITA,JPN,95,90,3,1,team_a,Earls Court,,True,fivb_vis,4095,,
fivb_vis:4096,2012-07-30,women,Olympic Games,OG_WOMEN,other,GBR,DZA,110,96,3,2,team_a,Earls Court,,True,fivb_vis,4096,,
fivb_vis:4097,2012-08-01,women,Olympic Games,OG_WOMEN,other,DOM,JPN,62,75,0,3,team_b,Earls Court,,True,fivb_vis,4097,,
fivb_vis:4098,2012-08-01,women,Olympic Games,OG_WOMEN,other,DZA,RUS,36,75,0,3,team_b,Earls Court,,True,fivb_vis,4098,,
fivb_vis:4099,2012-08-01,women,Olympic Games,OG_WOMEN,other,SRB,TUR,53,75,0,3,team_b,Earls Court,,True,fivb_vis,4099,,
fivb_vis:4100,2012-08-01,women,Olympic Games,OG_WOMEN,other,GBR,ITA,49,77,0,3,team_b,Earls Court,,True,fivb_vis,4100,,
fivb_vis:4101,2012-08-01,women,Olympic Games,OG_WOMEN,other,USA,CHN,82,69,3,0,team_a,Earls Court,,True,fivb_vis,4101,,
fivb_vis:4102,2012-08-01,women,Olympic Games,OG_WOMEN,other,BRA,KOR,65,75,0,3,team_b,Earls Court,,True,fivb_vis,4102,,
fivb_vis:4103,2012-08-03,women,Olympic Games,OG_WOMEN,other,BRA,CHN,113,99,3,2,team_a,Earls Court,,True,fivb_vis,4103,,
fivb_vis:4104,2012-08-03,women,Olympic Games,OG_WOMEN,other,JPN,RUS,86,97,1,3,team_b,Earls Court,,True,fivb_vis,4104,,
fivb_vis:4105,2012-08-03,women,Olympic Games,OG_WOMEN,other,TUR,KOR,105,96,3,2,team_a,Earls Court,,True,fivb_vis,4105,,
fivb_vis:4106,2012-08-03,women,Olympic Games,OG_WOMEN,other,GBR,DOM,46,75,0,3,team_b,Earls Court,,True,fivb_vis,4106,,
fivb_vis:4107,2012-08-03,women,Olympic Games,OG_WOMEN,other,USA,SRB,75,53,3,0,team_a,Earls Court,,True,fivb_vis,4107,,
fivb_vis:4108,2012-08-03,women,Olympic Games,OG_WOMEN,other,DZA,ITA,40,75,0,3,team_b,Earls Court,,True,fivb_vis,4108,,
fivb_vis:4109,2012-08-05,women,Olympic Games,OG_WOMEN,other,DZA,DOM,44,75,0,3,team_b,Earls Court,,True,fivb_vis,4109,,
fivb_vis:4110,2012-08-05,women,Olympic Games,OG_WOMEN,other,CHN,KOR,112,105,3,2,team_a,Earls Court,,True,fivb_vis,4110,,
fivb_vis:4111,2012-08-05,women,Olympic Games,OG_WOMEN,other,GBR,JPN,45,75,0,3,team_b,Earls Court,,True,fivb_vis,4111,,
fivb_vis:4112,2012-08-05,women,Olympic Games,OG_WOMEN,other,ITA,RUS,99,113,2,3,team_b,Earls Court,,True,fivb_vis,4112,,
fivb_vis:4113,2012-08-05,women,Olympic Games,OG_WOMEN,other,USA,TUR,77,60,3,0,team_a,Earls Court,,True,fivb_vis,4113,,
fivb_vis:4114,2012-08-05,women,Olympic Games,OG_WOMEN,other,BRA,SRB,75,48,3,0,team_a,Earls Court,,True,fivb_vis,4114,,
fivb_vis:4165,2012-08-07,women,Olympic Games,OG_WOMEN,other,RUS,BRA,114,114,2,3,team_b,Earls Court,,True,fivb_vis,4165,,
fivb_vis:4166,2012-08-07,women,Olympic Games,OG_WOMEN,other,JPN,CHN,117,115,3,2,team_a,Earls Court,,True,fivb_vis,4166,,
fivb_vis:4167,2012-08-07,women,Olympic Games,OG_WOMEN,other,ITA,KOR,84,93,1,3,team_b,Earls Court,,True,fivb_vis,4167,,
fivb_vis:4168,2012-08-07,women,Olympic Games,OG_WOMEN,other,USA,DOM,75,57,3,0,team_a,Earls Court,,True,fivb_vis,4168,,
fivb_vis:4173,2012-08-09,women,Olympic Games,OG_WOMEN,other,BRA,JPN,75,51,3,0,team_a,Earls Court,,True,fivb_vis,4173,,
fivb_vis:4178,2012-08-09,women,Olympic Games,OG_WOMEN,other,KOR,USA,64,75,0,3,team_b,Earls Court,,True,fivb_vis,4178,,
fivb_vis:4181,2012-08-11,women,Olympic Games,OG_WOMEN,other,JPN,KOR,76,67,3,0,team_a,Earls Court,,True,fivb_vis,4181,,
fivb_vis:4182,2012-08-11,women,Olympic Games,OG_WOMEN,other,BRA,USA,86,79,3,1,team_a,Earls Court,,True,fivb_vis,4182,,
fivb_vis:3532,2011-11-04,women,World Cup,WC_WOMEN,other,CHN,DZA,75,46,3,0,team_a,Hiroshima Sunplaza,,True,fivb_vis,3532,,
fivb_vis:3533,2011-11-04,women,World Cup,WC_WOMEN,other,DOM,ARG,82,93,1,3,team_b,Hiroshima Sunplaza,,True,fivb_vis,3533,,
fivb_vis:3534,2011-11-04,women,World Cup,WC_WOMEN,other,ITA,JPN,98,78,3,1,team_a,Hiroshima Sunplaza,,True,fivb_vis,3534,,
fivb_vis:3535,2011-11-04,women,World Cup,WC_WOMEN,other,SRB,KOR,77,69,3,0,team_a,Nagano White Ring,,True,fivb_vis,3535,,
fivb_vis:3536,2011-11-04,women,World Cup,WC_WOMEN,other,KEN,DEU,41,75,0,3,team_b,Nagano White Ring,,True,fivb_vis,3536,,
fivb_vis:3537,2011-11-04,women,World Cup,WC_WOMEN,other,USA,BRA,94,91,3,1,team_a,Nagano White Ring,,True,fivb_vis,3537,,
fivb_vis:3538,2011-11-05,women,World Cup,WC_WOMEN,other,DZA,DOM,42,75,0,3,team_b,Hiroshima Sunplaza,,True,fivb_vis,3538,,
fivb_vis:3539,2011-11-05,women,World Cup,WC_WOMEN,other,ITA,CHN,108,103,3,2,team_a,Hiroshima Sunplaza,,True,fivb_vis,3539,,
fivb_vis:3540,2011-11-05,women,World Cup,WC_WOMEN,other,JPN,ARG,75,50,3,0,team_a,Hiroshima Sunplaza,,True,fivb_vis,3540,,
fivb_vis:3541,2011-11-05,women,World Cup,WC_WOMEN,other,KOR,DEU,51,75,0,3,team_b,Nagano White Ring,,True,fivb_vis,3541,,
fivb_vis:3542,2011-11-05,women,World Cup,WC_WOMEN,other,SRB,USA,61,77,0,3,team_b,Nagano White Ring,,True,fivb_vis,3542,,
fivb_vis:3543,2011-11-05,women,World Cup,WC_WOMEN,other,BRA,KEN,75,40,3,0,team_a,Nagano White Ring,,True,fivb_vis,3543,,
fivb_vis:3544,2011-11-06,women,World Cup,WC_WOMEN,other,DOM,ITA,51,78,0,3,team_b,Hiroshima Sunplaza,,True,fivb_vis,3544,,
fivb_vis:3545,2011-11-06,women,World Cup,WC_WOMEN,other,ARG,DZA,95,71,3,1,team_a,Hiroshima Sunplaza,,True,fivb_vis,3545,,
fivb_vis:3546,2011-11-06,women,World Cup,WC_WOMEN,other,CHN,JPN,105,105,3,2,team_a,Hiroshima Sunplaza,,True,fivb_vis,3546,,
fivb_vis:3547,2011-11-06,women,World Cup,WC_WOMEN,other,KEN,SRB,69,94,1,3,team_b,Nagano White Ring,,True,fivb_vis,3547,,
fivb_vis:3548,2011-11-06,women,World Cup,WC_WOMEN,other,DEU,BRA,90,98,1,3,team_b,Nagano White Ring,,True,fivb_vis,3548,,
fivb_vis:3549,2011-11-06,women,World Cup,WC_WOMEN,other,USA,KOR,75,35,3,0,team_a,Nagano White Ring,,True,fivb_vis,3549,,
fivb_vis:3550,2011-11-08,women,World Cup,WC_WOMEN,other,CHN,DOM,98,75,3,1,team_a,Hiroshima Sunplaza,,True,fivb_vis,3550,,
fivb_vis:3551,2011-11-08,women,World Cup,WC_WOMEN,other,ITA,ARG,75,48,3,0,team_a,Hiroshima Sunplaza,,True,fivb_vis,3551,,
fivb_vis:3552,2011-11-08,women,World Cup,WC_WOMEN,other,JPN,DZA,75,35,3,0,team_a,Hiroshima Sunplaza,,True,fivb_vis,3552,,
fivb_vis:3553,2011-11-08,women,World Cup,WC_WOMEN,other,USA,KEN,75,50,3,0,team_a,Toyama City Gymnasium,,True,fivb_vis,3553,,
fivb_vis:3554,2011-11-08,women,World Cup,WC_WOMEN,other,KOR,BRA,89,105,2,3,team_b,Toyama City Gymnasium,,True,fivb_vis,3554,,
fivb_vis:3555,2011-11-08,women,World Cup,WC_WOMEN,other,SRB,DEU,107,112,2,3,team_b,Toyama City Gymnasium,,True,fivb_vis,3555,,
fivb_vis:3556,2011-11-09,women,World Cup,WC_WOMEN,other,ARG,CHN,51,75,0,3,team_b,Hiroshima Sunplaza,,True,fivb_vis,3556,,
fivb_vis:3557,2011-11-09,women,World Cup,WC_WOMEN,other,DZA,ITA,43,75,0,3,team_b,Hiroshima Sunplaza,,True,fivb_vis,3557,,
fivb_vis:3558,2011-11-09,women,World Cup,WC_WOMEN,other,DOM,JPN,55,75,0,3,team_b,Hiroshima Sunplaza,,True,fivb_vis,3558,,
fivb_vis:3559,2011-11-09,women,World Cup,WC_WOMEN,other,KEN,KOR,50,75,0,3,team_b,Toyama City Gymnasium,,True,fivb_vis,3559,,
fivb_vis:3560,2011-11-09,women,World Cup,WC_WOMEN,other,BRA,SRB,107,99,3,2,team_a,Toyama City Gymnasium,,True,fivb_vis,3560,,
fivb_vis:3561,2011-11-09,women,World Cup,WC_WOMEN,other,DEU,USA,83,73,3,0,team_a,Toyama City Gymnasium,,True,fivb_vis,3561,,
fivb_vis:3562,2011-11-11,women,World Cup,WC_WOMEN,other,ITA,KOR,75,44,3,0,team_a,Hokkaido Prefectural Sports Center,,True,fivb_vis,3562,,
fivb_vis:3563,2011-11-11,women,World Cup,WC_WOMEN,other,CHN,BRA,110,113,2,3,team_b,Hokkaido Prefectural Sports Center,,True,fivb_vis,3563,,
fivb_vis:3564,2011-11-11,women,World Cup,WC_WOMEN,other,JPN,SRB,63,75,0,3,team_b,Hokkaido Prefectural Sports Center,,True,fivb_vis,3564,,
fivb_vis:3565,2011-11-11,women,World Cup,WC_WOMEN,other,DOM,KEN,101,79,3,1,team_a,Momotaro Arena,,True,fivb_vis,3565,,
fivb_vis:3566,2011-11-11,women,World Cup,WC_WOMEN,other,DZA,DEU,37,75,0,3,team_b,Momotaro Arena,,True,fivb_vis,3566,,
fivb_vis:3567,2011-11-11,women,World Cup,WC_WOMEN,other,ARG,USA,46,75,0,3,team_b,Momotaro Arena,,True,fivb_vis,3567,,
fivb_vis:3568,2011-11-12,women,World Cup,WC_WOMEN,other,ITA,BRA,75,61,3,0,team_a,Hokkaido Prefectural Sports Center,,True,fivb_vis,3568,,
fivb_vis:3569,2011-11-12,women,World Cup,WC_WOMEN,other,CHN,SRB,96,90,3,1,team_a,Hokkaido Prefectural Sports Center,,True,fivb_vis,3569,,
fivb_vis:3570,2011-11-12,women,World Cup,WC_WOMEN,other,JPN,KOR,75,56,3,0,team_a,Hokkaido Prefectural Sports Center,,True,fivb_vis,3570,,
fivb_vis:3571,2011-11-12,women,World Cup,WC_WOMEN,other,DOM,DEU,110,104,3,2,team_a,Momotaro Arena,,True,fivb_vis,3571,,
fivb_vis:3572,2011-11-12,women,World Cup,WC_WOMEN,other,ARG,KEN,76,53,3,0,team_a,Momotaro Arena,,True,fivb_vis,3572,,
fivb_vis:3573,2011-11-12,women,World Cup,WC_WOMEN,other,DZA,USA,33,75,0,3,team_b,Momotaro Arena,,True,fivb_vis,3573,,
fivb_vis:3574,2011-11-13,women,World Cup,WC_WOMEN,other,ITA,SRB,79,66,3,0,team_a,Hokkaido Prefectural Sports Center,,True,fivb_vis,3574,,
fivb_vis:3575,2011-11-13,women,World Cup,WC_WOMEN,other,CHN,KOR,75,36,3,0,team_a,Hokkaido Prefectural Sports Center,,True,fivb_vis,3575,,
fivb_vis:3576,2011-11-13,women,World Cup,WC_WOMEN,other,JPN,BRA,76,66,3,0,team_a,Hokkaido Prefectural Sports Center,,True,fivb_vis,3576,,
fivb_vis:3577,2011-11-13,women,World Cup,WC_WOMEN,other,ARG,DEU,57,75,0,3,team_b,Momotaro Arena,,True,fivb_vis,3577,,
fivb_vis:3578,2011-11-13,women,World Cup,WC_WOMEN,other,DZA,KEN,94,84,3,1,team_a,Momotaro Arena,,True,fivb_vis,3578,,
fivb_vis:3579,2011-11-13,women,World Cup,WC_WOMEN,other,DOM,USA,54,75,0,3,team_b,Momotaro Arena,,True,fivb_vis,3579,,
fivb_vis:3580,2011-11-16,women,World Cup,WC_WOMEN,other,CHN,USA,110,108,2,3,team_b,Yoyogi National Stadium,,True,fivb_vis,3580,,
fivb_vis:3581,2011-11-16,women,World Cup,WC_WOMEN,other,ITA,DEU,109,97,3,2,team_a,Yoyogi National Stadium,,True,fivb_vis,3581,,
fivb_vis:3582,2011-11-16,women,World Cup,WC_WOMEN,other,JPN,KEN,75,30,3,0,team_a,Yoyogi National Stadium,,True,fivb_vis,3582,,
fivb_vis:3583,2011-11-16,women,World Cup,WC_WOMEN,other,DOM,SRB,98,107,3,2,team_a,Tokyo Metropolitan Gymnasium,,True,fivb_vis,3583,,
fivb_vis:3584,2011-11-16,women,World Cup,WC_WOMEN,other,DZA,KOR,53,75,0,3,team_b,Tokyo Metropolitan Gymnasium,,True,fivb_vis,3584,,
fivb_vis:3585,2011-11-16,women,World Cup,WC_WOMEN,other,ARG,BRA,48,75,0,3,team_b,Tokyo Metropolitan Gymnasium,,True,fivb_vis,3585,,
fivb_vis:3586,2011-11-17,women,World Cup,WC_WOMEN,other,CHN,KEN,75,32,3,0,team_a,Yoyogi National Stadium,,True,fivb_vis,3586,,
fivb_vis:3587,2011-11-17,women,World Cup,WC_WOMEN,other,ITA,USA,84,97,1,3,team_b,Yoyogi National Stadium,,True,fivb_vis,3587,,
fivb_vis:3588,2011-11-17,women,World Cup,WC_WOMEN,other,JPN,DEU,113,101,3,2,team_a,Yoyogi National Stadium,,True,fivb_vis,3588,,
fivb_vis:3589,2011-11-17,women,World Cup,WC_WOMEN,other,DOM,KOR,112,101,3,2,team_a,Tokyo Metropolitan Gymnasium,,True,fivb_vis,3589,,
fivb_vis:3590,2011-11-17,women,World Cup,WC_WOMEN,other,DZA,BRA,39,75,0,3,team_b,Tokyo Metropolitan Gymnasium,,True,fivb_vis,3590,,
fivb_vis:3591,2011-11-17,women,World Cup,WC_WOMEN,other,ARG,SRB,56,75,0,3,team_b,Tokyo Metropolitan Gymnasium,,True,fivb_vis,3591,,
fivb_vis:3592,2011-11-18,women,World Cup,WC_WOMEN,other,ITA,KEN,75,33,3,0,team_a,Yoyogi National Stadium,,True,fivb_vis,3592,,
fivb_vis:3593,2011-11-18,women,World Cup,WC_WOMEN,other,CHN,DEU,75,57,3,0,team_a,Yoyogi National Stadium,,True,fivb_vis,3593,,
fivb_vis:3594,2011-11-18,women,World Cup,WC_WOMEN,other,JPN,USA,79,68,3,0,team_a,Yoyogi National Stadium,,True,fivb_vis,3594,,
fivb_vis:3595,2011-11-18,women,World Cup,WC_WOMEN,other,DZA,SRB,51,75,0,3,team_b,Tokyo Metropolitan Gymnasium,,True,fivb_vis,3595,,
fivb_vis:3596,2011-11-18,women,World Cup,WC_WOMEN,other,DOM,BRA,48,75,0,3,team_b,Tokyo Metropolitan Gymnasium,,True,fivb_vis,3596,,
fivb_vis:3597,2011-11-18,women,World Cup,WC_WOMEN,other,ARG,KOR,66,78,0,3,team_b,Tokyo Metropolitan Gymnasium,,True,fivb_vis,3597,,
fivb_vis:3606,2011-11-20,men,World Cup,WC_MEN,other,SRB,ARG,51,75,0,3,team_b,Nippongaishi Hall,,True,fivb_vis,3606,,
fivb_vis:3607,2011-11-20,men,World Cup,WC_MEN,other,POL,CUB,75,60,3,0,team_a,Nippongaishi Hall,,True,fivb_vis,3607,,
fivb_vis:3608,2011-11-20,men,World Cup,WC_MEN,other,IRN,JPN,92,83,3,1,team_a,Nippongaishi Hall,,True,fivb_vis,3608,,
fivb_vis:3609,2011-11-20,men,World Cup,WC_MEN,other,CHN,USA,58,75,0,3,team_b,Kagoshima Arena,,True,fivb_vis,3609,,
fivb_vis:3610,2011-11-20,men,World Cup,WC_MEN,other,ITA,RUS,90,97,1,3,team_b,Kagoshima Arena,,True,fivb_vis,3610,,
fivb_vis:3611,2011-11-20,men,World Cup,WC_MEN,other,EGY,BRA,51,75,0,3,team_b,Kagoshima Arena,,True,fivb_vis,3611,,
fivb_vis:3612,2011-11-21,men,World Cup,WC_MEN,other,CUB,IRN,75,56,3,0,team_a,Nippongaishi Hall,,True,fivb_vis,3612,,
fivb_vis:3613,2011-11-21,men,World Cup,WC_MEN,other,SRB,POL,90,101,1,3,team_b,Nippongaishi Hall,,True,fivb_vis,3613,,
fivb_vis:3614,2011-11-21,men,World Cup,WC_MEN,other,ARG,JPN,97,99,3,2,team_a,Nippongaishi Hall,,True,fivb_vis,3614,,
fivb_vis:3615,2011-11-21,men,World Cup,WC_MEN,other,EGY,ITA,57,75,0,3,team_b,Kagoshima Arena,,True,fivb_vis,3615,,
fivb_vis:3616,2011-11-21,men,World Cup,WC_MEN,other,BRA,USA,91,76,3,1,team_a,Kagoshima Arena,,True,fivb_vis,3616,,
fivb_vis:3617,2011-11-21,men,World Cup,WC_MEN,other,RUS,CHN,75,56,3,0,team_a,Kagoshima Arena,,True,fivb_vis,3617,,
fivb_vis:3618,2011-11-22,men,World Cup,WC_MEN,other,IRN,SRB,104,99,3,2,team_a,Nippongaishi Hall,,True,fivb_vis,3618,,
fivb_vis:3619,2011-11-22,men,World Cup,WC_MEN,other,POL,ARG,93,90,3,1,team_a,Nippongaishi Hall,,True,fivb_vis,3619,,
fivb_vis:3620,2011-11-22,men,World Cup,WC_MEN,other,JPN,CUB,66,75,0,3,team_b,Nippongaishi Hall,,True,fivb_vis,3620,,
fivb_vis:3621,2011-11-22,men,World Cup,WC_MEN,other,CHN,EGY,58,75,0,3,team_b,Kagoshima Arena,,True,fivb_vis,3621,,
fivb_vis:3622,2011-11-22,men,World Cup,WC_MEN,other,ITA,BRA,110,107,3,2,team_a,Kagoshima Arena,,True,fivb_vis,3622,,
fivb_vis:3623,2011-11-22,men,World Cup,WC_MEN,other,USA,RUS,60,76,0,3,team_b,Kagoshima Arena,,True,fivb_vis,3623,,
fivb_vis:3624,2011-11-24,men,World Cup,WC_MEN,other,ARG,CUB,92,79,3,1,team_a,Osaka Central Gym,,True,fivb_vis,3624,,
fivb_vis:3625,2011-11-24,men,World Cup,WC_MEN,other,POL,IRN,111,100,2,3,team_b,Osaka Central Gym,,True,fivb_vis,3625,,
fivb_vis:3626,2011-11-24,men,World Cup,WC_MEN,other,SRB,JPN,105,105,3,2,team_a,Osaka Central Gym,,True,fivb_vis,3626,,
fivb_vis:3627,2011-11-24,men,World Cup,WC_MEN,other,EGY,USA,59,75,0,3,team_b,Kumamoto Prefectural Gymnasium,,True,fivb_vis,3627,,
fivb_vis:3628,2011-11-24,men,World Cup,WC_MEN,other,BRA,RUS,75,57,3,0,team_a,Kumamoto Prefectural Gymnasium,,True,fivb_vis,3628,,
fivb_vis:3629,2011-11-24,men,World Cup,WC_MEN,other,ITA,CHN,75,42,3,0,team_a,Kumamoto Prefectural Gymnasium,,True,fivb_vis,3629,,
fivb_vis:3630,2011-11-25,men,World Cup,WC_MEN,other,IRN,ARG,104,100,3,2,team_a,Osaka Central Gym,,True,fivb_vis,3630,,
fivb_vis:3631,2011-11-25,men,World Cup,WC_MEN,other,CUB,SRB,92,85,3,1,team_a,Osaka Central Gym,,True,fivb_vis,3631,,
fivb_vis:3632,2011-11-25,men,World Cup,WC_MEN,other,JPN,POL,83,98,1,3,team_b,Osaka Central Gym,,True,fivb_vis,3632,,
fivb_vis:3633,2011-11-25,men,World Cup,WC_MEN,other,RUS,EGY,98,69,3,1,team_a,Kumamoto Prefectural Gymnasium,,True,fivb_vis,3633,,
fivb_vis:3634,2011-11-25,men,World Cup,WC_MEN,other,CHN,BRA,86,107,2,3,team_b,Kumamoto Prefectural Gymnasium,,True,fivb_vis,3634,,
fivb_vis:3635,2011-11-25,men,World Cup,WC_MEN,other,USA,ITA,107,113,1,3,team_b,Kumamoto Prefectural Gymnasium,,True,fivb_vis,3635,,
fivb_vis:3636,2011-11-27,men,World Cup,WC_MEN,other,IRN,USA,54,77,0,3,team_b,Marine Messe,,True,fivb_vis,3636,,
fivb_vis:3637,2011-11-27,men,World Cup,WC_MEN,other,POL,CHN,92,85,3,1,team_a,Marine Messe,,True,fivb_vis,3637,,
fivb_vis:3638,2011-11-27,men,World Cup,WC_MEN,other,JPN,EGY,102,81,3,1,team_a,Marine Messe,,True,fivb_vis,3638,,
fivb_vis:3639,2011-11-27,men,World Cup,WC_MEN,other,SRB,RUS,47,75,0,3,team_b,Hamamatsu Arena,,True,fivb_vis,3639,,
fivb_vis:3640,2011-11-27,men,World Cup,WC_MEN,other,ARG,BRA,63,75,0,3,team_b,Hamamatsu Arena,,True,fivb_vis,3640,,
fivb_vis:3641,2011-11-27,men,World Cup,WC_MEN,other,CUB,ITA,94,83,3,1,team_a,Hamamatsu Arena,,True,fivb_vis,3641,,
fivb_vis:3642,2011-11-28,men,World Cup,WC_MEN,other,IRN,EGY,75,54,3,0,team_a,Marine Messe,,True,fivb_vis,3642,,
fivb_vis:3643,2011-11-28,men,World Cup,WC_MEN,other,POL,USA,75,53,3,0,team_a,Marine Messe,,True,fivb_vis,3643,,
fivb_vis:3644,2011-11-28,men,World Cup,WC_MEN,other,JPN,CHN,76,67,3,0,team_a,Marine Messe,,True,fivb_vis,3644,,
fivb_vis:3645,2011-11-28,men,World Cup,WC_MEN,other,ARG,RUS,64,75,0,3,team_b,Hamamatsu Arena,,True,fivb_vis,3645,,
fivb_vis:3646,2011-11-28,men,World Cup,WC_MEN,other,CUB,BRA,102,107,3,2,team_a,Hamamatsu Arena,,True,fivb_vis,3646,,
fivb_vis:3647,2011-11-28,men,World Cup,WC_MEN,other,SRB,ITA,83,97,1,3,team_b,Hamamatsu Arena,,True,fivb_vis,3647,,
fivb_vis:3648,2011-11-29,men,World Cup,WC_MEN,other,POL,EGY,76,66,3,0,team_a,Marine Messe,,True,fivb_vis,3648,,
fivb_vis:3649,2011-11-29,men,World Cup,WC_MEN,other,IRN,CHN,55,75,0,3,team_b,Marine Messe,,True,fivb_vis,3649,,
fivb_vis:3650,2011-11-29,men,World Cup,WC_MEN,other,JPN,USA,68,89,0,3,team_b,Marine Messe,,True,fivb_vis,3650,,
fivb_vis:3651,2011-11-29,men,World Cup,WC_MEN,other,CUB,RUS,80,100,1,3,team_b,Hamamatsu Arena,,True,fivb_vis,3651,,
fivb_vis:3652,2011-11-29,men,World Cup,WC_MEN,other,ARG,ITA,95,109,1,3,team_b,Hamamatsu Arena,,True,fivb_vis,3652,,
fivb_vis:3653,2011-11-29,men,World Cup,WC_MEN,other,SRB,BRA,97,92,3,1,team_a,Hamamatsu Arena,,True,fivb_vis,3653,,
fivb_vis:3654,2011-12-02,men,World Cup,WC_MEN,other,IRN,BRA,54,75,0,3,team_b,Yoyogi National Stadium,,True,fivb_vis,3654,,
fivb_vis:3655,2011-12-02,men,World Cup,WC_MEN,other,POL,ITA,102,106,3,2,team_a,Yoyogi National Stadium,,True,fivb_vis,3655,,
fivb_vis:3656,2011-12-02,men,World Cup,WC_MEN,other,JPN,RUS,62,75,0,3,team_b,Yoyogi National Stadium,,True,fivb_vis,3656,,
fivb_vis:3657,2011-12-02,men,World Cup,WC_MEN,other,SRB,EGY,97,93,3,1,team_a,Tokyo Metropolitan Gymnasium,,True,fivb_vis,3657,,
fivb_vis:3658,2011-12-02,men,World Cup,WC_MEN,other,CUB,CHN,109,107,3,2,team_a,Tokyo Metropolitan Gymnasium,,True,fivb_vis,3658,,
fivb_vis:3659,2011-12-02,men,World Cup,WC_MEN,other,ARG,USA,97,112,2,3,team_b,Tokyo Metropolitan Gymnasium,,True,fivb_vis,3659,,
fivb_vis:3660,2011-12-03,men,World Cup,WC_MEN,other,IRN,RUS,68,81,0,3,team_b,Yoyogi National Stadium,,True,fivb_vis,3660,,
fivb_vis:3661,2011-12-03,men,World Cup,WC_MEN,other,POL,BRA,99,104,2,3,team_b,Yoyogi National Stadium,,True,fivb_vis,3661,,
fivb_vis:3662,2011-12-03,men,World Cup,WC_MEN,other,JPN,ITA,68,76,0,3,team_b,Yoyogi National Stadium,,True,fivb_vis,3662,,
fivb_vis:3663,2011-12-03,men,World Cup,WC_MEN,other,SRB,CHN,99,75,3,1,team_a,Tokyo Metropolitan Gymnasium,,True,fivb_vis,3663,,
fivb_vis:3664,2011-12-03,men,World Cup,WC_MEN,other,ARG,EGY,75,58,3,0,team_a,Tokyo Metropolitan Gymnasium,,True,fivb_vis,3664,,
fivb_vis:3665,2011-12-03,men,World Cup,WC_MEN,other,CUB,USA,99,101,2,3,team_b,Tokyo Metropolitan Gymnasium,,True,fivb_vis,3665,,
fivb_vis:3666,2011-12-04,men,World Cup,WC_MEN,other,POL,RUS,110,107,2,3,team_b,Yoyogi National Stadium,,True,fivb_vis,3666,,
fivb_vis:3667,2011-12-04,men,World Cup,WC_MEN,other,IRN,ITA,73,95,1,3,team_b,Yoyogi National Stadium,,True,fivb_vis,3667,,
fivb_vis:3668,2011-12-04,men,World Cup,WC_MEN,other,JPN,BRA,62,75,0,3,team_b,Yoyogi National Stadium,,True,fivb_vis,3668,,
fivb_vis:3669,2011-12-04,men,World Cup,WC_MEN,other,CUB,EGY,99,92,3,1,team_a,Tokyo Metropolitan Gymnasium,,True,fivb_vis,3669,,
fivb_vis:3670,2011-12-04,men,World Cup,WC_MEN,other,ARG,CHN,81,70,3,0,team_a,Tokyo Metropolitan Gymnasium,,True,fivb_vis,3670,,
fivb_vis:3671,2011-12-04,men,World Cup,WC_MEN,other,SRB,USA,75,59,3,0,team_a,Tokyo Metropolitan Gymnasium,,True,fivb_vis,3671,,
fivb_vis:3839,2012-05-19,women,Olympic Games,OG_WOMEN,other,TPE,SRB,50,75,0,3,team_b,Tokyo Metropolitan Gymnasium,,True,fivb_vis,3839,,
fivb_vis:3840,2012-05-19,women,Olympic Games,OG_WOMEN,other,THA,RUS,53,75,0,3,team_b,Tokyo Metropolitan Gymnasium,,True,fivb_vis,3840,,
fivb_vis:3841,2012-05-19,women,Olympic Games,OG_WOMEN,other,KOR,CUB,75,62,3,0,team_a,Tokyo Metropolitan Gymnasium,,True,fivb_vis,3841,,
fivb_vis:3842,2012-05-19,women,Olympic Games,OG_WOMEN,other,JPN,PER,75,52,3,0,team_a,Tokyo Metropolitan Gymnasium,,True,fivb_vis,3842,,
fivb_vis:3843,2012-05-20,women,Olympic Games,OG_WOMEN,other,SRB,THA,56,75,0,3,team_b,Tokyo Metropolitan Gymnasium,,True,fivb_vis,3843,,
fivb_vis:3844,2012-05-20,women,Olympic Games,OG_WOMEN,other,PER,CUB,55,75,0,3,team_b,Tokyo Metropolitan Gymnasium,,True,fivb_vis,3844,,
fivb_vis:3845,2012-05-20,women,Olympic Games,OG_WOMEN,other,RUS,KOR,75,62,3,0,team_a,Tokyo Metropolitan Gymnasium,,True,fivb_vis,3845,,
fivb_vis:3846,2012-05-20,women,Olympic Games,OG_WOMEN,other,JPN,TPE,75,43,3,0,team_a,Tokyo Metropolitan Gymnasium,,True,fivb_vis,3846,,
fivb_vis:3847,2012-05-22,women,Olympic Games,OG_WOMEN,other,TPE,PER,59,75,0,3,team_b,Tokyo Metropolitan Gymnasium,,True,fivb_vis,3847,,
fivb_vis:3848,2012-05-22,women,Olympic Games,OG_WOMEN,other,CUB,RUS,57,75,0,3,team_b,Tokyo Metropolitan Gymnasium,,True,fivb_vis,3848,,
fivb_vis:3849,2012-05-22,women,Olympic Games,OG_WOMEN,other,KOR,SRB,79,91,1,3,team_b,Tokyo Metropolitan Gymnasium,,True,fivb_vis,3849,,
fivb_vis:3850,2012-05-22,women,Olympic Games,OG_WOMEN,other,JPN,THA,75,56,3,0,team_a,Tokyo Metropolitan Gymnasium,,True,fivb_vis,3850,,
fivb_vis:3851,2012-05-23,women,Olympic Games,OG_WOMEN,other,PER,RUS,42,75,0,3,team_b,Tokyo Metropolitan Gymnasium,,True,fivb_vis,3851,,
fivb_vis:3852,2012-05-23,women,Olympic Games,OG_WOMEN,other,TPE,THA,54,75,0,3,team_b,Tokyo Metropolitan Gymnasium,,True,fivb_vis,3852,,
fivb_vis:3853,2012-05-23,women,Olympic Games,OG_WOMEN,other,SRB,CUB,75,63,3,0,team_a,Tokyo Metropolitan Gymnasium,,True,fivb_vis,3853,,
fivb_vis:3854,2012-05-23,women,Olympic Games,OG_WOMEN,other,JPN,KOR,73,97,1,3,team_b,Tokyo Metropolitan Gymnasium,,True,fivb_vis,3854,,
fivb_vis:3855,2012-05-25,women,Olympic Games,OG_WOMEN,other,THA,PER,75,58,3,0,team_a,Tokyo Metropolitan Gymnasium,,True,fivb_vis,3855,,
fivb_vis:3856,2012-05-25,women,Olympic Games,OG_WOMEN,other,RUS,SRB,89,76,3,1,team_a,Tokyo Metropolitan Gymnasium,,True,fivb_vis,3856,,
fivb_vis:3857,2012-05-25,women,Olympic Games,OG_WOMEN,other,KOR,TPE,75,38,3,0,team_a,Tokyo Metropolitan Gymnasium,,True,fivb_vis,3857,,
fivb_vis:3858,2012-05-25,women,Olympic Games,OG_WOMEN,other,JPN,CUB,108,104,3,2,team_a,Tokyo Metropolitan Gymnasium,,True,fivb_vis,3858,,
fivb_vis:3859,2012-05-26,women,Olympic Games,OG_WOMEN,other,PER,SRB,80,97,1,3,team_b,Tokyo Metropolitan Gymnasium,,True,fivb_vis,3859,,
fivb_vis:3860,2012-05-26,women,Olympic Games,OG_WOMEN,other,TPE,CUB,63,77,0,3,team_b,Tokyo Metropolitan Gymnasium,,True,fivb_vis,3860,,
fivb_vis:3861,2012-05-26,women,Olympic Games,OG_WOMEN,other,THA,KOR,60,75,0,3,team_b,Tokyo Metropolitan Gymnasium,,True,fivb_vis,3861,,
fivb_vis:3862,2012-05-26,women,Olympic Games,OG_WOMEN,other,JPN,RUS,62,75,0,3,team_b,Tokyo Metropolitan Gymnasium,,True,fivb_vis,3862,,
fivb_vis:3863,2012-05-27,women,Olympic Games,OG_WOMEN,other,CUB,THA,92,93,1,3,team_b,Tokyo Metropolitan Gymnasium,,True,fivb_vis,3863,,
fivb_vis:3864,2012-05-27,women,Olympic Games,OG_WOMEN,other,RUS,TPE,75,48,3,0,team_a,Tokyo Metropolitan Gymnasium,,True,fivb_vis,3864,,
fivb_vis:3865,2012-05-27,women,Olympic Games,OG_WOMEN,other,KOR,PER,75,50,3,0,team_a,Tokyo Metropolitan Gymnasium,,True,fivb_vis,3865,,
fivb_vis:3866,2012-05-27,women,Olympic Games,OG_WOMEN,other,JPN,SRB,101,102,2,3,team_b,Tokyo Metropolitan Gymnasium,,True,fivb_vis,3866,,
fivb_vis:3870,2012-06-01,men,Olympic Games,OG_MEN,other,AUS,VEN,75,54,3,0,team_a,Tokyo Metropolitan Gymnasium,,True,fivb_vis,3870,,
fivb_vis:3871,2012-06-01,men,Olympic Games,OG_MEN,other,PRI,CHN,59,75,0,3,team_b,Tokyo Metropolitan Gymnasium,,True,fivb_vis,3871,,
fivb_vis:3872,2012-06-01,men,Olympic Games,OG_MEN,other,IRN,KOR,75,51,3,0,team_a,Tokyo Metropolitan Gymnasium,,True,fivb_vis,3872,,
fivb_vis:3873,2012-06-01,men,Olympic Games,OG_MEN,other,JPN,SRB,58,75,0,3,team_b,Tokyo Metropolitan Gymnasium,,True,fivb_vis,3873,,
fivb_vis:3874,2012-06-02,men,Olympic Games,OG_MEN,other,AUS,PRI,75,53,3,0,team_a,Tokyo Metropolitan Gymnasium,,True,fivb_vis,3874,,
fivb_vis:3875,2012-06-02,men,Olympic Games,OG_MEN,other,CHN,IRN,105,117,2,3,team_b,Tokyo Metropolitan Gymnasium,,True,fivb_vis,3875,,
fivb_vis:3876,2012-06-02,men,Olympic Games,OG_MEN,other,KOR,SRB,82,92,1,3,team_b,Tokyo Metropolitan Gymnasium,,True,fivb_vis,3876,,
fivb_vis:3877,2012-06-02,men,Olympic Games,OG_MEN,other,JPN,VEN,82,70,3,0,team_a,Tokyo Metropolitan Gymnasium,,True,fivb_vis,3877,,
fivb_vis:3878,2012-06-05,men,Olympic Games,OG_MEN,other,PRI,VEN,61,75,0,3,team_b,Tokyo Metropolitan Gymnasium,,True,fivb_vis,3878,,
fivb_vis:3879,2012-06-05,men,Olympic Games,OG_MEN,other,IRN,AUS,84,92,1,3,team_b,Tokyo Metropolitan Gymnasium,,True,fivb_vis,3879,,
fivb_vis:3880,2012-06-05,men,Olympic Games,OG_MEN,other,SRB,CHN,75,49,3,0,team_a,Tokyo Metropolitan Gymnasium,,True,fivb_vis,3880,,
fivb_vis:3881,2012-06-05,men,Olympic Games,OG_MEN,other,JPN,KOR,108,99,3,2,team_a,Tokyo Metropolitan Gymnasium,,True,fivb_vis,3881,,
fivb_vis:3882,2012-06-06,men,Olympic Games,OG_MEN,other,PRI,IRN,85,98,1,3,team_b,Tokyo Metropolitan Gymnasium,,True,fivb_vis,3882,,
fivb_vis:3883,2012-06-06,men,Olympic Games,OG_MEN,other,AUS,SRB,55,75,0,3,team_b,Tokyo Metropolitan Gymnasium,,True,fivb_vis,3883,,
fivb_vis:3884,2012-06-06,men,Olympic Games,OG_MEN,other,VEN,KOR,62,77,0,3,team_b,Tokyo Metropolitan Gymnasium,,True,fivb_vis,3884,,
fivb_vis:3885,2012-06-06,men,Olympic Games,OG_MEN,other,JPN,CHN,82,100,1,3,team_b,Tokyo Metropolitan Gymnasium,,True,fivb_vis,3885,,
fivb_vis:3886,2012-06-07,men,Olympic Games,OG_MEN,other,IRN,VEN,75,52,3,0,team_a,Tokyo Metropolitan Gymnasium,,True,fivb_vis,3886,,
fivb_vis:3887,2012-06-07,men,Olympic Games,OG_MEN,other,SRB,PRI,75,54,3,0,team_a,Tokyo Metropolitan Gymnasium,,True,fivb_vis,3887,,
fivb_vis:3888,2012-06-07,men,Olympic Games,OG_MEN,other,KOR,CHN,101,104,3,2,team_a,Tokyo Metropolitan Gymnasium,,True,fivb_vis,3888,,
fivb_vis:3889,2012-06-07,men,Olympic Games,OG_MEN,other,JPN,AUS,75,57,3,0,team_a,Tokyo Metropolitan Gymnasium,,True,fivb_vis,3889,,
fivb_vis:3890,2012-06-09,men,Olympic Games,OG_MEN,other,IRN,SRB,78,85,0,3,team_b,Tokyo Metropolitan Gymnasium,,True,fivb_vis,3890,,
fivb_vis:3891,2012-06-09,men,Olympic Games,OG_MEN,other,VEN,CHN,90,97,1,3,team_b,Tokyo Metropolitan Gymnasium,,True,fivb_vis,3891,,
fivb_vis:3892,2012-06-09,men,Olympic Games,OG_MEN,other,AUS,KOR,98,84,3,1,team_a,Tokyo Metropolitan Gymnasium,,True,fivb_vis,3892,,
fivb_vis:3893,2012-06-09,men,Olympic Games,OG_MEN,other,JPN,PRI,97,81,3,1,team_a,Tokyo Metropolitan Gymnasium,,True,fivb_vis,3893,,
fivb_vis:3894,2012-06-10,men,Olympic Games,OG_MEN,other,SRB,VEN,75,50,3,0,team_a,Tokyo Metropolitan Gymnasium,,True,fivb_vis,3894,,
fivb_vis:3895,2012-06-10,men,Olympic Games,OG_MEN,other,CHN,AUS,45,75,0,3,team_b,Tokyo Metropolitan Gymnasium,,True,fivb_vis,3895,,
fivb_vis:3896,2012-06-10,men,Olympic Games,OG_MEN,other,KOR,PRI,99,96,3,2,team_a,Tokyo Metropolitan Gymnasium,,True,fivb_vis,3896,,
fivb_vis:3897,2012-06-10,men,Olympic Games,OG_MEN,other,JPN,IRN,77,85,0,3,team_b,Tokyo Metropolitan Gymnasium,,True,fivb_vis,3897,,
fivb_vis:3898,2012-06-08,men,Olympic Games,OG_MEN,other,EGY,FRA,83,93,1,3,team_b,Arena Armeec,,True,fivb_vis,3898,,
fivb_vis:3899,2012-06-08,men,Olympic Games,OG_MEN,other,PAK,BGR,50,75,0,3,team_b,Arena Armeec,,True,fivb_vis,3899,,
fivb_vis:3900,2012-06-09,men,Olympic Games,OG_MEN,other,EGY,PAK,76,59,3,0,team_a,Arena Armeec,,True,fivb_vis,3900,,
fivb_vis:3901,2012-06-09,men,Olympic Games,OG_MEN,other,FRA,BGR,95,103,1,3,team_b,Arena Armeec,,True,fivb_vis,3901,,
fivb_vis:3902,2012-06-10,men,Olympic Games,OG_MEN,other,PAK,FRA,77,96,1,3,team_b,Arena Armeec,,True,fivb_vis,3902,,
fivb_vis:3903,2012-06-10,men,Olympic Games,OG_MEN,other,BGR,EGY,95,71,3,1,team_a,Arena Armeec,,True,fivb_vis,3903,,
fivb_vis:3904,2012-06-08,men,Olympic Games,OG_MEN,other,CZE,CUB,96,102,1,3,team_b,Max-Schmeling-Halle,,True,fivb_vis,3904,,
fivb_vis:3905,2012-06-08,men,Olympic Games,OG_MEN,other,IND,DEU,50,75,0,3,team_b,Max-Schmeling-Halle,,True,fivb_vis,3905,,
fivb_vis:3906,2012-06-09,men,Olympic Games,OG_MEN,other,IND,CZE,55,75,0,3,team_b,Max-Schmeling-Halle,,True,fivb_vis,3906,,
fivb_vis:3907,2012-06-09,men,Olympic Games,OG_MEN,other,DEU,CUB,108,106,3,2,team_a,Max-Schmeling-Halle,,True,fivb_vis,3907,,
fivb_vis:3908,2012-06-10,men,Olympic Games,OG_MEN,other,CUB,IND,75,54,3,0,team_a,Max-Schmeling-Halle,,True,fivb_vis,3908,,
fivb_vis:3909,2012-06-10,men,Olympic Games,OG_MEN,other,DEU,CZE,98,91,3,1,team_a,Max-Schmeling-Halle,,True,fivb_vis,3909,,
fivb_vis:3432,2011-09-02,men,NORCECA Championship,NORCECA_MEN,other,USA,PRI,76,54,3,0,team_a,Palacio de los Deportes,,True,fivb_vis,3432,,
fivb_vis:3433,2011-09-01,men,NORCECA Championship,NORCECA_MEN,other,CUB,MEX,75,47,3,0,team_a,Palacio de los Deportes,,True,fivb_vis,3433,,
fivb_vis:3434,2011-09-23,men,NORCECA Championship,NORCECA_MEN,other,PRI,TTO,75,51,3,0,team_a,Palacio de los Deportes,,True,fivb_vis,3434,,
fivb_vis:3435,2011-09-02,men,NORCECA Championship,NORCECA_MEN,other,LCA,TTO,58,75,0,3,team_b,Palacio de los Deportes,,True,fivb_vis,3435,,
fivb_vis:3436,2011-09-02,men,NORCECA Championship,NORCECA_MEN,other,CRI,MEX,88,110,2,3,team_b,Palacio de los Deportes,,True,fivb_vis,3436,,
fivb_vis:3437,2011-09-02,men,NORCECA Championship,NORCECA_MEN,other,CAN,CUB,94,112,2,3,team_b,Palacio de los Deportes,,True,fivb_vis,3437,,
fivb_vis:3438,2011-09-03,men,NORCECA Championship,NORCECA_MEN,other,LCA,CRI,51,75,0,3,team_b,Palacio De Los Deportes,,True,fivb_vis,3438,,
fivb_vis:3440,2011-09-03,men,NORCECA Championship,NORCECA_MEN,other,CAN,PRI,75,57,3,0,team_a,Palacio De Los Deportes,,True,fivb_vis,3440,,
fivb_vis:3442,2011-09-12,women,NORCECA Championship,NORCECA_WOMEN,other,DOM,PAN,75,37,3,0,team_a,Hector Sola Bezares,,True,fivb_vis,3442,,
fivb_vis:3446,2011-09-13,women,NORCECA Championship,NORCECA_WOMEN,other,PAN,CUB,35,75,0,3,team_b,Hector Sola Bezares,,True,fivb_vis,3446,,
fivb_vis:3448,2011-09-14,women,NORCECA Championship,NORCECA_WOMEN,other,TTO,USA,41,75,0,3,team_b,Hector Sola Bezares,,True,fivb_vis,3448,,
fivb_vis:3449,2011-09-14,women,NORCECA Championship,NORCECA_WOMEN,other,CUB,DOM,79,64,3,0,team_a,Hector Sola Bezares,,True,fivb_vis,3449,,
fivb_vis:3450,2011-09-14,women,NORCECA Championship,NORCECA_WOMEN,other,MEX,PRI,60,78,0,3,team_b,Hector Sola Bezares,,True,fivb_vis,3450,,
fivb_vis:3453,2011-09-15,women,NORCECA Championship,NORCECA_WOMEN,other,USA,MEX,75,38,3,0,team_a,Hector Sola Bezares,,True,fivb_vis,3453,,
fivb_vis:3454,2011-09-16,women,NORCECA Championship,NORCECA_WOMEN,other,CUB,USA,50,75,0,3,team_b,Hector Sola Bezares,,True,fivb_vis,3454,,
fivb_vis:3684,2012-04-29,women,Olympic Games,OG_WOMEN,other,DOM,HND,75,17,3,0,team_a,Centro de Alto Rendimiento,,True,fivb_vis,3684,,
fivb_vis:3685,2012-04-29,women,Olympic Games,OG_WOMEN,other,CUB,TTO,75,34,3,0,team_a,Centro de Alto Rendimiento,,True,fivb_vis,3685,,
fivb_vis:3686,2012-04-29,women,Olympic Games,OG_WOMEN,other,PRI,CAN,75,53,3,0,team_a,Centro de Alto Rendimiento,,True,fivb_vis,3686,,
fivb_vis:3687,2012-04-29,women,Olympic Games,OG_WOMEN,other,MEX,CRI,75,58,3,0,team_a,Centro de Alto Rendimiento,,True,fivb_vis,3687,,
fivb_vis:3688,2012-04-30,women,Olympic Games,OG_WOMEN,other,PRI,HND,75,14,3,0,team_a,Centro de Alto Rendimiento,,True,fivb_vis,3688,,
fivb_vis:3689,2012-04-30,women,Olympic Games,OG_WOMEN,other,CUB,CRI,75,43,3,0,team_a,Centro de Alto Rendimiento,,True,fivb_vis,3689,,
fivb_vis:3691,2012-04-30,women,Olympic Games,OG_WOMEN,other,MEX,TTO,75,56,3,0,team_a,Centro de Alto Rendimiento,,True,fivb_vis,3691,,
fivb_vis:3692,2012-05-01,women,Olympic Games,OG_WOMEN,other,CAN,HND,75,27,3,0,team_a,Centro de Alto Rendimiento,,True,fivb_vis,3692,,
fivb_vis:3693,2012-05-01,women,Olympic Games,OG_WOMEN,other,CRI,TTO,90,79,3,1,team_a,Centro de Alto Rendimiento,,True,fivb_vis,3693,,
fivb_vis:3694,2012-05-01,women,Olympic Games,OG_WOMEN,other,DOM,PRI,98,87,3,1,team_a,Centro de Alto Rendimiento,,True,fivb_vis,3694,,
fivb_vis:3695,2012-05-01,women,Olympic Games,OG_WOMEN,other,MEX,CUB,40,75,0,3,team_b,Centro de Alto Rendimiento,,True,fivb_vis,3695,,
fivb_vis:3696,2012-05-02,women,Olympic Games,OG_WOMEN,other,PRI,CRI,75,33,3,0,team_a,Centro de Alto Rendimiento,,True,fivb_vis,3696,,
fivb_vis:3697,2012-05-02,women,Olympic Games,OG_WOMEN,other,MEX,CAN,53,75,0,3,team_b,Centro de Alto Rendimiento,,True,fivb_vis,3697,,
fivb_vis:3698,2012-05-04,women,Olympic Games,OG_WOMEN,other,HND,CRI,31,75,0,3,team_b,Centro de Alto Rendimiento,,True,fivb_vis,3698,,
fivb_vis:3699,2012-05-04,women,Olympic Games,OG_WOMEN,other,CUB,PRI,98,83,3,1,team_a,Centro de Alto Rendimiento,,True,fivb_vis,3699,,
fivb_vis:3700,2012-05-04,women,Olympic Games,OG_WOMEN,other,DOM,CAN,75,48,3,0,team_a,Centro de Alto Rendimiento,,True,fivb_vis,3700,,
fivb_vis:3701,2012-05-04,women,Olympic Games,OG_WOMEN,other,TTO,MEX,53,76,0,3,team_b,Centro de Alto Rendimiento,,True,fivb_vis,3701,,
fivb_vis:3702,2012-05-05,women,Olympic Games,OG_WOMEN,other,HND,TTO,48,75,0,3,team_b,Centro de Alto Rendimiento,,True,fivb_vis,3702,,
fivb_vis:3703,2012-05-05,women,Olympic Games,OG_WOMEN,other,CRI,MEX,58,75,0,3,team_b,Centro de Alto Rendimiento,,True,fivb_vis,3703,,
fivb_vis:3704,2012-05-05,women,Olympic Games,OG_WOMEN,other,PRI,CAN,108,95,3,2,team_a,Centro de Alto Rendimiento,,True,fivb_vis,3704,,
fivb_vis:3705,2012-05-05,women,Olympic Games,OG_WOMEN,other,CUB,DOM,90,102,1,3,team_b,Centro de Alto Rendimiento,,True,fivb_vis,3705,,
fivb_vis:4944,2013-09-23,men,NORCECA Championship,NORCECA_MEN,other,USA,LCA,75,33,3,0,team_a,Langley Events Centre,,True,fivb_vis,4944,,
fivb_vis:4945,2013-09-23,men,NORCECA Championship,NORCECA_MEN,other,CUB,BHS,75,35,3,0,team_a,Langley Events Centre,,True,fivb_vis,4945,,
fivb_vis:4946,2013-09-23,men,NORCECA Championship,NORCECA_MEN,other,CAN,GTM,75,30,3,0,team_a,Langley Events Centre,,True,fivb_vis,4946,,
fivb_vis:4947,2013-09-24,men,NORCECA Championship,NORCECA_MEN,other,MEX,GTM,75,55,3,0,team_a,Langley Events Centre,,True,fivb_vis,4947,,
fivb_vis:4948,2013-09-24,men,NORCECA Championship,NORCECA_MEN,other,CUB,PRI,97,86,3,1,team_a,Langley Events Centre,,True,fivb_vis,4948,,
fivb_vis:4949,2013-09-24,men,NORCECA Championship,NORCECA_MEN,other,USA,DOM,75,45,3,0,team_a,Langley Events Centre,,True,fivb_vis,4949,,
fivb_vis:4950,2013-09-25,men,NORCECA Championship,NORCECA_MEN,other,PRI,BHS,75,47,3,0,team_a,Langley Events Centre,,True,fivb_vis,4950,,
fivb_vis:4951,2013-09-25,men,NORCECA Championship,NORCECA_MEN,other,DOM,LCA,75,54,3,0,team_a,Langley Events Centre,,True,fivb_vis,4951,,
fivb_vis:4952,2013-09-25,men,NORCECA Championship,NORCECA_MEN,other,CAN,MEX,75,49,3,0,team_a,Langley Events Centre,,True,fivb_vis,4952,,
fivb_vis:4953,2013-09-26,men,NORCECA Championship,NORCECA_MEN,other,GTM,BHS,62,75,0,3,team_b,Langley Events Centre,,True,fivb_vis,4953,,
fivb_vis:4954,2013-09-26,men,NORCECA Championship,NORCECA_MEN,other,PRI,MEX,75,56,3,0,team_a,Langley Events Centre,,True,fivb_vis,4954,,
fivb_vis:4955,2013-09-26,men,NORCECA Championship,NORCECA_MEN,other,CUB,DOM,109,99,3,2,team_a,Langley Events Centre,,True,fivb_vis,4955,,
fivb_vis:4956,2013-09-27,men,NORCECA Championship,NORCECA_MEN,other,LCA,BHS,57,75,0,3,team_b,Langley Events Centre,,True,fivb_vis,4956,,
fivb_vis:4957,2013-09-27,men,NORCECA Championship,NORCECA_MEN,other,USA,PRI,99,75,3,1,team_a,Langley Events Centre,,True,fivb_vis,4957,,
fivb_vis:4958,2013-09-27,men,NORCECA Championship,NORCECA_MEN,other,CAN,CUB,75,52,3,0,team_a,Langley Events Centre,,True,fivb_vis,4958,,
fivb_vis:4959,2013-09-28,men,NORCECA Championship,NORCECA_MEN,other,MEX,DOM,76,69,3,0,team_a,Langley Events Centre,,True,fivb_vis,4959,,
fivb_vis:4960,2013-09-28,men,NORCECA Championship,NORCECA_MEN,other,PRI,CUB,113,119,2,3,team_b,Langley Events Centre,,True,fivb_vis,4960,,
fivb_vis:4961,2013-09-28,men,NORCECA Championship,NORCECA_MEN,other,USA,CAN,75,57,3,0,team_a,Langley Events Centre,,True,fivb_vis,4961,,
fivb_vis:4931,2013-09-16,women,NORCECA Championship,NORCECA_WOMEN,other,DOM,CRI,75,39,3,0,team_a,Ralston Arena,,True,fivb_vis,4931,,
fivb_vis:4932,2013-09-16,women,NORCECA Championship,NORCECA_WOMEN,other,PRI,LCA,75,36,3,0,team_a,Ralston Arena,,True,fivb_vis,4932,,
fivb_vis:4933,2013-09-16,women,NORCECA Championship,NORCECA_WOMEN,other,USA,MEX,75,32,3,0,team_a,Ralston Arena,,True,fivb_vis,4933,,
fivb_vis:4934,2013-09-17,women,NORCECA Championship,NORCECA_WOMEN,other,MEX,CUB,112,107,3,2,team_a,Ralston Arena,,True,fivb_vis,4934,,
fivb_vis:4935,2013-09-17,women,NORCECA Championship,NORCECA_WOMEN,other,CAN,LCA,75,37,3,0,team_a,Ralston Arena,,True,fivb_vis,4935,,
fivb_vis:4936,2013-09-18,women,NORCECA Championship,NORCECA_WOMEN,other,DOM,TTO,75,46,3,0,team_a,Ralston Arena,,True,fivb_vis,4936,,
fivb_vis:4937,2013-09-18,women,NORCECA Championship,NORCECA_WOMEN,other,CUB,USA,34,75,0,3,team_b,Ralston Arena,,True,fivb_vis,4937,,
fivb_vis:4938,2013-09-18,women,NORCECA Championship,NORCECA_WOMEN,other,PRI,CAN,100,107,3,2,team_a,Ralston Arena,,True,fivb_vis,4938,,
fivb_vis:4939,2013-09-19,women,NORCECA Championship,NORCECA_WOMEN,other,CUB,LCA,75,37,3,0,team_a,Ralston Arena,,True,fivb_vis,4939,,
fivb_vis:4940,2013-09-19,women,NORCECA Championship,NORCECA_WOMEN,other,CAN,TTO,77,58,3,0,team_a,Ralston Arena,,True,fivb_vis,4940,,
fivb_vis:4941,2013-09-20,women,NORCECA Championship,NORCECA_WOMEN,other,USA,CAN,75,51,3,0,team_a,Ralston Arena,,True,fivb_vis,4941,,
fivb_vis:4942,2013-09-21,women,NORCECA Championship,NORCECA_WOMEN,other,TTO,MEX,64,75,0,3,team_b,Ralston Arena,,True,fivb_vis,4942,,
fivb_vis:4943,2013-09-21,women,NORCECA Championship,NORCECA_WOMEN,other,DOM,USA,87,97,1,3,team_b,Ralston Arena,,True,fivb_vis,4943,,
fivb_vis:419,2009-05-26,men,World Championship,WCH_MEN,other,MAR,NGA,75,54,3,0,team_a,Mohamed Naceri,,True,fivb_vis,419,,
fivb_vis:420,2009-05-27,men,World Championship,WCH_MEN,other,DZA,MAR,92,82,3,1,team_a,Mohamed Naceri,,True,fivb_vis,420,,
fivb_vis:421,2009-05-28,men,World Championship,WCH_MEN,other,NGA,DZA,60,78,0,3,team_b,Mohamed Naceri,,True,fivb_vis,421,,
fivb_vis:428,2009-08-14,men,World Championship,WCH_MEN,other,DZA,KEN,75,53,3,0,team_a,Palai des Sports d'El Menzeh,,True,fivb_vis,428,,
fivb_vis:429,2009-08-14,men,World Championship,WCH_MEN,other,TUN,MOZ,75,38,3,0,team_a,Palai des Sports d'El Menzeh,,True,fivb_vis,429,,
fivb_vis:430,2009-08-15,men,World Championship,WCH_MEN,other,MOZ,DZA,45,75,0,3,team_b,Palai Sports Menzah,,True,fivb_vis,430,,
fivb_vis:431,2009-08-15,men,World Championship,WCH_MEN,other,KEN,TUN,0,0,2,3,team_b,Cite' Olympique d'El Menzeh,,True,fivb_vis,431,,
fivb_vis:432,2009-08-16,men,World Championship,WCH_MEN,other,MOZ,KEN,50,75,0,3,team_b,Palai Sport Menzah,,True,fivb_vis,432,,
fivb_vis:433,2009-08-16,men,World Championship,WCH_MEN,other,TUN,DZA,97,91,3,1,team_a,Palai Sport Menzah,,True,fivb_vis,433,,
fivb_vis:434,2009-08-21,men,World Championship,WCH_MEN,other,MUS,ZAF,90,106,2,3,team_b,Palais des Sports,,True,fivb_vis,434,,
fivb_vis:435,2009-08-21,men,World Championship,WCH_MEN,other,CMR,ZWE,75,42,3,0,team_a,Palais des Sports,,True,fivb_vis,435,,
fivb_vis:436,2009-08-22,men,World Championship,WCH_MEN,other,ZAF,ZWE,75,52,3,0,team_a,Palais des Sports,,True,fivb_vis,436,,
fivb_vis:437,2009-08-22,men,World Championship,WCH_MEN,other,MUS,CMR,63,75,0,3,team_b,Palais des Sports,,True,fivb_vis,437,,
fivb_vis:438,2009-08-23,men,World Championship,WCH_MEN,other,ZWE,MUS,94,102,1,3,team_b,Palais des Sports,,True,fivb_vis,438,,
fivb_vis:439,2009-08-23,men,World Championship,WCH_MEN,other,CMR,ZAF,75,64,3,0,team_a,Palais des Sports,,True,fivb_vis,439,,
fivb_vis:440,2009-04-22,men,World Championship,WCH_MEN,other,NZL,FJI,75,55,3,0,team_a,Te Rauparaha Arena,,True,fivb_vis,440,,
fivb_vis:441,2009-04-22,men,World Championship,WCH_MEN,other,TON,WSM,77,63,3,0,team_a,Te Rauparaha Arena,,True,fivb_vis,441,,
fivb_vis:442,2009-04-23,men,World Championship,WCH_MEN,other,WSM,FJI,77,68,3,0,team_a,Te Rauparaha Arena,,True,fivb_vis,442,,
fivb_vis:443,2009-04-23,men,World Championship,WCH_MEN,other,NZL,TON,106,99,3,1,team_a,Te Rauparaha Arena,,True,fivb_vis,443,,
fivb_vis:444,2009-04-24,men,World Championship,WCH_MEN,other,TON,FJI,75,59,3,0,team_a,Te Rauparaha Arena,,True,fivb_vis,444,,
fivb_vis:445,2009-04-24,men,World Championship,WCH_MEN,other,NZL,WSM,113,114,2,3,team_b,Te Rauparaha Arena,,True,fivb_vis,445,,
fivb_vis:446,2009-01-28,men,World Championship,WCH_MEN,other,MDV,BGD,56,75,0,3,team_b,Liaquat Gymnasium,,True,fivb_vis,446,,
fivb_vis:447,2009-01-28,men,World Championship,WCH_MEN,other,PAK,MAC,75,34,3,0,team_a,Liaquat Gymnasium,,True,fivb_vis,447,,
fivb_vis:448,2009-01-29,men,World Championship,WCH_MEN,other,MAC,MDV,83,95,1,3,team_b,Liaquat Gymnasium,,True,fivb_vis,448,,
fivb_vis:449,2009-01-29,men,World Championship,WCH_MEN,other,PAK,BGD,75,48,3,0,team_a,Liaquat Gymnasium,,True,fivb_vis,449,,
fivb_vis:450,2009-01-30,men,World Championship,WCH_MEN,other,MAC,BGD,70,98,1,3,team_b,Liaquat Gymnasium,,True,fivb_vis,450,,
fivb_vis:451,2009-01-30,men,World Championship,WCH_MEN,other,PAK,MDV,75,41,3,0,team_a,Liaquat Gymnasium,,True,fivb_vis,451,,
fivb_vis:452,2009-05-02,men,World Championship,WCH_MEN,other,OMN,ARE,114,105,3,2,team_a,Sultan Qaboos Sport Complex,,True,fivb_vis,452,,
fivb_vis:453,2009-05-03,men,World Championship,WCH_MEN,other,ARE,QAT,53,75,0,3,team_b,Sultan Qaboos Sport Complex,,True,fivb_vis,453,,
fivb_vis:454,2009-05-04,men,World Championship,WCH_MEN,other,QAT,OMN,100,92,3,1,team_a,Sultan Qaboos Sport Complex,,True,fivb_vis,454,,
fivb_vis:455,2009-05-25,men,World Championship,WCH_MEN,other,IND,PAK,109,102,3,2,team_a,Azadi Volleyball Hall,,True,fivb_vis,455,,
fivb_vis:456,2009-05-25,men,World Championship,WCH_MEN,other,IRN,OMN,78,60,3,0,team_a,Azadi Volleyball Hall,,True,fivb_vis,456,,
fivb_vis:457,2009-05-26,men,World Championship,WCH_MEN,other,IND,OMN,95,85,3,1,team_a,Azadi Volleyball Hall,,True,fivb_vis,457,,
fivb_vis:458,2009-05-26,men,World Championship,WCH_MEN,other,IRN,PAK,75,60,3,0,team_a,Azadi Volleyball Hall,,True,fivb_vis,458,,
fivb_vis:459,2009-05-27,men,World Championship,WCH_MEN,other,PAK,OMN,116,113,3,2,team_a,Azadi Volleyball Hall,,True,fivb_vis,459,,
fivb_vis:460,2009-05-27,men,World Championship,WCH_MEN,other,IRN,IND,96,84,3,1,team_a,Azadi Volleyball Hall,,True,fivb_vis,460,,
fivb_vis:461,2009-06-09,men,World Championship,WCH_MEN,other,QAT,IDN,97,99,1,3,team_b,Nakhonpathom Sport Center,,True,fivb_vis,461,,
fivb_vis:462,2009-06-09,men,World Championship,WCH_MEN,other,THA,BGD,75,50,3,0,team_a,Nakhonpathom Sport Center,,True,fivb_vis,462,,
fivb_vis:463,2009-06-10,men,World Championship,WCH_MEN,other,BGD,IDN,42,75,0,3,team_b,Nakhonpathom Sport Center,,True,fivb_vis,463,,
fivb_vis:464,2009-06-10,men,World Championship,WCH_MEN,other,THA,QAT,95,89,3,1,team_a,Nakhonpathom Sport Center,,True,fivb_vis,464,,
fivb_vis:465,2009-06-11,men,World Championship,WCH_MEN,other,QAT,BGD,75,61,3,0,team_a,Nakhonpathom Sport Center,,True,fivb_vis,465,,
fivb_vis:466,2009-06-11,men,World Championship,WCH_MEN,other,IDN,THA,109,114,2,3,team_b,Nakhonpathom Sport Center,,True,fivb_vis,466,,
fivb_vis:467,2009-05-22,men,World Championship,WCH_MEN,other,KAZ,ARE,75,57,3,0,team_a,Taipei Municipal Gymnasium,,True,fivb_vis,467,,
fivb_vis:468,2009-05-22,men,World Championship,WCH_MEN,other,TPE,TON,81,58,3,0,team_a,Taipei Municipal Gymnasium,,True,fivb_vis,468,,
fivb_vis:469,2009-05-23,men,World Championship,WCH_MEN,other,KAZ,TON,75,47,3,0,team_a,Taipei Municipal Gymnasium,,True,fivb_vis,469,,
fivb_vis:470,2009-05-23,men,World Championship,WCH_MEN,other,TPE,ARE,75,51,3,0,team_a,Taipei Municipal Gymnasium,,True,fivb_vis,470,,
fivb_vis:471,2009-05-24,men,World Championship,WCH_MEN,other,TON,ARE,87,97,1,3,team_b,Taipei Municipal Gymnasium,,True,fivb_vis,471,,
fivb_vis:472,2009-05-24,men,World Championship,WCH_MEN,other,TPE,KAZ,69,80,0,3,team_b,Taipei Municipal Gymnasium,,True,fivb_vis,472,,
fivb_vis:3011,2011-07-20,men,Olympic Games,OG_MEN,other,EGY,BRA,61,75,0,3,team_b,Earls Court Conference Centre,,True,fivb_vis,3011,,
fivb_vis:3012,2011-07-20,men,Olympic Games,OG_MEN,other,USA,SRB,82,92,1,3,team_b,Earls Court Conference Centre,,True,fivb_vis,3012,,
fivb_vis:3013,2011-07-20,men,Olympic Games,OG_MEN,other,MEX,GBR,83,96,1,3,team_b,Earls Court Conference Centre,,True,fivb_vis,3013,,
fivb_vis:3046,2011-07-22,men,Olympic Games,OG_MEN,other,EGY,SRB,84,70,3,0,team_a,Earls Court Conference Centre,,True,fivb_vis,3046,,
fivb_vis:3047,2011-07-22,men,Olympic Games,OG_MEN,other,GBR,BRA,53,75,0,3,team_b,Earls Court Conference Centre,,True,fivb_vis,3047,,
fivb_vis:3048,2011-07-22,men,Olympic Games,OG_MEN,other,USA,MEX,75,54,3,0,team_a,Earls Court Conference Centre,,True,fivb_vis,3048,,
fivb_vis:3049,2011-07-23,men,Olympic Games,OG_MEN,other,BRA,SRB,58,75,0,3,team_b,Earls Court Conference Centre,,True,fivb_vis,3049,,
fivb_vis:3050,2011-07-23,men,Olympic Games,OG_MEN,other,EGY,MEX,76,64,3,0,team_a,Earls Court Conference Centre,,True,fivb_vis,3050,,
fivb_vis:3051,2011-07-23,men,Olympic Games,OG_MEN,other,USA,GBR,77,58,3,0,team_a,Earls Court Conference Centre,,True,fivb_vis,3051,,
fivb_vis:3052,2011-07-24,men,Olympic Games,OG_MEN,other,MEX,SRB,46,75,0,3,team_b,Earls Court Conference Centre,,True,fivb_vis,3052,,
fivb_vis:3053,2011-07-24,men,Olympic Games,OG_MEN,other,EGY,GBR,88,96,1,3,team_b,Earls Court Conference Centre,,True,fivb_vis,3053,,
fivb_vis:473,2009-08-14,men,World Championship,WCH_MEN,other,AUS,IND,75,56,3,0,team_a,Sichuan Provincial Gymnasium,,True,fivb_vis,473,,
fivb_vis:474,2009-08-14,men,World Championship,WCH_MEN,other,CHN,THA,75,56,3,0,team_a,Sichuan Provincial Gymnasium,,True,fivb_vis,474,,
fivb_vis:475,2009-08-15,men,World Championship,WCH_MEN,other,THA,AUS,59,75,0,3,team_b,Sichuan Provincial Gymnasium,,True,fivb_vis,475,,
fivb_vis:476,2009-08-15,men,World Championship,WCH_MEN,other,CHN,IND,75,48,3,0,team_a,Sichuan Provincial Gymnasium,,True,fivb_vis,476,,
fivb_vis:477,2009-08-16,men,World Championship,WCH_MEN,other,IND,THA,75,61,3,0,team_a,Sichuan Provincial Gymnasium,,True,fivb_vis,477,,
fivb_vis:478,2009-08-16,men,World Championship,WCH_MEN,other,AUS,CHN,92,97,1,3,team_b,Sichuan Provincial Gymnasium,,True,fivb_vis,478,,
fivb_vis:3706,2012-05-07,men,Olympic Games,OG_MEN,other,CAN,DOM,75,49,3,0,team_a,WALTER PYRAMID,,True,fivb_vis,3706,,
fivb_vis:3707,2012-05-07,men,Olympic Games,OG_MEN,other,MEX,CRI,75,55,3,0,team_a,WALTER PYRAMID,,True,fivb_vis,3707,,
fivb_vis:3708,2012-05-07,men,Olympic Games,OG_MEN,other,CUB,PRI,75,56,3,0,team_a,WALTER PYRAMID,,True,fivb_vis,3708,,
fivb_vis:3710,2012-05-08,men,Olympic Games,OG_MEN,other,CUB,DOM,75,51,3,0,team_a,WALTER PYRAMID,,True,fivb_vis,3710,,
fivb_vis:3711,2012-05-08,men,Olympic Games,OG_MEN,other,MEX,TTO,94,86,3,1,team_a,WALTER PYRAMID,,True,fivb_vis,3711,,
fivb_vis:3712,2012-05-08,men,Olympic Games,OG_MEN,other,CAN,PRI,75,52,3,0,team_a,WALTER PYRAMID,,True,fivb_vis,3712,,
fivb_vis:3713,2012-05-08,men,Olympic Games,OG_MEN,other,USA,CRI,75,32,3,0,team_a,WALTER PYRAMID,,True,fivb_vis,3713,,
fivb_vis:3716,2012-05-09,men,Olympic Games,OG_MEN,other,CRI,TTO,60,75,0,3,team_b,WALTER PYRAMID,,True,fivb_vis,3716,,
fivb_vis:3717,2012-05-09,men,Olympic Games,OG_MEN,other,CUB,CAN,59,75,0,3,team_b,WALTER PYRAMID,,True,fivb_vis,3717,,
fivb_vis:3718,2012-05-09,men,Olympic Games,OG_MEN,other,USA,MEX,75,56,3,0,team_a,WALTER PYRAMID,,True,fivb_vis,3718,,
fivb_vis:3730,2012-05-10,men,Olympic Games,OG_MEN,other,MEX,PRI,88,95,1,3,team_b,WALTER PYRAMID,,True,fivb_vis,3730,,
fivb_vis:3827,2012-05-11,men,Olympic Games,OG_MEN,other,CRI,MEX,54,75,0,3,team_b,WALTER PYRAMID,,True,fivb_vis,3827,,
fivb_vis:3828,2012-05-11,men,Olympic Games,OG_MEN,other,DOM,TTO,99,90,3,1,team_a,WALTER PYRAMID,,True,fivb_vis,3828,,
fivb_vis:3829,2012-05-11,men,Olympic Games,OG_MEN,other,CAN,PRI,106,107,3,2,team_a,WALTER PYRAMID,,True,fivb_vis,3829,,
fivb_vis:3830,2012-05-11,men,Olympic Games,OG_MEN,other,USA,CUB,96,76,3,1,team_a,WALTER PYRAMID,,True,fivb_vis,3830,,
fivb_vis:3833,2012-05-12,men,Olympic Games,OG_MEN,other,CRI,TTO,88,90,1,3,team_b,WALTER PYRAMID,,True,fivb_vis,3833,,
fivb_vis:3834,2012-05-12,men,Olympic Games,OG_MEN,other,MEX,DOM,75,58,3,0,team_a,WALTER PYRAMID,,True,fivb_vis,3834,,
fivb_vis:3836,2012-05-12,men,Olympic Games,OG_MEN,other,CAN,USA,64,78,0,3,team_b,WALTER PYRAMID,,True,fivb_vis,3836,,
fivb_vis:479,2009-08-28,men,World Championship,WCH_MEN,other,IRN,KOR,102,101,3,2,team_a,Park Arena,,True,fivb_vis,479,,
fivb_vis:480,2009-08-28,men,World Championship,WCH_MEN,other,JPN,KAZ,92,82,3,1,team_a,Park Arena,,True,fivb_vis,480,,
fivb_vis:481,2009-08-29,men,World Championship,WCH_MEN,other,KOR,KAZ,106,90,3,2,team_a,Park Arena,,True,fivb_vis,481,,
fivb_vis:482,2009-08-29,men,World Championship,WCH_MEN,other,JPN,IRN,97,81,3,1,team_a,Park Arena,,True,fivb_vis,482,,
fivb_vis:483,2009-08-30,men,World Championship,WCH_MEN,other,KAZ,IRN,73,98,1,3,team_b,Park Arena,,True,fivb_vis,483,,
fivb_vis:484,2009-08-30,men,World Championship,WCH_MEN,other,JPN,KOR,75,61,3,0,team_a,Park Arena,,True,fivb_vis,484,,
fivb_vis:3725,2012-05-10,women,Olympic Games,OG_WOMEN,other,ARG,CHL,75,26,3,0,team_a,MILTON OLAIO FILHO,,True,fivb_vis,3725,,
fivb_vis:3726,2012-05-10,women,Olympic Games,OG_WOMEN,other,BRA,COL,75,48,3,0,team_a,MILTON OLAIO FILHO,,True,fivb_vis,3726,,
fivb_vis:3727,2012-05-11,women,Olympic Games,OG_WOMEN,other,CHL,VEN,48,75,0,3,team_b,MITON OLAIO FILHO,,True,fivb_vis,3727,,
fivb_vis:3728,2012-05-11,women,Olympic Games,OG_WOMEN,other,ARG,PER,53,75,0,3,team_b,MILTON OLAIO FILHO,,True,fivb_vis,3728,,
fivb_vis:3729,2012-05-11,women,Olympic Games,OG_WOMEN,other,COL,URY,75,54,3,0,team_a,MILTON OLAIO FILHO,,True,fivb_vis,3729,,
fivb_vis:3831,2012-05-12,women,Olympic Games,OG_WOMEN,other,PER,COL,104,95,3,2,team_a,MILTON OLAIO FILHO,,True,fivb_vis,3831,,
fivb_vis:3832,2012-05-12,women,Olympic Games,OG_WOMEN,other,BRA,VEN,75,52,3,0,team_a,MILTON OLAIO FILHO,,True,fivb_vis,3832,,
fivb_vis:3837,2012-05-13,women,Olympic Games,OG_WOMEN,other,COL,VEN,107,104,2,3,team_b,MILTON OLAIO FILHO,,True,fivb_vis,3837,,
fivb_vis:3838,2012-05-13,women,Olympic Games,OG_WOMEN,other,PER,BRA,37,75,0,3,team_b,MILTON OLAIO FILHO,,True,fivb_vis,3838,,
fivb_vis:485,2009-01-02,men,World Championship,WCH_MEN,other,GBR,ISR,75,96,1,3,team_b,English Institute of Sport,,True,fivb_vis,485,,
fivb_vis:486,2009-01-03,men,World Championship,WCH_MEN,other,ISR,BLR,103,107,2,3,team_b,English Institute of Sport,,True,fivb_vis,486,,
fivb_vis:487,2009-01-04,men,World Championship,WCH_MEN,other,BLR,GBR,88,87,3,1,team_a,English Institute of Sport,,True,fivb_vis,487,,
fivb_vis:3867,2012-05-18,women,World Championship,WCH_WOMEN,other,NIC,HND,75,45,3,0,team_a,Polideportivo España,,True,fivb_vis,3867,,
fivb_vis:3985,2012-06-09,women,World Championship,WCH_WOMEN,other,DMA,ATG,102,96,3,1,team_a,Multipurpose Complex,,True,fivb_vis,3985,,
fivb_vis:488,2009-01-02,men,World Championship,WCH_MEN,other,NOR,SWE,76,68,3,0,team_a,Olympic Sport Centre Sport Hall,,True,fivb_vis,488,,
fivb_vis:489,2009-01-03,men,World Championship,WCH_MEN,other,LVA,NOR,75,49,3,0,team_a,Olympic Sport Centre Sport Hall,,True,fivb_vis,489,,
fivb_vis:490,2009-01-04,men,World Championship,WCH_MEN,other,SWE,LVA,0,0,3,2,team_a,Olympic Sport Centre Sport Hall,,True,fivb_vis,490,,
fivb_vis:4152,2012-07-27,women,World Championship,WCH_WOMEN,other,BMU,AIA,54,75,0,3,team_b,Marriott Dome,,True,fivb_vis,4152,,
fivb_vis:4154,2012-07-27,women,World Championship,WCH_WOMEN,other,KNA,AIA,75,49,3,0,team_a,Marriott Dome,,True,fivb_vis,4154,,
fivb_vis:4155,2012-07-28,women,World Championship,WCH_WOMEN,other,KNA,BMU,75,53,3,0,team_a,Marriott Dome,,True,fivb_vis,4155,,
fivb_vis:4162,2012-07-28,women,World Championship,WCH_WOMEN,other,KNA,AIA,75,41,3,0,team_a,Marriott Dome,,True,fivb_vis,4162,,
fivb_vis:4234,2012-09-01,women,World Championship,WCH_WOMEN,other,TTO,BHS,96,75,3,1,team_a,Ismay van Wilgen Sporthal,,True,fivb_vis,4234,,
fivb_vis:4235,2012-09-01,women,World Championship,WCH_WOMEN,other,SUR,GLP,97,97,2,3,team_b,Ismay van Wilgen Sporthal,,True,fivb_vis,4235,,
fivb_vis:4236,2012-09-01,women,World Championship,WCH_WOMEN,other,TTO,GLP,75,44,3,0,team_a,Ismay van wilgen Sporthal,,True,fivb_vis,4236,,
fivb_vis:3682,2012-12-01,men,World Championship,WCH_MEN,other,JAM,MTQ,94,77,3,1,team_a,International School of Curacao,,True,fivb_vis,3682,,
fivb_vis:3683,2012-12-01,men,World Championship,WCH_MEN,other,CUW,BHS,88,103,1,3,team_b,International School of Curacao,,True,fivb_vis,3683,,
fivb_vis:4305,2012-12-02,men,World Championship,WCH_MEN,other,BHS,MTQ,77,57,3,0,team_a,International School of Curacao,,True,fivb_vis,4305,,
fivb_vis:4306,2012-12-02,men,World Championship,WCH_MEN,other,CUW,JAM,75,59,3,0,team_a,International School of Curacao,,True,fivb_vis,4306,,
fivb_vis:4307,2012-02-12,men,World Championship,WCH_MEN,other,MTQ,JAM,75,56,3,0,team_a,International School of Curacao,,True,fivb_vis,4307,,
fivb_vis:4308,2012-02-12,men,World Championship,WCH_MEN,other,BHS,CUW,97,87,3,1,team_a,International School of Curacao,,True,fivb_vis,4308,,
fivb_vis:4270,2012-10-06,men,World Championship,WCH_MEN,other,CYM,SUR,52,75,0,3,team_b,Clifton Hunter Sports,,True,fivb_vis,4270,,
fivb_vis:491,2009-01-03,men,World Championship,WCH_MEN,other,ROU,HUN,0,0,3,2,team_a,Budocenter Wien,,True,fivb_vis,491,,
fivb_vis:492,2009-01-03,men,World Championship,WCH_MEN,other,AUT,BIH,0,0,3,0,team_a,Budocenter Wien,,True,fivb_vis,492,,
fivb_vis:493,2009-01-04,men,World Championship,WCH_MEN,other,HUN,BIH,0,0,2,3,team_b,Budocenter Wien,,True,fivb_vis,493,,
fivb_vis:494,2009-01-04,men,World Championship,WCH_MEN,other,ROU,AUT,0,0,3,0,team_a,Budocenter Wien,,True,fivb_vis,494,,
fivb_vis:495,2009-01-05,men,World Championship,WCH_MEN,other,BIH,ROU,0,0,0,3,team_b,Budocenter Wien,,True,fivb_vis,495,,
fivb_vis:496,2009-01-05,men,World Championship,WCH_MEN,other,AUT,HUN,0,0,3,0,team_a,Budocenter Wien,,True,fivb_vis,496,,
fivb_vis:4302,2012-11-29,women,World Championship,WCH_WOMEN,other,BRB,ABW,75,32,3,0,team_a,University Technology,,True,fivb_vis,4302,,
fivb_vis:4303,2012-11-29,women,World Championship,WCH_WOMEN,other,JAM,CYM,75,36,3,0,team_a,University of  Technology (UTech),,True,fivb_vis,4303,,
fivb_vis:4304,2012-11-29,women,World Championship,WCH_WOMEN,other,BRB,CYM,75,25,3,0,team_a,University of Technology (UTech),,True,fivb_vis,4304,,
fivb_vis:497,2009-01-09,men,World Championship,WCH_MEN,other,MDA,MNE,45,75,0,3,team_b,Olympic and Leisure Complex,,True,fivb_vis,497,,
fivb_vis:498,2009-01-09,men,World Championship,WCH_MEN,other,AZE,ALB,61,83,0,3,team_b,Olympic and Leisure Complex,,True,fivb_vis,498,,
fivb_vis:499,2009-01-10,men,World Championship,WCH_MEN,other,ALB,MNE,0,0,0,3,team_b,Olympic and Leisure Complex,,True,fivb_vis,499,,
fivb_vis:500,2009-01-10,men,World Championship,WCH_MEN,other,MDA,AZE,107,96,3,2,team_a,Olympic and Leisure Complex,,True,fivb_vis,500,,
fivb_vis:501,2009-01-11,men,World Championship,WCH_MEN,other,ALB,MDA,91,91,3,1,team_a,Olympic and Leisure Complex,,True,fivb_vis,501,,
fivb_vis:502,2009-01-11,men,World Championship,WCH_MEN,other,MNE,AZE,75,47,3,0,team_a,Olympic and Leisure Complex,,True,fivb_vis,502,,
fivb_vis:503,2009-05-29,men,World Championship,WCH_MEN,other,HRV,DEU,48,75,0,3,team_b,Arena Poprad,,True,fivb_vis,503,,
fivb_vis:504,2009-05-29,men,World Championship,WCH_MEN,other,SVK,BLR,110,106,3,2,team_a,Arena Poprad,,True,fivb_vis,504,,
fivb_vis:505,2009-05-30,men,World Championship,WCH_MEN,other,BLR,DEU,64,77,0,3,team_b,Arena Poprad,,True,fivb_vis,505,,
fivb_vis:506,2009-05-30,men,World Championship,WCH_MEN,other,SVK,HRV,97,80,3,1,team_a,Arena Poprad,,True,fivb_vis,506,,
fivb_vis:507,2009-05-31,men,World Championship,WCH_MEN,other,HRV,BLR,95,93,1,3,team_b,Arena Poprad,,True,fivb_vis,507,,
fivb_vis:508,2009-05-31,men,World Championship,WCH_MEN,other,DEU,SVK,107,105,2,3,team_b,Arena Poprad,,True,fivb_vis,508,,
fivb_vis:509,2009-05-30,men,World Championship,WCH_MEN,other,NLD,LVA,93,83,3,1,team_a,Topsport Centrum,,True,fivb_vis,509,,
fivb_vis:510,2009-05-30,men,World Championship,WCH_MEN,other,TUR,EST,108,112,3,2,team_a,Rotterdam Topsport Centrum,,True,fivb_vis,510,,
fivb_vis:511,2009-05-31,men,World Championship,WCH_MEN,other,EST,NLD,62,76,0,3,team_b,Rotterdam Topsport Centrum,,True,fivb_vis,511,,
fivb_vis:512,2009-05-31,men,World Championship,WCH_MEN,other,LVA,TUR,89,92,3,1,team_a,Rotterdam Topsport Centrum,,True,fivb_vis,512,,
fivb_vis:513,2009-06-01,men,World Championship,WCH_MEN,other,EST,LVA,75,63,3,0,team_a,Rotterdam Topsport Centrum,,True,fivb_vis,513,,
fivb_vis:514,2009-06-01,men,World Championship,WCH_MEN,other,NLD,TUR,106,96,3,2,team_a,Rotterdam Topsport Centrum,,True,fivb_vis,514,,
fivb_vis:515,2009-05-27,men,World Championship,WCH_MEN,other,GRC,SVN,84,98,1,3,team_b,Pavilhao Desportivo Municipal,,True,fivb_vis,515,,
fivb_vis:516,2009-05-27,men,World Championship,WCH_MEN,other,PRT,DNK,75,44,3,0,team_a,Pavilhao Desportivo Municipal,,True,fivb_vis,516,,
fivb_vis:517,2009-05-28,men,World Championship,WCH_MEN,other,SVN,ROU,95,100,2,3,team_b,Pavilhao Desportivo Municipal,,True,fivb_vis,517,,
fivb_vis:518,2009-05-28,men,World Championship,WCH_MEN,other,PRT,GRC,93,88,3,1,team_a,Pavilhao Desportivo Municipal,,True,fivb_vis,518,,
fivb_vis:519,2009-05-29,men,World Championship,WCH_MEN,other,DNK,GRC,63,76,0,3,team_b,Pavilhao Desportivo Municipal,,True,fivb_vis,519,,
fivb_vis:520,2009-05-29,men,World Championship,WCH_MEN,other,PRT,ROU,66,75,0,3,team_b,Pavilhao Desportivo Municipal,,True,fivb_vis,520,,
fivb_vis:521,2009-05-30,men,World Championship,WCH_MEN,other,SVN,DNK,75,63,3,0,team_a,Pavilhao Desportivo Municipal,,True,fivb_vis,521,,
fivb_vis:522,2009-05-30,men,World Championship,WCH_MEN,other,GRC,ROU,115,112,3,2,team_a,Pavilhao Desportivo Municipal,,True,fivb_vis,522,,
fivb_vis:523,2009-05-31,men,World Championship,WCH_MEN,other,ROU,DNK,75,53,3,0,team_a,Pavilhao Desportivo Municipal,,True,fivb_vis,523,,
fivb_vis:524,2009-05-31,men,World Championship,WCH_MEN,other,SVN,PRT,83,95,1,3,team_b,Pavilhao Desportivo Municipal,,True,fivb_vis,524,,
fivb_vis:7125,2016-08-07,men,Olympic Games,OG_MEN,other,ITA,FRA,75,55,3,0,team_a,Maracanãzinho,,True,fivb_vis,7125,,
fivb_vis:7126,2016-08-07,men,Olympic Games,OG_MEN,other,BRA,MEX,98,76,3,1,team_a,Maracanãzinho,,True,fivb_vis,7126,,
fivb_vis:7127,2016-08-07,men,Olympic Games,OG_MEN,other,POL,EGY,75,55,3,0,team_a,Maracanãzinho,,True,fivb_vis,7127,,
fivb_vis:7128,2016-08-07,men,Olympic Games,OG_MEN,other,USA,CAN,63,75,0,3,team_b,Maracanãzinho,,True,fivb_vis,7128,,
fivb_vis:7129,2016-08-07,men,Olympic Games,OG_MEN,other,RUS,CUB,97,79,3,1,team_a,Maracanãzinho,,True,fivb_vis,7129,,
fivb_vis:7130,2016-08-07,men,Olympic Games,OG_MEN,other,ARG,IRN,76,65,3,0,team_a,Maracanãzinho,,True,fivb_vis,7130,,
fivb_vis:7131,2016-08-09,men,Olympic Games,OG_MEN,other,RUS,ARG,82,93,1,3,team_b,Maracanãzinho,,True,fivb_vis,7131,,
fivb_vis:7132,2016-08-09,men,Olympic Games,OG_MEN,other,FRA,MEX,75,52,3,0,team_a,Maracanãzinho,,True,fivb_vis,7132,,
fivb_vis:7133,2016-08-09,men,Olympic Games,OG_MEN,other,ITA,USA,98,97,3,1,team_a,Maracanãzinho,,True,fivb_vis,7133,,
fivb_vis:7134,2016-08-09,men,Olympic Games,OG_MEN,other,POL,IRN,111,106,3,2,team_a,Maracanãzinho,,True,fivb_vis,7134,,
fivb_vis:7135,2016-08-09,men,Olympic Games,OG_MEN,other,CUB,EGY,59,75,0,3,team_b,Maracanãzinho,,True,fivb_vis,7135,,
fivb_vis:7136,2016-08-09,men,Olympic Games,OG_MEN,other,BRA,CAN,99,83,3,1,team_a,Maracanãzinho,,True,fivb_vis,7136,,
fivb_vis:7137,2016-08-11,men,Olympic Games,OG_MEN,other,IRN,CUB,81,66,3,0,team_a,Maracanãzinho,,True,fivb_vis,7137,,
fivb_vis:7138,2016-08-11,men,Olympic Games,OG_MEN,other,RUS,EGY,75,37,3,0,team_a,Maracanãzinho,,True,fivb_vis,7138,,
fivb_vis:7139,2016-08-11,men,Olympic Games,OG_MEN,other,POL,ARG,87,75,3,0,team_a,Maracanãzinho,,True,fivb_vis,7139,,
fivb_vis:7140,2016-08-11,men,Olympic Games,OG_MEN,other,CAN,FRA,54,75,0,3,team_b,Maracanãzinho,,True,fivb_vis,7140,,
fivb_vis:7141,2016-08-11,men,Olympic Games,OG_MEN,other,ITA,MEX,75,47,3,0,team_a,Maracanãzinho,,True,fivb_vis,7141,,
fivb_vis:7142,2016-08-11,men,Olympic Games,OG_MEN,other,BRA,USA,88,95,1,3,team_b,Maracanãzinho,,True,fivb_vis,7142,,
fivb_vis:7143,2016-08-13,men,Olympic Games,OG_MEN,other,IRN,EGY,78,64,3,0,team_a,Maracanãzinho,,True,fivb_vis,7143,,
fivb_vis:7144,2016-08-13,men,Olympic Games,OG_MEN,other,ARG,CUB,75,46,3,0,team_a,Maracanãzinho,,True,fivb_vis,7144,,
fivb_vis:7145,2016-08-13,men,Olympic Games,OG_MEN,other,POL,RUS,99,103,2,3,team_b,Maracanãzinho,,True,fivb_vis,7145,,
fivb_vis:7146,2016-08-13,men,Olympic Games,OG_MEN,other,USA,FRA,89,91,3,1,team_a,Maracanãzinho,,True,fivb_vis,7146,,
fivb_vis:7147,2016-08-13,men,Olympic Games,OG_MEN,other,CAN,MEX,75,55,3,0,team_a,Maracanãzinho,,True,fivb_vis,7147,,
fivb_vis:7148,2016-08-13,men,Olympic Games,OG_MEN,other,BRA,ITA,85,98,1,3,team_b,Maracanãzinho,,True,fivb_vis,7148,,
fivb_vis:7149,2016-08-15,men,Olympic Games,OG_MEN,other,ARG,EGY,75,55,3,0,team_a,Maracanãzinho,,True,fivb_vis,7149,,
fivb_vis:7150,2016-08-15,men,Olympic Games,OG_MEN,other,USA,MEX,75,53,3,0,team_a,Maracanãzinho,,True,fivb_vis,7150,,
fivb_vis:7151,2016-08-15,men,Olympic Games,OG_MEN,other,RUS,IRN,75,59,3,0,team_a,Maracanãzinho,,True,fivb_vis,7151,,
fivb_vis:7152,2016-08-15,men,Olympic Games,OG_MEN,other,POL,CUB,75,50,3,0,team_a,Maracanãzinho,,True,fivb_vis,7152,,
fivb_vis:7153,2016-08-15,men,Olympic Games,OG_MEN,other,ITA,CAN,86,91,1,3,team_b,Maracanãzinho,,True,fivb_vis,7153,,
fivb_vis:7154,2016-08-15,men,Olympic Games,OG_MEN,other,BRA,FRA,97,90,3,1,team_a,Maracanãzinho,,True,fivb_vis,7154,,
fivb_vis:7155,2016-08-17,men,Olympic Games,OG_MEN,other,ITA,IRN,81,65,3,0,team_a,Maracanãzinho,,True,fivb_vis,7155,,
fivb_vis:7156,2016-08-17,men,Olympic Games,OG_MEN,other,USA,POL,75,65,3,0,team_a,Maracanãzinho,,True,fivb_vis,7156,,
fivb_vis:7157,2016-08-17,men,Olympic Games,OG_MEN,other,CAN,RUS,53,75,0,3,team_b,Maracanãzinho,,True,fivb_vis,7157,,
fivb_vis:7158,2016-08-17,men,Olympic Games,OG_MEN,other,BRA,ARG,92,89,3,1,team_a,Maracanãzinho,,True,fivb_vis,7158,,
fivb_vis:7159,2016-08-19,men,Olympic Games,OG_MEN,other,ITA,USA,105,112,3,2,team_a,Maracanãzinho,,True,fivb_vis,7159,,
fivb_vis:7160,2016-08-19,men,Olympic Games,OG_MEN,other,RUS,BRA,58,75,0,3,team_b,Maracanãzinho,,True,fivb_vis,7160,,
fivb_vis:7161,2016-08-21,men,Olympic Games,OG_MEN,other,USA,RUS,109,101,3,2,team_a,Maracanãzinho,,True,fivb_vis,7161,,
fivb_vis:7162,2016-08-21,men,Olympic Games,OG_MEN,other,ITA,BRA,72,79,0,3,team_b,Maracanãzinho,,True,fivb_vis,7162,,
fivb_vis:7163,2016-08-06,women,Olympic Games,OG_WOMEN,other,JPN,KOR,78,94,1,3,team_b,Maracanãzinho,,True,fivb_vis,7163,,
fivb_vis:7164,2016-08-06,women,Olympic Games,OG_WOMEN,other,CHN,NLD,108,104,2,3,team_b,Maracanãzinho,,True,fivb_vis,7164,,
fivb_vis:7165,2016-08-06,women,Olympic Games,OG_WOMEN,other,BRA,CMR,75,48,3,0,team_a,Maracanãzinho,,True,fivb_vis,7165,,
fivb_vis:7166,2016-08-06,women,Olympic Games,OG_WOMEN,other,USA,PRI,75,56,3,0,team_a,Maracanãzinho,,True,fivb_vis,7166,,
fivb_vis:7167,2016-08-06,women,Olympic Games,OG_WOMEN,other,RUS,ARG,75,39,3,0,team_a,Maracanãzinho,,True,fivb_vis,7167,,
fivb_vis:7168,2016-08-06,women,Olympic Games,OG_WOMEN,other,SRB,ITA,77,68,3,0,team_a,Maracanãzinho,,True,fivb_vis,7168,,
fivb_vis:7169,2016-08-08,women,Olympic Games,OG_WOMEN,other,CHN,ITA,75,58,3,0,team_a,Maracanãzinho,,True,fivb_vis,7169,,
fivb_vis:7170,2016-08-08,women,Olympic Games,OG_WOMEN,other,JPN,CMR,75,52,3,0,team_a,Maracanãzinho,,True,fivb_vis,7170,,
fivb_vis:7171,2016-08-08,women,Olympic Games,OG_WOMEN,other,USA,NLD,104,96,3,2,team_a,Maracanãzinho,,True,fivb_vis,7171,,
fivb_vis:7172,2016-08-08,women,Olympic Games,OG_WOMEN,other,SRB,PRI,79,65,3,0,team_a,Maracanãzinho,,True,fivb_vis,7172,,
fivb_vis:7173,2016-08-08,women,Olympic Games,OG_WOMEN,other,RUS,KOR,98,85,3,1,team_a,Maracanãzinho,,True,fivb_vis,7173,,
fivb_vis:7174,2016-08-08,women,Olympic Games,OG_WOMEN,other,BRA,ARG,75,46,3,0,team_a,Maracanãzinho,,True,fivb_vis,7174,,
fivb_vis:7175,2016-08-10,women,Olympic Games,OG_WOMEN,other,CHN,PRI,75,55,3,0,team_a,Maracanãzinho,,True,fivb_vis,7175,,
fivb_vis:7176,2016-08-10,women,Olympic Games,OG_WOMEN,other,ITA,NLD,61,75,0,3,team_b,Maracanãzinho,,True,fivb_vis,7176,,
fivb_vis:7177,2016-08-10,women,Olympic Games,OG_WOMEN,other,USA,SRB,96,79,3,1,team_a,Maracanãzinho,,True,fivb_vis,7177,,
fivb_vis:7178,2016-08-10,women,Olympic Games,OG_WOMEN,other,RUS,CMR,75,64,3,0,team_a,Maracanãzinho,,True,fivb_vis,7178,,
fivb_vis:7179,2016-08-10,women,Olympic Games,OG_WOMEN,other,KOR,ARG,75,61,3,0,team_a,Maracanãzinho,,True,fivb_vis,7179,,
fivb_vis:7180,2016-08-10,women,Olympic Games,OG_WOMEN,other,BRA,JPN,75,58,3,0,team_a,Maracanãzinho,,True,fivb_vis,7180,,
fivb_vis:7181,2016-08-12,women,Olympic Games,OG_WOMEN,other,CHN,SRB,60,75,0,3,team_b,Maracanãzinho,,True,fivb_vis,7181,,
fivb_vis:7182,2016-08-12,women,Olympic Games,OG_WOMEN,other,ARG,CMR,110,106,3,2,team_a,Maracanãzinho,,True,fivb_vis,7182,,
fivb_vis:7183,2016-08-12,women,Olympic Games,OG_WOMEN,other,USA,ITA,98,89,3,1,team_a,Maracanãzinho,,True,fivb_vis,7183,,
fivb_vis:7184,2016-08-12,women,Olympic Games,OG_WOMEN,other,NLD,PRI,75,52,3,0,team_a,Maracanãzinho,,True,fivb_vis,7184,,
fivb_vis:7185,2016-08-12,women,Olympic Games,OG_WOMEN,other,RUS,JPN,80,60,3,0,team_a,Maracanãzinho,,True,fivb_vis,7185,,
fivb_vis:7186,2016-08-12,women,Olympic Games,OG_WOMEN,other,BRA,KOR,77,55,3,0,team_a,Maracanãzinho,,True,fivb_vis,7186,,
fivb_vis:7187,2016-08-14,women,Olympic Games,OG_WOMEN,other,SRB,NLD,100,105,2,3,team_b,Maracanãzinho,,True,fivb_vis,7187,,
fivb_vis:7188,2016-08-14,women,Olympic Games,OG_WOMEN,other,KOR,CMR,75,58,3,0,team_a,Maracanãzinho,,True,fivb_vis,7188,,
fivb_vis:7189,2016-08-14,women,Olympic Games,OG_WOMEN,other,ITA,PRI,75,49,3,0,team_a,Maracanãzinho,,True,fivb_vis,7189,,
fivb_vis:7190,2016-08-14,women,Olympic Games,OG_WOMEN,other,USA,CHN,97,80,3,1,team_a,Maracanãzinho,,True,fivb_vis,7190,,
fivb_vis:7191,2016-08-14,women,Olympic Games,OG_WOMEN,other,JPN,ARG,76,63,3,0,team_a,Maracanãzinho,,True,fivb_vis,7191,,
fivb_vis:7192,2016-08-14,women,Olympic Games,OG_WOMEN,other,BRA,RUS,75,65,3,0,team_a,Maracanãzinho,,True,fivb_vis,7192,,
fivb_vis:7193,2016-08-16,women,Olympic Games,OG_WOMEN,other,BRA,CHN,108,102,2,3,team_b,Maracanãzinho,,True,fivb_vis,7193,,
fivb_vis:7194,2016-08-16,women,Olympic Games,OG_WOMEN,other,KOR,NLD,78,98,1,3,team_b,Maracanãzinho,,True,fivb_vis,7194,,
fivb_vis:7195,2016-08-16,women,Olympic Games,OG_WOMEN,other,RUS,SRB,52,75,0,3,team_b,Maracanãzinho,,True,fivb_vis,7195,,
fivb_vis:7196,2016-08-16,women,Olympic Games,OG_WOMEN,other,JPN,USA,61,75,0,3,team_b,Maracanãzinho,,True,fivb_vis,7196,,
fivb_vis:7197,2016-08-18,women,Olympic Games,OG_WOMEN,other,CHN,NLD,104,100,3,1,team_a,Maracanãzinho,,True,fivb_vis,7197,,
fivb_vis:7198,2016-08-18,women,Olympic Games,OG_WOMEN,other,SRB,USA,101,101,3,2,team_a,Maracanãzinho,,True,fivb_vis,7198,,
fivb_vis:7199,2016-08-20,women,Olympic Games,OG_WOMEN,other,NLD,USA,91,100,1,3,team_b,Maracanãzinho,,True,fivb_vis,7199,,
fivb_vis:7200,2016-08-20,women,Olympic Games,OG_WOMEN,other,CHN,SRB,94,87,3,1,team_a,Maracanãzinho,,True,fivb_vis,7200,,
fivb_vis:525,2009-05-27,men,World Championship,WCH_MEN,other,UKR,BEL,62,75,0,3,team_b,Tipsport Arena,,True,fivb_vis,525,,
fivb_vis:526,2009-05-27,men,World Championship,WCH_MEN,other,MNE,CZE,86,99,1,3,team_b,Tipsport Arena,,True,fivb_vis,526,,
fivb_vis:527,2009-05-28,men,World Championship,WCH_MEN,other,FIN,MNE,77,61,3,0,team_a,Tipsport Arena,,True,fivb_vis,527,,
fivb_vis:528,2009-05-28,men,World Championship,WCH_MEN,other,CZE,UKR,99,109,2,3,team_b,Tipsport Arena,,True,fivb_vis,528,,
fivb_vis:529,2009-05-29,men,World Championship,WCH_MEN,other,UKR,FIN,65,75,0,3,team_b,Tipsport Arena,,True,fivb_vis,529,,
fivb_vis:530,2009-05-29,men,World Championship,WCH_MEN,other,BEL,CZE,123,122,2,3,team_b,Tipsport Arena,,True,fivb_vis,530,,
fivb_vis:531,2009-05-30,men,World Championship,WCH_MEN,other,FIN,BEL,77,59,3,0,team_a,Tipsport Arena,,True,fivb_vis,531,,
fivb_vis:532,2009-05-30,men,World Championship,WCH_MEN,other,MNE,UKR,91,90,3,1,team_a,Tipsport Arena,,True,fivb_vis,532,,
fivb_vis:533,2009-05-31,men,World Championship,WCH_MEN,other,BEL,MNE,83,76,3,0,team_a,Tipsport Arena,,True,fivb_vis,533,,
fivb_vis:534,2009-05-31,men,World Championship,WCH_MEN,other,CZE,FIN,107,96,3,1,team_a,Tipsport Arena,,True,fivb_vis,534,,
fivb_vis:535,2009-08-07,men,World Championship,WCH_MEN,other,BEL,FIN,106,115,2,3,team_b,Tampere Ice Hall,,True,fivb_vis,535,,
fivb_vis:536,2009-08-07,men,World Championship,WCH_MEN,other,DEU,RUS,82,94,1,3,team_b,Tampere Ice Hall,,True,fivb_vis,536,,
fivb_vis:537,2009-08-08,men,World Championship,WCH_MEN,other,FIN,DEU,94,100,1,3,team_b,Tampere Ice Hall,,True,fivb_vis,537,,
fivb_vis:538,2009-08-08,men,World Championship,WCH_MEN,other,RUS,BEL,75,56,3,0,team_a,Tampere Ice Hall,,True,fivb_vis,538,,
fivb_vis:539,2009-08-09,men,World Championship,WCH_MEN,other,BEL,DEU,57,75,0,3,team_b,Tampere Ice Hall,,True,fivb_vis,539,,
fivb_vis:540,2009-08-09,men,World Championship,WCH_MEN,other,FIN,RUS,62,75,0,3,team_b,Tampere Ice Hall,,True,fivb_vis,540,,
fivb_vis:541,2009-08-14,men,World Championship,WCH_MEN,other,BGR,PRT,76,62,3,0,team_a,Palace of Culture and Sports,,True,fivb_vis,541,,
fivb_vis:542,2009-08-14,men,World Championship,WCH_MEN,other,CZE,NLD,98,82,3,1,team_a,Palace of Culture and Sports,,True,fivb_vis,542,,
fivb_vis:543,2009-08-15,men,World Championship,WCH_MEN,other,BGR,CZE,75,51,3,0,team_a,Palace of Culture and Sports,,True,fivb_vis,543,,
fivb_vis:544,2009-08-15,men,World Championship,WCH_MEN,other,PRT,NLD,68,76,0,3,team_b,Palace of Culture and Sports,,True,fivb_vis,544,,
fivb_vis:545,2009-08-16,men,World Championship,WCH_MEN,other,CZE,PRT,100,86,3,2,team_a,Palace of Culture and Sports,,True,fivb_vis,545,,
fivb_vis:546,2009-08-16,men,World Championship,WCH_MEN,other,NLD,BGR,82,98,1,3,team_b,Palace of Culture and Sports,,True,fivb_vis,546,,
fivb_vis:547,2009-08-14,men,World Championship,WCH_MEN,other,SVK,FRA,83,97,1,3,team_b,"""Gdynia"" Hall",,True,fivb_vis,547,,
fivb_vis:548,2009-08-14,men,World Championship,WCH_MEN,other,POL,SVN,75,54,3,0,team_a,"""Gdynia"" Hall",,True,fivb_vis,548,,
fivb_vis:549,2009-08-15,men,World Championship,WCH_MEN,other,FRA,SVN,97,83,3,1,team_a,"""Gdynia"" Hall",,True,fivb_vis,549,,
fivb_vis:550,2009-08-15,men,World Championship,WCH_MEN,other,POL,SVK,101,81,3,1,team_a,"""Gdynia"" Hall",,True,fivb_vis,550,,
fivb_vis:551,2009-08-16,men,World Championship,WCH_MEN,other,SVN,SVK,106,109,2,3,team_b,"""Gdynia"" Hall",,True,fivb_vis,551,,
fivb_vis:552,2009-08-16,men,World Championship,WCH_MEN,other,POL,FRA,75,57,3,0,team_a,"""Gdynia"" Hall",,True,fivb_vis,552,,
fivb_vis:553,2009-08-14,men,World Championship,WCH_MEN,other,EST,ESP,77,97,1,3,team_b,"Hala Sportova ""Jezero""",,True,fivb_vis,553,,
fivb_vis:554,2009-08-14,men,World Championship,WCH_MEN,other,SRB,ROU,97,75,3,1,team_a,"Hala Sportova ""Jezero""",,True,fivb_vis,554,,
fivb_vis:555,2009-08-15,men,World Championship,WCH_MEN,other,ESP,ROU,111,105,3,2,team_a,"Hala Sportova ""Jezero""",,True,fivb_vis,555,,
fivb_vis:556,2009-08-15,men,World Championship,WCH_MEN,other,EST,SRB,60,75,0,3,team_b,"Hala Sportova ""Jezero""",,True,fivb_vis,556,,
fivb_vis:557,2009-08-16,men,World Championship,WCH_MEN,other,ROU,EST,107,90,3,1,team_a,"Hala Sportova ""Jezero""",,True,fivb_vis,557,,
fivb_vis:558,2009-08-16,men,World Championship,WCH_MEN,other,SRB,ESP,97,82,3,1,team_a,"Hala Sportova ""Jezero""",,True,fivb_vis,558,,
fivb_vis:559,2009-04-15,men,World Championship,WCH_MEN,other,VCT,DMA,64,75,0,3,team_b,Beausejour Indoor Practice,,True,fivb_vis,559,,
fivb_vis:560,2009-04-15,men,World Championship,WCH_MEN,other,LCA,GRD,75,48,3,0,team_a,Beausejour Indoor Practice,,True,fivb_vis,560,,
fivb_vis:561,2009-04-16,men,World Championship,WCH_MEN,other,GRD,VCT,53,75,0,3,team_b,Beausejour Indoor Practice,,True,fivb_vis,561,,
fivb_vis:562,2009-04-16,men,World Championship,WCH_MEN,other,DMA,BMU,75,51,3,0,team_a,Beausejour Indoor Practice,,True,fivb_vis,562,,
fivb_vis:563,2009-04-17,men,World Championship,WCH_MEN,other,GRD,DMA,52,75,0,3,team_b,Beausejour Indoor Practice,,True,fivb_vis,563,,
fivb_vis:564,2009-04-17,men,World Championship,WCH_MEN,other,LCA,BMU,75,53,3,0,team_a,Beausejour Indoor Practice,,True,fivb_vis,564,,
fivb_vis:565,2009-04-18,men,World Championship,WCH_MEN,other,BMU,GRD,75,59,3,0,team_a,Beausejour Indoor Practice,,True,fivb_vis,565,,
fivb_vis:566,2009-04-18,men,World Championship,WCH_MEN,other,VCT,LCA,48,75,0,3,team_b,Beausejour Indoor Practice,,True,fivb_vis,566,,
fivb_vis:567,2009-04-19,men,World Championship,WCH_MEN,other,BMU,VCT,62,96,1,3,team_b,Beausejour Indoor Practice,,True,fivb_vis,567,,
fivb_vis:568,2009-04-19,men,World Championship,WCH_MEN,other,LCA,DMA,81,70,3,0,team_a,Beausejour Indoor Practice,,True,fivb_vis,568,,
fivb_vis:569,2009-04-01,men,World Championship,WCH_MEN,other,AIA,VGB,109,103,3,2,team_a,YMCA Sports Complex,,True,fivb_vis,569,,
fivb_vis:570,2009-04-01,men,World Championship,WCH_MEN,other,ATG,MSR,75,39,3,0,team_a,YMCA Sports Complex,,True,fivb_vis,570,,
fivb_vis:571,2009-04-02,men,World Championship,WCH_MEN,other,KNA,AIA,114,94,3,2,team_a,YMCA Sports Complex,,True,fivb_vis,571,,
fivb_vis:572,2009-04-02,men,World Championship,WCH_MEN,other,ATG,VGB,96,81,3,1,team_a,YMCA Sports Complex,,True,fivb_vis,572,,
fivb_vis:573,2009-04-03,men,World Championship,WCH_MEN,other,KNA,MSR,75,38,3,0,team_a,YMCA Sports Complex,,True,fivb_vis,573,,
fivb_vis:574,2009-04-03,men,World Championship,WCH_MEN,other,ATG,AIA,106,99,3,2,team_a,YMCA Sports Complex,,True,fivb_vis,574,,
fivb_vis:575,2009-04-04,men,World Championship,WCH_MEN,other,AIA,MSR,75,35,3,0,team_a,YMCA Sports Complex,,True,fivb_vis,575,,
fivb_vis:576,2009-04-04,men,World Championship,WCH_MEN,other,KNA,VGB,75,41,3,0,team_a,YMCA Sports Complex,,True,fivb_vis,576,,
fivb_vis:577,2009-04-05,men,World Championship,WCH_MEN,other,VGB,MSR,75,38,3,0,team_a,YMCA Sports Complex,,True,fivb_vis,577,,
fivb_vis:578,2009-04-05,men,World Championship,WCH_MEN,other,ATG,KNA,75,68,3,0,team_a,YMCA Sports Complex,,True,fivb_vis,578,,
fivb_vis:4335,2013-05-11,women,World Championship,WCH_WOMEN,other,ATG,BLZ,66,93,1,3,team_b,Int'l School of Curacao,,True,fivb_vis,4335,,
fivb_vis:4336,2013-05-11,women,World Championship,WCH_WOMEN,other,CUW,LCA,75,53,3,0,team_a,Int'l School of Curacao,,True,fivb_vis,4336,,
fivb_vis:4337,2013-05-11,women,World Championship,WCH_WOMEN,other,LCA,BLZ,100,85,3,1,team_a,Int'l School of Curacao,,True,fivb_vis,4337,,
fivb_vis:4338,2013-05-11,women,World Championship,WCH_WOMEN,other,CUW,ATG,75,26,3,0,team_a,Int'l School of Curacao,,True,fivb_vis,4338,,
fivb_vis:4339,2013-05-12,women,World Championship,WCH_WOMEN,other,LCA,ATG,75,47,3,0,team_a,Int'l School of Curacao,,True,fivb_vis,4339,,
fivb_vis:4340,2013-05-12,women,World Championship,WCH_WOMEN,other,CUW,BLZ,75,41,3,0,team_a,Int'l School of Curacao,,True,fivb_vis,4340,,
fivb_vis:4341,2013-05-12,women,World Championship,WCH_WOMEN,other,BLZ,ATG,75,54,3,0,team_a,Int'l School of Curacao,,True,fivb_vis,4341,,
fivb_vis:4342,2013-05-12,women,World Championship,WCH_WOMEN,other,CUW,LCA,75,36,3,0,team_a,Int'l School of Curacao,,True,fivb_vis,4342,,
fivb_vis:4327,2013-04-27,men,World Championship,WCH_MEN,other,LCA,HTI,101,82,3,1,team_a,BIPF,,True,fivb_vis,4327,,
fivb_vis:4328,2013-04-27,men,World Championship,WCH_MEN,other,SLV,KNA,100,77,3,1,team_a,BIPF,,True,fivb_vis,4328,,
fivb_vis:4329,2013-04-27,men,World Championship,WCH_MEN,other,HTI,KNA,75,46,3,0,team_a,BIPF,,True,fivb_vis,4329,,
fivb_vis:4330,2013-04-27,men,World Championship,WCH_MEN,other,LCA,SLV,94,95,1,3,team_b,BIPF,,True,fivb_vis,4330,,
fivb_vis:4331,2013-04-28,men,World Championship,WCH_MEN,other,SLV,HTI,83,94,1,3,team_b,BIPF,,True,fivb_vis,4331,,
fivb_vis:4332,2013-04-28,men,World Championship,WCH_MEN,other,LCA,KNA,75,63,3,0,team_a,BIPF,,True,fivb_vis,4332,,
fivb_vis:4333,2013-04-28,men,World Championship,WCH_MEN,other,SLV,KNA,75,59,3,0,team_a,BIPF,,True,fivb_vis,4333,,
fivb_vis:4334,2013-04-28,men,World Championship,WCH_MEN,other,LCA,HTI,94,83,3,1,team_a,BIPF,,True,fivb_vis,4334,,
fivb_vis:4456,2013-06-16,men,World Championship,WCH_MEN,other,AIA,MTQ,44,75,0,3,team_b,Ismay van Wilgen Sporthal,,True,fivb_vis,4456,,
fivb_vis:4457,2013-06-16,men,World Championship,WCH_MEN,other,SUR,GTM,58,75,0,3,team_b,Ismay van Wilgen Sporthal,,True,fivb_vis,4457,,
fivb_vis:579,2009-06-02,men,World Championship,WCH_MEN,other,ATG,ANT,46,75,0,3,team_b,UWI Sport and Physical Education Centre,,True,fivb_vis,579,,
fivb_vis:580,2009-06-02,men,World Championship,WCH_MEN,other,TTO,ABW,75,47,3,0,team_a,UWI Sport and Physical Education Centre,,True,fivb_vis,580,,
fivb_vis:581,2009-06-03,men,World Championship,WCH_MEN,other,SUR,ANT,68,76,0,3,team_b,UWI Sport and Physical Education Centre,,True,fivb_vis,581,,
fivb_vis:582,2009-06-03,men,World Championship,WCH_MEN,other,VIR,ABW,98,88,3,1,team_a,UWI Sport and Physical Education Centre,,True,fivb_vis,582,,
fivb_vis:583,2009-06-04,men,World Championship,WCH_MEN,other,SUR,ATG,80,51,3,0,team_a,UWI Sport and Physical Education Centre,,True,fivb_vis,583,,
fivb_vis:584,2009-06-04,men,World Championship,WCH_MEN,other,TTO,VIR,102,94,3,2,team_a,UWI Sport and Physical Education Centre,,True,fivb_vis,584,,
fivb_vis:585,2009-06-05,men,World Championship,WCH_MEN,other,VIR,ANT,107,112,3,2,team_a,UWI sPORT and Physical Education Centre,,True,fivb_vis,585,,
fivb_vis:586,2009-06-05,men,World Championship,WCH_MEN,other,TTO,SUR,89,97,1,3,team_b,UWI Sport and Physical Education Centre,,True,fivb_vis,586,,
fivb_vis:587,2009-06-06,men,World Championship,WCH_MEN,other,ABW,ATG,87,77,3,1,team_a,UWI Sport and Physical Education Centre,,True,fivb_vis,587,,
fivb_vis:588,2009-06-06,men,World Championship,WCH_MEN,other,TTO,ANT,75,55,3,0,team_a,UWI Sport and Physical Education Centre,,True,fivb_vis,588,,
fivb_vis:589,2009-06-06,men,World Championship,WCH_MEN,other,VIR,SUR,82,91,1,3,team_b,UWI Sport and Physical Education Centre,,True,fivb_vis,589,,
fivb_vis:590,2009-05-20,men,World Championship,WCH_MEN,other,LCA,BHS,101,109,2,3,team_b,National Arena,,True,fivb_vis,590,,
fivb_vis:591,2009-05-20,men,World Championship,WCH_MEN,other,JAM,HTI,75,59,3,0,team_a,National Arena,,True,fivb_vis,591,,
fivb_vis:592,2009-05-21,men,World Championship,WCH_MEN,other,CYM,HTI,50,75,0,3,team_b,National Arena,,True,fivb_vis,592,,
fivb_vis:593,2009-05-21,men,World Championship,WCH_MEN,other,BHS,MEX,49,75,0,3,team_b,National Arena,,True,fivb_vis,593,,
fivb_vis:594,2009-05-22,men,World Championship,WCH_MEN,other,MEX,LCA,75,50,3,0,team_a,National Arena,,True,fivb_vis,594,,
fivb_vis:595,2009-05-22,men,World Championship,WCH_MEN,other,JAM,CYM,75,49,3,0,team_a,National Arena,,True,fivb_vis,595,,
fivb_vis:596,2009-05-23,men,World Championship,WCH_MEN,other,CYM,LCA,40,75,0,3,team_b,National Arena,,True,fivb_vis,596,,
fivb_vis:597,2009-05-23,men,World Championship,WCH_MEN,other,JAM,BHS,87,94,1,3,team_b,National Arena,,True,fivb_vis,597,,
fivb_vis:598,2009-05-23,men,World Championship,WCH_MEN,other,MEX,HTI,75,52,3,0,team_a,National Arena,,True,fivb_vis,598,,
fivb_vis:599,2009-05-24,men,World Championship,WCH_MEN,other,JAM,HTI,97,88,3,1,team_a,National Arena,,True,fivb_vis,599,,
fivb_vis:600,2009-05-24,men,World Championship,WCH_MEN,other,MEX,BHS,75,43,3,0,team_a,National Arena,,True,fivb_vis,600,,
fivb_vis:601,2008-11-29,men,World Championship,WCH_MEN,other,GTM,PAN,119,111,3,2,team_a,Gimnasio del Polideportivo España,,True,fivb_vis,601,,
fivb_vis:602,2008-11-29,men,World Championship,WCH_MEN,other,CRI,BLZ,75,54,3,0,team_a,Gimnasio del Polideportivo España,,True,fivb_vis,602,,
fivb_vis:603,2008-11-29,men,World Championship,WCH_MEN,other,SLV,NIC,111,99,3,2,team_a,Gimnasio del Polideportivo España,,True,fivb_vis,603,,
fivb_vis:604,2008-11-30,men,World Championship,WCH_MEN,other,BLZ,GTM,62,76,0,3,team_b,Gimnasio del Polideportivo España,,True,fivb_vis,604,,
fivb_vis:605,2008-11-30,men,World Championship,WCH_MEN,other,PAN,SLV,97,97,3,2,team_a,Gimnasio del Polideportivo España,,True,fivb_vis,605,,
fivb_vis:606,2008-11-30,men,World Championship,WCH_MEN,other,HND,CRI,51,75,0,3,team_b,Gimnasio del Polideportivo España,,True,fivb_vis,606,,
fivb_vis:607,2008-12-01,men,World Championship,WCH_MEN,other,SLV,BLZ,114,104,3,2,team_a,Gimnasio del Polideportivo España,,True,fivb_vis,607,,
fivb_vis:608,2008-12-01,men,World Championship,WCH_MEN,other,GTM,HND,103,85,3,1,team_a,Gimnasio del Polideportivo España,,True,fivb_vis,608,,
fivb_vis:609,2008-12-01,men,World Championship,WCH_MEN,other,NIC,PAN,107,112,2,3,team_b,Gimnasio del Polideportivo España,,True,fivb_vis,609,,
fivb_vis:610,2008-12-02,men,World Championship,WCH_MEN,other,HND,SLV,87,99,1,3,team_b,Gimnasio del Polideportivo España,,True,fivb_vis,610,,
fivb_vis:611,2008-12-02,men,World Championship,WCH_MEN,other,CRI,GTM,75,60,3,0,team_a,Gimnasio del Polideportivo España,,True,fivb_vis,611,,
fivb_vis:612,2008-12-02,men,World Championship,WCH_MEN,other,BLZ,NIC,78,94,1,3,team_b,Gimnasio del Polideportivo España,,True,fivb_vis,612,,
fivb_vis:613,2008-12-03,men,World Championship,WCH_MEN,other,SLV,CRI,106,102,3,2,team_a,Gimnasio del Polideportivo España,,True,fivb_vis,613,,
fivb_vis:614,2008-12-03,men,World Championship,WCH_MEN,other,PAN,BLZ,78,63,3,0,team_a,Gimnasio del Polideportivo España,,True,fivb_vis,614,,
fivb_vis:615,2008-12-03,men,World Championship,WCH_MEN,other,NIC,HND,75,50,3,0,team_a,Gimnasio del Polideportivo España,,True,fivb_vis,615,,
fivb_vis:616,2008-12-04,men,World Championship,WCH_MEN,other,GTM,SLV,108,112,3,2,team_a,Gimnasio del Polideportivo España,,True,fivb_vis,616,,
fivb_vis:617,2008-12-04,men,World Championship,WCH_MEN,other,HND,PAN,61,75,0,3,team_b,Gimnasio del Polideportivo España,,True,fivb_vis,617,,
fivb_vis:618,2008-12-04,men,World Championship,WCH_MEN,other,CRI,NIC,98,84,3,1,team_a,Gimnasio del Polideportivo España,,True,fivb_vis,618,,
fivb_vis:619,2008-12-05,men,World Championship,WCH_MEN,other,BLZ,HND,49,75,0,3,team_b,Gimnasio del Polideportivo España,,True,fivb_vis,619,,
fivb_vis:620,2008-12-05,men,World Championship,WCH_MEN,other,PAN,CRI,110,89,3,2,team_a,Gimnasio del Polideportivo España,,True,fivb_vis,620,,
fivb_vis:621,2008-12-05,men,World Championship,WCH_MEN,other,NIC,GTM,87,98,1,3,team_b,Gimnasio del Polideportivo España,,True,fivb_vis,621,,
fivb_vis:622,2009-08-15,men,World Championship,WCH_MEN,other,DOM,PAN,75,61,3,0,team_a,Brent Event Center,,True,fivb_vis,622,,
fivb_vis:623,2009-08-15,men,World Championship,WCH_MEN,other,USA,GTM,75,24,3,0,team_a,Brent Event Center,,True,fivb_vis,623,,
fivb_vis:624,2009-08-16,men,World Championship,WCH_MEN,other,GTM,DOM,63,77,0,3,team_b,Brent Event Center,,True,fivb_vis,624,,
fivb_vis:625,2009-08-16,men,World Championship,WCH_MEN,other,PAN,USA,37,75,0,3,team_b,Brent Event Center,,True,fivb_vis,625,,
fivb_vis:626,2009-08-17,men,World Championship,WCH_MEN,other,GTM,PAN,52,75,0,3,team_b,Bren Event Center,,True,fivb_vis,626,,
fivb_vis:627,2009-08-17,men,World Championship,WCH_MEN,other,DOM,USA,50,75,0,3,team_b,Bren Event Center,,True,fivb_vis,627,,
fivb_vis:5343,2014-08-30,men,World Championship,WCH_MEN,other,POL,SRB,75,55,3,0,team_a,National Stadium,,True,fivb_vis,5343,,
fivb_vis:5344,2014-08-31,men,World Championship,WCH_MEN,other,ITA,IRN,84,98,1,3,team_b,Krakow Arena,,True,fivb_vis,5344,,
fivb_vis:5345,2014-08-31,men,World Championship,WCH_MEN,other,VEN,ARG,59,75,0,3,team_b,Hala Stulecia,,True,fivb_vis,5345,,
fivb_vis:5346,2014-08-31,men,World Championship,WCH_MEN,other,BEL,USA,98,103,2,3,team_b,Krakow Arena,,True,fivb_vis,5346,,
fivb_vis:5347,2014-08-31,men,World Championship,WCH_MEN,other,CMR,AUS,55,75,0,3,team_b,Hala Stulecia,,True,fivb_vis,5347,,
fivb_vis:5348,2014-08-31,men,World Championship,WCH_MEN,other,PRI,FRA,69,76,0,3,team_b,Krakow Arena,,True,fivb_vis,5348,,
fivb_vis:5349,2014-09-01,men,World Championship,WCH_MEN,other,BRA,DEU,75,57,3,0,team_a,Spodek,,True,fivb_vis,5349,,
fivb_vis:5350,2014-09-01,men,World Championship,WCH_MEN,other,RUS,CAN,75,61,3,0,team_a,Ergo Arena,,True,fivb_vis,5350,,
fivb_vis:5351,2014-09-01,men,World Championship,WCH_MEN,other,FIN,CUB,106,110,3,2,team_a,Spodek,,True,fivb_vis,5351,,
fivb_vis:5352,2014-09-01,men,World Championship,WCH_MEN,other,MEX,BGR,54,75,0,3,team_b,Ergo Arena,,True,fivb_vis,5352,,
fivb_vis:5353,2014-09-01,men,World Championship,WCH_MEN,other,KOR,TUN,100,89,3,1,team_a,Spodek,,True,fivb_vis,5353,,
fivb_vis:5354,2014-09-01,men,World Championship,WCH_MEN,other,CHN,EGY,106,96,3,1,team_a,Ergo Arena,,True,fivb_vis,5354,,
fivb_vis:5355,2014-09-02,men,World Championship,WCH_MEN,other,ARG,SRB,84,95,1,3,team_b,Hala Stulecia,,True,fivb_vis,5355,,
fivb_vis:5356,2014-09-02,men,World Championship,WCH_MEN,other,USA,IRN,107,104,2,3,team_b,Krakow Arena,,True,fivb_vis,5356,,
fivb_vis:5357,2014-09-02,men,World Championship,WCH_MEN,other,VEN,CMR,106,90,3,1,team_a,Hala Stulecia,,True,fivb_vis,5357,,
fivb_vis:5358,2014-09-02,men,World Championship,WCH_MEN,other,BEL,PRI,75,56,3,0,team_a,Krakow Arena,,True,fivb_vis,5358,,
fivb_vis:5359,2014-09-02,men,World Championship,WCH_MEN,other,AUS,POL,58,75,0,3,team_b,Hala Stulecia,,True,fivb_vis,5359,,
fivb_vis:5360,2014-09-02,men,World Championship,WCH_MEN,other,FRA,ITA,98,105,2,3,team_b,Krakow Arena,,True,fivb_vis,5360,,
fivb_vis:5361,2014-09-03,men,World Championship,WCH_MEN,other,CUB,DEU,56,75,0,3,team_b,Spodek,,True,fivb_vis,5361,,
fivb_vis:5362,2014-09-03,men,World Championship,WCH_MEN,other,BGR,CAN,99,103,2,3,team_b,Ergo Arena,,True,fivb_vis,5362,,
fivb_vis:5363,2014-09-03,men,World Championship,WCH_MEN,other,FIN,KOR,76,61,3,0,team_a,Spodek,,True,fivb_vis,5363,,
fivb_vis:5364,2014-09-03,men,World Championship,WCH_MEN,other,MEX,CHN,84,95,1,3,team_b,Ergo Arena,,True,fivb_vis,5364,,
fivb_vis:5365,2014-09-03,men,World Championship,WCH_MEN,other,TUN,BRA,45,75,0,3,team_b,Spodek,,True,fivb_vis,5365,,
fivb_vis:5366,2014-09-03,men,World Championship,WCH_MEN,other,EGY,RUS,52,75,0,3,team_b,Ergo Arena,,True,fivb_vis,5366,,
fivb_vis:5367,2014-09-04,men,World Championship,WCH_MEN,other,CMR,ARG,58,75,0,3,team_b,Hala Stulecia,,True,fivb_vis,5367,,
fivb_vis:5368,2014-09-04,men,World Championship,WCH_MEN,other,PRI,USA,43,75,0,3,team_b,Krakow Arena,,True,fivb_vis,5368,,
fivb_vis:5369,2014-09-04,men,World Championship,WCH_MEN,other,SRB,AUS,97,87,3,1,team_a,Hala Stulecia,,True,fivb_vis,5369,,
fivb_vis:5370,2014-09-04,men,World Championship,WCH_MEN,other,IRN,FRA,89,93,1,3,team_b,Krakow Arena,,True,fivb_vis,5370,,
fivb_vis:5371,2014-09-04,men,World Championship,WCH_MEN,other,POL,VEN,75,47,3,0,team_a,Hala Stulecia,,True,fivb_vis,5371,,
fivb_vis:5372,2014-09-04,men,World Championship,WCH_MEN,other,ITA,BEL,104,85,3,1,team_a,Krakow Arena,,True,fivb_vis,5372,,
fivb_vis:5373,2014-09-05,men,World Championship,WCH_MEN,other,KOR,CUB,82,98,1,3,team_b,Spodek,,True,fivb_vis,5373,,
fivb_vis:5374,2014-09-05,men,World Championship,WCH_MEN,other,CHN,BGR,65,75,0,3,team_b,Ergo Arena,,True,fivb_vis,5374,,
fivb_vis:5375,2014-09-05,men,World Championship,WCH_MEN,other,DEU,TUN,96,69,3,1,team_a,Spodek,,True,fivb_vis,5375,,
fivb_vis:5376,2014-09-05,men,World Championship,WCH_MEN,other,CAN,EGY,75,55,3,0,team_a,Ergo Arena,,True,fivb_vis,5376,,
fivb_vis:5377,2014-09-05,men,World Championship,WCH_MEN,other,BRA,FIN,78,70,3,0,team_a,Spodek,,True,fivb_vis,5377,,
fivb_vis:5378,2014-09-05,men,World Championship,WCH_MEN,other,RUS,MEX,96,76,3,1,team_a,Ergo Arena,,True,fivb_vis,5378,,
fivb_vis:5379,2014-09-06,men,World Championship,WCH_MEN,other,ARG,AUS,75,55,3,0,team_a,Hala Stulecia,,True,fivb_vis,5379,,
fivb_vis:5380,2014-09-06,men,World Championship,WCH_MEN,other,CUB,TUN,101,106,3,2,team_a,Spodek,,True,fivb_vis,5380,,
fivb_vis:5381,2014-09-06,men,World Championship,WCH_MEN,other,BGR,EGY,109,107,3,2,team_a,Ergo Arena,,True,fivb_vis,5381,,
fivb_vis:5382,2014-09-06,men,World Championship,WCH_MEN,other,USA,FRA,78,94,1,3,team_b,Krakow Arena,,True,fivb_vis,5382,,
fivb_vis:5383,2014-09-06,men,World Championship,WCH_MEN,other,VEN,SRB,59,75,0,3,team_b,Hala Stulecia,,True,fivb_vis,5383,,
fivb_vis:5384,2014-09-06,men,World Championship,WCH_MEN,other,FIN,DEU,88,95,1,3,team_b,Spodek,,True,fivb_vis,5384,,
fivb_vis:5385,2014-09-06,men,World Championship,WCH_MEN,other,MEX,CAN,54,75,0,3,team_b,Ergo Arena,,True,fivb_vis,5385,,
fivb_vis:5386,2014-09-06,men,World Championship,WCH_MEN,other,BEL,IRN,83,96,1,3,team_b,Krakow Arena,,True,fivb_vis,5386,,
fivb_vis:5387,2014-09-06,men,World Championship,WCH_MEN,other,CMR,POL,88,100,1,3,team_b,Hala Stulecia,,True,fivb_vis,5387,,
fivb_vis:5388,2014-09-06,men,World Championship,WCH_MEN,other,KOR,BRA,97,103,2,3,team_b,Spodek,,True,fivb_vis,5388,,
fivb_vis:5389,2014-09-06,men,World Championship,WCH_MEN,other,CHN,RUS,54,75,0,3,team_b,Ergo Arena,,True,fivb_vis,5389,,
fivb_vis:5390,2014-09-06,men,World Championship,WCH_MEN,other,PRI,ITA,94,89,3,1,team_a,Krakow Arena,,True,fivb_vis,5390,,
fivb_vis:5391,2014-09-07,men,World Championship,WCH_MEN,other,AUS,VEN,109,95,3,2,team_a,Hala Stulecia,,True,fivb_vis,5391,,
fivb_vis:5392,2014-09-07,men,World Championship,WCH_MEN,other,TUN,FIN,52,75,0,3,team_b,Spodek,,True,fivb_vis,5392,,
fivb_vis:5393,2014-09-07,men,World Championship,WCH_MEN,other,EGY,MEX,101,102,2,3,team_b,Ergo Arena,,True,fivb_vis,5393,,
fivb_vis:5394,2014-09-07,men,World Championship,WCH_MEN,other,FRA,BEL,108,96,3,2,team_a,Krakow Arena,,True,fivb_vis,5394,,
fivb_vis:5395,2014-09-07,men,World Championship,WCH_MEN,other,POL,ARG,75,63,3,0,team_a,Hala Stulecia,,True,fivb_vis,5395,,
fivb_vis:5396,2014-09-07,men,World Championship,WCH_MEN,other,DEU,KOR,75,50,3,0,team_a,Spodek,,True,fivb_vis,5396,,
fivb_vis:5397,2014-09-07,men,World Championship,WCH_MEN,other,CAN,CHN,78,66,3,0,team_a,Ergo Arena,,True,fivb_vis,5397,,
fivb_vis:5398,2014-09-07,men,World Championship,WCH_MEN,other,IRN,PRI,75,53,3,0,team_a,Krakow Arena,,True,fivb_vis,5398,,
fivb_vis:5399,2014-09-07,men,World Championship,WCH_MEN,other,SRB,CMR,103,91,3,1,team_a,Hala Stulecia,,True,fivb_vis,5399,,
fivb_vis:5400,2014-09-07,men,World Championship,WCH_MEN,other,BRA,CUB,97,83,3,1,team_a,Spodek,,True,fivb_vis,5400,,
fivb_vis:5401,2014-09-07,men,World Championship,WCH_MEN,other,RUS,BGR,108,104,3,2,team_a,Ergo Arena,,True,fivb_vis,5401,,
fivb_vis:5402,2014-09-07,men,World Championship,WCH_MEN,other,ITA,USA,80,98,1,3,team_b,Krakow Arena,,True,fivb_vis,5402,,
fivb_vis:5680,2014-09-10,men,World Championship,WCH_MEN,other,POL,USA,99,104,1,3,team_b,Atlas Arena,,True,fivb_vis,5680,,
fivb_vis:5681,2014-09-10,men,World Championship,WCH_MEN,other,ARG,FRA,87,100,1,3,team_b,Łuczniczka Hall,,True,fivb_vis,5681,,
fivb_vis:5682,2014-09-10,men,World Championship,WCH_MEN,other,BRA,BGR,75,57,3,0,team_a,Spodek,,True,fivb_vis,5682,,
fivb_vis:5683,2014-09-10,men,World Championship,WCH_MEN,other,FIN,RUS,44,75,0,3,team_b,Hala Stulecia,,True,fivb_vis,5683,,
fivb_vis:5684,2014-09-10,men,World Championship,WCH_MEN,other,SRB,ITA,79,68,3,0,team_a,Atlas Arena,,True,fivb_vis,5684,,
fivb_vis:5685,2014-09-10,men,World Championship,WCH_MEN,other,AUS,IRN,86,96,1,3,team_b,Łuczniczka Hall,,True,fivb_vis,5685,,
fivb_vis:5686,2014-09-10,men,World Championship,WCH_MEN,other,DEU,CHN,75,58,3,0,team_a,Spodek,,True,fivb_vis,5686,,
fivb_vis:5687,2014-09-10,men,World Championship,WCH_MEN,other,CUB,CAN,94,113,2,3,team_b,Hala Stulecia,,True,fivb_vis,5687,,
fivb_vis:5688,2014-09-11,men,World Championship,WCH_MEN,other,POL,ITA,95,87,3,1,team_a,Atlas Arena,,True,fivb_vis,5688,,
fivb_vis:5689,2014-09-11,men,World Championship,WCH_MEN,other,ARG,IRN,54,75,0,3,team_b,Łuczniczka Hall,,True,fivb_vis,5689,,
fivb_vis:5690,2014-09-11,men,World Championship,WCH_MEN,other,BRA,CHN,75,55,3,0,team_a,Spodek,,True,fivb_vis,5690,,
fivb_vis:5691,2014-09-11,men,World Championship,WCH_MEN,other,FIN,CAN,69,79,0,3,team_b,Hala Stulecia,,True,fivb_vis,5691,,
fivb_vis:5692,2014-09-11,men,World Championship,WCH_MEN,other,SRB,USA,92,104,1,3,team_b,Atlas Arena,,True,fivb_vis,5692,,
fivb_vis:5693,2014-09-11,men,World Championship,WCH_MEN,other,AUS,FRA,89,105,1,3,team_b,Łuczniczka Hall,,True,fivb_vis,5693,,
fivb_vis:5694,2014-09-11,men,World Championship,WCH_MEN,other,DEU,BGR,98,73,3,1,team_a,Spodek,,True,fivb_vis,5694,,
fivb_vis:5695,2014-09-11,men,World Championship,WCH_MEN,other,CUB,RUS,77,98,1,3,team_b,Hala Stulecia,,True,fivb_vis,5695,,
fivb_vis:5696,2014-09-13,men,World Championship,WCH_MEN,other,POL,IRN,109,98,3,2,team_a,Atlas Arena,,True,fivb_vis,5696,,
fivb_vis:5697,2014-09-13,men,World Championship,WCH_MEN,other,ARG,ITA,97,95,3,1,team_a,Łuczniczka Hall,,True,fivb_vis,5697,,
fivb_vis:5698,2014-09-13,men,World Championship,WCH_MEN,other,BRA,CAN,79,69,3,0,team_a,Spodek,,True,fivb_vis,5698,,
fivb_vis:5699,2014-09-13,men,World Championship,WCH_MEN,other,FIN,CHN,109,108,2,3,team_b,Hala Stulecia,,True,fivb_vis,5699,,
fivb_vis:5700,2014-09-13,men,World Championship,WCH_MEN,other,SRB,FRA,93,100,1,3,team_b,Atlas Arena,,True,fivb_vis,5700,,
fivb_vis:5701,2014-09-13,men,World Championship,WCH_MEN,other,AUS,USA,54,75,0,3,team_b,Łuczniczka Hall,,True,fivb_vis,5701,,
fivb_vis:5702,2014-09-13,men,World Championship,WCH_MEN,other,DEU,RUS,59,76,0,3,team_b,Spodek,,True,fivb_vis,5702,,
fivb_vis:5703,2014-09-13,men,World Championship,WCH_MEN,other,CUB,BGR,80,69,3,0,team_a,Hala Stulecia,,True,fivb_vis,5703,,
fivb_vis:5704,2014-09-14,men,World Championship,WCH_MEN,other,POL,FRA,108,103,3,2,team_a,Atlas Arena,,True,fivb_vis,5704,,
fivb_vis:5705,2014-09-14,men,World Championship,WCH_MEN,other,ARG,USA,110,107,3,2,team_a,Łuczniczka Hall,,True,fivb_vis,5705,,
fivb_vis:5706,2014-09-14,men,World Championship,WCH_MEN,other,BRA,RUS,99,85,3,1,team_a,Spodek,,True,fivb_vis,5706,,
fivb_vis:5707,2014-09-14,men,World Championship,WCH_MEN,other,FIN,BGR,75,57,3,0,team_a,Hala Stulecia,,True,fivb_vis,5707,,
fivb_vis:5708,2014-09-14,men,World Championship,WCH_MEN,other,SRB,IRN,90,99,1,3,team_b,Atlas Arena,,True,fivb_vis,5708,,
fivb_vis:5709,2014-09-14,men,World Championship,WCH_MEN,other,AUS,ITA,80,96,1,3,team_b,Łuczniczka Hall,,True,fivb_vis,5709,,
fivb_vis:5710,2014-09-14,men,World Championship,WCH_MEN,other,DEU,CAN,78,71,3,0,team_a,Spodek,,True,fivb_vis,5710,,
fivb_vis:5711,2014-09-14,men,World Championship,WCH_MEN,other,CUB,CHN,101,102,2,3,team_b,Hala Stulecia,,True,fivb_vis,5711,,
fivb_vis:5712,2014-09-16,men,World Championship,WCH_MEN,other,FRA,DEU,76,61,3,0,team_a,Spodek,,True,fivb_vis,5712,,
fivb_vis:5713,2014-09-16,men,World Championship,WCH_MEN,other,POL,BRA,103,105,3,2,team_a,Atlas Arena,,True,fivb_vis,5713,,
fivb_vis:5714,2014-09-17,men,World Championship,WCH_MEN,other,DEU,IRN,75,55,3,0,team_a,Spodek,,True,fivb_vis,5714,,
fivb_vis:5715,2014-09-17,men,World Championship,WCH_MEN,other,BRA,RUS,75,63,3,0,team_a,Atlas Arena,,True,fivb_vis,5715,,
fivb_vis:5716,2014-09-18,men,World Championship,WCH_MEN,other,FRA,IRN,106,102,3,2,team_a,Spodek,,True,fivb_vis,5716,,
fivb_vis:5717,2014-09-18,men,World Championship,WCH_MEN,other,POL,RUS,108,105,3,2,team_a,Atlas Arena,,True,fivb_vis,5717,,
fivb_vis:5718,2014-09-20,men,World Championship,WCH_MEN,other,IRN,RUS,58,75,0,3,team_b,Atlas Arena,,True,fivb_vis,5718,,
fivb_vis:5719,2014-09-20,men,World Championship,WCH_MEN,other,FRA,BRA,103,110,2,3,team_b,Spodek,,True,fivb_vis,5719,,
fivb_vis:5720,2014-09-20,men,World Championship,WCH_MEN,other,DEU,POL,96,102,1,3,team_b,Spodek,,True,fivb_vis,5720,,
fivb_vis:5721,2014-09-21,men,World Championship,WCH_MEN,other,FRA,DEU,68,76,0,3,team_b,Spodek,,True,fivb_vis,5721,,
fivb_vis:5723,2014-09-21,men,World Championship,WCH_MEN,other,BRA,POL,92,93,1,3,team_b,Spodek,,True,fivb_vis,5723,,
fivb_vis:628,2009-07-08,men,World Championship,WCH_MEN,other,BRB,MEX,51,75,0,3,team_b,Hector Sola Bezares Coliseum,,True,fivb_vis,628,,
fivb_vis:629,2009-07-08,men,World Championship,WCH_MEN,other,PRI,VIR,75,41,3,0,team_a,Hector Sola Bezares Coliseum,,True,fivb_vis,629,,
fivb_vis:630,2009-07-09,men,World Championship,WCH_MEN,other,VIR,MEX,53,75,0,3,team_b,Hector Sola Bezares Coliseum,,True,fivb_vis,630,,
fivb_vis:631,2009-07-09,men,World Championship,WCH_MEN,other,BRB,PRI,33,75,0,3,team_b,Hector Sola Bezares Coliseum,,True,fivb_vis,631,,
fivb_vis:632,2009-07-10,men,World Championship,WCH_MEN,other,VIR,BRB,62,75,0,3,team_b,Hector Sola Bezares Coliseum,,True,fivb_vis,632,,
fivb_vis:633,2009-07-10,men,World Championship,WCH_MEN,other,PRI,MEX,112,90,3,2,team_a,Hector Sola Bezares Coliseum,,True,fivb_vis,633,,
fivb_vis:5589,2014-09-23,women,World Championship,WCH_WOMEN,other,ARG,HRV,88,102,1,3,team_b,Palalottomatica,,True,fivb_vis,5589,,
fivb_vis:5590,2014-09-23,women,World Championship,WCH_WOMEN,other,CAN,CMR,95,66,3,1,team_a,PalaTrieste,,True,fivb_vis,5590,,
fivb_vis:5591,2014-09-23,women,World Championship,WCH_WOMEN,other,NLD,KAZ,75,59,3,0,team_a,Palaolimpia,,True,fivb_vis,5591,,
fivb_vis:5592,2014-09-23,women,World Championship,WCH_WOMEN,other,CHN,PRI,75,61,3,0,team_a,PalaFlorio,,True,fivb_vis,5592,,
fivb_vis:5593,2014-09-23,women,World Championship,WCH_WOMEN,other,DOM,DEU,111,106,3,2,team_a,Palalottomatica,,True,fivb_vis,5593,,
fivb_vis:5594,2014-09-23,women,World Championship,WCH_WOMEN,other,SRB,TUR,95,81,3,1,team_a,PalaTrieste,,True,fivb_vis,5594,,
fivb_vis:5595,2014-09-23,women,World Championship,WCH_WOMEN,other,RUS,THA,75,59,3,0,team_a,Palaolimpia,,True,fivb_vis,5595,,
fivb_vis:5596,2014-09-23,women,World Championship,WCH_WOMEN,other,JPN,AZE,100,102,2,3,team_b,PalaFlorio,,True,fivb_vis,5596,,
fivb_vis:5597,2014-09-23,women,World Championship,WCH_WOMEN,other,ITA,TUN,75,32,3,0,team_a,Palalottomatica,,True,fivb_vis,5597,,
fivb_vis:5598,2014-09-23,women,World Championship,WCH_WOMEN,other,BRA,BGR,75,57,3,0,team_a,PalaTrieste,,True,fivb_vis,5598,,
fivb_vis:5599,2014-09-23,women,World Championship,WCH_WOMEN,other,USA,MEX,94,70,3,1,team_a,Palaolimpia,,True,fivb_vis,5599,,
fivb_vis:5600,2014-09-23,women,World Championship,WCH_WOMEN,other,CUB,BEL,43,75,0,3,team_b,Palaflorio,,True,fivb_vis,5600,,
fivb_vis:5601,2014-09-24,women,World Championship,WCH_WOMEN,other,DOM,TUN,75,43,3,0,team_a,Palalottomatica,,True,fivb_vis,5601,,
fivb_vis:5602,2014-09-24,women,World Championship,WCH_WOMEN,other,TUR,CAN,75,39,3,0,team_a,PalaTrieste,,True,fivb_vis,5602,,
fivb_vis:5603,2014-09-24,women,World Championship,WCH_WOMEN,other,KAZ,USA,57,75,0,3,team_b,Palaolimpia,,True,fivb_vis,5603,,
fivb_vis:5604,2014-09-24,women,World Championship,WCH_WOMEN,other,CHN,AZE,75,46,3,0,team_a,Palaflorio,,True,fivb_vis,5604,,
fivb_vis:5605,2014-09-24,women,World Championship,WCH_WOMEN,other,DEU,ARG,75,39,3,0,team_a,Palalottomatica,,True,fivb_vis,5605,,
fivb_vis:5606,2014-09-24,women,World Championship,WCH_WOMEN,other,CMR,BRA,47,75,0,3,team_b,PalaTrieste,,True,fivb_vis,5606,,
fivb_vis:5607,2014-09-24,women,World Championship,WCH_WOMEN,other,RUS,MEX,75,52,3,0,team_a,Palaolimpia,,True,fivb_vis,5607,,
fivb_vis:5608,2014-09-24,women,World Championship,WCH_WOMEN,other,BEL,JPN,90,97,1,3,team_b,Palaflorio,,True,fivb_vis,5608,,
fivb_vis:5609,2014-09-24,women,World Championship,WCH_WOMEN,other,HRV,ITA,50,76,0,3,team_b,Palalottomatica,,True,fivb_vis,5609,,
fivb_vis:5610,2014-09-24,women,World Championship,WCH_WOMEN,other,SRB,BGR,106,100,3,2,team_a,PalaTrieste,,True,fivb_vis,5610,,
fivb_vis:5611,2014-09-24,women,World Championship,WCH_WOMEN,other,THA,NLD,60,75,0,3,team_b,Palaolimpia,,True,fivb_vis,5611,,
fivb_vis:5612,2014-09-24,women,World Championship,WCH_WOMEN,other,PRI,CUB,77,66,3,0,team_a,Palaflorio,,True,fivb_vis,5612,,
fivb_vis:5613,2014-09-25,women,World Championship,WCH_WOMEN,other,DEU,TUN,75,26,3,0,team_a,Palalottomatica,,True,fivb_vis,5613,,
fivb_vis:5614,2014-09-25,women,World Championship,WCH_WOMEN,other,CAN,BRA,40,75,0,3,team_b,PalaTrieste,,True,fivb_vis,5614,,
fivb_vis:5615,2014-09-25,women,World Championship,WCH_WOMEN,other,THA,MEX,89,83,3,0,team_a,Palaolimpia,,True,fivb_vis,5615,,
fivb_vis:5616,2014-09-25,women,World Championship,WCH_WOMEN,other,PRI,AZE,110,108,2,3,team_b,Palaflorio,,True,fivb_vis,5616,,
fivb_vis:5617,2014-09-25,women,World Championship,WCH_WOMEN,other,HRV,DOM,103,115,2,3,team_b,Palalottomatica,,True,fivb_vis,5617,,
fivb_vis:5618,2014-09-25,women,World Championship,WCH_WOMEN,other,CMR,SRB,54,76,0,3,team_b,Palatrieste,,True,fivb_vis,5618,,
fivb_vis:5619,2014-09-25,women,World Championship,WCH_WOMEN,other,KAZ,RUS,50,75,0,3,team_b,Palaolimpia,,True,fivb_vis,5619,,
fivb_vis:5620,2014-09-25,women,World Championship,WCH_WOMEN,other,CUB,JPN,66,76,0,3,team_b,Palaflorio,,True,fivb_vis,5620,,
fivb_vis:5621,2014-09-25,women,World Championship,WCH_WOMEN,other,ARG,ITA,50,75,0,3,team_b,Palalottomatica,,True,fivb_vis,5621,,
fivb_vis:5622,2014-09-25,women,World Championship,WCH_WOMEN,other,TUR,BGR,105,110,2,3,team_b,Palatrieste,,True,fivb_vis,5622,,
fivb_vis:5623,2014-09-25,women,World Championship,WCH_WOMEN,other,NLD,USA,66,79,0,3,team_b,Palaolimpia,,True,fivb_vis,5623,,
fivb_vis:5624,2014-09-25,women,World Championship,WCH_WOMEN,other,BEL,CHN,62,75,0,3,team_b,Palaflorio,,True,fivb_vis,5624,,
fivb_vis:5625,2014-09-27,women,World Championship,WCH_WOMEN,other,TUN,HRV,60,96,1,3,team_b,Palalottomatica,,True,fivb_vis,5625,,
fivb_vis:5626,2014-09-27,women,World Championship,WCH_WOMEN,other,BGR,CMR,75,59,3,0,team_a,Palatrieste,,True,fivb_vis,5626,,
fivb_vis:5627,2014-09-27,women,World Championship,WCH_WOMEN,other,MEX,KAZ,49,75,0,3,team_b,Palaolimpia,,True,fivb_vis,5627,,
fivb_vis:5628,2014-09-27,women,World Championship,WCH_WOMEN,other,AZE,BEL,54,75,0,3,team_b,Palaflorio,,True,fivb_vis,5628,,
fivb_vis:5629,2014-09-27,women,World Championship,WCH_WOMEN,other,DOM,ARG,94,76,3,1,team_a,Palalottomatica,,True,fivb_vis,5629,,
fivb_vis:5630,2014-09-27,women,World Championship,WCH_WOMEN,other,SRB,CAN,101,71,3,1,team_a,Palatrieste,,True,fivb_vis,5630,,
fivb_vis:5631,2014-09-27,women,World Championship,WCH_WOMEN,other,RUS,NLD,96,79,3,1,team_a,Palaolimpia,,True,fivb_vis,5631,,
fivb_vis:5632,2014-09-27,women,World Championship,WCH_WOMEN,other,JPN,PRI,75,60,3,0,team_a,Palaflorio,,True,fivb_vis,5632,,
fivb_vis:5633,2014-09-27,women,World Championship,WCH_WOMEN,other,ITA,DEU,96,70,3,1,team_a,Palalottomatica,,True,fivb_vis,5633,,
fivb_vis:5634,2014-09-27,women,World Championship,WCH_WOMEN,other,BRA,TUR,104,100,3,2,team_a,Palatrieste,,True,fivb_vis,5634,,
fivb_vis:5635,2014-09-27,women,World Championship,WCH_WOMEN,other,USA,THA,75,58,3,0,team_a,Palaolimpia,,True,fivb_vis,5635,,
fivb_vis:5636,2014-09-27,women,World Championship,WCH_WOMEN,other,CHN,CUB,75,44,3,0,team_a,Palaflorio,,True,fivb_vis,5636,,
fivb_vis:5637,2014-09-28,women,World Championship,WCH_WOMEN,other,TUN,ARG,58,75,0,3,team_b,Palalottomatica,,True,fivb_vis,5637,,
fivb_vis:5638,2014-09-28,women,World Championship,WCH_WOMEN,other,CMR,TUR,48,75,0,3,team_b,Palatrieste,,True,fivb_vis,5638,,
fivb_vis:5639,2014-09-28,women,World Championship,WCH_WOMEN,other,MEX,NLD,64,82,0,3,team_b,Palaolimpia,,True,fivb_vis,5639,,
fivb_vis:5640,2014-09-28,women,World Championship,WCH_WOMEN,other,AZE,CUB,100,89,3,1,team_a,Palaflorio,,True,fivb_vis,5640,,
fivb_vis:5641,2014-09-28,women,World Championship,WCH_WOMEN,other,HRV,DEU,91,105,3,2,team_a,Palalottomatica,,True,fivb_vis,5641,,
fivb_vis:5642,2014-09-28,women,World Championship,WCH_WOMEN,other,BGR,CAN,75,51,3,0,team_a,Palatrieste,,True,fivb_vis,5642,,
fivb_vis:5643,2014-09-28,women,World Championship,WCH_WOMEN,other,KAZ,THA,75,57,3,0,team_a,Palaolimpia,,True,fivb_vis,5643,,
fivb_vis:5644,2014-09-28,women,World Championship,WCH_WOMEN,other,JPN,CHN,96,108,2,3,team_b,Palaflorio,,True,fivb_vis,5644,,
fivb_vis:5645,2014-09-28,women,World Championship,WCH_WOMEN,other,ITA,DOM,94,97,2,3,team_b,Palalottomatica,,True,fivb_vis,5645,,
fivb_vis:5646,2014-09-28,women,World Championship,WCH_WOMEN,other,BRA,SRB,99,89,3,1,team_a,Palatrieste,,True,fivb_vis,5646,,
fivb_vis:5647,2014-09-28,women,World Championship,WCH_WOMEN,other,USA,RUS,114,106,3,1,team_a,Palaolimpia,,True,fivb_vis,5647,,
fivb_vis:5648,2014-09-28,women,World Championship,WCH_WOMEN,other,BEL,PRI,75,56,3,0,team_a,Palaflorio,,True,fivb_vis,5648,,
fivb_vis:5724,2014-10-01,women,World Championship,WCH_WOMEN,other,DOM,BEL,109,95,3,2,team_a,Palaflorio,,True,fivb_vis,5724,,
fivb_vis:5725,2014-10-01,women,World Championship,WCH_WOMEN,other,HRV,JPN,108,103,3,2,team_a,Palatrieste,,True,fivb_vis,5725,,
fivb_vis:5726,2014-10-01,women,World Championship,WCH_WOMEN,other,SRB,NLD,75,68,3,0,team_a,Palaolimpia,,True,fivb_vis,5726,,
fivb_vis:5727,2014-10-01,women,World Championship,WCH_WOMEN,other,TUR,USA,86,102,1,3,team_b,PalaPanini,,True,fivb_vis,5727,,
fivb_vis:5728,2014-10-01,women,World Championship,WCH_WOMEN,other,ITA,AZE,96,88,3,1,team_a,Palaflorio,,True,fivb_vis,5728,,
fivb_vis:5729,2014-10-01,women,World Championship,WCH_WOMEN,other,DEU,CHN,62,75,0,3,team_b,Palatrieste,,True,fivb_vis,5729,,
fivb_vis:5730,2014-10-01,women,World Championship,WCH_WOMEN,other,BRA,KAZ,75,62,3,0,team_a,Palaolimpia,,True,fivb_vis,5730,,
fivb_vis:5731,2014-10-01,women,World Championship,WCH_WOMEN,other,BGR,RUS,85,101,1,3,team_b,PalaPanini,,True,fivb_vis,5731,,
fivb_vis:5732,2014-10-02,women,World Championship,WCH_WOMEN,other,DOM,AZE,98,74,3,1,team_a,PALAFLORIO,,True,fivb_vis,5732,,
fivb_vis:5733,2014-10-02,women,World Championship,WCH_WOMEN,other,DEU,JPN,104,105,2,3,team_b,Palatrieste,,True,fivb_vis,5733,,
fivb_vis:5734,2014-10-02,women,World Championship,WCH_WOMEN,other,SRB,KAZ,75,48,3,0,team_a,Palaolimpia,,True,fivb_vis,5734,,
fivb_vis:5735,2014-10-02,women,World Championship,WCH_WOMEN,other,TUR,RUS,109,109,3,2,team_a,PALAPANINI,,True,fivb_vis,5735,,
fivb_vis:5736,2014-10-02,women,World Championship,WCH_WOMEN,other,ITA,BEL,75,58,3,0,team_a,PALAFLORIO,,True,fivb_vis,5736,,
fivb_vis:5737,2014-10-02,women,World Championship,WCH_WOMEN,other,HRV,CHN,42,75,0,3,team_b,Palatrieste,,True,fivb_vis,5737,,
fivb_vis:5738,2014-10-02,women,World Championship,WCH_WOMEN,other,BRA,NLD,98,77,3,1,team_a,Palaolimpia,,True,fivb_vis,5738,,
fivb_vis:5739,2014-10-02,women,World Championship,WCH_WOMEN,other,BGR,USA,52,75,0,3,team_b,PALAPANINI,,True,fivb_vis,5739,,
fivb_vis:5740,2014-10-04,women,World Championship,WCH_WOMEN,other,DOM,CHN,98,107,2,3,team_b,PALAFLORIO,,True,fivb_vis,5740,,
fivb_vis:5741,2014-10-04,women,World Championship,WCH_WOMEN,other,DEU,BEL,75,56,3,0,team_a,Palatrieste,,True,fivb_vis,5741,,
fivb_vis:5742,2014-10-04,women,World Championship,WCH_WOMEN,other,SRB,USA,64,75,0,3,team_b,Palaolimpia,,True,fivb_vis,5742,,
fivb_vis:5743,2014-10-04,women,World Championship,WCH_WOMEN,other,TUR,NLD,98,78,3,1,team_a,PALAPANINI,,True,fivb_vis,5743,,
fivb_vis:5744,2014-10-04,women,World Championship,WCH_WOMEN,other,ITA,JPN,75,62,3,0,team_a,PALAFLORIO,,True,fivb_vis,5744,,
fivb_vis:5745,2014-10-04,women,World Championship,WCH_WOMEN,other,HRV,AZE,84,98,1,3,team_b,Palatrieste,,True,fivb_vis,5745,,
fivb_vis:5746,2014-10-04,women,World Championship,WCH_WOMEN,other,BRA,RUS,102,88,3,1,team_a,Palaolimpia,,True,fivb_vis,5746,,
fivb_vis:5747,2014-10-04,women,World Championship,WCH_WOMEN,other,BGR,KAZ,75,50,3,0,team_a,PalaPanini,,True,fivb_vis,5747,,
fivb_vis:5748,2014-10-05,women,World Championship,WCH_WOMEN,other,DOM,JPN,106,107,2,3,team_b,PALAFLORIO,,True,fivb_vis,5748,,
fivb_vis:5749,2014-10-05,women,World Championship,WCH_WOMEN,other,DEU,AZE,75,57,3,0,team_a,Palatrieste,,True,fivb_vis,5749,,
fivb_vis:5750,2014-10-05,women,World Championship,WCH_WOMEN,other,SRB,RUS,61,78,0,3,team_b,Palaolimpia,,True,fivb_vis,5750,,
fivb_vis:5751,2014-10-05,women,World Championship,WCH_WOMEN,other,TUR,KAZ,75,42,3,0,team_a,PalaPanini,,True,fivb_vis,5751,,
fivb_vis:5752,2014-10-05,women,World Championship,WCH_WOMEN,other,ITA,CHN,98,84,3,1,team_a,PALAFLORIO,,True,fivb_vis,5752,,
fivb_vis:5753,2014-10-05,women,World Championship,WCH_WOMEN,other,HRV,BEL,78,98,1,3,team_b,Palatrieste,,True,fivb_vis,5753,,
fivb_vis:5754,2014-10-05,women,World Championship,WCH_WOMEN,other,BRA,USA,75,66,3,0,team_a,Palaolimpia,,True,fivb_vis,5754,,
fivb_vis:5755,2014-10-05,women,World Championship,WCH_WOMEN,other,BGR,NLD,86,99,1,3,team_b,PalaPanini,,True,fivb_vis,5755,,
fivb_vis:5756,2014-10-08,women,World Championship,WCH_WOMEN,other,ITA,USA,75,65,3,0,team_a,Mediolanum Forum,,True,fivb_vis,5756,,
fivb_vis:5757,2014-10-08,women,World Championship,WCH_WOMEN,other,BRA,CHN,75,50,3,0,team_a,Mediolanum Forum,,True,fivb_vis,5757,,
fivb_vis:5758,2014-10-09,women,World Championship,WCH_WOMEN,other,USA,RUS,90,90,3,1,team_a,Mediolanum Forum,,True,fivb_vis,5758,,
fivb_vis:5759,2014-10-09,women,World Championship,WCH_WOMEN,other,CHN,DOM,110,108,3,2,team_a,Mediolanum Forum,,True,fivb_vis,5759,,
fivb_vis:5760,2014-10-10,women,World Championship,WCH_WOMEN,other,ITA,RUS,87,77,3,1,team_a,Mediolanum Forum,,True,fivb_vis,5760,,
fivb_vis:5761,2014-10-10,women,World Championship,WCH_WOMEN,other,BRA,DOM,75,57,3,0,team_a,Mediolanum Forum,,True,fivb_vis,5761,,
fivb_vis:5762,2014-10-11,women,World Championship,WCH_WOMEN,other,ITA,CHN,94,100,1,3,team_b,Mediolanum Forum,,True,fivb_vis,5762,,
fivb_vis:5763,2014-10-11,women,World Championship,WCH_WOMEN,other,USA,BRA,79,65,3,0,team_a,Mediolanum Forum,,True,fivb_vis,5763,,
fivb_vis:5764,2014-10-12,women,World Championship,WCH_WOMEN,other,ITA,BRA,85,109,2,3,team_b,Mediolanum Forum,,True,fivb_vis,5764,,
fivb_vis:5765,2014-10-12,women,World Championship,WCH_WOMEN,other,CHN,USA,94,94,1,3,team_b,Mediolanum Forum,,True,fivb_vis,5765,,
fivb_vis:6218,2015-08-22,women,World Cup,WC_WOMEN,other,DOM,RUS,51,75,0,3,team_b,Yoyogi National Stadium First Gymnasium,,True,fivb_vis,6218,,
fivb_vis:6219,2015-08-22,women,World Cup,WC_WOMEN,other,CUB,KEN,89,95,3,1,team_a,Yoyogi National Stadium First Gymnasium,,True,fivb_vis,6219,,
fivb_vis:6220,2015-08-22,women,World Cup,WC_WOMEN,other,ARG,JPN,47,75,0,3,team_b,Yoyogi National Stadium First Gymnasium,,True,fivb_vis,6220,,
fivb_vis:6221,2015-08-22,women,World Cup,WC_WOMEN,other,USA,KOR,75,52,3,0,team_a,Matsumoto City  General Gymnasium,,True,fivb_vis,6221,,
fivb_vis:6222,2015-08-22,women,World Cup,WC_WOMEN,other,SRB,CHN,82,94,1,3,team_b,Matsumoto City  General Gymnasium,,True,fivb_vis,6222,,
fivb_vis:6223,2015-08-22,women,World Cup,WC_WOMEN,other,PER,DZA,75,45,3,0,team_a,Matsumoto City  General Gymnasium,,True,fivb_vis,6223,,
fivb_vis:6224,2015-08-23,women,World Cup,WC_WOMEN,other,KEN,DOM,67,79,0,3,team_b,Yoyogi National Stadium First Gymnasium,,True,fivb_vis,6224,,
fivb_vis:6225,2015-08-23,women,World Cup,WC_WOMEN,other,ARG,CUB,75,59,3,0,team_a,Yoyogi National Stadium First Gymnasium,,True,fivb_vis,6225,,
fivb_vis:6226,2015-08-23,women,World Cup,WC_WOMEN,other,JPN,RUS,102,100,2,3,team_b,Yoyogi National Stadium First Gymnasium,,True,fivb_vis,6226,,
fivb_vis:6227,2015-08-23,women,World Cup,WC_WOMEN,other,KOR,PER,75,55,3,0,team_a,Matsumoto City  General Gymnasium,,True,fivb_vis,6227,,
fivb_vis:6228,2015-08-23,women,World Cup,WC_WOMEN,other,CHN,DZA,75,24,3,0,team_a,Matsumoto City  General Gymnasium,,True,fivb_vis,6228,,
fivb_vis:6229,2015-08-23,women,World Cup,WC_WOMEN,other,SRB,USA,105,95,3,2,team_a,Matsumoto City  General Gymnasium,,True,fivb_vis,6229,,
fivb_vis:6230,2015-08-24,women,World Cup,WC_WOMEN,other,DOM,ARG,94,83,3,1,team_a,Yoyogi National Stadium First Gymnasium,,True,fivb_vis,6230,,
fivb_vis:6231,2015-08-24,women,World Cup,WC_WOMEN,other,RUS,KEN,75,58,3,0,team_a,Yoyogi National Stadium First Gymnasium,,True,fivb_vis,6231,,
fivb_vis:6232,2015-08-24,women,World Cup,WC_WOMEN,other,CUB,JPN,43,75,0,3,team_b,Yoyogi National Stadium First Gymnasium,,True,fivb_vis,6232,,
fivb_vis:6233,2015-08-24,women,World Cup,WC_WOMEN,other,USA,CHN,75,63,3,0,team_a,Matsumoto City General,,True,fivb_vis,6233,,
fivb_vis:6234,2015-08-24,women,World Cup,WC_WOMEN,other,PER,SRB,37,75,0,3,team_b,Matsumoto City  General Gymnasium,,True,fivb_vis,6234,,
fivb_vis:6235,2015-08-24,women,World Cup,WC_WOMEN,other,DZA,KOR,36,75,0,3,team_b,Matsumoyo City General,,True,fivb_vis,6235,,
fivb_vis:6236,2015-08-26,women,World Cup,WC_WOMEN,other,ARG,RUS,36,75,0,3,team_b,Yoyogi National Stadium First Gymnasium,,True,fivb_vis,6236,,
fivb_vis:6237,2015-08-26,women,World Cup,WC_WOMEN,other,CUB,DOM,92,93,1,3,team_b,Yoyogi National Stadium First Gymnasium,,True,fivb_vis,6237,,
fivb_vis:6238,2015-08-26,women,World Cup,WC_WOMEN,other,JPN,KEN,75,47,3,0,team_a,Yoyogi National Stadium First Gymnasium,,True,fivb_vis,6238,,
fivb_vis:6239,2015-08-26,women,World Cup,WC_WOMEN,other,USA,PER,75,44,3,0,team_a,Matsumoto City  General Gymnasium,,True,fivb_vis,6239,,
fivb_vis:6240,2015-08-26,women,World Cup,WC_WOMEN,other,SRB,DZA,75,21,3,0,team_a,Matsumoto City  General Gymnasium,,True,fivb_vis,6240,,
fivb_vis:6241,2015-08-26,women,World Cup,WC_WOMEN,other,CHN,KOR,98,83,3,1,team_a,Matsumoto City  General Gymnasium,,True,fivb_vis,6241,,
fivb_vis:6242,2015-08-27,women,World Cup,WC_WOMEN,other,RUS,CUB,75,50,3,0,team_a,Yoyogi National Stadium First Gymnasium,,True,fivb_vis,6242,,
fivb_vis:6243,2015-08-27,women,World Cup,WC_WOMEN,other,KEN,ARG,49,75,0,3,team_b,Yoyogi National Stadium First Gymnasium,,True,fivb_vis,6243,,
fivb_vis:6244,2015-08-27,women,World Cup,WC_WOMEN,other,DOM,JPN,103,115,2,3,team_b,Yoyogi National Stadium First Gymnasium,,True,fivb_vis,6244,,
fivb_vis:6245,2015-08-27,women,World Cup,WC_WOMEN,other,DZA,USA,14,75,0,3,team_b,Matsumoto City  General Gymnasium,,True,fivb_vis,6245,,
fivb_vis:6246,2015-08-27,women,World Cup,WC_WOMEN,other,PER,CHN,46,75,0,3,team_b,Matsumoto City  General Gymnasium,,True,fivb_vis,6246,,
fivb_vis:6247,2015-08-27,women,World Cup,WC_WOMEN,other,KOR,SRB,51,75,0,3,team_b,Matsumoto City  General Gymnasium,,True,fivb_vis,6247,,
fivb_vis:6248,2015-08-30,women,World Cup,WC_WOMEN,other,DOM,SRB,62,75,0,3,team_b,Sendai City Gymnasium,,True,fivb_vis,6248,,
fivb_vis:6249,2015-08-30,women,World Cup,WC_WOMEN,other,RUS,KOR,76,66,3,0,team_a,Sendai City Gymnasium,,True,fivb_vis,6249,,
fivb_vis:6250,2015-08-30,women,World Cup,WC_WOMEN,other,JPN,PER,75,55,3,0,team_a,Sendai City Gymnasium,,True,fivb_vis,6250,,
fivb_vis:6251,2015-08-30,women,World Cup,WC_WOMEN,other,ARG,DZA,75,30,3,0,team_a,Momotaro Arena,,True,fivb_vis,6251,,
fivb_vis:6252,2015-08-30,women,World Cup,WC_WOMEN,other,KEN,USA,44,75,0,3,team_b,Momotaro Arena,,True,fivb_vis,6252,,
fivb_vis:6253,2015-08-30,women,World Cup,WC_WOMEN,other,CUB,CHN,43,75,0,3,team_b,Momotaro Arena,,True,fivb_vis,6253,,
fivb_vis:6254,2015-08-31,women,World Cup,WC_WOMEN,other,DOM,PER,97,79,3,1,team_a,Sendai City Gymnasium,,True,fivb_vis,6254,,
fivb_vis:6255,2015-08-31,women,World Cup,WC_WOMEN,other,RUS,SRB,99,109,2,3,team_b,Sendai City Gymnasium,,True,fivb_vis,6255,,
fivb_vis:6256,2015-08-31,women,World Cup,WC_WOMEN,other,JPN,KOR,76,58,3,0,team_a,Sendai City Gymnasium,,True,fivb_vis,6256,,
fivb_vis:6257,2015-08-31,women,World Cup,WC_WOMEN,other,CUB,DZA,75,47,3,0,team_a,Momotaro Arena,,True,fivb_vis,6257,,
fivb_vis:6258,2015-08-31,women,World Cup,WC_WOMEN,other,ARG,USA,49,75,0,3,team_b,Momotaro Arena,,True,fivb_vis,6258,,
fivb_vis:6259,2015-08-31,women,World Cup,WC_WOMEN,other,KEN,CHN,36,75,0,3,team_b,Momotaro Arena,,True,fivb_vis,6259,,
fivb_vis:6260,2015-09-01,women,World Cup,WC_WOMEN,other,RUS,PER,75,44,3,0,team_a,Sendai City Gymnasium,,True,fivb_vis,6260,,
fivb_vis:6261,2015-09-01,women,World Cup,WC_WOMEN,other,DOM,KOR,83,93,1,3,team_b,Sendai City Gymnasium,,True,fivb_vis,6261,,
fivb_vis:6262,2015-09-01,women,World Cup,WC_WOMEN,other,JPN,SRB,91,110,2,3,team_b,Sendai City Gymnasium,,True,fivb_vis,6262,,
fivb_vis:6263,2015-09-01,women,World Cup,WC_WOMEN,other,KEN,DZA,75,36,3,0,team_a,Momotaro Arena,,True,fivb_vis,6263,,
fivb_vis:6264,2015-09-01,women,World Cup,WC_WOMEN,other,ARG,CHN,49,75,0,3,team_b,Momotaro Arena,,True,fivb_vis,6264,,
fivb_vis:6265,2015-09-01,women,World Cup,WC_WOMEN,other,CUB,USA,41,75,0,3,team_b,Momotaro Arena,,True,fivb_vis,6265,,
fivb_vis:6266,2015-09-04,women,World Cup,WC_WOMEN,other,DOM,CHN,52,75,0,3,team_b,Nippongaishi Hall,,True,fivb_vis,6266,,
fivb_vis:6267,2015-09-04,women,World Cup,WC_WOMEN,other,RUS,USA,81,69,3,0,team_a,Nippongaishi Hall,,True,fivb_vis,6267,,
fivb_vis:6268,2015-09-04,women,World Cup,WC_WOMEN,other,JPN,DZA,75,24,3,0,team_a,Nippongaishi Hall,,True,fivb_vis,6268,,
fivb_vis:6269,2015-09-04,women,World Cup,WC_WOMEN,other,ARG,PER,102,104,3,2,team_a,Park Arena Komaki,,True,fivb_vis,6269,,
fivb_vis:6270,2015-09-04,women,World Cup,WC_WOMEN,other,CUB,SRB,56,75,0,3,team_b,Park Arena Komaki,,True,fivb_vis,6270,,
fivb_vis:6271,2015-09-04,women,World Cup,WC_WOMEN,other,KEN,KOR,51,75,0,3,team_b,Park Arena Komaki,,True,fivb_vis,6271,,
fivb_vis:6272,2015-09-05,women,World Cup,WC_WOMEN,other,DOM,DZA,75,30,3,0,team_a,Nippongaishi Hall,,True,fivb_vis,6272,,
fivb_vis:6273,2015-09-05,women,World Cup,WC_WOMEN,other,RUS,CHN,83,98,1,3,team_b,Nippongaishi Hall,,True,fivb_vis,6273,,
fivb_vis:6274,2015-09-05,women,World Cup,WC_WOMEN,other,JPN,USA,78,95,1,3,team_b,Nippongaishi Hall,,True,fivb_vis,6274,,
fivb_vis:6275,2015-09-05,women,World Cup,WC_WOMEN,other,CUB,PER,88,78,3,1,team_a,Park Arena Komaki,,True,fivb_vis,6275,,
fivb_vis:6276,2015-09-05,women,World Cup,WC_WOMEN,other,KEN,SRB,44,75,0,3,team_b,Park Arena Komaki,,True,fivb_vis,6276,,
fivb_vis:6277,2015-09-05,women,World Cup,WC_WOMEN,other,ARG,KOR,58,75,0,3,team_b,Park Arena Komaki,,True,fivb_vis,6277,,
fivb_vis:6278,2015-09-06,women,World Cup,WC_WOMEN,other,RUS,DZA,75,19,3,0,team_a,Nippongaishi Hall,,True,fivb_vis,6278,,
fivb_vis:6279,2015-09-06,women,World Cup,WC_WOMEN,other,DOM,USA,46,75,0,3,team_b,Nippongaishi Hall,,True,fivb_vis,6279,,
fivb_vis:6280,2015-09-06,women,World Cup,WC_WOMEN,other,JPN,CHN,85,97,1,3,team_b,Nippongaishi Hall,,True,fivb_vis,6280,,
fivb_vis:6281,2015-09-06,women,World Cup,WC_WOMEN,other,KEN,PER,117,115,3,2,team_a,Park Arena Komaki,,True,fivb_vis,6281,,
fivb_vis:6282,2015-09-06,women,World Cup,WC_WOMEN,other,ARG,SRB,89,108,2,3,team_b,Park Arena Komaki,,True,fivb_vis,6282,,
fivb_vis:6283,2015-09-06,women,World Cup,WC_WOMEN,other,CUB,KOR,104,113,3,2,team_a,Park Arena Komaki,,True,fivb_vis,6283,,
fivb_vis:6151,2015-09-08,men,World Cup,WC_MEN,other,CAN,ITA,77,97,1,3,team_b,Hiroshima Green Arena,,True,fivb_vis,6151,,
fivb_vis:6152,2015-09-08,men,World Cup,WC_MEN,other,USA,AUS,75,50,3,0,team_a,Hiroshima Green Arena,,True,fivb_vis,6152,,
fivb_vis:6153,2015-09-08,men,World Cup,WC_MEN,other,JPN,EGY,105,94,3,2,team_a,Hiroshima Green Arena,,True,fivb_vis,6153,,
fivb_vis:6154,2015-09-08,men,World Cup,WC_MEN,other,ARG,IRN,101,95,3,1,team_a,Hamamatsu Arena,,True,fivb_vis,6154,,
fivb_vis:6155,2015-09-08,men,World Cup,WC_MEN,other,RUS,VEN,79,58,3,0,team_a,Hamamatsu Arena,,True,fivb_vis,6155,,
fivb_vis:6156,2015-09-08,men,World Cup,WC_MEN,other,POL,TUN,75,52,3,0,team_a,Hamamatsu Arena,,True,fivb_vis,6156,,
fivb_vis:6157,2015-09-09,men,World Cup,WC_MEN,other,AUS,ITA,50,75,0,3,team_b,Hiroshima Green Arena,,True,fivb_vis,6157,,
fivb_vis:6158,2015-09-09,men,World Cup,WC_MEN,other,EGY,CAN,108,110,2,3,team_b,Hiroshima Green Arena,,True,fivb_vis,6158,,
fivb_vis:6159,2015-09-09,men,World Cup,WC_MEN,other,USA,JPN,96,73,3,1,team_a,Hiroshima Green Arena,,True,fivb_vis,6159,,
fivb_vis:6160,2015-09-09,men,World Cup,WC_MEN,other,VEN,ARG,96,119,2,3,team_b,Hamamatsu Arena,,True,fivb_vis,6160,,
fivb_vis:6161,2015-09-09,men,World Cup,WC_MEN,other,TUN,IRN,76,96,1,3,team_b,Hamamatsu Arena,,True,fivb_vis,6161,,
fivb_vis:6162,2015-09-09,men,World Cup,WC_MEN,other,POL,RUS,103,94,3,1,team_a,Hamamatsu Arena,,True,fivb_vis,6162,,
fivb_vis:6163,2015-09-10,men,World Cup,WC_MEN,other,ITA,EGY,96,84,3,1,team_a,Hiroshima Green Arena,,True,fivb_vis,6163,,
fivb_vis:6164,2015-09-10,men,World Cup,WC_MEN,other,CAN,USA,58,75,0,3,team_b,Hiroshima Green Arena,,True,fivb_vis,6164,,
fivb_vis:6165,2015-09-10,men,World Cup,WC_MEN,other,JPN,AUS,100,83,3,1,team_a,Hiroshima Green Arena,,True,fivb_vis,6165,,
fivb_vis:6166,2015-09-10,men,World Cup,WC_MEN,other,IRN,VEN,75,52,3,0,team_a,Hamamatsu Arena,,True,fivb_vis,6166,,
fivb_vis:6167,2015-09-10,men,World Cup,WC_MEN,other,ARG,POL,89,96,1,3,team_b,Hamamatsu Arena,,True,fivb_vis,6167,,
fivb_vis:6168,2015-09-10,men,World Cup,WC_MEN,other,RUS,TUN,79,60,3,0,team_a,Hamamatsu Arena,,True,fivb_vis,6168,,
fivb_vis:6169,2015-09-12,men,World Cup,WC_MEN,other,USA,ITA,79,68,3,0,team_a,Hiroshima Green Arena,,True,fivb_vis,6169,,
fivb_vis:6170,2015-09-12,men,World Cup,WC_MEN,other,AUS,EGY,109,110,3,2,team_a,Hiroshima Green Arena,,True,fivb_vis,6170,,
fivb_vis:6171,2015-09-12,men,World Cup,WC_MEN,other,JPN,CAN,75,53,3,0,team_a,Hiroshima Green Arena,,True,fivb_vis,6171,,
fivb_vis:6172,2015-09-12,men,World Cup,WC_MEN,other,POL,IRN,106,96,3,2,team_a,Hamamatsu Arena,,True,fivb_vis,6172,,
fivb_vis:6173,2015-09-12,men,World Cup,WC_MEN,other,TUN,VEN,107,109,2,3,team_b,Hamamatsu Arena,,True,fivb_vis,6173,,
fivb_vis:6174,2015-09-12,men,World Cup,WC_MEN,other,RUS,ARG,96,82,3,1,team_a,Hamamatsu Arena,,True,fivb_vis,6174,,
fivb_vis:6175,2015-09-13,men,World Cup,WC_MEN,other,EGY,USA,54,75,0,3,team_b,Hiroshima Green Arena,,True,fivb_vis,6175,,
fivb_vis:6176,2015-09-13,men,World Cup,WC_MEN,other,CAN,AUS,129,116,3,2,team_a,Hiroshima Green Arena,,True,fivb_vis,6176,,
fivb_vis:6177,2015-09-13,men,World Cup,WC_MEN,other,ITA,JPN,75,56,3,0,team_a,Hiroshima Green Arena,,True,fivb_vis,6177,,
fivb_vis:6178,2015-09-13,men,World Cup,WC_MEN,other,VEN,POL,89,100,1,3,team_b,Hamamatsu Arena,,True,fivb_vis,6178,,
fivb_vis:6179,2015-09-13,men,World Cup,WC_MEN,other,ARG,TUN,75,59,3,0,team_a,Hamamatsu Arena,,True,fivb_vis,6179,,
fivb_vis:6180,2015-09-13,men,World Cup,WC_MEN,other,IRN,RUS,62,76,0,3,team_b,Hamamatsu Arena,,True,fivb_vis,6180,,
fivb_vis:6181,2015-09-16,men,World Cup,WC_MEN,other,USA,VEN,75,54,3,0,team_a,Osaka Municipal Central Gymnasium,,True,fivb_vis,6181,,
fivb_vis:6182,2015-09-16,men,World Cup,WC_MEN,other,ITA,IRN,75,63,3,0,team_a,Osaka Municipal Central Gymnasium,,True,fivb_vis,6182,,
fivb_vis:6183,2015-09-16,men,World Cup,WC_MEN,other,JPN,TUN,75,59,3,0,team_a,Osaka Municipal Central Gymnasium,,True,fivb_vis,6183,,
fivb_vis:6184,2015-09-16,men,World Cup,WC_MEN,other,EGY,ARG,58,75,0,3,team_b,Toyama City Gymnasium,,True,fivb_vis,6184,,
fivb_vis:6185,2015-09-16,men,World Cup,WC_MEN,other,CAN,POL,78,98,1,3,team_b,Toyama City Gymnasium,,True,fivb_vis,6185,,
fivb_vis:6186,2015-09-16,men,World Cup,WC_MEN,other,AUS,RUS,58,76,0,3,team_b,Toyama City Gymnasium,,True,fivb_vis,6186,,
fivb_vis:6187,2015-09-17,men,World Cup,WC_MEN,other,USA,IRN,95,87,3,1,team_a,Osaka Municipal Central Gymnasium,,True,fivb_vis,6187,,
fivb_vis:6188,2015-09-17,men,World Cup,WC_MEN,other,ITA,TUN,75,63,3,0,team_a,Osaka Municipal Central Gymnasium,,True,fivb_vis,6188,,
fivb_vis:6189,2015-09-17,men,World Cup,WC_MEN,other,JPN,VEN,84,74,3,0,team_a,Osaka Municipal Central Gymnasium,,True,fivb_vis,6189,,
fivb_vis:6190,2015-09-17,men,World Cup,WC_MEN,other,EGY,POL,61,75,0,3,team_b,Toyama City Gymnasium,,True,fivb_vis,6190,,
fivb_vis:6191,2015-09-17,men,World Cup,WC_MEN,other,CAN,RUS,56,75,0,3,team_b,Toyama City Gymnasium,,True,fivb_vis,6191,,
fivb_vis:6192,2015-09-17,men,World Cup,WC_MEN,other,AUS,ARG,60,75,0,3,team_b,Toyama City Gymnasium,,True,fivb_vis,6192,,
fivb_vis:6193,2015-09-18,men,World Cup,WC_MEN,other,USA,TUN,79,60,3,0,team_a,Osaka Municipal Central Gymnasium,,True,fivb_vis,6193,,
fivb_vis:6194,2015-09-18,men,World Cup,WC_MEN,other,ITA,VEN,75,56,3,0,team_a,Osaka Municipal Central Gymnasium,,True,fivb_vis,6194,,
fivb_vis:6195,2015-09-18,men,World Cup,WC_MEN,other,JPN,IRN,101,110,2,3,team_b,Osaka Municipal Central Gymnasium,,True,fivb_vis,6195,,
fivb_vis:6196,2015-09-18,men,World Cup,WC_MEN,other,EGY,RUS,62,76,0,3,team_b,Toyama City Gymnasium,,True,fivb_vis,6196,,
fivb_vis:6197,2015-09-18,men,World Cup,WC_MEN,other,CAN,ARG,95,102,1,3,team_b,Toyama City Gymnasium,,True,fivb_vis,6197,,
fivb_vis:6198,2015-09-18,men,World Cup,WC_MEN,other,AUS,POL,54,75,0,3,team_b,Toyama City Gymnasium,,True,fivb_vis,6198,,
fivb_vis:6199,2015-09-21,men,World Cup,WC_MEN,other,ITA,RUS,76,57,3,0,team_a,Yoyogi National Stadium First Gymnasium,,True,fivb_vis,6199,,
fivb_vis:6200,2015-09-21,men,World Cup,WC_MEN,other,JPN,ARG,67,76,0,3,team_b,Yoyogi National Stadium First Gymnasium,,True,fivb_vis,6200,,
fivb_vis:6201,2015-09-21,men,World Cup,WC_MEN,other,USA,POL,82,92,1,3,team_b,Yoyogi National Stadium First Gymnasium,,True,fivb_vis,6201,,
fivb_vis:6202,2015-09-21,men,World Cup,WC_MEN,other,EGY,TUN,111,99,3,2,team_a,Tokyo Metropolitan Gymnasium,,True,fivb_vis,6202,,
fivb_vis:6203,2015-09-21,men,World Cup,WC_MEN,other,CAN,VEN,75,63,3,0,team_a,Tokyo Metropolitan Gymnasium,,True,fivb_vis,6203,,
fivb_vis:6204,2015-09-21,men,World Cup,WC_MEN,other,AUS,IRN,79,72,3,0,team_a,Tokyo Metropolitan Gymnasium,,True,fivb_vis,6204,,
fivb_vis:6205,2015-09-22,men,World Cup,WC_MEN,other,ITA,ARG,108,105,3,2,team_a,Yoyogi National Stadium First Gymnasium,,True,fivb_vis,6205,,
fivb_vis:6206,2015-09-22,men,World Cup,WC_MEN,other,JPN,POL,91,101,1,3,team_b,Yoyogi National Stadium First Gymnasium,,True,fivb_vis,6206,,
fivb_vis:6207,2015-09-22,men,World Cup,WC_MEN,other,USA,RUS,76,64,3,0,team_a,Yoyogi National Stadium First Gymnasium,,True,fivb_vis,6207,,
fivb_vis:6208,2015-09-22,men,World Cup,WC_MEN,other,EGY,VEN,95,81,3,1,team_a,Tokyo Metropolitan Gymnasium,,True,fivb_vis,6208,,
fivb_vis:6209,2015-09-22,men,World Cup,WC_MEN,other,CAN,IRN,80,74,3,0,team_a,Tokyo Metropolitan Gymnasium,,True,fivb_vis,6209,,
fivb_vis:6210,2015-09-22,men,World Cup,WC_MEN,other,AUS,TUN,75,55,3,0,team_a,Tokyo Metropolitan Gymnasium,,True,fivb_vis,6210,,
fivb_vis:6211,2015-09-23,men,World Cup,WC_MEN,other,ITA,POL,98,90,3,1,team_a,Yoyogi National Stadium First Gymnasium,,True,fivb_vis,6211,,
fivb_vis:6212,2015-09-23,men,World Cup,WC_MEN,other,JPN,RUS,101,113,2,3,team_b,Yoyogi National Stadium First Gymnasium,,True,fivb_vis,6212,,
fivb_vis:6213,2015-09-23,men,World Cup,WC_MEN,other,USA,ARG,92,86,3,1,team_a,Yoyogi National Stadium First Gymnasium,,True,fivb_vis,6213,,
fivb_vis:6214,2015-09-23,men,World Cup,WC_MEN,other,EGY,IRN,52,75,0,3,team_b,Tokyo Metropolitan Gymnasium,,True,fivb_vis,6214,,
fivb_vis:6215,2015-09-23,men,World Cup,WC_MEN,other,CAN,TUN,75,57,3,0,team_a,Tokyo Metropolitan Gymnasium,,True,fivb_vis,6215,,
fivb_vis:6216,2015-09-23,men,World Cup,WC_MEN,other,AUS,VEN,97,83,3,1,team_a,Tokyo Metropolitan Gymnasium,,True,fivb_vis,6216,,
fivb_vis:634,2009-08-14,men,World Championship,WCH_MEN,other,CAN,BHS,75,49,3,0,team_a,Coliseo de Ciudad Deportiva,,True,fivb_vis,634,,
fivb_vis:635,2009-08-14,men,World Championship,WCH_MEN,other,CUB,SUR,75,35,3,0,team_a,Coliseo de Ciudad Deportiva,,True,fivb_vis,635,,
fivb_vis:636,2009-08-15,men,World Championship,WCH_MEN,other,SUR,CAN,43,75,0,3,team_b,Coliseo de Ciudad Deportiva,,True,fivb_vis,636,,
fivb_vis:637,2009-08-15,men,World Championship,WCH_MEN,other,BHS,CUB,36,75,0,3,team_b,Coliseo de Ciudad Deportiva,,True,fivb_vis,637,,
fivb_vis:638,2009-08-16,men,World Championship,WCH_MEN,other,SUR,BHS,93,103,2,3,team_b,Coliseo de Ciudad Deportiva,,True,fivb_vis,638,,
fivb_vis:639,2009-08-16,men,World Championship,WCH_MEN,other,CUB,CAN,76,64,3,0,team_a,Coliseo de Ciudad Deportiva,,True,fivb_vis,639,,
fivb_vis:7119,2016-05-20,women,Olympic Games,OG_WOMEN,other,KEN,COL,42,75,0,3,team_b,Coliseo Roberto Clemente,,True,fivb_vis,7119,,
fivb_vis:7120,2016-05-20,women,Olympic Games,OG_WOMEN,other,PRI,DZA,75,33,3,0,team_a,Coliseo Roberto Clemente,,True,fivb_vis,7120,,
fivb_vis:7121,2016-05-21,women,Olympic Games,OG_WOMEN,other,KEN,DZA,98,69,3,1,team_a,Coliseo Roberto Clemente,,True,fivb_vis,7121,,
fivb_vis:7122,2016-05-21,women,Olympic Games,OG_WOMEN,other,PRI,COL,76,59,3,0,team_a,Coliseo Roberto Clemente,,True,fivb_vis,7122,,
fivb_vis:7123,2016-05-22,women,Olympic Games,OG_WOMEN,other,DZA,COL,46,75,0,3,team_b,Coliseo Roberto Clemente,,True,fivb_vis,7123,,
fivb_vis:7124,2016-05-22,women,Olympic Games,OG_WOMEN,other,PRI,KEN,75,46,3,0,team_a,Coliseo Roberto Clemente,,True,fivb_vis,7124,,
fivb_vis:7039,2016-06-03,men,Olympic Games,OG_MEN,other,CHL,TUN,75,63,3,0,team_a,Gimnasio OlÝmpico Juan de la Barrera,,True,fivb_vis,7039,,
fivb_vis:7040,2016-06-03,men,Olympic Games,OG_MEN,other,MEX,DZA,75,58,3,0,team_a,Gimnasio OlÝmpico Juan de la Barrera,,True,fivb_vis,7040,,
fivb_vis:7041,2016-06-04,men,Olympic Games,OG_MEN,other,TUN,DZA,98,84,3,1,team_a,Gimnasio OlÝmpico Juan de la Barrera,,True,fivb_vis,7041,,
fivb_vis:7042,2016-06-04,men,Olympic Games,OG_MEN,other,MEX,CHL,97,90,3,1,team_a,Gimnasio OlÝmpico Juan de la Barrera,,True,fivb_vis,7042,,
fivb_vis:7043,2016-06-05,men,Olympic Games,OG_MEN,other,DZA,CHL,85,98,1,3,team_b,Gimnasio OlÝmpico Juan de la Barrera,,True,fivb_vis,7043,,
fivb_vis:7044,2016-06-05,men,Olympic Games,OG_MEN,other,MEX,TUN,114,112,2,3,team_b,Gimnasio OlÝmpico Juan de la Barrera,,True,fivb_vis,7044,,
fivb_vis:640,2009-08-28,men,World Championship,WCH_MEN,other,DOM,CAN,59,75,0,3,team_b,Complejo Panamericano Manuel Avila C.,,True,fivb_vis,640,,
fivb_vis:641,2009-08-28,men,World Championship,WCH_MEN,other,MEX,PAN,75,52,3,0,team_a,Complejo Panamericano Manuel Avila C.,,True,fivb_vis,641,,
fivb_vis:642,2009-08-29,men,World Championship,WCH_MEN,other,CAN,PAN,75,42,3,0,team_a,Complejo Panamericano Manuel Avila C.,,True,fivb_vis,642,,
fivb_vis:643,2009-08-29,men,World Championship,WCH_MEN,other,MEX,DOM,109,97,3,2,team_a,Complejo Panamericano Manuel Avila C.,,True,fivb_vis,643,,
fivb_vis:644,2009-08-30,men,World Championship,WCH_MEN,other,PAN,DOM,50,75,0,3,team_b,Complejo Panamericano Manuel Avila C.,,True,fivb_vis,644,,
fivb_vis:645,2009-08-30,men,World Championship,WCH_MEN,other,MEX,CAN,50,75,0,3,team_b,Complejo Panamericano Manuel Avila C.,,True,fivb_vis,645,,
fivb_vis:646,2009-08-28,men,World Championship,WCH_MEN,other,CHL,COL,102,105,2,3,team_b,Polideportivo Ave Fenix,,True,fivb_vis,646,,
fivb_vis:647,2009-08-28,men,World Championship,WCH_MEN,other,ARG,BOL,75,40,3,0,team_a,Polideportivo Ave Fenix,,True,fivb_vis,647,,
fivb_vis:648,2009-08-29,men,World Championship,WCH_MEN,other,BOL,COL,57,75,0,3,team_b,Polideportivo Ave Fenix,,True,fivb_vis,648,,
fivb_vis:649,2009-08-29,men,World Championship,WCH_MEN,other,ARG,CHL,75,53,3,0,team_a,Polideportivo Ave Fenix,,True,fivb_vis,649,,
fivb_vis:650,2009-08-30,men,World Championship,WCH_MEN,other,BOL,CHL,98,108,2,3,team_b,Polideportivo Ave Fenix,,True,fivb_vis,650,,
fivb_vis:651,2009-08-30,men,World Championship,WCH_MEN,other,ARG,COL,75,54,3,0,team_a,Polideportivo Ave Fenix,,True,fivb_vis,651,,
fivb_vis:652,2009-08-10,men,World Championship,WCH_MEN,other,ECU,URY,67,75,0,3,team_b,Domo Olimpico,,True,fivb_vis,652,,
fivb_vis:653,2009-08-10,men,World Championship,WCH_MEN,other,PRY,VEN,42,75,0,3,team_b,Domo Olimpico,,True,fivb_vis,653,,
fivb_vis:654,2009-08-11,men,World Championship,WCH_MEN,other,URY,PRY,85,94,1,3,team_b,Domo Olimpico,,True,fivb_vis,654,,
fivb_vis:655,2009-08-11,men,World Championship,WCH_MEN,other,VEN,ECU,75,44,3,0,team_a,Domo Olimpico,,True,fivb_vis,655,,
fivb_vis:656,2009-08-12,men,World Championship,WCH_MEN,other,PRY,ECU,98,86,3,1,team_a,Domo Olimpico,,True,fivb_vis,656,,
fivb_vis:657,2009-08-12,men,World Championship,WCH_MEN,other,URY,VEN,47,75,0,3,team_b,Domo Olimpico,,True,fivb_vis,657,,
fivb_vis:5158,2014-05-15,men,World Championship,WCH_MEN,other,GTM,HTI,75,45,3,0,team_a,Olympic Training Center,,True,fivb_vis,5158,,
fivb_vis:5159,2014-05-15,men,World Championship,WCH_MEN,other,USA,LCA,75,31,3,0,team_a,Olympic Training Center,,True,fivb_vis,5159,,
fivb_vis:5166,2014-05-16,men,World Championship,WCH_MEN,other,HTI,LCA,92,95,3,1,team_a,Olympic Training Center,,True,fivb_vis,5166,,
fivb_vis:5169,2014-05-16,men,World Championship,WCH_MEN,other,USA,GTM,75,42,3,0,team_a,Olympic Training Center,,True,fivb_vis,5169,,
fivb_vis:5175,2014-05-17,men,World Championship,WCH_MEN,other,LCA,GTM,55,75,0,3,team_b,Olympic Training Center,,True,fivb_vis,5175,,
fivb_vis:5177,2014-05-17,men,World Championship,WCH_MEN,other,USA,HTI,75,32,3,0,team_a,Olympic Training Center,,True,fivb_vis,5177,,
fivb_vis:5184,2014-05-18,men,World Championship,WCH_MEN,other,HTI,LCA,106,98,2,3,team_b,Olympic Training Center,,True,fivb_vis,5184,,
fivb_vis:5185,2014-05-18,men,World Championship,WCH_MEN,other,USA,GTM,75,55,3,0,team_a,Olympic Training Center,,True,fivb_vis,5185,,
fivb_vis:5155,2014-05-15,women,World Championship,WCH_WOMEN,other,PAN,HND,95,71,3,1,team_a,Olympic Training Center,,True,fivb_vis,5155,,
fivb_vis:5156,2014-05-15,women,World Championship,WCH_WOMEN,other,USA,GTM,75,39,3,0,team_a,Olympic Training Center,,True,fivb_vis,5156,,
fivb_vis:5160,2014-05-16,women,World Championship,WCH_WOMEN,other,HND,GTM,87,100,1,3,team_b,Olympic Training Center,,True,fivb_vis,5160,,
fivb_vis:5163,2014-05-16,women,World Championship,WCH_WOMEN,other,USA,PAN,75,37,3,0,team_a,Olympic Training Center,,True,fivb_vis,5163,,
fivb_vis:5171,2014-05-17,women,World Championship,WCH_WOMEN,other,PAN,GTM,99,100,3,2,team_a,Olympic Training Center,,True,fivb_vis,5171,,
fivb_vis:5173,2014-05-17,women,World Championship,WCH_WOMEN,other,USA,HND,75,41,3,0,team_a,Olympic Training Center,,True,fivb_vis,5173,,
fivb_vis:5179,2014-05-18,women,World Championship,WCH_WOMEN,other,GTM,HND,110,105,3,2,team_a,Olympic Training Center,,True,fivb_vis,5179,,
fivb_vis:5181,2014-05-18,women,World Championship,WCH_WOMEN,other,USA,PAN,75,28,3,0,team_a,Olympic Training Center,,True,fivb_vis,5181,,
fivb_vis:711,2007-11-18,men,World Cup,WC_MEN,other,AUS,KOR,124,117,3,2,team_a,Saitama Super Arena,,True,fivb_vis,711,,
fivb_vis:712,2007-11-18,men,World Cup,WC_MEN,other,ARG,RUS,55,75,0,3,team_b,Saitama Super Arena,,True,fivb_vis,712,,
fivb_vis:713,2007-11-18,men,World Cup,WC_MEN,other,JPN,TUN,107,106,2,3,team_b,Saitama Super Arena,,True,fivb_vis,713,,
fivb_vis:714,2007-11-18,men,World Cup,WC_MEN,other,EGY,PRI,53,75,0,3,team_b,Matsumoto City General Gymnasium,,True,fivb_vis,714,,
fivb_vis:715,2007-11-18,men,World Cup,WC_MEN,other,BGR,ESP,94,83,3,1,team_a,Matsumoto City General Gymnasium,,True,fivb_vis,715,,
fivb_vis:716,2007-11-18,men,World Cup,WC_MEN,other,BRA,USA,74,83,0,3,team_b,Matsumoto City General Gymnasium,,True,fivb_vis,716,,
fivb_vis:717,2007-11-19,men,World Cup,WC_MEN,other,AUS,RUS,58,78,0,3,team_b,Saitama Super Arena,,True,fivb_vis,717,,
fivb_vis:718,2007-11-19,men,World Cup,WC_MEN,other,ARG,TUN,98,88,3,1,team_a,Saitama Super Arena,,True,fivb_vis,718,,
fivb_vis:719,2007-11-19,men,World Cup,WC_MEN,other,JPN,KOR,75,56,3,0,team_a,Saitama Super Arena,,True,fivb_vis,719,,
fivb_vis:720,2007-11-19,men,World Cup,WC_MEN,other,BGR,EGY,98,80,3,1,team_a,Matsumoto City General Gymnasium,,True,fivb_vis,720,,
fivb_vis:721,2007-11-19,men,World Cup,WC_MEN,other,PRI,USA,95,85,3,1,team_a,Matsumoto City General Gymnasium,,True,fivb_vis,721,,
fivb_vis:722,2007-11-19,men,World Cup,WC_MEN,other,BRA,ESP,80,61,3,0,team_a,Matsumoto City General Gymnasium,,True,fivb_vis,722,,
fivb_vis:723,2007-11-20,men,World Cup,WC_MEN,other,RUS,TUN,97,68,3,1,team_a,Saitama Super Arena,,True,fivb_vis,723,,
fivb_vis:724,2007-11-20,men,World Cup,WC_MEN,other,ARG,KOR,76,66,3,0,team_a,Saitama Super Arena,,True,fivb_vis,724,,
fivb_vis:725,2007-11-20,men,World Cup,WC_MEN,other,JPN,AUS,61,75,0,3,team_b,Saitama Super Arena,,True,fivb_vis,725,,
fivb_vis:726,2007-11-20,men,World Cup,WC_MEN,other,BGR,PRI,96,85,3,1,team_a,Matsumoto City General Gymnasium,,True,fivb_vis,726,,
fivb_vis:727,2007-11-20,men,World Cup,WC_MEN,other,ESP,USA,98,90,3,1,team_a,Matsumoto City General Gymnasium,,True,fivb_vis,727,,
fivb_vis:728,2007-11-20,men,World Cup,WC_MEN,other,BRA,EGY,75,49,3,0,team_a,Matsumoto City General Gymnasium,,True,fivb_vis,728,,
fivb_vis:729,2007-11-22,men,World Cup,WC_MEN,other,KOR,RUS,49,75,0,3,team_b,Hiroshima Green Arena,,True,fivb_vis,729,,
fivb_vis:730,2007-11-22,men,World Cup,WC_MEN,other,AUS,TUN,111,105,3,1,team_a,Hiroshima Green Arena,,True,fivb_vis,730,,
fivb_vis:731,2007-11-22,men,World Cup,WC_MEN,other,JPN,ARG,76,66,3,0,team_a,Hiroshima Green Arena,,True,fivb_vis,731,,
fivb_vis:732,2007-11-22,men,World Cup,WC_MEN,other,EGY,ESP,59,75,0,3,team_b,Toyama City General Gymnasium,,True,fivb_vis,732,,
fivb_vis:733,2007-11-22,men,World Cup,WC_MEN,other,BRA,PRI,75,51,3,0,team_a,Toyama City General Gymnasium,,True,fivb_vis,733,,
fivb_vis:734,2007-11-22,men,World Cup,WC_MEN,other,BGR,USA,116,117,2,3,team_b,Toyama City General Gymnasium,,True,fivb_vis,734,,
fivb_vis:735,2007-11-23,men,World Cup,WC_MEN,other,KOR,TUN,109,98,3,2,team_a,Hiroshima Green Arena,,True,fivb_vis,735,,
fivb_vis:736,2007-11-23,men,World Cup,WC_MEN,other,ARG,AUS,96,83,3,1,team_a,Hiroshima Green Arena,,True,fivb_vis,736,,
fivb_vis:737,2007-11-23,men,World Cup,WC_MEN,other,JPN,RUS,62,75,0,3,team_b,Hiroshima Green Arena,,True,fivb_vis,737,,
fivb_vis:738,2007-11-23,men,World Cup,WC_MEN,other,ESP,PRI,58,75,0,3,team_b,Toyama City General Gymnasium,,True,fivb_vis,738,,
fivb_vis:739,2007-11-23,men,World Cup,WC_MEN,other,BRA,BGR,75,54,3,0,team_a,Toyama City General Gymnasium,,True,fivb_vis,739,,
fivb_vis:740,2007-11-23,men,World Cup,WC_MEN,other,EGY,USA,59,75,0,3,team_b,Toyama City General Gymnasium,,True,fivb_vis,740,,
fivb_vis:741,2007-11-25,men,World Cup,WC_MEN,other,ARG,PRI,106,100,3,2,team_a,Marine Messe Fukuoka,,True,fivb_vis,741,,
fivb_vis:742,2007-11-25,men,World Cup,WC_MEN,other,ESP,RUS,49,75,0,3,team_b,Marine Messe Fukuoka,,True,fivb_vis,742,,
fivb_vis:743,2007-11-25,men,World Cup,WC_MEN,other,JPN,EGY,105,99,3,2,team_a,Marine Messe Fukuoka,,True,fivb_vis,743,,
fivb_vis:744,2007-11-25,men,World Cup,WC_MEN,other,TUN,USA,80,97,1,3,team_b,Momotaro Arena,,True,fivb_vis,744,,
fivb_vis:745,2007-11-25,men,World Cup,WC_MEN,other,BGR,KOR,75,59,3,0,team_a,Momotaro Arena,,True,fivb_vis,745,,
fivb_vis:746,2007-11-25,men,World Cup,WC_MEN,other,BRA,AUS,75,59,3,0,team_a,Momotaro Arena,,True,fivb_vis,746,,
fivb_vis:747,2007-11-26,men,World Cup,WC_MEN,other,ARG,ESP,64,76,0,3,team_b,Marine Messe Fukuoka,,True,fivb_vis,747,,
fivb_vis:748,2007-11-26,men,World Cup,WC_MEN,other,EGY,RUS,56,75,0,3,team_b,Marine Messe Fukuoka,,True,fivb_vis,748,,
fivb_vis:749,2007-11-26,men,World Cup,WC_MEN,other,JPN,PRI,67,75,0,3,team_b,Marine Messe Fukuoka,,True,fivb_vis,749,,
fivb_vis:750,2007-11-26,men,World Cup,WC_MEN,other,KOR,USA,51,75,0,3,team_b,Momotaro Arena,,True,fivb_vis,750,,
fivb_vis:751,2007-11-26,men,World Cup,WC_MEN,other,AUS,BGR,49,75,0,3,team_b,Momotaro Arena,,True,fivb_vis,751,,
fivb_vis:752,2007-11-26,men,World Cup,WC_MEN,other,BRA,TUN,75,56,3,0,team_a,Momotaro Arena,,True,fivb_vis,752,,
fivb_vis:753,2007-11-27,men,World Cup,WC_MEN,other,ARG,EGY,91,87,3,1,team_a,Marine Messe Fukuoka,,True,fivb_vis,753,,
fivb_vis:754,2007-11-27,men,World Cup,WC_MEN,other,PRI,RUS,62,75,0,3,team_b,Marine Messe Fukuoka,,True,fivb_vis,754,,
fivb_vis:755,2007-11-27,men,World Cup,WC_MEN,other,JPN,ESP,82,99,1,3,team_b,Marine Messe Fukuoka,,True,fivb_vis,755,,
fivb_vis:756,2007-11-27,men,World Cup,WC_MEN,other,AUS,USA,48,75,0,3,team_b,Momotaro Arena,,True,fivb_vis,756,,
fivb_vis:757,2007-11-27,men,World Cup,WC_MEN,other,BGR,TUN,98,81,3,1,team_a,Momotaro Arena,,True,fivb_vis,757,,
fivb_vis:758,2007-11-27,men,World Cup,WC_MEN,other,BRA,KOR,75,57,3,0,team_a,Momotaro Arena,,True,fivb_vis,758,,
fivb_vis:759,2007-11-30,men,World Cup,WC_MEN,other,ARG,BRA,58,75,0,3,team_b,Tokyo Metropolitan Gymnasium,,True,fivb_vis,759,,
fivb_vis:760,2007-11-30,men,World Cup,WC_MEN,other,BGR,RUS,110,105,3,2,team_a,Tokyo Metropolitan Gymnasium,,True,fivb_vis,760,,
fivb_vis:761,2007-11-30,men,World Cup,WC_MEN,other,JPN,USA,62,77,0,3,team_b,Tokyo Metropolitan Gymnasium,,True,fivb_vis,761,,
fivb_vis:762,2007-11-30,men,World Cup,WC_MEN,other,PRI,TUN,75,57,3,0,team_a,Komazawa Gymnasium,,True,fivb_vis,762,,
fivb_vis:763,2007-11-30,men,World Cup,WC_MEN,other,EGY,KOR,96,82,3,1,team_a,Komazawa Gymnasium,,True,fivb_vis,763,,
fivb_vis:764,2007-11-30,men,World Cup,WC_MEN,other,AUS,ESP,60,75,0,3,team_b,Komazawa Gymnasium,,True,fivb_vis,764,,
fivb_vis:765,2007-12-01,men,World Cup,WC_MEN,other,ARG,USA,53,75,0,3,team_b,Tokyo Metropolitan Gymnasium,,True,fivb_vis,765,,
fivb_vis:766,2007-12-01,men,World Cup,WC_MEN,other,BRA,RUS,75,62,3,0,team_a,Tokyo Metropolitan Gymnasium,,True,fivb_vis,766,,
fivb_vis:767,2007-12-01,men,World Cup,WC_MEN,other,JPN,BGR,85,97,1,3,team_b,Tokyo Metropolitan Gymnasium,,True,fivb_vis,767,,
fivb_vis:768,2007-12-01,men,World Cup,WC_MEN,other,EGY,TUN,93,89,3,1,team_a,Komazawa Gymnasium,,True,fivb_vis,768,,
fivb_vis:769,2007-12-01,men,World Cup,WC_MEN,other,ESP,KOR,78,65,3,0,team_a,Komazawa Gymnasium,,True,fivb_vis,769,,
fivb_vis:770,2007-12-01,men,World Cup,WC_MEN,other,AUS,PRI,90,85,3,1,team_a,Komazawa Gymnasium,,True,fivb_vis,770,,
fivb_vis:771,2007-12-02,men,World Cup,WC_MEN,other,ARG,BGR,62,75,0,3,team_b,Tokyo Metropolitan Gymnasium,,True,fivb_vis,771,,
fivb_vis:772,2007-12-02,men,World Cup,WC_MEN,other,RUS,USA,107,98,3,2,team_a,Tokyo Metropolitan Gymnasium,,True,fivb_vis,772,,
fivb_vis:773,2007-12-02,men,World Cup,WC_MEN,other,JPN,BRA,83,98,1,3,team_b,Tokyo Metropolitan Gymnasium,,True,fivb_vis,773,,
fivb_vis:774,2007-12-02,men,World Cup,WC_MEN,other,ESP,TUN,96,81,3,1,team_a,Komazawa Gymnasium,,True,fivb_vis,774,,
fivb_vis:775,2007-12-02,men,World Cup,WC_MEN,other,KOR,PRI,107,100,3,2,team_a,Komazawa Gymnasium,,True,fivb_vis,775,,
fivb_vis:776,2007-12-02,men,World Cup,WC_MEN,other,AUS,EGY,82,98,1,3,team_b,Komazawa Gymnasium,,True,fivb_vis,776,,
fivb_vis:5157,2014-05-15,women,World Championship,WCH_WOMEN,other,SLV,NIC,46,75,0,3,team_b,Polideportivo Leoncio Mercedes,,True,fivb_vis,5157,,
fivb_vis:5164,2014-05-16,women,World Championship,WCH_WOMEN,other,NIC,GLP,94,85,3,1,team_a,Polideportivo Leoncio Mercedes,,True,fivb_vis,5164,,
fivb_vis:5167,2014-05-16,women,World Championship,WCH_WOMEN,other,DOM,SLV,75,33,3,0,team_a,Polideportivo Leoncio Mercedes,,True,fivb_vis,5167,,
fivb_vis:5161,2014-05-16,men,World Championship,WCH_MEN,other,TTO,CRI,106,100,2,3,team_b,Hersey Centre,,True,fivb_vis,5161,,
fivb_vis:5168,2014-05-16,men,World Championship,WCH_MEN,other,CAN,PAN,75,47,3,0,team_a,Hersey Centre,,True,fivb_vis,5168,,
fivb_vis:5172,2014-05-17,men,World Championship,WCH_MEN,other,CRI,PAN,98,89,3,1,team_a,Hersey Centre,,True,fivb_vis,5172,,
fivb_vis:5174,2014-05-17,men,World Championship,WCH_MEN,other,CAN,TTO,75,45,3,0,team_a,Hersey Centre,,True,fivb_vis,5174,,
fivb_vis:5178,2014-05-18,men,World Championship,WCH_MEN,other,PAN,TTO,101,90,3,1,team_a,Hersey Centre,,True,fivb_vis,5178,,
fivb_vis:5183,2014-05-18,men,World Championship,WCH_MEN,other,CAN,CRI,75,42,3,0,team_a,Hersey Centre,,True,fivb_vis,5183,,
fivb_vis:5187,2014-05-19,men,World Championship,WCH_MEN,other,PAN,TTO,86,101,1,3,team_b,Hershey Centre,,True,fivb_vis,5187,,
fivb_vis:5188,2014-05-19,men,World Championship,WCH_MEN,other,CAN,CRI,75,45,3,0,team_a,Hershey Centre,,True,fivb_vis,5188,,
fivb_vis:5162,2014-05-16,women,World Championship,WCH_WOMEN,other,MEX,VIR,75,45,3,0,team_a,Hersey Centre,,True,fivb_vis,5162,,
fivb_vis:5165,2014-05-16,women,World Championship,WCH_WOMEN,other,CAN,JAM,75,28,3,0,team_a,Hersey Centre,,True,fivb_vis,5165,,
fivb_vis:5170,2014-05-17,women,World Championship,WCH_WOMEN,other,JAM,VIR,75,55,3,0,team_a,Hersey Centre,,True,fivb_vis,5170,,
fivb_vis:5176,2014-05-17,women,World Championship,WCH_WOMEN,other,CAN,MEX,97,77,3,1,team_a,Hersey Centre,,True,fivb_vis,5176,,
fivb_vis:5180,2014-05-18,women,World Championship,WCH_WOMEN,other,MEX,JAM,75,48,3,0,team_a,Hersey Centre,,True,fivb_vis,5180,,
fivb_vis:5182,2014-05-18,women,World Championship,WCH_WOMEN,other,CAN,VIR,75,32,3,0,team_a,Hersey Centre,,True,fivb_vis,5182,,
fivb_vis:5186,2014-05-19,women,World Championship,WCH_WOMEN,other,JAM,VIR,75,34,3,0,team_a,Hershey Centre,,True,fivb_vis,5186,,
fivb_vis:5189,2014-05-19,women,World Championship,WCH_WOMEN,other,CAN,MEX,75,52,3,0,team_a,Hershey Centre,,True,fivb_vis,5189,,
fivb_vis:5443,2014-07-16,women,World Championship,WCH_WOMEN,other,MEX,CRI,75,42,3,0,team_a,UWI SPEC,,True,fivb_vis,5443,,
fivb_vis:5444,2014-07-16,women,World Championship,WCH_WOMEN,other,TTO,PAN,75,48,3,0,team_a,UWI SPEC,,True,fivb_vis,5444,,
fivb_vis:5445,2014-07-17,women,World Championship,WCH_WOMEN,other,PAN,MEX,48,75,0,3,team_b,UWI SPEC,,True,fivb_vis,5445,,
fivb_vis:5446,2014-07-17,women,World Championship,WCH_WOMEN,other,TTO,NIC,76,56,3,0,team_a,UWI SPEC,,True,fivb_vis,5446,,
fivb_vis:5449,2014-07-18,women,World Championship,WCH_WOMEN,other,NIC,PAN,99,71,3,1,team_a,UWI SPEC,,True,fivb_vis,5449,,
fivb_vis:5450,2014-07-18,women,World Championship,WCH_WOMEN,other,TTO,CRI,75,58,3,0,team_a,UWI SPEC,,True,fivb_vis,5450,,
fivb_vis:5453,2014-07-19,women,World Championship,WCH_WOMEN,other,CRI,PAN,98,81,3,1,team_a,UWI SPEC,,True,fivb_vis,5453,,
fivb_vis:5454,2014-07-19,women,World Championship,WCH_WOMEN,other,NIC,MEX,45,75,0,3,team_b,UWI SPEC,,True,fivb_vis,5454,,
fivb_vis:5455,2014-07-20,women,World Championship,WCH_WOMEN,other,NIC,CRI,92,102,1,3,team_b,UWI SPEC,,True,fivb_vis,5455,,
fivb_vis:5456,2014-07-20,women,World Championship,WCH_WOMEN,other,TTO,MEX,60,81,0,3,team_b,UWI SPEC,,True,fivb_vis,5456,,
fivb_vis:777,2006-11-17,men,World Championship,WCH_MEN,other,POL,CHN,75,62,3,0,team_a,Saitama Super Arena,,True,fivb_vis,777,,
fivb_vis:778,2006-11-17,men,World Championship,WCH_MEN,other,PRI,ARG,117,121,3,2,team_a,Saitama Super Arena,,True,fivb_vis,778,,
fivb_vis:779,2006-11-17,men,World Championship,WCH_MEN,other,EGY,JPN,98,113,2,3,team_b,Saitama Super Arena,,True,fivb_vis,779,,
fivb_vis:780,2006-11-17,men,World Championship,WCH_MEN,other,CUB,BRA,81,96,1,3,team_b,Marine Messe Fukuoka,,True,fivb_vis,780,,
fivb_vis:781,2006-11-17,men,World Championship,WCH_MEN,other,GRC,FRA,86,97,1,3,team_b,Marine Messe Fukuoka,,True,fivb_vis,781,,
fivb_vis:782,2006-11-17,men,World Championship,WCH_MEN,other,DEU,AUS,100,96,3,1,team_a,Marine Messe Fukuoka,,True,fivb_vis,782,,
fivb_vis:783,2006-11-17,men,World Championship,WCH_MEN,other,USA,VEN,82,95,1,3,team_b,Nagano White Ring,,True,fivb_vis,783,,
fivb_vis:784,2006-11-17,men,World Championship,WCH_MEN,other,CZE,IRN,75,64,3,0,team_a,Nagano White Ring,,True,fivb_vis,784,,
fivb_vis:785,2006-11-17,men,World Championship,WCH_MEN,other,ITA,BGR,98,102,2,3,team_b,Nagano White Ring,,True,fivb_vis,785,,
fivb_vis:786,2006-11-17,men,World Championship,WCH_MEN,other,CAN,KAZ,76,66,3,0,team_a,Sendai City Gymnasium,,True,fivb_vis,786,,
fivb_vis:787,2006-11-17,men,World Championship,WCH_MEN,other,RUS,XSCG,63,75,0,3,team_b,Sendai City Gymnasium,,True,fivb_vis,787,,
fivb_vis:788,2006-11-17,men,World Championship,WCH_MEN,other,TUN,KOR,109,112,3,2,team_a,Sendai City Gymnasium,,True,fivb_vis,788,,
fivb_vis:789,2006-11-18,men,World Championship,WCH_MEN,other,ARG,POL,65,75,0,3,team_b,Saitama Super Arena,,True,fivb_vis,789,,
fivb_vis:790,2006-11-18,men,World Championship,WCH_MEN,other,EGY,PRI,111,107,3,2,team_a,Saitama Super Arena,,True,fivb_vis,790,,
fivb_vis:791,2006-11-18,men,World Championship,WCH_MEN,other,JPN,CHN,105,110,2,3,team_b,Saitama Super Arena,,True,fivb_vis,791,,
fivb_vis:792,2006-11-18,men,World Championship,WCH_MEN,other,BRA,GRC,75,53,3,0,team_a,Marine Messe Fukuoka,,True,fivb_vis,792,,
fivb_vis:793,2006-11-18,men,World Championship,WCH_MEN,other,AUS,FRA,101,105,1,3,team_b,Marine Messe Fukuoka,,True,fivb_vis,793,,
fivb_vis:794,2006-11-18,men,World Championship,WCH_MEN,other,DEU,CUB,75,57,3,0,team_a,Marine Messe Fukuoka,,True,fivb_vis,794,,
fivb_vis:795,2006-11-18,men,World Championship,WCH_MEN,other,IRN,VEN,82,98,1,3,team_b,Nagano White Ring,,True,fivb_vis,795,,
fivb_vis:796,2006-11-18,men,World Championship,WCH_MEN,other,CZE,ITA,64,75,0,3,team_b,Nagano White Ring,,True,fivb_vis,796,,
fivb_vis:797,2006-11-18,men,World Championship,WCH_MEN,other,BGR,USA,80,71,3,0,team_a,Nagano White Ring,,True,fivb_vis,797,,
fivb_vis:798,2006-11-18,men,World Championship,WCH_MEN,other,RUS,TUN,79,62,3,0,team_a,Sendai City Gymnasium,,True,fivb_vis,798,,
fivb_vis:799,2006-11-18,men,World Championship,WCH_MEN,other,XSCG,KAZ,97,81,3,1,team_a,Sendai City Gymnasium,,True,fivb_vis,799,,
fivb_vis:800,2006-11-18,men,World Championship,WCH_MEN,other,KOR,CAN,90,101,1,3,team_b,Sendai City Gymnasium,,True,fivb_vis,800,,
fivb_vis:801,2006-11-19,men,World Championship,WCH_MEN,other,CHN,ARG,103,106,2,3,team_b,Saitama Super Arena,,True,fivb_vis,801,,
fivb_vis:802,2006-11-19,men,World Championship,WCH_MEN,other,POL,EGY,76,56,3,0,team_a,Saitama Super Arena,,True,fivb_vis,802,,
fivb_vis:803,2006-11-19,men,World Championship,WCH_MEN,other,PRI,JPN,102,107,1,3,team_b,Saitama Super Arena,,True,fivb_vis,803,,
fivb_vis:804,2006-11-19,men,World Championship,WCH_MEN,other,CUB,AUS,75,54,3,0,team_a,Marine Messe Fukuoka,,True,fivb_vis,804,,
fivb_vis:805,2006-11-19,men,World Championship,WCH_MEN,other,GRC,DEU,69,78,0,3,team_b,Marine Messe Fukuoka,,True,fivb_vis,805,,
fivb_vis:806,2006-11-19,men,World Championship,WCH_MEN,other,FRA,BRA,99,97,3,1,team_a,Marine Messe Fukuoka,,True,fivb_vis,806,,
fivb_vis:807,2006-11-19,men,World Championship,WCH_MEN,other,USA,CZE,90,84,3,1,team_a,Nagano White Ring,,True,fivb_vis,807,,
fivb_vis:808,2006-11-19,men,World Championship,WCH_MEN,other,VEN,BGR,81,97,1,3,team_b,Nagano White Ring,,True,fivb_vis,808,,
fivb_vis:809,2006-11-19,men,World Championship,WCH_MEN,other,ITA,IRN,96,80,3,1,team_a,Nagano White Ring,,True,fivb_vis,809,,
fivb_vis:810,2006-11-19,men,World Championship,WCH_MEN,other,KAZ,KOR,86,98,1,3,team_b,Sendai City Gymnasium,,True,fivb_vis,810,,
fivb_vis:811,2006-11-19,men,World Championship,WCH_MEN,other,TUN,XSCG,56,75,0,3,team_b,Sendai City Gymnasium,,True,fivb_vis,811,,
fivb_vis:812,2006-11-19,men,World Championship,WCH_MEN,other,CAN,RUS,60,75,0,3,team_b,Sendai City Gymnasium,,True,fivb_vis,812,,
fivb_vis:813,2006-11-21,men,World Championship,WCH_MEN,other,EGY,CHN,116,119,2,3,team_b,Saitama Super Arena,,True,fivb_vis,813,,
fivb_vis:814,2006-11-21,men,World Championship,WCH_MEN,other,PRI,POL,67,75,0,3,team_b,Saitama Super Arena,,True,fivb_vis,814,,
fivb_vis:815,2006-11-21,men,World Championship,WCH_MEN,other,JPN,ARG,101,91,3,1,team_a,Saitama Super Arena,,True,fivb_vis,815,,
fivb_vis:816,2006-11-21,men,World Championship,WCH_MEN,other,CUB,GRC,106,103,3,2,team_a,Marine Messe Fukuoka,,True,fivb_vis,816,,
fivb_vis:817,2006-11-21,men,World Championship,WCH_MEN,other,AUS,BRA,61,75,0,3,team_b,Marine Messe Fukuoka,,True,fivb_vis,817,,
fivb_vis:818,2006-11-21,men,World Championship,WCH_MEN,other,DEU,FRA,100,94,3,1,team_a,Marine Messe Fukuoka,,True,fivb_vis,818,,
fivb_vis:819,2006-11-21,men,World Championship,WCH_MEN,other,IRN,BGR,60,75,0,3,team_b,Nagano White Ring,,True,fivb_vis,819,,
fivb_vis:820,2006-11-21,men,World Championship,WCH_MEN,other,CZE,VEN,75,53,3,0,team_a,Nagano White Ring,,True,fivb_vis,820,,
fivb_vis:821,2006-11-21,men,World Championship,WCH_MEN,other,ITA,USA,97,82,3,1,team_a,Nagano White Ring,,True,fivb_vis,821,,
fivb_vis:822,2006-11-21,men,World Championship,WCH_MEN,other,TUN,CAN,103,113,2,3,team_b,Sendai City Gymnasium,,True,fivb_vis,822,,
fivb_vis:823,2006-11-21,men,World Championship,WCH_MEN,other,XSCG,KOR,98,86,3,1,team_a,Sendai City Gymnasium,,True,fivb_vis,823,,
fivb_vis:824,2006-11-21,men,World Championship,WCH_MEN,other,RUS,KAZ,75,52,3,0,team_a,Sendai City Gymnasium,,True,fivb_vis,824,,
fivb_vis:825,2006-11-22,men,World Championship,WCH_MEN,other,CHN,PRI,79,97,1,3,team_b,Saitama Super Arena,,True,fivb_vis,825,,
fivb_vis:826,2006-11-22,men,World Championship,WCH_MEN,other,ARG,EGY,104,89,3,1,team_a,Saitama Super Arena,,True,fivb_vis,826,,
fivb_vis:827,2006-11-22,men,World Championship,WCH_MEN,other,POL,JPN,75,62,3,0,team_a,Saitama Super Arena,,True,fivb_vis,827,,
fivb_vis:828,2006-11-22,men,World Championship,WCH_MEN,other,BRA,DEU,75,56,3,0,team_a,Marine Messe Fukuoka,,True,fivb_vis,828,,
fivb_vis:829,2006-11-22,men,World Championship,WCH_MEN,other,FRA,CUB,96,82,3,1,team_a,Marine Messe Fukuoka,,True,fivb_vis,829,,
fivb_vis:830,2006-11-22,men,World Championship,WCH_MEN,other,GRC,AUS,97,90,3,1,team_a,Marine Messe Fukuoka,,True,fivb_vis,830,,
fivb_vis:831,2006-11-22,men,World Championship,WCH_MEN,other,BGR,CZE,95,88,3,1,team_a,Nagano White Ring,,True,fivb_vis,831,,
fivb_vis:832,2006-11-22,men,World Championship,WCH_MEN,other,USA,IRN,75,64,3,0,team_a,Nagano White Ring,,True,fivb_vis,832,,
fivb_vis:833,2006-11-22,men,World Championship,WCH_MEN,other,VEN,ITA,74,97,1,3,team_b,Nagano White Ring,,True,fivb_vis,833,,
fivb_vis:834,2006-11-22,men,World Championship,WCH_MEN,other,KAZ,TUN,66,76,0,3,team_b,Sendai City Gymnasium,,True,fivb_vis,834,,
fivb_vis:835,2006-11-22,men,World Championship,WCH_MEN,other,CAN,XSCG,53,75,0,3,team_b,Sendai City Gymnasium,,True,fivb_vis,835,,
fivb_vis:836,2006-11-22,men,World Championship,WCH_MEN,other,KOR,RUS,47,75,0,3,team_b,Sendai City Gymnasium,,True,fivb_vis,836,,
fivb_vis:837,2006-11-25,men,World Championship,WCH_MEN,other,PRI,XSCG,89,95,1,3,team_b,Sendai City Gymnasium,,True,fivb_vis,837,,
fivb_vis:838,2006-11-25,men,World Championship,WCH_MEN,other,ARG,RUS,52,75,0,3,team_b,Sendai City Gymnasium,,True,fivb_vis,838,,
fivb_vis:839,2006-11-25,men,World Championship,WCH_MEN,other,JPN,CAN,98,85,3,1,team_a,Sendai City Gymnasium,,True,fivb_vis,839,,
fivb_vis:840,2006-11-25,men,World Championship,WCH_MEN,other,POL,TUN,75,63,3,0,team_a,Sendai City Gymnasium,,True,fivb_vis,840,,
fivb_vis:841,2006-11-25,men,World Championship,WCH_MEN,other,BRA,USA,75,60,3,0,team_a,Hiroshima Prefectural Sports Center,,True,fivb_vis,841,,
fivb_vis:842,2006-11-25,men,World Championship,WCH_MEN,other,FRA,CZE,75,60,3,0,team_a,Hiroshima Prefectural Sports Center,,True,fivb_vis,842,,
fivb_vis:843,2006-11-25,men,World Championship,WCH_MEN,other,DEU,ITA,61,75,0,3,team_b,Hiroshima Prefectural Sports Center,,True,fivb_vis,843,,
fivb_vis:844,2006-11-25,men,World Championship,WCH_MEN,other,CUB,BGR,60,75,0,3,team_b,Hiroshima Prefectural Sports Center,,True,fivb_vis,844,,
fivb_vis:845,2006-11-26,men,World Championship,WCH_MEN,other,PRI,RUS,51,75,0,3,team_b,Sendai City Gymnasium,,True,fivb_vis,845,,
fivb_vis:846,2006-11-26,men,World Championship,WCH_MEN,other,ARG,XSCG,77,99,1,3,team_b,Sendai City Gymnasium,,True,fivb_vis,846,,
fivb_vis:847,2006-11-26,men,World Championship,WCH_MEN,other,JPN,TUN,111,101,3,2,team_a,Sendai City Gymnasium,,True,fivb_vis,847,,
fivb_vis:848,2006-11-26,men,World Championship,WCH_MEN,other,POL,CAN,75,55,3,0,team_a,Sendai City Gymnasium,,True,fivb_vis,848,,
fivb_vis:849,2006-11-26,men,World Championship,WCH_MEN,other,BRA,CZE,76,66,3,0,team_a,Hiroshima Prefectural Sports Center,,True,fivb_vis,849,,
fivb_vis:850,2006-11-26,men,World Championship,WCH_MEN,other,FRA,USA,106,91,3,2,team_a,Hiroshima Prefectural Sports Center,,True,fivb_vis,850,,
fivb_vis:851,2006-11-26,men,World Championship,WCH_MEN,other,DEU,BGR,85,98,1,3,team_b,Hiroshima Prefectural Sports Center,,True,fivb_vis,851,,
fivb_vis:852,2006-11-26,men,World Championship,WCH_MEN,other,CUB,ITA,75,98,1,3,team_b,Hiroshima Prefectural Sports Center,,True,fivb_vis,852,,
fivb_vis:853,2006-11-28,men,World Championship,WCH_MEN,other,PRI,CAN,75,59,3,0,team_a,Sendai City Gymnasium,,True,fivb_vis,853,,
fivb_vis:854,2006-11-28,men,World Championship,WCH_MEN,other,ARG,TUN,111,105,3,2,team_a,Sendai City Gymnasium,,True,fivb_vis,854,,
fivb_vis:855,2006-11-28,men,World Championship,WCH_MEN,other,JPN,XSCG,63,78,0,3,team_b,Sendai City Gymnasium,,True,fivb_vis,855,,
fivb_vis:856,2006-11-28,men,World Championship,WCH_MEN,other,POL,RUS,103,103,3,2,team_a,Sendai City Gymnasium,,True,fivb_vis,856,,
fivb_vis:857,2006-11-28,men,World Championship,WCH_MEN,other,BRA,ITA,75,63,3,0,team_a,Hiroshima Prefectural Sports Center,,True,fivb_vis,857,,
fivb_vis:858,2006-11-28,men,World Championship,WCH_MEN,other,FRA,BGR,104,110,2,3,team_b,Hiroshima Prefectural Sports Center,,True,fivb_vis,858,,
fivb_vis:859,2006-11-28,men,World Championship,WCH_MEN,other,DEU,USA,116,110,2,3,team_b,Hiroshima Prefectural Sports Center,,True,fivb_vis,859,,
fivb_vis:860,2006-11-28,men,World Championship,WCH_MEN,other,CUB,CZE,107,103,3,1,team_a,Hiroshima Prefectural Sports Center,,True,fivb_vis,860,,
fivb_vis:861,2006-11-29,men,World Championship,WCH_MEN,other,PRI,TUN,124,122,2,3,team_b,Sendai City Gymnasium,,True,fivb_vis,861,,
fivb_vis:862,2006-11-29,men,World Championship,WCH_MEN,other,ARG,CAN,104,102,2,3,team_b,Sendai City Gymnasium,,True,fivb_vis,862,,
fivb_vis:863,2006-11-29,men,World Championship,WCH_MEN,other,JPN,RUS,58,75,0,3,team_b,Sendai City Gymnasium,,True,fivb_vis,863,,
fivb_vis:864,2006-11-29,men,World Championship,WCH_MEN,other,POL,XSCG,78,64,3,0,team_a,Sendai City Gymnasium,,True,fivb_vis,864,,
fivb_vis:865,2006-11-29,men,World Championship,WCH_MEN,other,BRA,BGR,95,85,3,1,team_a,Hiroshima Prefectural Sports Center,,True,fivb_vis,865,,
fivb_vis:866,2006-11-29,men,World Championship,WCH_MEN,other,FRA,ITA,105,100,3,2,team_a,Hiroshima Prefectural Sports Center,,True,fivb_vis,866,,
fivb_vis:867,2006-11-29,men,World Championship,WCH_MEN,other,DEU,CZE,84,100,1,3,team_b,Hiroshima Prefectural Sports Center,,True,fivb_vis,867,,
fivb_vis:868,2006-11-29,men,World Championship,WCH_MEN,other,CUB,USA,61,75,0,3,team_b,Hiroshima Prefectural Sports Center,,True,fivb_vis,868,,
fivb_vis:869,2006-12-02,men,World Championship,WCH_MEN,other,POL,BGR,101,94,3,1,team_a,Yoyogi National Stadium,,True,fivb_vis,869,,
fivb_vis:870,2006-12-02,men,World Championship,WCH_MEN,other,BRA,XSCG,90,78,3,1,team_a,Yoyogi National Stadium,,True,fivb_vis,870,,
fivb_vis:871,2006-12-02,men,World Championship,WCH_MEN,other,RUS,ITA,65,75,0,3,team_b,Tokyo Metropolitan Gymnasium,,True,fivb_vis,871,,
fivb_vis:872,2006-12-02,men,World Championship,WCH_MEN,other,FRA,JPN,100,80,3,1,team_a,Yoyogi National Stadium,,True,fivb_vis,872,,
fivb_vis:873,2006-12-02,men,World Championship,WCH_MEN,other,PRI,DEU,81,98,1,3,team_b,Tokyo Metropolitan Gymnasium,,True,fivb_vis,873,,
fivb_vis:874,2006-12-02,men,World Championship,WCH_MEN,other,USA,CAN,101,102,3,2,team_a,Tokyo Metropolitan Gymnasium,,True,fivb_vis,874,,
fivb_vis:875,2006-12-03,men,World Championship,WCH_MEN,other,DEU,USA,112,102,3,2,team_a,Tokyo Metropolitan Gymnasium,,True,fivb_vis,875,,
fivb_vis:876,2006-12-03,men,World Championship,WCH_MEN,other,PRI,CAN,85,93,1,3,team_b,Yoyogi National Stadium,,True,fivb_vis,876,,
fivb_vis:877,2006-12-03,men,World Championship,WCH_MEN,other,ITA,FRA,80,64,3,0,team_a,Tokyo Metropolitan Gymnasium,,True,fivb_vis,877,,
fivb_vis:878,2006-12-03,men,World Championship,WCH_MEN,other,RUS,JPN,97,78,3,1,team_a,Yoyogi National Stadium,,True,fivb_vis,878,,
fivb_vis:879,2006-12-03,men,World Championship,WCH_MEN,other,BGR,XSCG,97,94,3,1,team_a,Yoyogi National Stadium,,True,fivb_vis,879,,
fivb_vis:880,2006-12-03,men,World Championship,WCH_MEN,other,POL,BRA,51,75,0,3,team_b,Yoyogi National Stadium,,True,fivb_vis,880,,
fivb_vis:6140,2015-05-21,men,NORCECA Championship,NORCECA_MEN,other,CAN,CUB,75,57,3,0,team_a,Joe Louis Arena,,True,fivb_vis,6140,,
fivb_vis:6141,2015-05-21,men,NORCECA Championship,NORCECA_MEN,other,USA,MEX,75,44,3,0,team_a,Joe Louis Arena,,True,fivb_vis,6141,,
fivb_vis:6142,2015-05-22,men,NORCECA Championship,NORCECA_MEN,other,MEX,CAN,45,75,0,3,team_b,Joe Louis Arena,,True,fivb_vis,6142,,
fivb_vis:6143,2015-05-23,men,NORCECA Championship,NORCECA_MEN,other,CUB,MEX,75,54,3,0,team_a,Joe Louis Arena,,True,fivb_vis,6143,,
fivb_vis:6144,2015-05-23,men,NORCECA Championship,NORCECA_MEN,other,USA,CAN,108,107,2,3,team_b,Joe Louis Arena,,True,fivb_vis,6144,,
fivb_vis:896,2009-11-10,women,World Cup,WC_WOMEN,other,THA,ITA,69,77,0,3,team_b,Tokyo Metropolitan Gym,,True,fivb_vis,896,,
fivb_vis:897,2009-11-10,women,World Cup,WC_WOMEN,other,DOM,BRA,56,75,0,3,team_b,Tokyo Metropolitan Gym,,True,fivb_vis,897,,
fivb_vis:898,2009-11-10,women,World Cup,WC_WOMEN,other,JPN,KOR,99,76,3,1,team_a,Tokyo Metropolitan Gym,,True,fivb_vis,898,,
fivb_vis:899,2009-11-11,women,World Cup,WC_WOMEN,other,THA,DOM,92,92,1,3,team_b,Tokyo Metropolitan Gym,,True,fivb_vis,899,,
fivb_vis:900,2009-11-11,women,World Cup,WC_WOMEN,other,ITA,KOR,116,106,3,2,team_a,Tokyo Metropolitan Gym,,True,fivb_vis,900,,
fivb_vis:901,2009-11-11,women,World Cup,WC_WOMEN,other,BRA,JPN,99,91,3,1,team_a,Tokyo Metropolitan Gym,,True,fivb_vis,901,,
fivb_vis:902,2009-11-12,women,World Cup,WC_WOMEN,other,KOR,BRA,58,78,0,3,team_b,Tokyo Metropolitan Gym,,True,fivb_vis,902,,
fivb_vis:903,2009-11-12,women,World Cup,WC_WOMEN,other,DOM,ITA,57,75,0,3,team_b,Tokyo Metropolitan Gym,,True,fivb_vis,903,,
fivb_vis:904,2009-11-12,women,World Cup,WC_WOMEN,other,JPN,THA,75,51,3,0,team_a,Tokyo Metropolitan Gym,,True,fivb_vis,904,,
fivb_vis:905,2009-11-14,women,World Cup,WC_WOMEN,other,THA,KOR,98,95,2,3,team_b,Marine Messe Fukuoka,,True,fivb_vis,905,,
fivb_vis:906,2009-11-14,women,World Cup,WC_WOMEN,other,ITA,BRA,75,65,3,0,team_a,Marine Messe Fukuoka,,True,fivb_vis,906,,
fivb_vis:907,2009-11-14,women,World Cup,WC_WOMEN,other,DOM,JPN,99,82,3,1,team_a,Marine Messe Fukuoka,,True,fivb_vis,907,,
fivb_vis:908,2009-11-15,women,World Cup,WC_WOMEN,other,BRA,THA,75,60,3,0,team_a,Marine Messe Fukuoka,,True,fivb_vis,908,,
fivb_vis:909,2009-11-15,women,World Cup,WC_WOMEN,other,KOR,DOM,57,75,0,3,team_b,Marine Messe Fukuoka,,True,fivb_vis,909,,
fivb_vis:910,2009-11-15,women,World Cup,WC_WOMEN,other,JPN,ITA,96,106,1,3,team_b,Marine Messe Fukuoka,,True,fivb_vis,910,,
fivb_vis:6714,2015-10-05,men,NORCECA Championship,NORCECA_MEN,other,CUB,CRI,75,45,3,0,team_a,ARENA CORDOBA,,True,fivb_vis,6714,,
fivb_vis:6715,2015-10-05,men,NORCECA Championship,NORCECA_MEN,other,CAN,HND,75,33,3,0,team_a,ARENA CORDOBA,,True,fivb_vis,6715,,
fivb_vis:6716,2015-10-05,men,NORCECA Championship,NORCECA_MEN,other,MEX,TTO,75,60,3,0,team_a,ARENA CORDOBA,,True,fivb_vis,6716,,
fivb_vis:6717,2015-10-06,men,NORCECA Championship,NORCECA_MEN,other,TTO,CUB,36,75,0,3,team_b,ARENA CORDOBA,,True,fivb_vis,6717,,
fivb_vis:6718,2015-10-06,men,NORCECA Championship,NORCECA_MEN,other,HND,PRI,48,75,0,3,team_b,ARENA CORDOBA,,True,fivb_vis,6718,,
fivb_vis:6719,2015-10-06,men,NORCECA Championship,NORCECA_MEN,other,MEX,CRI,75,58,3,0,team_a,ARENA CORDOBA,,True,fivb_vis,6719,,
fivb_vis:6720,2015-10-07,men,NORCECA Championship,NORCECA_MEN,other,CRI,TTO,95,87,3,1,team_a,ARENA CORDOBA,,True,fivb_vis,6720,,
fivb_vis:6721,2015-10-07,men,NORCECA Championship,NORCECA_MEN,other,PRI,CAN,63,75,0,3,team_b,ARENA CORDOBA,,True,fivb_vis,6721,,
fivb_vis:6722,2015-10-07,men,NORCECA Championship,NORCECA_MEN,other,MEX,CUB,49,75,0,3,team_b,ARENA CORDOBA,,True,fivb_vis,6722,,
fivb_vis:6723,2015-10-08,men,NORCECA Championship,NORCECA_MEN,other,PRI,CRI,75,55,3,0,team_a,ARENA CORDOBA,,True,fivb_vis,6723,,
fivb_vis:6724,2015-10-08,men,NORCECA Championship,NORCECA_MEN,other,MEX,HND,75,55,3,0,team_a,ARENA CORDOBA,,True,fivb_vis,6724,,
fivb_vis:6725,2015-10-09,men,NORCECA Championship,NORCECA_MEN,other,CRI,HND,100,108,2,3,team_b,ARENA CORDOBA,,True,fivb_vis,6725,,
fivb_vis:6726,2015-10-09,men,NORCECA Championship,NORCECA_MEN,other,CUB,PRI,95,90,3,1,team_a,ARENA CORDOBA,,True,fivb_vis,6726,,
fivb_vis:6727,2015-10-10,men,NORCECA Championship,NORCECA_MEN,other,TTO,CRI,77,61,3,0,team_a,ARENA CORDOBA,,True,fivb_vis,6727,,
fivb_vis:6728,2015-10-10,men,NORCECA Championship,NORCECA_MEN,other,MEX,PRI,63,75,0,3,team_b,ARENA CORDOBA,,True,fivb_vis,6728,,
fivb_vis:6729,2015-10-10,men,NORCECA Championship,NORCECA_MEN,other,CAN,CUB,94,83,3,1,team_a,ARENA CORDOBA,,True,fivb_vis,6729,,
fivb_vis:6702,2015-09-27,women,NORCECA Championship,NORCECA_WOMEN,other,CRI,USA,39,75,0,3,team_b,Auditorio Bicentenario,,True,fivb_vis,6702,,
fivb_vis:6703,2015-09-27,women,NORCECA Championship,NORCECA_WOMEN,other,DOM,PRI,103,101,3,2,team_a,Auditorio Bicentenario,,True,fivb_vis,6703,,
fivb_vis:6704,2015-09-27,women,NORCECA Championship,NORCECA_WOMEN,other,CUB,CAN,104,105,2,3,team_b,Auditorio Bicentenario,,True,fivb_vis,6704,,
fivb_vis:6705,2015-09-27,women,NORCECA Championship,NORCECA_WOMEN,other,MEX,TTO,75,51,3,0,team_a,Auditorio Bicentenario,,True,fivb_vis,6705,,
fivb_vis:7017,2016-01-07,women,Olympic Games,OG_WOMEN,other,DOM,PRI,92,84,3,1,team_a,PINNACLE BANK ARENA,,True,fivb_vis,7017,,
fivb_vis:7018,2016-01-07,women,Olympic Games,OG_WOMEN,other,USA,CAN,75,51,3,0,team_a,Pinnacle Bank Arena,,True,fivb_vis,7018,,
fivb_vis:7019,2016-01-08,women,Olympic Games,OG_WOMEN,other,CAN,DOM,87,101,1,3,team_b,Pinnacle Bank Arena,,True,fivb_vis,7019,,
fivb_vis:7020,2016-01-08,women,Olympic Games,OG_WOMEN,other,USA,PRI,99,66,3,1,team_a,Pinnacle Bank Arena,,True,fivb_vis,7020,,
fivb_vis:7021,2016-01-09,women,Olympic Games,OG_WOMEN,other,PRI,CAN,82,67,3,0,team_a,Pinnacle Bank Arena,,True,fivb_vis,7021,,
fivb_vis:7022,2016-01-09,women,Olympic Games,OG_WOMEN,other,USA,DOM,75,56,3,0,team_a,Pinnacle Bank Arena,,True,fivb_vis,7022,,
fivb_vis:7023,2016-01-08,men,Olympic Games,OG_MEN,other,CAN,MEX,75,58,3,0,team_a,Saville Community Sports Centre,,True,fivb_vis,7023,,
fivb_vis:7024,2016-01-08,men,Olympic Games,OG_MEN,other,CUB,PRI,83,73,3,0,team_a,Saville Community Sports Centre,,True,fivb_vis,7024,,
fivb_vis:7025,2016-01-09,men,Olympic Games,OG_MEN,other,CAN,PRI,75,61,3,0,team_a,Saville Community Sports Centre,,True,fivb_vis,7025,,
fivb_vis:7026,2016-01-09,men,Olympic Games,OG_MEN,other,MEX,CUB,60,75,0,3,team_b,Saville Community Sports Centre,,True,fivb_vis,7026,,
fivb_vis:7027,2016-01-10,men,Olympic Games,OG_MEN,other,PRI,MEX,108,106,2,3,team_b,Saville Community Sports Centre,,True,fivb_vis,7027,,
fivb_vis:7028,2016-01-10,men,Olympic Games,OG_MEN,other,CAN,CUB,57,75,0,3,team_b,Saville Community Sports Centre,,True,fivb_vis,7028,,
fivb_vis:7063,2016-05-14,women,Olympic Games,OG_WOMEN,other,KOR,ITA,82,100,1,3,team_b,Tokyo Metropolitan Gymnasium,,True,fivb_vis,7063,,
fivb_vis:7064,2016-05-14,women,Olympic Games,OG_WOMEN,other,THA,DOM,102,88,3,1,team_a,Tokyo Metropolitan Gymnasium,,True,fivb_vis,7064,,
fivb_vis:7065,2016-05-14,women,Olympic Games,OG_WOMEN,other,KAZ,NLD,59,96,1,3,team_b,Tokyo Metropolitan Gymnasium,,True,fivb_vis,7065,,
fivb_vis:7066,2016-05-14,women,Olympic Games,OG_WOMEN,other,JPN,PER,75,47,3,0,team_a,Tokyo Metropolitan Gymnasium,,True,fivb_vis,7066,,
fivb_vis:7067,2016-05-15,women,Olympic Games,OG_WOMEN,other,ITA,THA,92,74,3,1,team_a,Tokyo Metropolitan Gymnasium,,True,fivb_vis,7067,,
fivb_vis:7068,2016-05-15,women,Olympic Games,OG_WOMEN,other,PER,DOM,76,62,3,0,team_a,Tokyo Metropolitan Gymnasium,,True,fivb_vis,7068,,
fivb_vis:7069,2016-05-15,women,Olympic Games,OG_WOMEN,other,NLD,KOR,71,79,0,3,team_b,Tokyo Metropolitan Gymnasium,,True,fivb_vis,7069,,
fivb_vis:7070,2016-05-15,women,Olympic Games,OG_WOMEN,other,JPN,KAZ,75,40,3,0,team_a,Tokyo Metropolitan Gymnasium,,True,fivb_vis,7070,,
fivb_vis:7071,2016-05-17,women,Olympic Games,OG_WOMEN,other,KAZ,PER,93,94,1,3,team_b,Tokyo Metropolitan Gymnasium,,True,fivb_vis,7071,,
fivb_vis:7072,2016-05-17,women,Olympic Games,OG_WOMEN,other,DOM,ITA,68,75,0,3,team_b,Tokyo Metropolitan Gymnasium,,True,fivb_vis,7072,,
fivb_vis:7073,2016-05-17,women,Olympic Games,OG_WOMEN,other,THA,NLD,50,75,0,3,team_b,Tokyo Metropolitan Gymnasium,,True,fivb_vis,7073,,
fivb_vis:7074,2016-05-17,women,Olympic Games,OG_WOMEN,other,KOR,JPN,95,87,3,1,team_a,Tokyo Metropolitan Gymnasium,,True,fivb_vis,7074,,
fivb_vis:7075,2016-05-18,women,Olympic Games,OG_WOMEN,other,PER,ITA,52,75,0,3,team_b,Tokyo Metropolitan Gymnasium,,True,fivb_vis,7075,,
fivb_vis:7076,2016-05-18,women,Olympic Games,OG_WOMEN,other,KAZ,KOR,48,75,0,3,team_b,Tokyo Metropolitan Gymnasium,,True,fivb_vis,7076,,
fivb_vis:7077,2016-05-18,women,Olympic Games,OG_WOMEN,other,NLD,DOM,75,61,3,0,team_a,Tokyo Metropolitan Gymnasium,,True,fivb_vis,7077,,
fivb_vis:7078,2016-05-18,women,Olympic Games,OG_WOMEN,other,JPN,THA,108,109,3,2,team_a,Tokyo Metropolitan Gymnasium,,True,fivb_vis,7078,,
fivb_vis:7079,2016-05-20,women,Olympic Games,OG_WOMEN,other,THA,KAZ,75,52,3,0,team_a,Tokyo Metropolitan Gymnasium,,True,fivb_vis,7079,,
fivb_vis:7080,2016-05-20,women,Olympic Games,OG_WOMEN,other,KOR,PER,93,82,3,1,team_a,Tokyo Metropolitan Gymnasium,,True,fivb_vis,7080,,
fivb_vis:7081,2016-05-20,women,Olympic Games,OG_WOMEN,other,ITA,NLD,56,75,0,3,team_b,Tokyo Metropolitan Gymnasium,,True,fivb_vis,7081,,
fivb_vis:7082,2016-05-20,women,Olympic Games,OG_WOMEN,other,DOM,JPN,63,77,0,3,team_b,Tokyo Metropolitan Gymnasium,,True,fivb_vis,7082,,
fivb_vis:7083,2016-05-21,women,Olympic Games,OG_WOMEN,other,KOR,THA,113,111,2,3,team_b,Tokyo Metropolitan Gymnasium,,True,fivb_vis,7083,,
fivb_vis:7084,2016-05-21,women,Olympic Games,OG_WOMEN,other,KAZ,DOM,77,97,1,3,team_b,Tokyo Metropolitan Gymnasium,,True,fivb_vis,7084,,
fivb_vis:7085,2016-05-21,women,Olympic Games,OG_WOMEN,other,PER,NLD,47,75,0,3,team_b,Tokyo Metropolitan Gymnasium,,True,fivb_vis,7085,,
fivb_vis:7086,2016-05-21,women,Olympic Games,OG_WOMEN,other,JPN,ITA,109,113,2,3,team_b,Tokyo Metropolitan Gymnasium,,True,fivb_vis,7086,,
fivb_vis:7087,2016-05-22,women,Olympic Games,OG_WOMEN,other,DOM,KOR,78,60,3,0,team_a,Tokyo Metropolitan Gymnasium,,True,fivb_vis,7087,,
fivb_vis:7088,2016-05-22,women,Olympic Games,OG_WOMEN,other,THA,PER,76,64,3,0,team_a,Tokyo Metropolitan Gymnasium,,True,fivb_vis,7088,,
fivb_vis:7089,2016-05-22,women,Olympic Games,OG_WOMEN,other,ITA,KAZ,75,57,3,0,team_a,Tokyo Metropolitan Gymnasium,,True,fivb_vis,7089,,
fivb_vis:7090,2016-05-22,women,Olympic Games,OG_WOMEN,other,NLD,JPN,104,113,2,3,team_b,Tokyo Metropolitan Gymnasium,,True,fivb_vis,7090,,
fivb_vis:7091,2016-05-28,men,Olympic Games,OG_MEN,other,IRN,AUS,75,54,3,0,team_a,Tokyo Metropolitan Gymnasium,,True,fivb_vis,7091,,
fivb_vis:7092,2016-05-28,men,Olympic Games,OG_MEN,other,CHN,FRA,82,97,1,3,team_b,Tokyo Metropolitan Gymnasium,,True,fivb_vis,7092,,
fivb_vis:7093,2016-05-28,men,Olympic Games,OG_MEN,other,POL,CAN,100,98,3,2,team_a,Tokyo Metropolitan Gymnasium,,True,fivb_vis,7093,,
fivb_vis:7094,2016-05-28,men,Olympic Games,OG_MEN,other,JPN,VEN,101,86,3,1,team_a,Tokyo Metropolitan Gymnasium,,True,fivb_vis,7094,,
fivb_vis:7095,2016-05-29,men,Olympic Games,OG_MEN,other,CAN,IRN,109,112,2,3,team_b,Tokyo Metropolitan Gymnasium,,True,fivb_vis,7095,,
fivb_vis:7096,2016-05-29,men,Olympic Games,OG_MEN,other,VEN,AUS,74,94,1,3,team_b,Tokyo Metropolitan Gymnasium,,True,fivb_vis,7096,,
fivb_vis:7097,2016-05-29,men,Olympic Games,OG_MEN,other,FRA,POL,108,106,2,3,team_b,Tokyo Metropolitan Gymnasium,,True,fivb_vis,7097,,
fivb_vis:7098,2016-05-29,men,Olympic Games,OG_MEN,other,JPN,CHN,65,75,0,3,team_b,Tokyo Metropolitan Gymnasium,,True,fivb_vis,7098,,
fivb_vis:7099,2016-05-31,men,Olympic Games,OG_MEN,other,AUS,CAN,108,113,2,3,team_b,Tokyo Metropolitan Gymnasium,,True,fivb_vis,7099,,
fivb_vis:7100,2016-05-31,men,Olympic Games,OG_MEN,other,CHN,VEN,75,49,3,0,team_a,Tokyo Metropolitan Gymnasium,,True,fivb_vis,7100,,
fivb_vis:7101,2016-05-31,men,Olympic Games,OG_MEN,other,IRN,FRA,60,75,0,3,team_b,Tokyo Metropolitan Gymnasium,,True,fivb_vis,7101,,
fivb_vis:7102,2016-05-31,men,Olympic Games,OG_MEN,other,POL,JPN,75,61,3,0,team_a,Tokyo Metropolitan Gymnasium,,True,fivb_vis,7102,,
fivb_vis:7103,2016-06-01,men,Olympic Games,OG_MEN,other,VEN,CAN,65,77,0,3,team_b,Tokyo Metropolitan Gymnasium,,True,fivb_vis,7103,,
fivb_vis:7104,2016-06-01,men,Olympic Games,OG_MEN,other,FRA,AUS,110,107,3,1,team_a,Tokyo Metropolitan Gymnasium,,True,fivb_vis,7104,,
fivb_vis:7105,2016-06-01,men,Olympic Games,OG_MEN,other,CHN,POL,96,111,2,3,team_b,Tokyo Metropolitan Gymnasium,,True,fivb_vis,7105,,
fivb_vis:7106,2016-06-01,men,Olympic Games,OG_MEN,other,JPN,IRN,92,96,1,3,team_b,Tokyo Metropolitan Gymnasium,,True,fivb_vis,7106,,
fivb_vis:7107,2016-06-02,men,Olympic Games,OG_MEN,other,CAN,FRA,50,75,0,3,team_b,Tokyo Metropolitan Gymnasium,,True,fivb_vis,7107,,
fivb_vis:7108,2016-06-02,men,Olympic Games,OG_MEN,other,IRN,CHN,108,109,3,2,team_a,Tokyo Metropolitan Gymnasium,,True,fivb_vis,7108,,
fivb_vis:7109,2016-06-02,men,Olympic Games,OG_MEN,other,POL,VEN,75,56,3,0,team_a,Tokyo Metropolitan Gymnasium,,True,fivb_vis,7109,,
fivb_vis:7110,2016-06-02,men,Olympic Games,OG_MEN,other,AUS,JPN,79,69,3,0,team_a,Tokyo Metropolitan Gymnasium,,True,fivb_vis,7110,,
fivb_vis:7111,2016-06-04,men,Olympic Games,OG_MEN,other,CHN,AUS,94,96,1,3,team_b,Tokyo Metropolitan Gymnasium,,True,fivb_vis,7111,,
fivb_vis:7112,2016-06-04,men,Olympic Games,OG_MEN,other,VEN,FRA,91,108,2,3,team_b,Tokyo Metropolitan Gymnasium,,True,fivb_vis,7112,,
fivb_vis:7113,2016-06-04,men,Olympic Games,OG_MEN,other,POL,IRN,95,104,1,3,team_b,Tokyo Metropolitan Gymnasium,,True,fivb_vis,7113,,
fivb_vis:7114,2016-06-04,men,Olympic Games,OG_MEN,other,JPN,CAN,84,98,1,3,team_b,Tokyo Metropolitan Gymnasium,,True,fivb_vis,7114,,
fivb_vis:7115,2016-06-05,men,Olympic Games,OG_MEN,other,IRN,VEN,113,103,3,2,team_a,Tokyo Metropolitan Gymnasium,,True,fivb_vis,7115,,
fivb_vis:7116,2016-06-05,men,Olympic Games,OG_MEN,other,CAN,CHN,109,96,3,2,team_a,Tokyo Metropolitan Gymnasium,,True,fivb_vis,7116,,
fivb_vis:7117,2016-06-05,men,Olympic Games,OG_MEN,other,AUS,POL,61,77,0,3,team_b,Tokyo Metropolitan Gymnasium,,True,fivb_vis,7117,,
fivb_vis:7118,2016-06-05,men,Olympic Games,OG_MEN,other,FRA,JPN,64,75,0,3,team_b,Tokyo Metropolitan Gymnasium,,True,fivb_vis,7118,,
fivb_vis:7529,2016-10-29,men,World Championship,WCH_MEN,other,SUR,JAM,76,94,1,3,team_b,NIS,,True,fivb_vis,7529,,
fivb_vis:7530,2016-10-30,men,World Championship,WCH_MEN,other,TCA,GLP,50,75,0,3,team_b,NIS,,True,fivb_vis,7530,,
fivb_vis:7531,2016-10-30,men,World Championship,WCH_MEN,other,JAM,GLP,75,61,3,0,team_a,NIS,,True,fivb_vis,7531,,
fivb_vis:7532,2016-10-30,men,World Championship,WCH_MEN,other,SUR,TCA,75,34,3,0,team_a,NIS,,True,fivb_vis,7532,,
fivb_vis:7533,2016-10-31,men,World Championship,WCH_MEN,other,JAM,TCA,75,24,3,0,team_a,NIS,,True,fivb_vis,7533,,
fivb_vis:7534,2016-10-31,men,World Championship,WCH_MEN,other,SUR,GLP,111,103,3,2,team_a,NIS,,True,fivb_vis,7534,,
fivb_vis:7508,2016-09-24,men,World Championship,WCH_MEN,other,PAN,DOM,50,75,0,3,team_b,SCA Multipurpose Center,,True,fivb_vis,7508,,
fivb_vis:7509,2016-09-24,men,World Championship,WCH_MEN,other,NIC,HND,71,78,0,3,team_b,SCA Multipurpose Center,,True,fivb_vis,7509,,
fivb_vis:7510,2016-09-24,men,World Championship,WCH_MEN,other,SLV,BLZ,102,104,2,3,team_b,SCA Multipurpose Center,,True,fivb_vis,7510,,
fivb_vis:7511,2016-09-25,men,World Championship,WCH_MEN,other,HND,DOM,49,75,0,3,team_b,SCA Multipurpose Centre,,True,fivb_vis,7511,,
fivb_vis:7512,2016-09-25,men,World Championship,WCH_MEN,other,SLV,PAN,75,54,3,0,team_a,SCA Multipurpose Center,,True,fivb_vis,7512,,
fivb_vis:7513,2016-09-25,men,World Championship,WCH_MEN,other,BLZ,GTM,53,75,0,3,team_b,SCA Multipurpose Centre,,True,fivb_vis,7513,,
fivb_vis:7514,2016-09-26,men,World Championship,WCH_MEN,other,NIC,SLV,62,81,0,3,team_b,SCA Multipurpose Centre,,True,fivb_vis,7514,,
fivb_vis:7515,2016-09-26,men,World Championship,WCH_MEN,other,GTM,HND,75,49,3,0,team_a,SCA Multipurpose Centre,,True,fivb_vis,7515,,
fivb_vis:7516,2016-09-26,men,World Championship,WCH_MEN,other,PAN,BLZ,75,95,1,3,team_b,SCA Multipurpose Centre,,True,fivb_vis,7516,,
fivb_vis:7517,2016-09-27,men,World Championship,WCH_MEN,other,DOM,GTM,90,93,1,3,team_b,SCA Multipurpose Center,,True,fivb_vis,7517,,
fivb_vis:7518,2016-09-27,men,World Championship,WCH_MEN,other,HND,PAN,90,95,1,3,team_b,SCA Multipurpose Centre,,True,fivb_vis,7518,,
fivb_vis:7519,2016-09-27,men,World Championship,WCH_MEN,other,BLZ,NIC,100,94,3,1,team_a,SCA Multipurpose Center,,True,fivb_vis,7519,,
fivb_vis:7520,2016-09-28,men,World Championship,WCH_MEN,other,GTM,SLV,76,66,3,0,team_a,SCA Multipurpose Centre,,True,fivb_vis,7520,,
fivb_vis:7521,2016-09-28,men,World Championship,WCH_MEN,other,PAN,NIC,111,94,3,2,team_a,SCA Multipurpose Center,,True,fivb_vis,7521,,
fivb_vis:7522,2016-09-28,men,World Championship,WCH_MEN,other,DOM,BLZ,108,89,3,2,team_a,SCA Multipurpose Center,,True,fivb_vis,7522,,
fivb_vis:7523,2016-09-29,men,World Championship,WCH_MEN,other,HND,SLV,105,111,2,3,team_b,SCA Multipurpose Center,,True,fivb_vis,7523,,
fivb_vis:7524,2016-09-29,men,World Championship,WCH_MEN,other,DOM,NIC,75,53,3,0,team_a,SCA Multipurpose Center,,True,fivb_vis,7524,,
fivb_vis:7525,2016-09-29,men,World Championship,WCH_MEN,other,GTM,PAN,75,58,3,0,team_a,SCA Multipurpose Center,,True,fivb_vis,7525,,
fivb_vis:7526,2016-09-30,men,World Championship,WCH_MEN,other,NIC,GTM,52,75,0,3,team_b,SCA Multipurpose Mercy Center,,True,fivb_vis,7526,,
fivb_vis:7527,2016-09-30,men,World Championship,WCH_MEN,other,SLV,DOM,40,75,0,3,team_b,SCA Multipurpose Mercy Center,,True,fivb_vis,7527,,
fivb_vis:7528,2016-09-30,men,World Championship,WCH_MEN,other,BLZ,HND,76,55,3,0,team_a,SCA Multipurpose Mercy Center,,True,fivb_vis,7528,,
fivb_vis:7354,2016-08-06,women,World Championship,WCH_WOMEN,other,VIR,BRB,75,50,3,0,team_a,Ronald Charles Arena,,True,fivb_vis,7354,,
fivb_vis:7355,2016-08-07,women,World Championship,WCH_WOMEN,other,BRB,CUW,46,75,0,3,team_b,Ronald Charles Arena,,True,fivb_vis,7355,,
fivb_vis:7356,2016-08-07,women,World Championship,WCH_WOMEN,other,VIR,TCA,75,23,3,0,team_a,Ronald Charles Arena,,True,fivb_vis,7356,,
fivb_vis:7535,2016-11-26,women,World Championship,WCH_WOMEN,other,SUR,HTI,75,57,3,0,team_a,"Sentro Deportivo Betico Croes, Sta Cruz",,True,fivb_vis,7535,,
fivb_vis:7536,2016-11-26,women,World Championship,WCH_WOMEN,other,ABW,MTQ,86,96,1,3,team_b,"Sentro Deportivo Betico Croes, Sta Cruz",,True,fivb_vis,7536,,
fivb_vis:7537,2016-11-27,women,World Championship,WCH_WOMEN,other,SUR,MTQ,75,59,3,0,team_a,"Sentro Deportivo Betico Croes, Sta Cruz",,True,fivb_vis,7537,,
fivb_vis:7538,2016-11-27,women,World Championship,WCH_WOMEN,other,ABW,HTI,58,76,0,3,team_b,"Sentro Deportivo Betico Croes, Sta Cruz",,True,fivb_vis,7538,,
fivb_vis:7539,2016-11-27,women,World Championship,WCH_WOMEN,other,MTQ,HTI,106,106,3,2,team_a,"Sentro Deportivo Betico Croes, Sta Cruz",,True,fivb_vis,7539,,
fivb_vis:7540,2016-11-27,women,World Championship,WCH_WOMEN,other,ABW,SUR,76,96,1,3,team_b,"Sentro Deportivo Betico Croes, Sta Cruz",,True,fivb_vis,7540,,
