match_id,set_number,team_a_points,team_b_points
fivb_vis:2228,1,25,21
fivb_vis:2228,2,20,25
fivb_vis:2228,3,21,25
fivb_vis:2228,4,25,17
fivb_vis:2228,5,10,15
fivb_vis:2229,1,22,25
fivb_vis:2229,2,26,24
fivb_vis:2229,3,18,25
fivb_vis:2229,4,25,23
fivb_vis:2229,5,10,15
fivb_vis:2230,1,22,25
fivb_vis:2230,2,25,15
fivb_vis:2230,3,21,25
fivb_vis:2230,4,25,21
fivb_vis:2230,5,15,10
fivb_vis:2231,1,22,25
fivb_vis:2231,2,18,25
fivb_vis:2231,3,25,23
fivb_vis:2231,4,19,25
fivb_vis:2232,1,25,22
fivb_vis:2232,2,18,25
fivb_vis:2232,3,18,25
fivb_vis:2232,4,22,25
fivb_vis:2233,1,15,25
fivb_vis:2233,2,25,22
fivb_vis:2233,3,21,25
fivb_vis:2233,4,17,25
fivb_vis:2234,1,25,17
fivb_vis:2234,2,25,17
fivb_vis:2234,3,25,18
fivb_vis:2235,1,25,17
fivb_vis:2235,2,23,25
fivb_vis:2235,3,25,14
fivb_vis:2235,4,23,25
fivb_vis:2235,5,15,7
fivb_vis:2236,1,27,25
fivb_vis:2236,2,18,25
fivb_vis:2236,3,25,23
fivb_vis:2236,4,20,25
fivb_vis:2236,5,16,14
fivb_vis:2237,1,21,25
fivb_vis:2237,2,22,25
fivb_vis:2237,3,22,25
fivb_vis:2238,1,23,25
fivb_vis:2238,2,25,18
fivb_vis:2238,3,26,28
fivb_vis:2238,4,23,25
fivb_vis:2239,1,19,25
fivb_vis:2239,2,20,25
fivb_vis:2239,3,22,25
fivb_vis:2240,1,25,14
fivb_vis:2240,2,25,22
fivb_vis:2240,3,15,25
fivb_vis:2240,4,25,15
fivb_vis:2241,1,25,19
fivb_vis:2241,2,25,18
fivb_vis:2241,3,25,19
fivb_vis:2242,1,25,12
fivb_vis:2242,2,26,24
fivb_vis:2242,3,25,22
fivb_vis:7853,1,25,23
fivb_vis:7853,2,25,21
fivb_vis:7853,3,25,23
fivb_vis:7854,1,21,25
fivb_vis:7854,2,22,25
fivb_vis:7854,3,25,21
fivb_vis:7854,4,25,17
fivb_vis:7854,5,15,9
fivb_vis:7855,1,17,25
fivb_vis:7855,2,21,25
fivb_vis:7855,3,20,25
fivb_vis:7856,1,25,20
fivb_vis:7856,2,20,25
fivb_vis:7856,3,27,25
fivb_vis:7856,4,25,16
fivb_vis:7857,1,17,25
fivb_vis:7857,2,13,25
fivb_vis:7857,3,23,25
fivb_vis:7858,1,25,18
fivb_vis:7858,2,25,22
fivb_vis:7858,3,25,16
fivb_vis:7859,1,25,20
fivb_vis:7859,2,21,25
fivb_vis:7859,3,26,24
fivb_vis:7859,4,18,25
fivb_vis:7859,5,8,15
fivb_vis:7860,1,22,25
fivb_vis:7860,2,15,25
fivb_vis:7860,3,14,25
fivb_vis:7861,1,29,27
fivb_vis:7861,2,13,25
fivb_vis:7861,3,19,25
fivb_vis:7861,4,23,25
fivb_vis:7862,1,10,25
fivb_vis:7862,2,22,25
fivb_vis:7862,3,22,25
fivb_vis:7459,1,25,16
fivb_vis:7459,2,20,25
fivb_vis:7459,3,23,25
fivb_vis:7459,4,19,25
fivb_vis:7460,1,25,20
fivb_vis:7460,2,25,17
fivb_vis:7460,3,25,20
fivb_vis:7461,1,25,6
fivb_vis:7461,2,25,10
fivb_vis:7461,3,25,9
fivb_vis:7462,1,11,25
fivb_vis:7462,2,13,25
fivb_vis:7462,3,12,25
fivb_vis:7463,1,25,21
fivb_vis:7463,2,25,22
fivb_vis:7463,3,24,26
fivb_vis:7463,4,18,25
fivb_vis:7463,5,7,15
fivb_vis:7464,1,14,25
fivb_vis:7464,2,10,25
fivb_vis:7464,3,7,25
fivb_vis:7465,1,10,25
fivb_vis:7465,2,17,25
fivb_vis:7465,3,10,25
fivb_vis:7466,1,25,15
fivb_vis:7466,2,25,22
fivb_vis:7466,3,26,24
fivb_vis:7467,1,16,25
fivb_vis:7467,2,16,25
fivb_vis:7467,3,15,25
fivb_vis:7468,1,23,25
fivb_vis:7468,2,19,25
fivb_vis:7468,3,23,25
fivb_vis:7469,1,18,25
fivb_vis:7469,2,25,20
fivb_vis:7469,3,16,25
fivb_vis:7469,4,18,25
fivb_vis:7470,1,25,16
fivb_vis:7470,2,26,24
fivb_vis:7470,3,25,20
fivb_vis:7471,1,12,25
fivb_vis:7471,2,7,25
fivb_vis:7471,3,11,25
fivb_vis:7472,1,23,25
fivb_vis:7472,2,39,37
fivb_vis:7472,3,16,25
fivb_vis:7472,4,26,24
fivb_vis:7472,5,19,17
fivb_vis:7473,1,20,25
fivb_vis:7473,2,17,25
fivb_vis:7473,3,14,25
fivb_vis:7474,1,12,25
fivb_vis:7474,2,18,25
fivb_vis:7474,3,17,25
fivb_vis:7475,1,25,20
fivb_vis:7475,2,25,18
fivb_vis:7475,3,25,21
fivb_vis:7476,1,20,25
fivb_vis:7476,2,11,25
fivb_vis:7476,3,20,25
fivb_vis:7477,1,18,25
fivb_vis:7477,2,11,25
fivb_vis:7477,3,29,31
fivb_vis:7478,1,25,21
fivb_vis:7478,2,25,22
fivb_vis:7478,3,29,27
fivb_vis:7479,1,20,25
fivb_vis:7479,2,18,25
fivb_vis:7479,3,19,25
fivb_vis:7480,1,25,18
fivb_vis:7480,2,25,21
fivb_vis:7480,3,25,21
fivb_vis:7481,1,25,10
fivb_vis:7481,2,25,18
fivb_vis:7481,3,25,20
fivb_vis:7482,1,15,25
fivb_vis:7482,2,25,22
fivb_vis:7482,3,25,22
fivb_vis:7482,4,25,19
fivb_vis:7483,1,15,25
fivb_vis:7483,2,15,25
fivb_vis:7483,3,27,25
fivb_vis:7483,4,20,25
fivb_vis:7484,1,25,15
fivb_vis:7484,2,25,16
fivb_vis:7484,3,25,17
fivb_vis:7485,1,25,20
fivb_vis:7485,2,25,18
fivb_vis:7485,3,25,21
fivb_vis:7486,1,25,16
fivb_vis:7486,2,25,18
fivb_vis:7486,3,25,11
fivb_vis:7487,1,25,21
fivb_vis:7487,2,27,25
fivb_vis:7487,3,25,21
fivb_vis:9057,1,25,21
fivb_vis:9057,2,25,19
fivb_vis:9057,3,25,22
fivb_vis:9058,1,25,20
fivb_vis:9058,2,25,21
fivb_vis:9058,3,25,23
fivb_vis:9059,1,25,20
fivb_vis:9059,2,25,21
fivb_vis:9059,3,25,17
fivb_vis:9060,1,25,20
fivb_vis:9060,2,28,26
fivb_vis:9060,3,25,21
fivb_vis:9061,1,15,25
fivb_vis:9061,2,23,25
fivb_vis:9061,3,18,25
fivb_vis:9062,1,25,19
fivb_vis:9062,2,25,14
fivb_vis:9062,3,25,18
fivb_vis:9063,1,25,22
fivb_vis:9063,2,13,25
fivb_vis:9063,3,13,25
fivb_vis:9063,4,17,25
fivb_vis:9064,1,21,25
fivb_vis:9064,2,20,25
fivb_vis:9064,3,16,25
fivb_vis:9065,1,25,17
fivb_vis:9065,2,25,22
fivb_vis:9065,3,25,20
fivb_vis:9066,1,18,25
fivb_vis:9066,2,19,25
fivb_vis:9066,3,25,21
fivb_vis:9066,4,14,25
fivb_vis:9067,1,25,19
fivb_vis:9067,2,25,19
fivb_vis:9067,3,22,25
fivb_vis:9067,4,25,19
fivb_vis:9068,1,15,25
fivb_vis:9068,2,25,14
fivb_vis:9068,3,21,25
fivb_vis:9068,4,25,20
fivb_vis:9068,5,15,10
fivb_vis:9069,1,25,27
fivb_vis:9069,2,28,30
fivb_vis:9069,3,19,25
fivb_vis:9070,1,14,25
fivb_vis:9070,2,12,25
fivb_vis:9070,3,15,25
fivb_vis:9071,1,20,25
fivb_vis:9071,2,16,25
fivb_vis:9071,3,16,25
fivb_vis:9072,1,23,25
fivb_vis:9072,2,20,25
fivb_vis:9072,3,25,22
fivb_vis:9072,4,25,23
fivb_vis:9072,5,10,15
fivb_vis:9073,1,25,20
fivb_vis:9073,2,25,20
fivb_vis:9073,3,21,25
fivb_vis:9073,4,23,25
fivb_vis:9073,5,15,12
fivb_vis:9074,1,25,22
fivb_vis:9074,2,25,20
fivb_vis:9074,3,22,25
fivb_vis:9074,4,25,19
fivb_vis:9075,1,25,20
fivb_vis:9075,2,25,17
fivb_vis:9075,3,25,16
fivb_vis:9076,1,28,30
fivb_vis:9076,2,16,25
fivb_vis:9076,3,17,25
fivb_vis:9077,1,21,25
fivb_vis:9077,2,13,25
fivb_vis:9077,3,25,23
fivb_vis:9077,4,13,25
fivb_vis:9078,1,25,19
fivb_vis:9078,2,25,19
fivb_vis:9078,3,20,25
fivb_vis:9078,4,25,16
fivb_vis:9079,1,20,25
fivb_vis:9079,2,25,22
fivb_vis:9079,3,20,25
fivb_vis:9079,4,13,25
fivb_vis:9080,1,21,25
fivb_vis:9080,2,25,17
fivb_vis:9080,3,25,22
fivb_vis:9080,4,25,20
fivb_vis:9081,1,25,22
fivb_vis:9081,2,25,23
fivb_vis:9081,3,25,16
fivb_vis:9082,1,25,16
fivb_vis:9082,2,25,18
fivb_vis:9082,3,25,21
fivb_vis:9083,1,26,24
fivb_vis:9083,2,25,15
fivb_vis:9083,3,25,15
fivb_vis:9084,1,25,19
fivb_vis:9084,2,25,6
fivb_vis:9084,3,25,19
fivb_vis:9085,1,25,22
fivb_vis:9085,2,25,19
fivb_vis:9085,3,21,25
fivb_vis:9085,4,25,23
fivb_vis:9086,1,25,17
fivb_vis:9086,2,18,25
fivb_vis:9086,3,22,25
fivb_vis:9086,4,19,25
fivb_vis:9087,1,25,22
fivb_vis:9087,2,25,21
fivb_vis:9087,3,19,25
fivb_vis:9087,4,23,25
fivb_vis:9087,5,13,15
fivb_vis:9088,1,20,25
fivb_vis:9088,2,25,20
fivb_vis:9088,3,25,21
fivb_vis:9088,4,25,20
fivb_vis:9089,1,21,25
fivb_vis:9089,2,25,20
fivb_vis:9089,3,25,20
fivb_vis:9089,4,25,21
fivb_vis:9090,1,25,20
fivb_vis:9090,2,26,28
fivb_vis:9090,3,25,16
fivb_vis:9090,4,25,15
fivb_vis:9091,1,22,25
fivb_vis:9091,2,25,15
fivb_vis:9091,3,25,23
fivb_vis:9091,4,28,26
fivb_vis:9092,1,25,23
fivb_vis:9092,2,20,25
fivb_vis:9092,3,25,23
fivb_vis:9092,4,25,20
fivb_vis:9093,1,26,28
fivb_vis:9093,2,24,26
fivb_vis:9093,3,25,17
fivb_vis:9093,4,21,25
fivb_vis:9094,1,19,25
fivb_vis:9094,2,23,25
fivb_vis:9094,3,29,27
fivb_vis:9094,4,25,21
fivb_vis:9094,5,10,15
fivb_vis:9095,1,25,14
fivb_vis:9095,2,23,25
fivb_vis:9095,3,14,25
fivb_vis:9095,4,19,25
fivb_vis:9096,1,18,25
fivb_vis:9096,2,20,25
fivb_vis:9096,3,14,25
fivb_vis:9097,1,23,25
fivb_vis:9097,2,19,25
fivb_vis:9097,3,25,21
fivb_vis:9097,4,25,23
fivb_vis:9097,5,15,13
fivb_vis:9098,1,22,25
fivb_vis:9098,2,16,25
fivb_vis:9098,3,18,25
fivb_vis:9099,1,12,25
fivb_vis:9099,2,18,25
fivb_vis:9099,3,15,25
fivb_vis:9100,1,25,20
fivb_vis:9100,2,21,25
fivb_vis:9100,3,25,17
fivb_vis:9100,4,25,19
fivb_vis:9101,1,18,25
fivb_vis:9101,2,21,25
fivb_vis:9101,3,25,23
fivb_vis:9101,4,16,25
fivb_vis:9102,1,25,15
fivb_vis:9102,2,22,25
fivb_vis:9102,3,25,21
fivb_vis:9102,4,25,17
fivb_vis:9103,1,25,18
fivb_vis:9103,2,25,13
fivb_vis:9103,3,25,17
fivb_vis:9104,1,25,16
fivb_vis:9104,2,30,28
fivb_vis:9104,3,25,15
fivb_vis:9105,1,25,22
fivb_vis:9105,2,19,25
fivb_vis:9105,3,25,23
fivb_vis:9105,4,25,18
fivb_vis:9106,1,21,25
fivb_vis:9106,2,20,25
fivb_vis:9106,3,22,25
fivb_vis:9107,1,25,18
fivb_vis:9107,2,22,25
fivb_vis:9107,3,27,29
fivb_vis:9107,4,25,17
fivb_vis:9107,5,15,13
fivb_vis:9108,1,16,25
fivb_vis:9108,2,25,17
fivb_vis:9108,3,25,19
fivb_vis:9108,4,25,16
fivb_vis:9109,1,21,25
fivb_vis:9109,2,22,25
fivb_vis:9109,3,17,25
fivb_vis:9110,1,19,25
fivb_vis:9110,2,25,22
fivb_vis:9110,3,25,23
fivb_vis:9110,4,23,25
fivb_vis:9110,5,12,15
fivb_vis:9111,1,26,24
fivb_vis:9111,2,20,25
fivb_vis:9111,3,30,32
fivb_vis:9111,4,25,20
fivb_vis:9111,5,15,13
fivb_vis:9112,1,25,12
fivb_vis:9112,2,25,18
fivb_vis:9112,3,25,13
fivb_vis:9113,1,22,25
fivb_vis:9113,2,21,25
fivb_vis:9113,3,25,22
fivb_vis:9113,4,17,25
fivb_vis:9114,1,14,25
fivb_vis:9114,2,25,23
fivb_vis:9114,3,22,25
fivb_vis:9114,4,23,25
fivb_vis:9115,1,23,25
fivb_vis:9115,2,25,19
fivb_vis:9115,3,25,13
fivb_vis:9115,4,25,18
fivb_vis:9116,1,25,21
fivb_vis:9116,2,24,26
fivb_vis:9116,3,25,17
fivb_vis:9116,4,22,25
fivb_vis:9116,5,15,12
fivb_vis:9117,1,25,17
fivb_vis:9117,2,25,14
fivb_vis:9117,3,21,25
fivb_vis:9117,4,25,17
fivb_vis:9118,1,22,25
fivb_vis:9118,2,26,24
fivb_vis:9118,3,25,20
fivb_vis:9118,4,18,25
fivb_vis:9118,5,18,16
fivb_vis:9119,1,17,25
fivb_vis:9119,2,16,25
fivb_vis:9119,3,21,25
fivb_vis:9120,1,25,21
fivb_vis:9120,2,25,22
fivb_vis:9120,3,25,15
fivb_vis:9121,1,25,19
fivb_vis:9121,2,28,26
fivb_vis:9121,3,26,24
fivb_vis:9122,1,25,16
fivb_vis:9122,2,19,25
fivb_vis:9122,3,23,25
fivb_vis:9122,4,25,23
fivb_vis:9122,5,14,16
fivb_vis:9123,1,25,20
fivb_vis:9123,2,25,18
fivb_vis:9123,3,25,16
fivb_vis:9124,1,26,28
fivb_vis:9124,2,26,28
fivb_vis:9124,3,19,25
fivb_vis:9125,1,20,25
fivb_vis:9125,2,25,20
fivb_vis:9125,3,15,25
fivb_vis:9125,4,25,23
fivb_vis:9125,5,12,15
fivb_vis:9126,1,25,18
fivb_vis:9126,2,25,22
fivb_vis:9126,3,25,22
fivb_vis:9127,1,25,19
fivb_vis:9127,2,23,25
fivb_vis:9127,3,25,16
fivb_vis:9127,4,25,13
fivb_vis:9128,1,26,28
fivb_vis:9128,2,26,28
fivb_vis:9128,3,20,25
fivb_vis:9129,1,20,25
fivb_vis:9129,2,20,25
fivb_vis:9129,3,18,25
fivb_vis:9130,1,15,25
fivb_vis:9130,2,18,25
fivb_vis:9130,3,25,23
fivb_vis:9130,4,18,25
fivb_vis:9131,1,19,25
fivb_vis:9131,2,25,18
fivb_vis:9131,3,25,21
fivb_vis:9131,4,19,25
fivb_vis:9131,5,15,11
fivb_vis:9132,1,22,25
fivb_vis:9132,2,21,25
fivb_vis:9132,3,16,25
fivb_vis:9133,1,25,23
fivb_vis:9133,2,26,24
fivb_vis:9133,3,26,24
fivb_vis:9134,1,25,16
fivb_vis:9134,2,25,20
fivb_vis:9134,3,26,28
fivb_vis:9134,4,25,19
fivb_vis:9135,1,25,17
fivb_vis:9135,2,25,19
fivb_vis:9135,3,25,22
fivb_vis:9136,1,25,23
fivb_vis:9136,2,20,25
fivb_vis:9136,3,25,19
fivb_vis:9136,4,22,25
fivb_vis:9136,5,11,15
fivb_vis:9137,1,19,25
fivb_vis:9137,2,14,25
fivb_vis:9137,3,25,21
fivb_vis:9137,4,25,19
fivb_vis:9137,5,10,15
fivb_vis:9138,1,25,17
fivb_vis:9138,2,25,16
fivb_vis:9138,3,25,14
fivb_vis:9139,1,16,25
fivb_vis:9139,2,25,20
fivb_vis:9139,3,27,25
fivb_vis:9139,4,25,15
fivb_vis:9140,1,25,22
fivb_vis:9140,2,25,23
fivb_vis:9140,3,19,25
fivb_vis:9140,4,15,25
fivb_vis:9140,5,12,15
fivb_vis:9141,1,20,25
fivb_vis:9141,2,21,25
fivb_vis:9141,3,25,22
fivb_vis:9141,4,25,23
fivb_vis:9141,5,15,12
fivb_vis:9142,1,15,25
fivb_vis:9142,2,20,25
fivb_vis:9142,3,18,25
fivb_vis:9143,1,25,22
fivb_vis:9143,2,25,23
fivb_vis:9143,3,25,23
fivb_vis:9144,1,28,26
fivb_vis:9144,2,28,26
fivb_vis:9144,3,25,22
fivb_vis:9145,1,25,20
fivb_vis:9145,2,25,18
fivb_vis:9145,3,25,19
fivb_vis:9146,1,14,25
fivb_vis:9146,2,25,21
fivb_vis:9146,3,18,25
fivb_vis:9146,4,25,17
fivb_vis:9146,5,15,11
fivb_vis:9147,1,25,22
fivb_vis:9147,2,25,21
fivb_vis:9147,3,25,22
fivb_vis:9148,1,25,22
fivb_vis:9148,2,20,25
fivb_vis:9148,3,23,25
fivb_vis:9148,4,25,20
fivb_vis:9148,5,15,11
fivb_vis:9149,1,25,23
fivb_vis:9149,2,17,25
fivb_vis:9149,3,30,32
fivb_vis:9149,4,19,25
fivb_vis:9150,1,26,28
fivb_vis:9150,2,20,25
fivb_vis:9150,3,23,25
fivb_vis:9151,1,25,17
fivb_vis:9151,2,23,25
fivb_vis:9151,3,16,25
fivb_vis:9151,4,21,25
fivb_vis:9152,1,15,25
fivb_vis:9152,2,19,25
fivb_vis:9152,3,22,25
fivb_vis:9153,1,25,21
fivb_vis:9153,2,25,11
fivb_vis:9153,3,25,12
fivb_vis:9154,1,25,27
fivb_vis:9154,2,12,25
fivb_vis:9154,3,7,25
fivb_vis:9155,1,25,22
fivb_vis:9155,2,21,25
fivb_vis:9155,3,22,25
fivb_vis:9155,4,30,32
fivb_vis:9156,1,25,18
fivb_vis:9156,2,25,13
fivb_vis:9156,3,25,15
fivb_vis:9157,1,27,29
fivb_vis:9157,2,21,25
fivb_vis:9157,3,21,25
fivb_vis:9158,1,17,25
fivb_vis:9158,2,20,25
fivb_vis:9158,3,22,25
fivb_vis:9159,1,15,25
fivb_vis:9159,2,13,25
fivb_vis:9159,3,12,25
fivb_vis:9160,1,25,12
fivb_vis:9160,2,25,23
fivb_vis:9160,3,25,14
fivb_vis:9161,1,25,18
fivb_vis:9161,2,22,25
fivb_vis:9161,3,19,25
fivb_vis:9161,4,25,13
fivb_vis:9161,5,11,15
fivb_vis:9162,1,23,25
fivb_vis:9162,2,22,25
fivb_vis:9162,3,21,25
fivb_vis:9163,1,14,25
fivb_vis:9163,2,10,25
fivb_vis:9163,3,16,25
fivb_vis:9164,1,15,25
fivb_vis:9164,2,15,25
fivb_vis:9164,3,18,25
fivb_vis:9165,1,25,11
fivb_vis:9165,2,25,12
fivb_vis:9165,3,25,11
fivb_vis:9166,1,25,15
fivb_vis:9166,2,25,20
fivb_vis:9166,3,25,22
fivb_vis:9167,1,20,25
fivb_vis:9167,2,23,25
fivb_vis:9167,3,23,25
fivb_vis:9168,1,10,25
fivb_vis:9168,2,20,25
fivb_vis:9168,3,14,25
fivb_vis:9169,1,25,18
fivb_vis:9169,2,25,18
fivb_vis:9169,3,23,25
fivb_vis:9169,4,25,18
fivb_vis:9170,1,21,25
fivb_vis:9170,2,15,25
fivb_vis:9170,3,22,25
fivb_vis:9171,1,25,27
fivb_vis:9171,2,25,16
fivb_vis:9171,3,26,28
fivb_vis:9171,4,25,19
fivb_vis:9171,5,13,15
fivb_vis:9172,1,18,25
fivb_vis:9172,2,23,25
fivb_vis:9172,3,23,25
fivb_vis:9173,1,25,21
fivb_vis:9173,2,25,17
fivb_vis:9173,3,13,25
fivb_vis:9173,4,21,25
fivb_vis:9173,5,9,15
fivb_vis:9174,1,16,25
fivb_vis:9174,2,9,25
fivb_vis:9174,3,8,25
fivb_vis:9175,1,25,21
fivb_vis:9175,2,34,32
fivb_vis:9175,3,25,18
fivb_vis:9176,1,25,22
fivb_vis:9176,2,25,15
fivb_vis:9176,3,25,19
fivb_vis:9177,1,25,16
fivb_vis:9177,2,26,24
fivb_vis:9177,3,25,18
fivb_vis:9178,1,25,20
fivb_vis:9178,2,25,22
fivb_vis:9178,3,25,15
fivb_vis:9179,1,15,25
fivb_vis:9179,2,15,25
fivb_vis:9179,3,15,25
fivb_vis:9180,1,25,21
fivb_vis:9180,2,25,18
fivb_vis:9180,3,25,19
fivb_vis:9181,1,25,11
fivb_vis:9181,2,25,18
fivb_vis:9181,3,25,20
fivb_vis:9182,1,25,21
fivb_vis:9182,2,25,21
fivb_vis:9182,3,25,22
fivb_vis:9183,1,17,25
fivb_vis:9183,2,23,25
fivb_vis:9183,3,12,25
fivb_vis:9184,1,17,25
fivb_vis:9184,2,17,25
fivb_vis:9184,3,25,23
fivb_vis:9184,4,11,25
fivb_vis:9185,1,25,21
fivb_vis:9185,2,25,21
fivb_vis:9185,3,25,13
fivb_vis:9186,1,19,25
fivb_vis:9186,2,25,21
fivb_vis:9186,3,25,21
fivb_vis:9186,4,25,18
fivb_vis:9187,1,17,25
fivb_vis:9187,2,17,25
fivb_vis:9187,3,22,25
fivb_vis:9188,1,19,25
fivb_vis:9188,2,21,25
fivb_vis:9188,3,12,25
fivb_vis:9189,1,29,27
fivb_vis:9189,2,25,16
fivb_vis:9189,3,25,17
fivb_vis:9190,1,22,25
fivb_vis:9190,2,17,25
fivb_vis:9190,3,20,25
fivb_vis:9191,1,19,25
fivb_vis:9191,2,17,25
fivb_vis:9191,3,22,25
fivb_vis:9192,1,16,25
fivb_vis:9192,2,25,13
fivb_vis:9192,3,25,18
fivb_vis:9192,4,25,20
fivb_vis:9193,1,23,25
fivb_vis:9193,2,20,25
fivb_vis:9193,3,15,25
fivb_vis:9194,1,18,25
fivb_vis:9194,2,16,25
fivb_vis:9194,3,13,25
fivb_vis:9195,1,25,19
fivb_vis:9195,2,25,20
fivb_vis:9195,3,25,11
fivb_vis:9196,1,22,25
fivb_vis:9196,2,25,22
fivb_vis:9196,3,25,14
fivb_vis:9196,4,25,17
fivb_vis:9197,1,25,17
fivb_vis:9197,2,25,16
fivb_vis:9197,3,23,25
fivb_vis:9197,4,21,25
fivb_vis:9197,5,15,11
fivb_vis:9198,1,13,25
fivb_vis:9198,2,10,25
fivb_vis:9198,3,16,25
fivb_vis:9199,1,25,19
fivb_vis:9199,2,25,14
fivb_vis:9199,3,25,16
fivb_vis:9200,1,23,25
fivb_vis:9200,2,27,25
fivb_vis:9200,3,25,21
fivb_vis:9200,4,25,21
fivb_vis:9201,1,24,26
fivb_vis:9201,2,16,25
fivb_vis:9201,3,23,25
fivb_vis:9202,1,25,23
fivb_vis:9202,2,25,17
fivb_vis:9202,3,27,25
fivb_vis:9203,1,22,25
fivb_vis:9203,2,20,25
fivb_vis:9203,3,12,25
fivb_vis:9204,1,15,25
fivb_vis:9204,2,14,25
fivb_vis:9204,3,25,23
fivb_vis:9204,4,7,25
fivb_vis:9205,1,25,22
fivb_vis:9205,2,15,25
fivb_vis:9205,3,25,19
fivb_vis:9205,4,25,17
fivb_vis:9206,1,25,5
fivb_vis:9206,2,25,7
fivb_vis:9206,3,25,15
fivb_vis:9207,1,25,27
fivb_vis:9207,2,20,25
fivb_vis:9207,3,24,26
fivb_vis:9208,1,20,25
fivb_vis:9208,2,26,24
fivb_vis:9208,3,25,16
fivb_vis:9208,4,25,20
fivb_vis:9209,1,25,19
fivb_vis:9209,2,20,25
fivb_vis:9209,3,24,26
fivb_vis:9209,4,25,12
fivb_vis:9209,5,11,15
fivb_vis:9210,1,25,11
fivb_vis:9210,2,25,20
fivb_vis:9210,3,25,13
fivb_vis:9211,1,14,25
fivb_vis:9211,2,19,25
fivb_vis:9211,3,32,30
fivb_vis:9211,4,25,19
fivb_vis:9211,5,17,15
fivb_vis:9212,1,15,25
fivb_vis:9212,2,17,25
fivb_vis:9212,3,16,25
fivb_vis:9213,1,19,25
fivb_vis:9213,2,17,25
fivb_vis:9213,3,15,25
fivb_vis:9214,1,16,25
fivb_vis:9214,2,17,25
fivb_vis:9214,3,11,25
fivb_vis:9215,1,25,16
fivb_vis:9215,2,25,15
fivb_vis:9215,3,25,20
fivb_vis:9216,1,25,12
fivb_vis:9216,2,25,19
fivb_vis:9216,3,25,10
fivb_vis:9217,1,25,17
fivb_vis:9217,2,28,26
fivb_vis:9217,3,22,25
fivb_vis:9217,4,25,27
fivb_vis:9217,5,15,11
fivb_vis:9218,1,28,26
fivb_vis:9218,2,25,20
fivb_vis:9218,3,25,23
fivb_vis:9219,1,25,23
fivb_vis:9219,2,23,25
fivb_vis:9219,3,13,25
fivb_vis:9219,4,19,25
fivb_vis:9220,1,21,25
fivb_vis:9220,2,20,25
fivb_vis:9220,3,25,23
fivb_vis:9220,4,19,25
fivb_vis:9221,1,14,25
fivb_vis:9221,2,20,25
fivb_vis:9221,3,20,25
fivb_vis:9222,1,21,25
fivb_vis:9222,2,17,25
fivb_vis:9222,3,18,25
fivb_vis:9223,1,25,19
fivb_vis:9223,2,25,16
fivb_vis:9223,3,25,14
fivb_vis:9224,1,25,17
fivb_vis:9224,2,25,16
fivb_vis:9224,3,25,17
fivb_vis:9225,1,25,22
fivb_vis:9225,2,25,14
fivb_vis:9225,3,25,18
fivb_vis:9226,1,25,15
fivb_vis:9226,2,25,12
fivb_vis:9226,3,25,15
fivb_vis:9227,1,25,21
fivb_vis:9227,2,18,25
fivb_vis:9227,3,27,25
fivb_vis:9227,4,19,25
fivb_vis:9227,5,7,15
fivb_vis:9228,1,26,24
fivb_vis:9228,2,25,17
fivb_vis:9228,3,22,25
fivb_vis:9228,4,25,21
fivb_vis:9229,1,13,25
fivb_vis:9229,2,18,25
fivb_vis:9229,3,15,25
fivb_vis:9230,1,25,18
fivb_vis:9230,2,22,25
fivb_vis:9230,3,18,25
fivb_vis:9230,4,25,22
fivb_vis:9230,5,19,17
fivb_vis:9231,1,25,23
fivb_vis:9231,2,25,27
fivb_vis:9231,3,29,27
fivb_vis:9231,4,25,22
fivb_vis:9232,1,22,25
fivb_vis:9232,2,25,20
fivb_vis:9232,3,25,18
fivb_vis:9232,4,25,22
fivb_vis:9233,1,15,25
fivb_vis:9233,2,25,23
fivb_vis:9233,3,25,23
fivb_vis:9233,4,25,23
fivb_vis:9234,1,25,17
fivb_vis:9234,2,26,24
fivb_vis:9234,3,25,18
fivb_vis:9235,1,17,25
fivb_vis:9235,2,19,25
fivb_vis:9235,3,25,18
fivb_vis:9235,4,19,25
fivb_vis:9236,1,25,19
fivb_vis:9236,2,25,20
fivb_vis:9236,3,25,20
fivb_vis:9237,1,12,25
fivb_vis:9237,2,19,25
fivb_vis:9237,3,17,25
fivb_vis:9238,1,22,25
fivb_vis:9238,2,25,20
fivb_vis:9238,3,25,22
fivb_vis:9238,4,25,20
fivb_vis:9239,1,25,16
fivb_vis:9239,2,25,12
fivb_vis:9239,3,25,20
fivb_vis:9240,1,25,16
fivb_vis:9240,2,25,23
fivb_vis:9240,3,20,25
fivb_vis:9240,4,25,16
fivb_vis:9241,1,25,23
fivb_vis:9241,2,25,16
fivb_vis:9241,3,26,28
fivb_vis:9241,4,21,25
fivb_vis:9241,5,11,15
fivb_vis:9242,1,25,22
fivb_vis:9242,2,21,25
fivb_vis:9242,3,25,23
fivb_vis:9242,4,25,15
fivb_vis:9243,1,25,22
fivb_vis:9243,2,19,25
fivb_vis:9243,3,20,25
fivb_vis:9243,4,25,23
fivb_vis:9243,5,15,9
fivb_vis:9244,1,19,25
fivb_vis:9244,2,18,25
fivb_vis:9244,3,23,25
fivb_vis:9245,1,30,32
fivb_vis:9245,2,15,25
fivb_vis:9245,3,25,22
fivb_vis:9245,4,25,15
fivb_vis:9245,5,15,9
fivb_vis:9246,1,25,20
fivb_vis:9246,2,22,25
fivb_vis:9246,3,25,21
fivb_vis:9246,4,19,25
fivb_vis:9246,5,15,13
fivb_vis:9247,1,21,25
fivb_vis:9247,2,19,25
fivb_vis:9247,3,25,23
fivb_vis:9247,4,23,25
fivb_vis:9248,1,25,23
fivb_vis:9248,2,13,25
fivb_vis:9248,3,18,25
fivb_vis:9248,4,17,25
fivb_vis:9249,1,25,22
fivb_vis:9249,2,26,28
fivb_vis:9249,3,25,19
fivb_vis:9249,4,25,23
fivb_vis:9250,1,18,25
fivb_vis:9250,2,25,21
fivb_vis:9250,3,16,25
fivb_vis:9250,4,31,29
fivb_vis:9250,5,15,17
fivb_vis:9251,1,23,25
fivb_vis:9251,2,16,25
fivb_vis:9251,3,25,23
fivb_vis:9251,4,23,25
fivb_vis:9252,1,22,25
fivb_vis:9252,2,19,25
fivb_vis:9252,3,14,25
fivb_vis:9253,1,21,25
fivb_vis:9253,2,25,14
fivb_vis:9253,3,23,25
fivb_vis:9253,4,25,19
fivb_vis:9253,5,15,12
fivb_vis:8675,1,25,15
fivb_vis:8675,2,25,16
fivb_vis:8675,3,25,17
fivb_vis:8676,1,25,19
fivb_vis:8676,2,25,16
fivb_vis:8676,3,23,25
fivb_vis:8676,4,25,21
fivb_vis:8677,1,25,12
fivb_vis:8677,2,25,14
fivb_vis:8677,3,25,10
fivb_vis:8678,1,25,7
fivb_vis:8678,2,25,16
fivb_vis:8678,3,25,10
fivb_vis:8679,1,25,9
fivb_vis:8679,2,25,13
fivb_vis:8679,3,25,8
fivb_vis:8680,1,25,10
fivb_vis:8680,2,25,19
fivb_vis:8680,3,25,21
fivb_vis:8681,1,25,16
fivb_vis:8681,2,25,20
fivb_vis:8681,3,25,18
fivb_vis:8682,1,25,11
fivb_vis:8682,2,25,15
fivb_vis:8682,3,25,12
fivb_vis:8683,1,25,21
fivb_vis:8683,2,25,12
fivb_vis:8683,3,25,10
fivb_vis:8684,1,25,10
fivb_vis:8684,2,25,14
fivb_vis:8684,3,25,20
fivb_vis:8685,1,25,17
fivb_vis:8685,2,25,21
fivb_vis:8685,3,25,10
fivb_vis:8686,1,25,19
fivb_vis:8686,2,25,16
fivb_vis:8686,3,25,10
fivb_vis:8687,1,25,16
fivb_vis:8687,2,25,18
fivb_vis:8687,3,25,16
fivb_vis:8688,1,25,17
fivb_vis:8688,2,25,15
fivb_vis:8688,3,25,16
fivb_vis:8689,1,18,25
fivb_vis:8689,2,22,25
fivb_vis:8689,3,21,25
fivb_vis:8690,1,25,11
fivb_vis:8690,2,25,7
fivb_vis:8690,3,25,8
fivb_vis:8691,1,22,25
fivb_vis:8691,2,25,20
fivb_vis:8691,3,25,19
fivb_vis:8691,4,25,15
fivb_vis:8692,1,20,25
fivb_vis:8692,2,23,25
fivb_vis:8692,3,19,25
fivb_vis:8693,1,20,25
fivb_vis:8693,2,25,21
fivb_vis:8693,3,25,17
fivb_vis:8693,4,25,15
fivb_vis:8694,1,20,25
fivb_vis:8694,2,23,25
fivb_vis:8694,3,23,25
fivb_vis:8695,1,20,25
fivb_vis:8695,2,22,25
fivb_vis:8695,3,21,25
fivb_vis:8696,1,10,25
fivb_vis:8696,2,25,21
fivb_vis:8696,3,24,26
fivb_vis:8696,4,25,21
fivb_vis:8696,5,15,12
fivb_vis:8697,1,25,18
fivb_vis:8697,2,25,10
fivb_vis:8697,3,25,15
fivb_vis:8698,1,25,21
fivb_vis:8698,2,13,25
fivb_vis:8698,3,25,27
fivb_vis:8698,4,18,25
fivb_vis:8699,1,17,25
fivb_vis:8699,2,10,25
fivb_vis:8699,3,12,25
fivb_vis:8737,1,25,8
fivb_vis:8737,2,25,10
fivb_vis:8737,3,25,17
fivb_vis:8738,1,25,7
fivb_vis:8738,2,25,7
fivb_vis:8738,3,25,11
fivb_vis:8739,1,11,25
fivb_vis:8739,2,16,25
fivb_vis:8739,3,13,25
fivb_vis:8740,1,14,25
fivb_vis:8740,2,11,25
fivb_vis:8740,3,6,25
fivb_vis:8741,1,25,23
fivb_vis:8741,2,25,19
fivb_vis:8741,3,25,20
fivb_vis:8742,1,26,24
fivb_vis:8742,2,25,21
fivb_vis:8742,3,25,15
fivb_vis:8709,1,25,8
fivb_vis:8709,2,25,9
fivb_vis:8709,3,25,19
fivb_vis:8710,1,25,8
fivb_vis:8710,2,25,8
fivb_vis:8710,3,25,8
fivb_vis:8711,1,25,6
fivb_vis:8711,2,25,6
fivb_vis:8711,3,25,12
fivb_vis:8712,1,25,13
fivb_vis:8712,2,25,10
fivb_vis:8712,3,25,8
fivb_vis:8713,1,12,25
fivb_vis:8713,2,11,25
fivb_vis:8713,3,13,25
fivb_vis:8714,1,25,18
fivb_vis:8714,2,25,15
fivb_vis:8714,3,25,23
fivb_vis:8743,1,25,16
fivb_vis:8743,2,25,18
fivb_vis:8743,3,25,21
fivb_vis:8744,1,25,16
fivb_vis:8744,2,25,7
fivb_vis:8744,3,25,9
fivb_vis:8745,1,7,25
fivb_vis:8745,2,13,25
fivb_vis:8745,3,7,25
fivb_vis:8746,1,19,25
fivb_vis:8746,2,16,25
fivb_vis:8746,3,22,25
fivb_vis:8747,1,14,25
fivb_vis:8747,2,13,25
fivb_vis:8747,3,13,25
fivb_vis:8748,1,21,25
fivb_vis:8748,2,22,25
fivb_vis:8748,3,25,23
fivb_vis:8748,4,25,22
fivb_vis:8748,5,9,15
fivb_vis:8192,1,13,25
fivb_vis:8192,2,17,25
fivb_vis:8192,3,9,25
fivb_vis:8193,1,25,27
fivb_vis:8193,2,19,25
fivb_vis:8193,3,25,22
fivb_vis:8193,4,20,25
fivb_vis:8194,1,25,7
fivb_vis:8194,2,25,5
fivb_vis:8194,3,25,4
fivb_vis:8195,1,25,21
fivb_vis:8195,2,15,25
fivb_vis:8195,3,14,25
fivb_vis:8195,4,25,20
fivb_vis:8195,5,13,15
fivb_vis:8196,1,22,25
fivb_vis:8196,2,18,25
fivb_vis:8196,3,7,25
fivb_vis:8197,1,17,25
fivb_vis:8197,2,24,26
fivb_vis:8197,3,16,25
fivb_vis:8198,1,25,11
fivb_vis:8198,2,25,13
fivb_vis:8198,3,25,5
fivb_vis:8199,1,11,25
fivb_vis:8199,2,14,25
fivb_vis:8199,3,9,25
fivb_vis:8200,1,10,25
fivb_vis:8200,2,6,25
fivb_vis:8200,3,6,25
fivb_vis:8201,1,23,25
fivb_vis:8201,2,25,13
fivb_vis:8201,3,25,16
fivb_vis:8201,4,25,18
fivb_vis:8202,1,25,13
fivb_vis:8202,2,25,12
fivb_vis:8202,3,25,13
fivb_vis:8203,1,24,26
fivb_vis:8203,2,15,25
fivb_vis:8203,3,17,25
fivb_vis:10410,1,22,25
fivb_vis:10410,2,25,21
fivb_vis:10410,3,23,25
fivb_vis:10410,4,18,25
fivb_vis:10411,1,21,25
fivb_vis:10411,2,20,25
fivb_vis:10411,3,25,19
fivb_vis:10411,4,25,21
fivb_vis:10411,5,12,15
fivb_vis:10412,1,25,21
fivb_vis:10412,2,25,18
fivb_vis:10412,3,24,26
fivb_vis:10412,4,25,22
fivb_vis:10413,1,25,16
fivb_vis:10413,2,25,23
fivb_vis:10413,3,25,12
fivb_vis:10414,1,25,14
fivb_vis:10414,2,25,22
fivb_vis:10414,3,25,14
fivb_vis:10415,1,25,17
fivb_vis:10415,2,25,19
fivb_vis:10415,3,25,21
fivb_vis:10416,1,22,25
fivb_vis:10416,2,26,24
fivb_vis:10416,3,25,18
fivb_vis:10416,4,26,24
fivb_vis:10417,1,19,25
fivb_vis:10417,2,18,25
fivb_vis:10417,3,25,23
fivb_vis:10417,4,14,25
fivb_vis:10418,1,25,23
fivb_vis:10418,2,25,16
fivb_vis:10418,3,17,25
fivb_vis:10418,4,23,25
fivb_vis:10418,5,10,15
fivb_vis:10419,1,25,19
fivb_vis:10419,2,19,25
fivb_vis:10419,3,14,25
fivb_vis:10419,4,19,25
fivb_vis:10420,1,15,25
fivb_vis:10420,2,20,25
fivb_vis:10420,3,17,25
fivb_vis:10421,1,25,23
fivb_vis:10421,2,25,17
fivb_vis:10421,3,19,25
fivb_vis:10421,4,25,17
fivb_vis:10422,1,18,25
fivb_vis:10422,2,25,23
fivb_vis:10422,3,27,25
fivb_vis:10422,4,25,19
fivb_vis:10423,1,28,26
fivb_vis:10423,2,25,17
fivb_vis:10423,3,12,25
fivb_vis:10423,4,18,25
fivb_vis:10423,5,10,15
fivb_vis:10424,1,16,25
fivb_vis:10424,2,25,22
fivb_vis:10424,3,28,26
fivb_vis:10424,4,21,25
fivb_vis:10424,5,12,15
fivb_vis:10425,1,25,19
fivb_vis:10425,2,25,20
fivb_vis:10425,3,24,26
fivb_vis:10425,4,27,25
fivb_vis:10426,1,25,19
fivb_vis:10426,2,21,25
fivb_vis:10426,3,25,19
fivb_vis:10426,4,25,22
fivb_vis:10427,1,25,23
fivb_vis:10427,2,25,21
fivb_vis:10427,3,25,11
fivb_vis:10428,1,25,27
fivb_vis:10428,2,25,27
fivb_vis:10428,3,25,16
fivb_vis:10428,4,25,22
fivb_vis:10428,5,9,15
fivb_vis:10429,1,27,29
fivb_vis:10429,2,25,17
fivb_vis:10429,3,25,18
fivb_vis:10429,4,26,24
fivb_vis:10430,1,25,16
fivb_vis:10430,2,25,22
fivb_vis:10430,3,25,22
fivb_vis:10431,1,19,25
fivb_vis:10431,2,21,25
fivb_vis:10431,3,18,25
fivb_vis:10432,1,22,25
fivb_vis:10432,2,25,18
fivb_vis:10432,3,18,25
fivb_vis:10432,4,25,27
fivb_vis:10433,1,19,25
fivb_vis:10433,2,19,25
fivb_vis:10433,3,21,25
fivb_vis:10434,1,25,19
fivb_vis:10434,2,21,25
fivb_vis:10434,3,25,19
fivb_vis:10434,4,25,21
fivb_vis:10435,1,18,25
fivb_vis:10435,2,18,25
fivb_vis:10435,3,22,25
fivb_vis:10436,1,27,25
fivb_vis:10436,2,21,25
fivb_vis:10436,3,25,27
fivb_vis:10436,4,22,25
fivb_vis:10437,1,25,10
fivb_vis:10437,2,25,18
fivb_vis:10437,3,25,17
fivb_vis:10438,1,18,25
fivb_vis:10438,2,28,26
fivb_vis:10438,3,25,20
fivb_vis:10438,4,25,22
fivb_vis:10439,1,19,25
fivb_vis:10439,2,20,25
fivb_vis:10439,3,28,26
fivb_vis:10439,4,22,25
fivb_vis:10440,1,20,25
fivb_vis:10440,2,25,20
fivb_vis:10440,3,27,29
fivb_vis:10440,4,25,20
fivb_vis:10440,5,12,15
fivb_vis:10441,1,25,19
fivb_vis:10441,2,25,21
fivb_vis:10441,3,25,22
fivb_vis:10442,1,19,25
fivb_vis:10442,2,19,25
fivb_vis:10442,3,24,26
fivb_vis:10443,1,25,27
fivb_vis:10443,2,25,21
fivb_vis:10443,3,25,18
fivb_vis:10443,4,25,22
fivb_vis:10444,1,25,18
fivb_vis:10444,2,22,25
fivb_vis:10444,3,25,18
fivb_vis:10444,4,25,12
fivb_vis:10445,1,25,17
fivb_vis:10445,2,25,22
fivb_vis:10445,3,25,22
fivb_vis:10446,1,25,16
fivb_vis:10446,2,25,22
fivb_vis:10446,3,25,20
fivb_vis:10447,1,25,19
fivb_vis:10447,2,25,18
fivb_vis:10447,3,25,16
fivb_vis:10448,1,24,26
fivb_vis:10448,2,17,25
fivb_vis:10448,3,22,25
fivb_vis:10449,1,30,28
fivb_vis:10449,2,25,13
fivb_vis:10449,3,25,22
fivb_vis:10450,1,23,25
fivb_vis:10450,2,22,25
fivb_vis:10450,3,17,25
fivb_vis:10451,1,25,22
fivb_vis:10451,2,21,25
fivb_vis:10451,3,25,22
fivb_vis:10451,4,25,16
fivb_vis:10452,1,25,27
fivb_vis:10452,2,25,23
fivb_vis:10452,3,25,19
fivb_vis:10452,4,17,25
fivb_vis:10452,5,10,15
fivb_vis:10453,1,25,18
fivb_vis:10453,2,25,20
fivb_vis:10453,3,25,9
fivb_vis:10454,1,17,25
fivb_vis:10454,2,14,25
fivb_vis:10454,3,13,25
fivb_vis:10455,1,25,13
fivb_vis:10455,2,25,27
fivb_vis:10455,3,26,28
fivb_vis:10455,4,12,25
fivb_vis:10456,1,21,25
fivb_vis:10456,2,25,11
fivb_vis:10456,3,20,25
fivb_vis:10456,4,25,19
fivb_vis:10456,5,15,13
fivb_vis:10457,1,25,14
fivb_vis:10457,2,18,25
fivb_vis:10457,3,25,23
fivb_vis:10457,4,28,30
fivb_vis:10457,5,15,13
fivb_vis:10458,1,25,23
fivb_vis:10458,2,25,23
fivb_vis:10458,3,21,25
fivb_vis:10458,4,25,16
fivb_vis:10459,1,25,19
fivb_vis:10459,2,17,25
fivb_vis:10459,3,25,15
fivb_vis:10459,4,23,25
fivb_vis:10459,5,16,18
fivb_vis:10460,1,25,14
fivb_vis:10460,2,25,13
fivb_vis:10460,3,25,16
fivb_vis:10461,1,25,19
fivb_vis:10461,2,23,25
fivb_vis:10461,3,19,25
fivb_vis:10461,4,25,16
fivb_vis:10461,5,11,15
fivb_vis:10462,1,25,23
fivb_vis:10462,2,14,25
fivb_vis:10462,3,25,17
fivb_vis:10462,4,25,18
fivb_vis:10463,1,25,16
fivb_vis:10463,2,26,28
fivb_vis:10463,3,25,13
fivb_vis:10463,4,25,21
fivb_vis:10464,1,25,23
fivb_vis:10464,2,25,11
fivb_vis:10464,3,25,16
fivb_vis:10465,1,25,23
fivb_vis:10465,2,26,24
fivb_vis:10465,3,25,20
fivb_vis:10466,1,25,27
fivb_vis:10466,2,25,17
fivb_vis:10466,3,25,22
fivb_vis:10466,4,25,17
fivb_vis:10467,1,25,27
fivb_vis:10467,2,27,29
fivb_vis:10467,3,30,28
fivb_vis:10467,4,25,17
fivb_vis:10467,5,15,13
fivb_vis:10468,1,21,25
fivb_vis:10468,2,17,25
fivb_vis:10468,3,21,25
fivb_vis:10469,1,17,25
fivb_vis:10469,2,26,24
fivb_vis:10469,3,14,25
fivb_vis:10469,4,25,27
fivb_vis:10470,1,22,25
fivb_vis:10470,2,25,16
fivb_vis:10470,3,25,14
fivb_vis:10470,4,25,13
fivb_vis:10471,1,25,18
fivb_vis:10471,2,25,18
fivb_vis:10471,3,25,16
fivb_vis:10472,1,16,25
fivb_vis:10472,2,16,25
fivb_vis:10472,3,15,25
fivb_vis:10473,1,20,25
fivb_vis:10473,2,22,25
fivb_vis:10473,3,15,25
fivb_vis:10474,1,25,20
fivb_vis:10474,2,25,21
fivb_vis:10474,3,26,24
fivb_vis:10475,1,22,25
fivb_vis:10475,2,25,20
fivb_vis:10475,3,25,23
fivb_vis:10475,4,23,25
fivb_vis:10475,5,15,9
fivb_vis:10344,1,25,14
fivb_vis:10344,2,25,20
fivb_vis:10344,3,25,14
fivb_vis:10345,1,14,25
fivb_vis:10345,2,15,25
fivb_vis:10345,3,10,25
fivb_vis:10346,1,16,25
fivb_vis:10346,2,17,25
fivb_vis:10346,3,19,25
fivb_vis:10347,1,25,21
fivb_vis:10347,2,25,15
fivb_vis:10347,3,25,14
fivb_vis:10348,1,20,25
fivb_vis:10348,2,25,23
fivb_vis:10348,3,18,25
fivb_vis:10348,4,25,22
fivb_vis:10348,5,12,15
fivb_vis:10349,1,21,25
fivb_vis:10349,2,11,25
fivb_vis:10349,3,26,24
fivb_vis:10349,4,14,25
fivb_vis:10350,1,12,25
fivb_vis:10350,2,19,25
fivb_vis:10350,3,17,25
fivb_vis:10351,1,18,25
fivb_vis:10351,2,14,25
fivb_vis:10351,3,19,25
fivb_vis:10352,1,23,25
fivb_vis:10352,2,25,17
fivb_vis:10352,3,25,16
fivb_vis:10352,4,25,15
fivb_vis:10353,1,17,25
fivb_vis:10353,2,26,24
fivb_vis:10353,3,23,25
fivb_vis:10353,4,23,25
fivb_vis:10354,1,25,17
fivb_vis:10354,2,25,19
fivb_vis:10354,3,25,16
fivb_vis:10355,1,25,11
fivb_vis:10355,2,23,25
fivb_vis:10355,3,25,27
fivb_vis:10355,4,25,19
fivb_vis:10355,5,15,7
fivb_vis:10356,1,25,13
fivb_vis:10356,2,25,11
fivb_vis:10356,3,25,17
fivb_vis:10357,1,25,17
fivb_vis:10357,2,25,15
fivb_vis:10357,3,23,25
fivb_vis:10357,4,28,30
fivb_vis:10357,5,15,10
fivb_vis:10358,1,21,25
fivb_vis:10358,2,18,25
fivb_vis:10358,3,25,18
fivb_vis:10358,4,11,25
fivb_vis:10359,1,25,22
fivb_vis:10359,2,25,16
fivb_vis:10359,3,25,18
fivb_vis:10360,1,25,23
fivb_vis:10360,2,25,21
fivb_vis:10360,3,25,22
fivb_vis:10361,1,25,23
fivb_vis:10361,2,19,25
fivb_vis:10361,3,22,25
fivb_vis:10361,4,25,27
fivb_vis:10362,1,25,15
fivb_vis:10362,2,23,25
fivb_vis:10362,3,25,23
fivb_vis:10362,4,25,23
fivb_vis:10363,1,25,18
fivb_vis:10363,2,29,27
fivb_vis:10363,3,25,12
fivb_vis:10364,1,25,23
fivb_vis:10364,2,25,18
fivb_vis:10364,3,25,19
fivb_vis:10365,1,25,19
fivb_vis:10365,2,25,21
fivb_vis:10365,3,25,19
fivb_vis:10366,1,20,25
fivb_vis:10366,2,17,25
fivb_vis:10366,3,14,25
fivb_vis:10367,1,17,25
fivb_vis:10367,2,17,25
fivb_vis:10367,3,20,25
fivb_vis:10368,1,25,18
fivb_vis:10368,2,25,23
fivb_vis:10368,3,19,25
fivb_vis:10368,4,24,26
fivb_vis:10368,5,9,15
fivb_vis:10369,1,16,25
fivb_vis:10369,2,23,25
fivb_vis:10369,3,25,23
fivb_vis:10369,4,25,23
fivb_vis:10369,5,5,15
fivb_vis:10370,1,25,14
fivb_vis:10370,2,25,19
fivb_vis:10370,3,25,15
fivb_vis:10371,1,25,21
fivb_vis:10371,2,25,18
fivb_vis:10371,3,25,18
fivb_vis:10372,1,22,25
fivb_vis:10372,2,18,25
fivb_vis:10372,3,19,25
fivb_vis:10373,1,17,25
fivb_vis:10373,2,10,25
fivb_vis:10373,3,17,25
fivb_vis:10374,1,25,19
fivb_vis:10374,2,21,25
fivb_vis:10374,3,25,19
fivb_vis:10374,4,25,9
fivb_vis:10375,1,25,17
fivb_vis:10375,2,25,19
fivb_vis:10375,3,25,19
fivb_vis:10376,1,15,25
fivb_vis:10376,2,14,25
fivb_vis:10376,3,18,25
fivb_vis:10377,1,25,23
fivb_vis:10377,2,23,25
fivb_vis:10377,3,22,25
fivb_vis:10377,4,25,19
fivb_vis:10377,5,15,9
fivb_vis:10378,1,25,16
fivb_vis:10378,2,20,25
fivb_vis:10378,3,25,23
fivb_vis:10378,4,25,16
fivb_vis:10379,1,24,26
fivb_vis:10379,2,25,22
fivb_vis:10379,3,21,25
fivb_vis:10379,4,25,23
fivb_vis:10379,5,8,15
fivb_vis:10380,1,19,25
fivb_vis:10380,2,25,21
fivb_vis:10380,3,22,25
fivb_vis:10380,4,23,25
fivb_vis:10381,1,16,25
fivb_vis:10381,2,25,23
fivb_vis:10381,3,19,25
fivb_vis:10381,4,22,25
fivb_vis:10382,1,22,25
fivb_vis:10382,2,14,25
fivb_vis:10382,3,17,25
fivb_vis:10383,1,25,16
fivb_vis:10383,2,25,17
fivb_vis:10383,3,25,22
fivb_vis:10384,1,25,21
fivb_vis:10384,2,25,16
fivb_vis:10384,3,25,21
fivb_vis:10385,1,25,18
fivb_vis:10385,2,25,22
fivb_vis:10385,3,25,20
fivb_vis:10386,1,25,21
fivb_vis:10386,2,25,18
fivb_vis:10386,3,15,25
fivb_vis:10386,4,25,23
fivb_vis:10387,1,22,25
fivb_vis:10387,2,23,25
fivb_vis:10387,3,9,25
fivb_vis:10388,1,25,21
fivb_vis:10388,2,25,20
fivb_vis:10388,3,20,25
fivb_vis:10388,4,20,25
fivb_vis:10388,5,12,15
fivb_vis:10389,1,25,12
fivb_vis:10389,2,25,12
fivb_vis:10389,3,25,14
fivb_vis:10390,1,26,24
fivb_vis:10390,2,25,18
fivb_vis:10390,3,25,20
fivb_vis:10391,1,14,25
fivb_vis:10391,2,21,25
fivb_vis:10391,3,23,25
fivb_vis:10392,1,25,15
fivb_vis:10392,2,25,16
fivb_vis:10392,3,25,21
fivb_vis:10393,1,25,16
fivb_vis:10393,2,25,23
fivb_vis:10393,3,27,25
fivb_vis:10394,1,11,25
fivb_vis:10394,2,17,25
fivb_vis:10394,3,18,25
fivb_vis:10395,1,25,19
fivb_vis:10395,2,25,16
fivb_vis:10395,3,21,25
fivb_vis:10395,4,25,19
fivb_vis:10396,1,26,24
fivb_vis:10396,2,22,25
fivb_vis:10396,3,22,25
fivb_vis:10396,4,25,17
fivb_vis:10396,5,8,15
fivb_vis:10397,1,21,25
fivb_vis:10397,2,21,25
fivb_vis:10397,3,25,20
fivb_vis:10397,4,25,20
fivb_vis:10397,5,15,6
fivb_vis:10398,1,25,23
fivb_vis:10398,2,18,25
fivb_vis:10398,3,25,20
fivb_vis:10398,4,25,21
fivb_vis:10399,1,25,23
fivb_vis:10399,2,25,22
fivb_vis:10399,3,25,27
fivb_vis:10399,4,18,25
fivb_vis:10399,5,15,4
fivb_vis:10400,1,19,25
fivb_vis:10400,2,15,25
fivb_vis:10400,3,5,25
fivb_vis:10401,1,25,14
fivb_vis:10401,2,25,21
fivb_vis:10401,3,25,16
fivb_vis:10402,1,25,16
fivb_vis:10402,2,25,21
fivb_vis:10402,3,25,22
fivb_vis:10403,1,26,24
fivb_vis:10403,2,25,15
fivb_vis:10403,3,25,14
fivb_vis:10404,1,21,25
fivb_vis:10404,2,16,25
fivb_vis:10404,3,25,16
fivb_vis:10404,4,22,25
fivb_vis:10405,1,25,22
fivb_vis:10405,2,25,21
fivb_vis:10405,3,22,25
fivb_vis:10405,4,25,17
fivb_vis:10406,1,26,28
fivb_vis:10406,2,20,25
fivb_vis:10406,3,25,21
fivb_vis:10406,4,19,25
fivb_vis:10407,1,25,17
fivb_vis:10407,2,25,14
fivb_vis:10407,3,25,12
fivb_vis:10408,1,15,25
fivb_vis:10408,2,24,26
fivb_vis:10408,3,25,14
fivb_vis:10408,4,21,25
fivb_vis:10409,1,25,18
fivb_vis:10409,2,27,25
fivb_vis:10409,3,24,26
fivb_vis:10409,4,25,21
fivb_vis:8749,1,25,12
fivb_vis:8749,2,25,21
fivb_vis:8749,3,25,21
fivb_vis:8750,1,25,15
fivb_vis:8750,2,25,15
fivb_vis:8750,3,25,18
fivb_vis:8751,1,25,19
fivb_vis:8751,2,25,20
fivb_vis:8751,3,25,18
fivb_vis:8752,1,17,25
fivb_vis:8752,2,23,25
fivb_vis:8752,3,23,25
fivb_vis:8753,1,25,14
fivb_vis:8753,2,25,20
fivb_vis:8753,3,25,22
fivb_vis:8754,1,25,21
fivb_vis:8754,2,25,22
fivb_vis:8754,3,30,28
fivb_vis:8797,1,20,25
fivb_vis:8797,2,24,26
fivb_vis:8797,3,13,25
fivb_vis:8798,1,20,25
fivb_vis:8798,2,25,13
fivb_vis:8798,3,25,13
fivb_vis:8798,4,25,22
fivb_vis:8799,1,25,18
fivb_vis:8799,2,25,22
fivb_vis:8799,3,25,21
fivb_vis:8800,1,25,17
fivb_vis:8800,2,25,15
fivb_vis:8800,3,25,11
fivb_vis:8801,1,25,21
fivb_vis:8801,2,25,21
fivb_vis:8801,3,25,20
fivb_vis:8802,1,28,26
fivb_vis:8802,2,25,22
fivb_vis:8802,3,22,25
fivb_vis:8802,4,25,15
fivb_vis:8803,1,25,15
fivb_vis:8803,2,22,25
fivb_vis:8803,3,18,25
fivb_vis:8803,4,20,25
fivb_vis:8804,1,18,25
fivb_vis:8804,2,17,25
fivb_vis:8804,3,22,25
fivb_vis:8805,1,25,22
fivb_vis:8805,2,19,25
fivb_vis:8805,3,8,25
fivb_vis:8805,4,18,25
fivb_vis:8806,1,25,23
fivb_vis:8806,2,13,25
fivb_vis:8806,3,25,18
fivb_vis:8806,4,30,28
fivb_vis:8807,1,24,26
fivb_vis:8807,2,27,25
fivb_vis:8807,3,25,21
fivb_vis:8807,4,14,25
fivb_vis:8807,5,12,15
fivb_vis:8808,1,25,14
fivb_vis:8808,2,25,20
fivb_vis:8808,3,25,13
fivb_vis:8809,1,21,25
fivb_vis:8809,2,25,14
fivb_vis:8809,3,19,25
fivb_vis:8809,4,25,17
fivb_vis:8809,5,15,12
fivb_vis:8810,1,26,28
fivb_vis:8810,2,19,25
fivb_vis:8810,3,25,20
fivb_vis:8810,4,26,24
fivb_vis:8810,5,14,16
fivb_vis:8811,1,22,25
fivb_vis:8811,2,25,18
fivb_vis:8811,3,25,23
fivb_vis:8811,4,25,11
fivb_vis:8812,1,16,25
fivb_vis:8812,2,21,25
fivb_vis:8812,3,17,25
fivb_vis:8813,1,17,25
fivb_vis:8813,2,17,25
fivb_vis:8813,3,16,25
fivb_vis:8814,1,22,25
fivb_vis:8814,2,20,25
fivb_vis:8814,3,25,27
fivb_vis:8815,1,16,25
fivb_vis:8815,2,25,18
fivb_vis:8815,3,18,25
fivb_vis:8815,4,25,19
fivb_vis:8815,5,7,15
fivb_vis:8816,1,15,25
fivb_vis:8816,2,15,25
fivb_vis:8816,3,13,25
fivb_vis:8817,1,25,21
fivb_vis:8817,2,25,17
fivb_vis:8817,3,25,23
fivb_vis:8818,1,25,21
fivb_vis:8818,2,25,18
fivb_vis:8818,3,25,21
fivb_vis:8819,1,23,25
fivb_vis:8819,2,25,22
fivb_vis:8819,3,25,14
fivb_vis:8819,4,25,21
fivb_vis:8820,1,21,25
fivb_vis:8820,2,23,25
fivb_vis:8820,3,25,21
fivb_vis:8820,4,17,25
fivb_vis:8821,1,25,21
fivb_vis:8821,2,19,25
fivb_vis:8821,3,25,23
fivb_vis:8821,4,29,31
fivb_vis:8821,5,10,15
fivb_vis:8822,1,20,25
fivb_vis:8822,2,16,25
fivb_vis:8822,3,23,25
fivb_vis:8823,1,24,26
fivb_vis:8823,2,12,25
fivb_vis:8823,3,23,25
fivb_vis:8824,1,23,25
fivb_vis:8824,2,26,24
fivb_vis:8824,3,25,16
fivb_vis:8824,4,25,16
fivb_vis:8825,1,18,25
fivb_vis:8825,2,23,25
fivb_vis:8825,3,25,19
fivb_vis:8825,4,19,25
fivb_vis:8826,1,25,18
fivb_vis:8826,2,17,25
fivb_vis:8826,3,18,25
fivb_vis:8826,4,25,22
fivb_vis:8826,5,12,15
fivb_vis:8827,1,24,26
fivb_vis:8827,2,24,26
fivb_vis:8827,3,19,25
fivb_vis:8828,1,17,25
fivb_vis:8828,2,19,25
fivb_vis:8828,3,25,23
fivb_vis:8828,4,21,25
fivb_vis:8829,1,19,25
fivb_vis:8829,2,21,25
fivb_vis:8829,3,23,25
fivb_vis:8830,1,25,19
fivb_vis:8830,2,25,20
fivb_vis:8830,3,25,19
fivb_vis:8831,1,25,22
fivb_vis:8831,2,25,18
fivb_vis:8831,3,25,20
fivb_vis:8832,1,25,19
fivb_vis:8832,2,25,14
fivb_vis:8832,3,25,17
fivb_vis:8833,1,25,20
fivb_vis:8833,2,25,27
fivb_vis:8833,3,24,26
fivb_vis:8833,4,15,25
fivb_vis:8834,1,25,23
fivb_vis:8834,2,26,24
fivb_vis:8834,3,22,25
fivb_vis:8834,4,25,17
fivb_vis:8835,1,25,9
fivb_vis:8835,2,25,21
fivb_vis:8835,3,25,14
fivb_vis:8836,1,25,20
fivb_vis:8836,2,17,25
fivb_vis:8836,3,25,20
fivb_vis:8836,4,25,19
fivb_vis:8837,1,11,25
fivb_vis:8837,2,18,25
fivb_vis:8837,3,17,25
fivb_vis:8838,1,18,25
fivb_vis:8838,2,18,25
fivb_vis:8838,3,21,25
fivb_vis:8839,1,25,19
fivb_vis:8839,2,21,25
fivb_vis:8839,3,15,25
fivb_vis:8839,4,23,25
fivb_vis:8840,1,17,25
fivb_vis:8840,2,21,25
fivb_vis:8840,3,21,25
fivb_vis:8841,1,22,25
fivb_vis:8841,2,25,21
fivb_vis:8841,3,23,25
fivb_vis:8841,4,25,21
fivb_vis:8841,5,14,16
fivb_vis:8842,1,25,21
fivb_vis:8842,2,23,25
fivb_vis:8842,3,21,25
fivb_vis:8842,4,17,25
fivb_vis:8843,1,20,25
fivb_vis:8843,2,10,25
fivb_vis:8843,3,13,25
fivb_vis:8844,1,25,16
fivb_vis:8844,2,25,16
fivb_vis:8844,3,25,19
fivb_vis:8845,1,11,25
fivb_vis:8845,2,14,25
fivb_vis:8845,3,33,31
fivb_vis:8845,4,20,25
fivb_vis:8846,1,25,22
fivb_vis:8846,2,25,22
fivb_vis:8846,3,27,25
fivb_vis:8847,1,19,25
fivb_vis:8847,2,18,25
fivb_vis:8847,3,24,26
fivb_vis:8848,1,25,23
fivb_vis:8848,2,25,19
fivb_vis:8848,3,25,18
fivb_vis:8849,1,18,25
fivb_vis:8849,2,17,25
fivb_vis:8849,3,17,25
fivb_vis:8850,1,21,25
fivb_vis:8850,2,22,25
fivb_vis:8850,3,20,25
fivb_vis:8851,1,20,25
fivb_vis:8851,2,25,23
fivb_vis:8851,3,20,25
fivb_vis:8851,4,25,23
fivb_vis:8851,5,15,11
fivb_vis:8852,1,25,22
fivb_vis:8852,2,25,16
fivb_vis:8852,3,25,12
fivb_vis:8853,1,20,25
fivb_vis:8853,2,20,25
fivb_vis:8853,3,23,25
fivb_vis:8854,1,25,18
fivb_vis:8854,2,25,10
fivb_vis:8854,3,25,12
fivb_vis:8855,1,23,25
fivb_vis:8855,2,25,19
fivb_vis:8855,3,25,23
fivb_vis:8855,4,20,25
fivb_vis:8855,5,11,15
fivb_vis:8856,1,20,25
fivb_vis:8856,2,16,25
fivb_vis:8856,3,14,25
fivb_vis:8857,1,20,25
fivb_vis:8857,2,23,25
fivb_vis:8857,3,21,25
fivb_vis:8858,1,23,25
fivb_vis:8858,2,26,28
fivb_vis:8858,3,25,23
fivb_vis:8858,4,25,22
fivb_vis:8858,5,10,15
fivb_vis:8859,1,15,25
fivb_vis:8859,2,16,25
fivb_vis:8859,3,18,25
fivb_vis:8860,1,25,21
fivb_vis:8860,2,25,19
fivb_vis:8860,3,25,17
fivb_vis:8861,1,11,25
fivb_vis:8861,2,15,25
fivb_vis:8861,3,16,25
fivb_vis:8862,1,23,25
fivb_vis:8862,2,24,26
fivb_vis:8862,3,25,13
fivb_vis:8862,4,22,25
fivb_vis:8863,1,25,21
fivb_vis:8863,2,25,20
fivb_vis:8863,3,23,25
fivb_vis:8863,4,25,18
fivb_vis:8864,1,20,25
fivb_vis:8864,2,25,22
fivb_vis:8864,3,25,18
fivb_vis:8864,4,23,25
fivb_vis:8864,5,12,15
fivb_vis:8865,1,22,25
fivb_vis:8865,2,15,25
fivb_vis:8865,3,25,21
fivb_vis:8865,4,12,25
fivb_vis:8866,1,10,25
fivb_vis:8866,2,22,25
fivb_vis:8866,3,16,25
fivb_vis:8867,1,25,16
fivb_vis:8867,2,25,21
fivb_vis:8867,3,25,21
fivb_vis:8868,1,18,25
fivb_vis:8868,2,14,25
fivb_vis:8868,3,25,16
fivb_vis:8868,4,18,25
fivb_vis:8869,1,19,25
fivb_vis:8869,2,25,21
fivb_vis:8869,3,25,21
fivb_vis:8869,4,18,25
fivb_vis:8869,5,15,13
fivb_vis:8870,1,25,22
fivb_vis:8870,2,25,21
fivb_vis:8870,3,25,18
fivb_vis:8871,1,14,25
fivb_vis:8871,2,18,25
fivb_vis:8871,3,18,25
fivb_vis:8872,1,25,19
fivb_vis:8872,2,23,25
fivb_vis:8872,3,25,27
fivb_vis:8872,4,25,10
fivb_vis:8872,5,14,16
fivb_vis:8873,1,17,25
fivb_vis:8873,2,23,25
fivb_vis:8873,3,25,13
fivb_vis:8873,4,11,25
fivb_vis:8874,1,16,25
fivb_vis:8874,2,18,25
fivb_vis:8874,3,25,20
fivb_vis:8874,4,24,26
fivb_vis:8875,1,25,19
fivb_vis:8875,2,25,21
fivb_vis:8875,3,22,25
fivb_vis:8875,4,25,23
fivb_vis:8876,1,25,11
fivb_vis:8876,2,25,14
fivb_vis:8876,3,25,20
fivb_vis:8877,1,25,19
fivb_vis:8877,2,25,20
fivb_vis:8877,3,25,13
fivb_vis:8878,1,25,18
fivb_vis:8878,2,23,25
fivb_vis:8878,3,25,19
fivb_vis:8878,4,15,25
fivb_vis:8878,5,8,15
fivb_vis:8879,1,25,23
fivb_vis:8879,2,26,28
fivb_vis:8879,3,25,21
fivb_vis:8879,4,25,18
fivb_vis:8880,1,25,21
fivb_vis:8880,2,25,19
fivb_vis:8880,3,25,22
fivb_vis:8881,1,25,22
fivb_vis:8881,2,25,14
fivb_vis:8881,3,25,20
fivb_vis:8882,1,20,25
fivb_vis:8882,2,28,30
fivb_vis:8882,3,25,18
fivb_vis:8882,4,19,25
fivb_vis:8883,1,25,22
fivb_vis:8883,2,25,16
fivb_vis:8883,3,25,14
fivb_vis:8884,1,25,21
fivb_vis:8884,2,21,25
fivb_vis:8884,3,25,20
fivb_vis:8884,4,25,9
fivb_vis:8885,1,18,25
fivb_vis:8885,2,15,25
fivb_vis:8885,3,20,25
fivb_vis:8886,1,15,25
fivb_vis:8886,2,19,25
fivb_vis:8886,3,29,27
fivb_vis:8886,4,25,17
fivb_vis:8886,5,20,18
fivb_vis:8887,1,15,25
fivb_vis:8887,2,25,21
fivb_vis:8887,3,25,20
fivb_vis:8887,4,19,25
fivb_vis:8887,5,17,15
fivb_vis:8888,1,20,25
fivb_vis:8888,2,22,25
fivb_vis:8888,3,20,25
fivb_vis:8889,1,19,25
fivb_vis:8889,2,21,25
fivb_vis:8889,3,23,25
fivb_vis:8890,1,25,19
fivb_vis:8890,2,25,20
fivb_vis:8890,3,17,25
fivb_vis:8890,4,19,25
fivb_vis:8890,5,20,22
fivb_vis:8891,1,16,25
fivb_vis:8891,2,13,25
fivb_vis:8891,3,16,25
fivb_vis:8892,1,22,25
fivb_vis:8892,2,25,22
fivb_vis:8892,3,27,25
fivb_vis:8892,4,25,14
fivb_vis:8893,1,11,25
fivb_vis:8893,2,29,31
fivb_vis:8893,3,25,16
fivb_vis:8893,4,25,20
fivb_vis:8893,5,10,15
fivb_vis:8894,1,25,20
fivb_vis:8894,2,27,25
fivb_vis:8894,3,17,25
fivb_vis:8894,4,23,25
fivb_vis:8894,5,8,15
fivb_vis:8895,1,25,21
fivb_vis:8895,2,25,20
fivb_vis:8895,3,25,16
fivb_vis:8896,1,18,25
fivb_vis:8896,2,25,15
fivb_vis:8896,3,25,16
fivb_vis:8896,4,21,25
fivb_vis:8896,5,16,14
fivb_vis:8897,1,25,15
fivb_vis:8897,2,25,14
fivb_vis:8897,3,21,25
fivb_vis:8897,4,25,23
fivb_vis:8898,1,25,11
fivb_vis:8898,2,25,17
fivb_vis:8898,3,25,15
fivb_vis:8899,1,30,28
fivb_vis:8899,2,23,25
fivb_vis:8899,3,25,20
fivb_vis:8899,4,25,18
fivb_vis:8900,1,25,18
fivb_vis:8900,2,26,24
fivb_vis:8900,3,25,21
fivb_vis:8901,1,24,26
fivb_vis:8901,2,25,17
fivb_vis:8901,3,17,25
fivb_vis:8901,4,21,25
fivb_vis:8902,1,16,25
fivb_vis:8902,2,15,25
fivb_vis:8902,3,25,20
fivb_vis:8902,4,19,25
fivb_vis:8903,1,15,25
fivb_vis:8903,2,25,14
fivb_vis:8903,3,25,21
fivb_vis:8903,4,27,29
fivb_vis:8903,5,13,15
fivb_vis:8904,1,25,21
fivb_vis:8904,2,25,18
fivb_vis:8904,3,25,15
fivb_vis:8905,1,25,16
fivb_vis:8905,2,25,22
fivb_vis:8905,3,18,25
fivb_vis:8905,4,25,13
fivb_vis:8906,1,25,22
fivb_vis:8906,2,25,18
fivb_vis:8906,3,25,19
fivb_vis:8907,1,13,25
fivb_vis:8907,2,23,25
fivb_vis:8907,3,19,25
fivb_vis:8908,1,27,29
fivb_vis:8908,2,13,25
fivb_vis:8908,3,16,25
fivb_vis:8909,1,26,28
fivb_vis:8909,2,21,25
fivb_vis:8909,3,25,20
fivb_vis:8909,4,20,25
fivb_vis:8910,1,21,25
fivb_vis:8910,2,16,25
fivb_vis:8910,3,26,24
fivb_vis:8910,4,19,25
fivb_vis:8911,1,19,25
fivb_vis:8911,2,25,14
fivb_vis:8911,3,25,16
fivb_vis:8911,4,23,25
fivb_vis:8911,5,15,10
fivb_vis:8912,1,18,25
fivb_vis:8912,2,25,16
fivb_vis:8912,3,21,25
fivb_vis:8912,4,20,25
fivb_vis:8913,1,26,24
fivb_vis:8913,2,23,25
fivb_vis:8913,3,25,20
fivb_vis:8913,4,25,21
fivb_vis:8914,1,22,25
fivb_vis:8914,2,25,20
fivb_vis:8914,3,17,25
fivb_vis:8914,4,25,19
fivb_vis:8914,5,15,12
fivb_vis:8915,1,17,25
fivb_vis:8915,2,20,25
fivb_vis:8915,3,11,25
fivb_vis:8916,1,15,25
fivb_vis:8916,2,14,25
fivb_vis:8916,3,15,25
fivb_vis:8917,1,17,25
fivb_vis:8917,2,21,25
fivb_vis:8917,3,25,21
fivb_vis:8917,4,25,15
fivb_vis:8917,5,15,11
fivb_vis:8918,1,20,25
fivb_vis:8918,2,25,21
fivb_vis:8918,3,25,22
fivb_vis:8918,4,25,18
fivb_vis:8919,1,25,20
fivb_vis:8919,2,21,25
fivb_vis:8919,3,18,25
fivb_vis:8919,4,25,19
fivb_vis:8919,5,14,16
fivb_vis:8920,1,25,16
fivb_vis:8920,2,25,17
fivb_vis:8920,3,25,23
fivb_vis:8921,1,29,27
fivb_vis:8921,2,25,22
fivb_vis:8921,3,25,19
fivb_vis:8922,1,20,25
fivb_vis:8922,2,22,25
fivb_vis:8922,3,22,25
fivb_vis:8923,1,23,25
fivb_vis:8923,2,23,25
fivb_vis:8923,3,22,25
fivb_vis:8924,1,25,23
fivb_vis:8924,2,25,20
fivb_vis:8924,3,18,25
fivb_vis:8924,4,25,18
fivb_vis:8925,1,18,25
fivb_vis:8925,2,22,25
fivb_vis:8925,3,22,25
fivb_vis:8926,1,25,17
fivb_vis:8926,2,22,25
fivb_vis:8926,3,28,26
fivb_vis:8926,4,15,25
fivb_vis:8926,5,7,15
fivb_vis:8927,1,18,25
fivb_vis:8927,2,15,25
fivb_vis:8927,3,25,23
fivb_vis:8927,4,17,25
fivb_vis:8928,1,25,20
fivb_vis:8928,2,24,26
fivb_vis:8928,3,25,20
fivb_vis:8928,4,25,17
fivb_vis:8929,1,27,25
fivb_vis:8929,2,26,24
fivb_vis:8929,3,24,26
fivb_vis:8929,4,21,25
fivb_vis:8929,5,10,15
fivb_vis:8930,1,18,25
fivb_vis:8930,2,25,18
fivb_vis:8930,3,25,19
fivb_vis:8930,4,17,25
fivb_vis:8930,5,11,15
fivb_vis:8931,1,25,20
fivb_vis:8931,2,25,18
fivb_vis:8931,3,25,21
fivb_vis:8932,1,26,24
fivb_vis:8932,2,25,14
fivb_vis:8932,3,25,19
fivb_vis:8933,1,18,25
fivb_vis:8933,2,19,25
fivb_vis:8933,3,25,23
fivb_vis:8933,4,20,25
fivb_vis:8934,1,22,25
fivb_vis:8934,2,22,25
fivb_vis:8934,3,24,26
fivb_vis:8935,1,23,25
fivb_vis:8935,2,23,25
fivb_vis:8935,3,21,25
fivb_vis:8936,1,25,16
fivb_vis:8936,2,20,25
fivb_vis:8936,3,25,20
fivb_vis:8936,4,25,22
fivb_vis:8937,1,19,25
fivb_vis:8937,2,25,22
fivb_vis:8937,3,19,25
fivb_vis:8937,4,20,25
fivb_vis:8938,1,25,22
fivb_vis:8938,2,25,21
fivb_vis:8938,3,25,18
fivb_vis:8939,1,25,15
fivb_vis:8939,2,25,23
fivb_vis:8939,3,25,23
fivb_vis:8940,1,25,20
fivb_vis:8940,2,25,17
fivb_vis:8940,3,25,19
fivb_vis:8941,1,18,25
fivb_vis:8941,2,25,19
fivb_vis:8941,3,25,21
fivb_vis:8941,4,24,26
fivb_vis:8941,5,15,8
fivb_vis:8942,1,25,19
fivb_vis:8942,2,21,25
fivb_vis:8942,3,16,25
fivb_vis:8942,4,14,25
fivb_vis:8943,1,22,25
fivb_vis:8943,2,28,30
fivb_vis:8943,3,25,23
fivb_vis:8943,4,23,25
fivb_vis:8944,1,25,17
fivb_vis:8944,2,25,20
fivb_vis:8944,3,36,34
fivb_vis:8945,1,19,25
fivb_vis:8945,2,25,19
fivb_vis:8945,3,25,21
fivb_vis:8945,4,25,22
fivb_vis:8946,1,20,25
fivb_vis:8946,2,24,26
fivb_vis:8946,3,18,25
fivb_vis:8947,1,25,21
fivb_vis:8947,2,26,24
fivb_vis:8947,3,21,25
fivb_vis:8947,4,25,17
fivb_vis:8948,1,26,28
fivb_vis:8948,2,21,25
fivb_vis:8948,3,15,25
fivb_vis:8949,1,26,24
fivb_vis:8949,2,25,23
fivb_vis:8949,3,26,24
fivb_vis:8950,1,25,21
fivb_vis:8950,2,25,18
fivb_vis:8950,3,25,16
fivb_vis:8951,1,18,25
fivb_vis:8951,2,19,25
fivb_vis:8951,3,25,18
fivb_vis:8951,4,22,25
fivb_vis:8952,1,17,25
fivb_vis:8952,2,25,23
fivb_vis:8952,3,25,23
fivb_vis:8952,4,21,25
fivb_vis:8952,5,14,16
fivb_vis:8953,1,25,23
fivb_vis:8953,2,25,13
fivb_vis:8953,3,18,25
fivb_vis:8953,4,20,25
fivb_vis:8953,5,10,15
fivb_vis:8954,1,25,21
fivb_vis:8954,2,25,19
fivb_vis:8954,3,25,19
fivb_vis:8955,1,22,25
fivb_vis:8955,2,27,25
fivb_vis:8955,3,25,23
fivb_vis:8955,4,25,16
fivb_vis:8956,1,25,21
fivb_vis:8956,2,22,25
fivb_vis:8956,3,22,25
fivb_vis:8956,4,26,24
fivb_vis:8956,5,9,15
fivb_vis:8957,1,25,19
fivb_vis:8957,2,25,20
fivb_vis:8957,3,25,22
fivb_vis:8958,1,25,23
fivb_vis:8958,2,18,25
fivb_vis:8958,3,22,25
fivb_vis:8958,4,21,25
fivb_vis:8959,1,25,20
fivb_vis:8959,2,23,25
fivb_vis:8959,3,23,25
fivb_vis:8959,4,25,22
fivb_vis:8959,5,12,15
fivb_vis:8960,1,23,25
fivb_vis:8960,2,23,25
fivb_vis:8960,3,24,26
fivb_vis:8961,1,26,24
fivb_vis:8961,2,25,19
fivb_vis:8961,3,25,20
fivb_vis:8962,1,23,25
fivb_vis:8962,2,21,25
fivb_vis:8962,3,11,25
fivb_vis:8963,1,23,25
fivb_vis:8963,2,18,25
fivb_vis:8963,3,20,25
fivb_vis:8964,1,22,25
fivb_vis:8964,2,18,25
fivb_vis:8964,3,26,24
fivb_vis:8964,4,23,25
fivb_vis:8965,1,25,19
fivb_vis:8965,2,25,18
fivb_vis:8965,3,25,21
fivb_vis:8966,1,21,25
fivb_vis:8966,2,18,25
fivb_vis:8966,3,23,25
fivb_vis:8967,1,25,23
fivb_vis:8967,2,25,19
fivb_vis:8967,3,20,25
fivb_vis:8967,4,25,27
fivb_vis:8967,5,15,9
fivb_vis:8968,1,17,25
fivb_vis:8968,2,15,25
fivb_vis:8968,3,21,25
fivb_vis:8969,1,29,27
fivb_vis:8969,2,19,25
fivb_vis:8969,3,25,16
fivb_vis:8969,4,26,28
fivb_vis:8969,5,12,15
fivb_vis:8970,1,21,25
fivb_vis:8970,2,20,25
fivb_vis:8970,3,25,19
fivb_vis:8970,4,25,20
fivb_vis:8970,5,20,18
fivb_vis:8971,1,23,25
fivb_vis:8971,2,22,25
fivb_vis:8971,3,25,21
fivb_vis:8971,4,21,25
fivb_vis:8972,1,25,19
fivb_vis:8972,2,33,31
fivb_vis:8972,3,25,20
fivb_vis:8973,1,18,25
fivb_vis:8973,2,21,25
fivb_vis:8973,3,25,21
fivb_vis:8973,4,25,27
fivb_vis:8974,1,25,16
fivb_vis:8974,2,22,25
fivb_vis:8974,3,21,25
fivb_vis:8974,4,25,16
fivb_vis:8974,5,13,15
fivb_vis:8975,1,25,19
fivb_vis:8975,2,25,22
fivb_vis:8975,3,25,13
fivb_vis:8976,1,25,19
fivb_vis:8976,2,26,24
fivb_vis:8976,3,25,19
fivb_vis:8977,1,17,25
fivb_vis:8977,2,25,21
fivb_vis:8977,3,17,25
fivb_vis:8977,4,31,29
fivb_vis:8977,5,10,15
fivb_vis:8978,1,14,25
fivb_vis:8978,2,21,25
fivb_vis:8978,3,27,29
fivb_vis:8979,1,19,25
fivb_vis:8979,2,20,25
fivb_vis:8979,3,15,25
fivb_vis:8980,1,21,25
fivb_vis:8980,2,20,25
fivb_vis:8980,3,27,25
fivb_vis:8980,4,18,25
fivb_vis:8981,1,25,20
fivb_vis:8981,2,23,25
fivb_vis:8981,3,15,25
fivb_vis:8981,4,22,25
fivb_vis:8982,1,25,21
fivb_vis:8982,2,25,18
fivb_vis:8982,3,25,22
fivb_vis:8983,1,20,25
fivb_vis:8983,2,25,20
fivb_vis:8983,3,25,15
fivb_vis:8983,4,25,17
fivb_vis:8984,1,23,25
fivb_vis:8984,2,22,25
fivb_vis:8984,3,25,20
fivb_vis:8984,4,19,25
fivb_vis:8985,1,25,23
fivb_vis:8985,2,25,19
fivb_vis:8985,3,21,25
fivb_vis:8985,4,25,19
fivb_vis:8986,1,16,25
fivb_vis:8986,2,21,25
fivb_vis:8986,3,20,25
fivb_vis:8987,1,17,25
fivb_vis:8987,2,25,23
fivb_vis:8987,3,19,25
fivb_vis:8987,4,25,21
fivb_vis:8987,5,13,15
fivb_vis:8988,1,25,23
fivb_vis:8988,2,25,23
fivb_vis:8988,3,31,29
fivb_vis:8989,1,25,18
fivb_vis:8989,2,25,16
fivb_vis:8989,3,23,25
fivb_vis:8989,4,25,20
fivb_vis:8990,1,16,25
fivb_vis:8990,2,23,25
fivb_vis:8990,3,19,25
fivb_vis:8991,1,25,22
fivb_vis:8991,2,18,25
fivb_vis:8991,3,17,25
fivb_vis:8991,4,25,18
fivb_vis:8991,5,15,11
fivb_vis:8992,1,25,23
fivb_vis:8992,2,13,25
fivb_vis:8992,3,19,25
fivb_vis:8992,4,20,25
fivb_vis:8993,1,21,25
fivb_vis:8993,2,26,24
fivb_vis:8993,3,18,25
fivb_vis:8993,4,19,25
fivb_vis:8994,1,21,25
fivb_vis:8994,2,25,21
fivb_vis:8994,3,23,25
fivb_vis:8994,4,25,22
fivb_vis:8994,5,15,10
fivb_vis:8995,1,20,25
fivb_vis:8995,2,19,25
fivb_vis:8995,3,25,27
fivb_vis:8996,1,28,30
fivb_vis:8996,2,25,23
fivb_vis:8996,3,27,25
fivb_vis:8996,4,25,21
fivb_vis:8997,1,20,25
fivb_vis:8997,2,23,25
fivb_vis:8997,3,24,26
fivb_vis:8998,1,31,29
fivb_vis:8998,2,25,16
fivb_vis:8998,3,25,15
fivb_vis:8999,1,23,25
fivb_vis:8999,2,21,25
fivb_vis:8999,3,25,19
fivb_vis:8999,4,17,25
fivb_vis:9000,1,25,23
fivb_vis:9000,2,19,25
fivb_vis:9000,3,19,25
fivb_vis:9000,4,21,25
fivb_vis:9001,1,22,25
fivb_vis:9001,2,25,21
fivb_vis:9001,3,15,25
fivb_vis:9001,4,25,20
fivb_vis:9001,5,12,15
fivb_vis:9002,1,25,20
fivb_vis:9002,2,25,20
fivb_vis:9002,3,26,24
fivb_vis:9003,1,24,26
fivb_vis:9003,2,24,26
fivb_vis:9003,3,22,25
fivb_vis:9004,1,25,22
fivb_vis:9004,2,25,16
fivb_vis:9004,3,25,14
fivb_vis:9005,1,25,22
fivb_vis:9005,2,34,32
fivb_vis:9005,3,25,23
fivb_vis:9006,1,21,25
fivb_vis:9006,2,20,25
fivb_vis:9006,3,23,25
fivb_vis:9007,1,23,25
fivb_vis:9007,2,19,25
fivb_vis:9007,3,25,22
fivb_vis:9007,4,25,22
fivb_vis:9007,5,12,15
fivb_vis:9008,1,25,27
fivb_vis:9008,2,41,39
fivb_vis:9008,3,29,27
fivb_vis:9008,4,25,21
fivb_vis:9009,1,25,19
fivb_vis:9009,2,25,19
fivb_vis:9009,3,20,25
fivb_vis:9009,4,25,22
fivb_vis:9010,1,25,16
fivb_vis:9010,2,25,22
fivb_vis:9010,3,25,23
fivb_vis:9011,1,25,21
fivb_vis:9011,2,22,25
fivb_vis:9011,3,25,27
fivb_vis:9011,4,25,20
fivb_vis:9011,5,11,15
fivb_vis:9012,1,25,20
fivb_vis:9012,2,25,19
fivb_vis:9012,3,25,19
fivb_vis:9013,1,25,19
fivb_vis:9013,2,25,23
fivb_vis:9013,3,25,23
fivb_vis:9014,1,25,22
fivb_vis:9014,2,25,19
fivb_vis:9014,3,29,27
fivb_vis:9015,1,25,27
fivb_vis:9015,2,25,18
fivb_vis:9015,3,19,25
fivb_vis:9015,4,23,25
fivb_vis:9016,1,25,21
fivb_vis:9016,2,25,21
fivb_vis:9016,3,25,22
fivb_vis:9017,1,24,26
fivb_vis:9017,2,25,12
fivb_vis:9017,3,25,23
fivb_vis:9017,4,23,25
fivb_vis:9017,5,11,15
fivb_vis:9018,1,18,25
fivb_vis:9018,2,24,26
fivb_vis:9018,3,18,25
fivb_vis:9019,1,23,25
fivb_vis:9019,2,23,25
fivb_vis:9019,3,23,25
fivb_vis:9020,1,29,27
fivb_vis:9020,2,25,20
fivb_vis:9020,3,26,24
fivb_vis:9021,1,25,19
fivb_vis:9021,2,22,25
fivb_vis:9021,3,25,22
fivb_vis:9021,4,24,26
fivb_vis:9021,5,16,14
fivb_vis:9022,1,25,22
fivb_vis:9022,2,19,25
fivb_vis:9022,3,25,15
fivb_vis:9022,4,18,25
fivb_vis:9022,5,15,12
fivb_vis:9023,1,26,24
fivb_vis:9023,2,25,20
fivb_vis:9023,3,29,27
fivb_vis:9024,1,22,25
fivb_vis:9024,2,19,25
fivb_vis:9024,3,19,25
fivb_vis:9025,1,21,25
fivb_vis:9025,2,18,25
fivb_vis:9025,3,17,25
fivb_vis:9026,1,25,16
fivb_vis:9026,2,25,21
fivb_vis:9026,3,18,25
fivb_vis:9026,4,25,22
fivb_vis:9027,1,25,21
fivb_vis:9027,2,22,25
fivb_vis:9027,3,25,23
fivb_vis:9027,4,23,25
fivb_vis:9027,5,13,15
fivb_vis:9028,1,27,25
fivb_vis:9028,2,23,25
fivb_vis:9028,3,25,22
fivb_vis:9028,4,25,23
fivb_vis:9029,1,21,25
fivb_vis:9029,2,25,23
fivb_vis:9029,3,28,26
fivb_vis:9029,4,20,25
fivb_vis:9029,5,12,15
fivb_vis:9030,1,21,25
fivb_vis:9030,2,22,25
fivb_vis:9030,3,20,25
fivb_vis:9031,1,20,25
fivb_vis:9031,2,19,25
fivb_vis:9031,3,25,20
fivb_vis:9031,4,21,25
fivb_vis:9032,1,25,22
fivb_vis:9032,2,25,23
fivb_vis:9032,3,23,25
fivb_vis:9032,4,25,23
fivb_vis:9033,1,28,26
fivb_vis:9033,2,33,35
fivb_vis:9033,3,21,25
fivb_vis:9033,4,18,25
fivb_vis:9034,1,21,25
fivb_vis:9034,2,23,25
fivb_vis:9034,3,22,25
fivb_vis:9035,1,25,23
fivb_vis:9035,2,25,18
fivb_vis:9035,3,25,19
fivb_vis:9036,1,25,22
fivb_vis:9036,2,25,15
fivb_vis:9036,3,23,25
fivb_vis:9036,4,25,14
fivb_vis:9037,1,23,25
fivb_vis:9037,2,15,25
fivb_vis:9037,3,23,25
fivb_vis:9038,1,25,21
fivb_vis:9038,2,25,22
fivb_vis:9038,3,27,25
fivb_vis:9039,1,23,25
fivb_vis:9039,2,22,25
fivb_vis:9039,3,21,25
fivb_vis:9040,1,16,25
fivb_vis:9040,2,24,26
fivb_vis:9040,3,23,25
fivb_vis:9041,1,23,25
fivb_vis:9041,2,20,25
fivb_vis:9041,3,22,25
fivb_vis:9042,1,21,25
fivb_vis:9042,2,22,25
fivb_vis:9042,3,25,17
fivb_vis:9042,4,15,25
fivb_vis:9043,1,19,25
fivb_vis:9043,2,25,22
fivb_vis:9043,3,25,18
fivb_vis:9043,4,22,25
fivb_vis:9043,5,15,12
fivb_vis:9044,1,25,20
fivb_vis:9044,2,23,25
fivb_vis:9044,3,25,22
fivb_vis:9044,4,22,25
fivb_vis:9044,5,15,11
fivb_vis:9045,1,25,20
fivb_vis:9045,2,25,13
fivb_vis:9045,3,25,18
fivb_vis:9046,1,23,25
fivb_vis:9046,2,17,25
fivb_vis:9046,3,27,29
fivb_vis:9047,1,25,18
fivb_vis:9047,2,25,23
fivb_vis:9047,3,22,25
fivb_vis:9047,4,25,17
fivb_vis:9048,1,22,25
fivb_vis:9048,2,25,20
fivb_vis:9048,3,21,25
fivb_vis:9048,4,25,22
fivb_vis:9048,5,15,13
fivb_vis:9049,1,28,26
fivb_vis:9049,2,25,17
fivb_vis:9049,3,25,18
fivb_vis:9050,1,16,25
fivb_vis:9050,2,26,28
fivb_vis:9050,3,19,25
fivb_vis:9051,1,25,22
fivb_vis:9051,2,25,21
fivb_vis:9051,3,25,21
fivb_vis:9052,1,25,19
fivb_vis:9052,2,25,18
fivb_vis:9052,3,25,17
fivb_vis:9053,1,25,18
fivb_vis:9053,2,25,17
fivb_vis:9053,3,23,25
fivb_vis:9053,4,24,26
fivb_vis:9053,5,15,13
fivb_vis:9054,1,25,17
fivb_vis:9054,2,25,18
fivb_vis:9054,3,25,14
fivb_vis:9055,1,25,21
fivb_vis:9055,2,28,26
fivb_vis:9055,3,28,26
fivb_vis:9056,1,22,25
fivb_vis:9056,2,20,25
fivb_vis:9056,3,23,25
fivb_vis:9274,1,25,15
fivb_vis:9274,2,25,15
fivb_vis:9274,3,25,11
fivb_vis:9276,1,12,25
fivb_vis:9276,2,10,25
fivb_vis:9276,3,10,25
fivb_vis:9277,1,23,25
fivb_vis:9277,2,22,25
fivb_vis:9277,3,17,25
fivb_vis:9278,1,18,25
fivb_vis:9278,2,17,25
fivb_vis:9278,3,13,25
fivb_vis:9305,1,25,15
fivb_vis:9305,2,25,14
fivb_vis:9305,3,27,25
fivb_vis:9306,1,25,10
fivb_vis:9306,2,25,16
fivb_vis:9306,3,25,16
fivb_vis:9307,1,25,12
fivb_vis:9307,2,27,25
fivb_vis:9307,3,26,24
fivb_vis:9308,1,11,25
fivb_vis:9308,2,15,25
fivb_vis:9308,3,21,25
fivb_vis:9309,1,17,25
fivb_vis:9309,2,12,25
fivb_vis:9309,3,12,25
fivb_vis:9310,1,25,21
fivb_vis:9310,2,25,13
fivb_vis:9310,3,25,11
fivb_vis:9311,1,22,25
fivb_vis:9311,2,25,15
fivb_vis:9311,3,25,15
fivb_vis:9311,4,25,17
fivb_vis:9360,1,25,20
fivb_vis:9360,2,28,30
fivb_vis:9360,3,21,25
fivb_vis:9360,4,20,25
fivb_vis:9361,1,25,13
fivb_vis:9361,2,25,16
fivb_vis:9361,3,25,16
fivb_vis:9455,1,25,21
fivb_vis:9455,2,15,25
fivb_vis:9455,3,22,25
fivb_vis:9455,4,15,25
fivb_vis:9456,1,25,21
fivb_vis:9456,2,25,19
fivb_vis:9456,3,25,17
fivb_vis:9457,1,25,21
fivb_vis:9457,2,25,12
fivb_vis:9457,3,25,17
fivb_vis:9458,1,16,25
fivb_vis:9458,2,16,25
fivb_vis:9458,3,25,22
fivb_vis:9458,4,25,18
fivb_vis:9458,5,15,17
fivb_vis:9459,1,25,13
fivb_vis:9459,2,25,22
fivb_vis:9459,3,25,23
fivb_vis:9460,1,25,14
fivb_vis:9460,2,25,10
fivb_vis:9460,3,25,16
fivb_vis:9461,1,10,25
fivb_vis:9461,2,10,25
fivb_vis:9461,3,7,25
fivb_vis:9462,1,28,30
fivb_vis:9462,2,20,25
fivb_vis:9462,3,25,21
fivb_vis:9462,4,28,26
fivb_vis:9462,5,8,15
fivb_vis:9463,1,25,18
fivb_vis:9463,2,26,24
fivb_vis:9463,3,16,25
fivb_vis:9463,4,23,25
fivb_vis:9463,5,13,15
fivb_vis:9464,1,25,20
fivb_vis:9464,2,25,15
fivb_vis:9464,3,25,20
fivb_vis:9465,1,18,25
fivb_vis:9465,2,25,22
fivb_vis:9465,3,25,23
fivb_vis:9465,4,13,25
fivb_vis:9465,5,15,13
fivb_vis:9466,1,25,16
fivb_vis:9466,2,25,15
fivb_vis:9466,3,25,16
fivb_vis:9467,1,25,22
fivb_vis:9467,2,25,18
fivb_vis:9467,3,25,15
fivb_vis:9468,1,25,15
fivb_vis:9468,2,30,28
fivb_vis:9468,3,25,19
fivb_vis:9469,1,25,15
fivb_vis:9469,2,25,22
fivb_vis:9469,3,25,12
fivb_vis:9470,1,20,25
fivb_vis:9470,2,25,20
fivb_vis:9470,3,25,15
fivb_vis:9470,4,19,25
fivb_vis:9470,5,15,6
fivb_vis:9471,1,25,22
fivb_vis:9471,2,25,21
fivb_vis:9471,3,25,14
fivb_vis:9472,1,23,25
fivb_vis:9472,2,14,25
fivb_vis:9472,3,20,25
fivb_vis:9473,1,25,18
fivb_vis:9473,2,21,25
fivb_vis:9473,3,14,25
fivb_vis:9473,4,25,23
fivb_vis:9473,5,15,8
fivb_vis:9474,1,25,16
fivb_vis:9474,2,22,25
fivb_vis:9474,3,29,31
fivb_vis:9474,4,32,34
fivb_vis:9475,1,25,21
fivb_vis:9475,2,18,25
fivb_vis:9475,3,21,25
fivb_vis:9475,4,25,22
fivb_vis:9475,5,15,10
fivb_vis:9476,1,25,12
fivb_vis:9476,2,25,17
fivb_vis:9476,3,25,17
fivb_vis:9477,1,16,25
fivb_vis:9477,2,13,25
fivb_vis:9477,3,12,25
fivb_vis:9478,1,15,25
fivb_vis:9478,2,15,25
fivb_vis:9478,3,25,19
fivb_vis:9478,4,17,25
fivb_vis:9479,1,20,25
fivb_vis:9479,2,21,25
fivb_vis:9479,3,17,25
fivb_vis:9480,1,20,25
fivb_vis:9480,2,16,25
fivb_vis:9480,3,20,25
fivb_vis:9481,1,24,26
fivb_vis:9481,2,18,25
fivb_vis:9481,3,16,25
fivb_vis:9482,1,23,25
fivb_vis:9482,2,25,22
fivb_vis:9482,3,25,22
fivb_vis:9482,4,25,19
fivb_vis:9483,1,16,25
fivb_vis:9483,2,12,25
fivb_vis:9483,3,23,25
fivb_vis:9484,1,18,25
fivb_vis:9484,2,25,23
fivb_vis:9484,3,23,25
fivb_vis:9484,4,19,25
fivb_vis:9485,1,25,23
fivb_vis:9485,2,38,40
fivb_vis:9485,3,25,11
fivb_vis:9485,4,25,22
fivb_vis:9486,1,25,15
fivb_vis:9486,2,22,25
fivb_vis:9486,3,21,25
fivb_vis:9486,4,25,21
fivb_vis:9486,5,15,12
fivb_vis:9487,1,19,25
fivb_vis:9487,2,20,25
fivb_vis:9487,3,21,25
fivb_vis:9488,1,26,24
fivb_vis:9488,2,25,21
fivb_vis:9488,3,21,25
fivb_vis:9488,4,19,25
fivb_vis:9488,5,8,15
fivb_vis:9597,1,25,21
fivb_vis:9597,2,25,14
fivb_vis:9597,3,26,24
fivb_vis:9598,1,22,25
fivb_vis:9598,2,25,17
fivb_vis:9598,3,19,25
fivb_vis:9598,4,21,25
fivb_vis:9599,1,25,21
fivb_vis:9599,2,25,19
fivb_vis:9599,3,25,14
fivb_vis:9600,1,25,19
fivb_vis:9600,2,23,25
fivb_vis:9600,3,25,22
fivb_vis:9600,4,25,22
fivb_vis:9601,1,20,25
fivb_vis:9601,2,25,15
fivb_vis:9601,3,33,31
fivb_vis:9601,4,25,17
fivb_vis:9602,1,25,18
fivb_vis:9602,2,25,20
fivb_vis:9602,3,29,27
fivb_vis:9603,1,25,16
fivb_vis:9603,2,25,13
fivb_vis:9603,3,25,16
fivb_vis:9604,1,25,27
fivb_vis:9604,2,17,25
fivb_vis:9604,3,12,25
fivb_vis:9605,1,20,25
fivb_vis:9605,2,22,25
fivb_vis:9605,3,15,25
fivb_vis:9606,1,20,25
fivb_vis:9606,2,20,25
fivb_vis:9606,3,16,25
fivb_vis:9607,1,23,25
fivb_vis:9607,2,25,18
fivb_vis:9607,3,25,19
fivb_vis:9607,4,25,21
fivb_vis:9608,1,25,22
fivb_vis:9608,2,25,18
fivb_vis:9608,3,25,19
fivb_vis:9609,1,17,25
fivb_vis:9609,2,20,25
fivb_vis:9609,3,21,25
fivb_vis:9610,1,18,25
fivb_vis:9610,2,18,25
fivb_vis:9610,3,17,25
fivb_vis:9611,1,23,25
fivb_vis:9611,2,24,26
fivb_vis:9611,3,25,27
fivb_vis:9612,1,25,20
fivb_vis:9612,2,25,15
fivb_vis:9612,3,25,23
fivb_vis:9613,1,19,25
fivb_vis:9613,2,21,25
fivb_vis:9613,3,16,25
fivb_vis:9614,1,25,20
fivb_vis:9614,2,16,25
fivb_vis:9614,3,25,21
fivb_vis:9614,4,12,25
fivb_vis:9614,5,16,18
fivb_vis:9615,1,16,25
fivb_vis:9615,2,25,23
fivb_vis:9615,3,23,25
fivb_vis:9615,4,19,25
fivb_vis:9616,1,25,14
fivb_vis:9616,2,25,19
fivb_vis:9616,3,25,16
fivb_vis:9617,1,23,25
fivb_vis:9617,2,17,25
fivb_vis:9617,3,26,28
fivb_vis:9618,1,20,25
fivb_vis:9618,2,16,25
fivb_vis:9618,3,25,18
fivb_vis:9618,4,22,25
fivb_vis:9619,1,25,15
fivb_vis:9619,2,25,23
fivb_vis:9619,3,25,23
fivb_vis:9620,1,25,23
fivb_vis:9620,2,25,23
fivb_vis:9620,3,27,25
fivb_vis:9621,1,24,26
fivb_vis:9621,2,18,25
fivb_vis:9621,3,29,27
fivb_vis:9621,4,22,25
fivb_vis:9622,1,21,25
fivb_vis:9622,2,25,18
fivb_vis:9622,3,25,19
fivb_vis:9622,4,25,20
fivb_vis:9623,1,25,27
fivb_vis:9623,2,25,14
fivb_vis:9623,3,25,20
fivb_vis:9623,4,33,31
fivb_vis:9624,1,25,18
fivb_vis:9624,2,25,20
fivb_vis:9624,3,20,25
fivb_vis:9624,4,25,17
fivb_vis:9625,1,20,25
fivb_vis:9625,2,25,9
fivb_vis:9625,3,25,18
fivb_vis:9625,4,25,17
fivb_vis:9626,1,25,27
fivb_vis:9626,2,25,17
fivb_vis:9626,3,25,22
fivb_vis:9626,4,25,27
fivb_vis:9626,5,15,10
fivb_vis:1730,1,18,25
fivb_vis:1730,2,15,25
fivb_vis:1730,3,17,25
fivb_vis:1731,1,18,25
fivb_vis:1731,2,25,18
fivb_vis:1731,3,20,25
fivb_vis:1731,4,17,25
fivb_vis:1732,1,25,19
fivb_vis:1732,2,25,15
fivb_vis:1732,3,23,25
fivb_vis:1732,4,25,20
fivb_vis:1733,1,26,24
fivb_vis:1733,2,25,21
fivb_vis:1733,3,21,25
fivb_vis:1733,4,18,25
fivb_vis:1733,5,13,15
fivb_vis:1734,1,14,25
fivb_vis:1734,2,18,25
fivb_vis:1734,3,16,25
fivb_vis:1735,1,25,23
fivb_vis:1735,2,25,23
fivb_vis:1735,3,23,25
fivb_vis:1735,4,22,25
fivb_vis:1735,5,15,10
fivb_vis:1736,1,23,25
fivb_vis:1736,2,17,25
fivb_vis:1736,3,21,25
fivb_vis:1737,1,25,23
fivb_vis:1737,2,25,18
fivb_vis:1737,3,25,14
fivb_vis:1738,1,20,25
fivb_vis:1738,2,17,25
fivb_vis:1738,3,23,25
fivb_vis:1739,1,25,15
fivb_vis:1739,2,22,25
fivb_vis:1739,3,25,11
fivb_vis:1739,4,25,18
fivb_vis:1740,1,25,21
fivb_vis:1740,2,25,21
fivb_vis:1740,3,25,22
fivb_vis:1741,1,21,25
fivb_vis:1741,2,19,25
fivb_vis:1741,3,24,26
fivb_vis:9874,1,26,24
fivb_vis:9874,2,25,19
fivb_vis:9874,3,25,22
fivb_vis:9875,1,15,25
fivb_vis:9875,2,22,25
fivb_vis:9875,3,25,18
fivb_vis:9875,4,25,21
fivb_vis:9875,5,15,17
fivb_vis:9876,1,23,25
fivb_vis:9876,2,8,25
fivb_vis:9876,3,22,25
fivb_vis:9877,1,23,25
fivb_vis:9877,2,25,21
fivb_vis:9877,3,19,25
fivb_vis:9877,4,23,25
fivb_vis:9878,1,25,21
fivb_vis:9878,2,22,25
fivb_vis:9878,3,25,18
fivb_vis:9878,4,28,26
fivb_vis:9879,1,25,15
fivb_vis:9879,2,25,21
fivb_vis:9879,3,25,21
fivb_vis:9880,1,15,25
fivb_vis:9880,2,26,28
fivb_vis:9880,3,19,25
fivb_vis:9881,1,25,15
fivb_vis:9881,2,25,22
fivb_vis:9881,3,25,19
fivb_vis:9882,1,13,25
fivb_vis:9882,2,17,25
fivb_vis:9882,3,24,26
fivb_vis:9883,1,25,21
fivb_vis:9883,2,23,25
fivb_vis:9883,3,25,23
fivb_vis:9883,4,26,24
fivb_vis:9884,1,21,25
fivb_vis:9884,2,26,24
fivb_vis:9884,3,21,25
fivb_vis:9884,4,20,25
fivb_vis:9885,1,25,19
fivb_vis:9885,2,25,15
fivb_vis:9885,3,22,25
fivb_vis:9885,4,16,25
fivb_vis:9885,5,13,15
fivb_vis:9886,1,22,25
fivb_vis:9886,2,25,16
fivb_vis:9886,3,16,25
fivb_vis:9886,4,23,25
fivb_vis:9887,1,22,25
fivb_vis:9887,2,20,25
fivb_vis:9887,3,25,22
fivb_vis:9887,4,26,28
fivb_vis:9888,1,15,25
fivb_vis:9888,2,25,18
fivb_vis:9888,3,25,17
fivb_vis:9888,4,25,14
fivb_vis:9889,1,22,25
fivb_vis:9889,2,14,25
fivb_vis:9889,3,25,21
fivb_vis:9889,4,15,25
fivb_vis:9890,1,25,19
fivb_vis:9890,2,26,24
fivb_vis:9890,3,27,25
fivb_vis:9891,1,20,25
fivb_vis:9891,2,20,25
fivb_vis:9891,3,13,25
fivb_vis:9892,1,22,25
fivb_vis:9892,2,25,20
fivb_vis:9892,3,25,23
fivb_vis:9892,4,25,18
fivb_vis:9893,1,25,20
fivb_vis:9893,2,25,16
fivb_vis:9893,3,25,21
fivb_vis:9894,1,16,25
fivb_vis:9894,2,25,23
fivb_vis:9894,3,25,23
fivb_vis:9894,4,25,23
fivb_vis:9895,1,25,15
fivb_vis:9895,2,25,17
fivb_vis:9895,3,25,14
fivb_vis:9896,1,25,18
fivb_vis:9896,2,25,21
fivb_vis:9896,3,25,18
fivb_vis:9897,1,25,19
fivb_vis:9897,2,25,23
fivb_vis:9897,3,25,20
fivb_vis:9898,1,23,25
fivb_vis:9898,2,25,16
fivb_vis:9898,3,25,15
fivb_vis:9898,4,25,21
fivb_vis:9899,1,25,18
fivb_vis:9899,2,27,25
fivb_vis:9899,3,18,25
fivb_vis:9899,4,25,20
fivb_vis:9900,1,14,25
fivb_vis:9900,2,21,25
fivb_vis:9900,3,20,25
fivb_vis:9901,1,23,25
fivb_vis:9901,2,22,25
fivb_vis:9901,3,14,25
fivb_vis:9902,1,15,25
fivb_vis:9902,2,17,25
fivb_vis:9902,3,21,25
fivb_vis:9903,1,25,21
fivb_vis:9903,2,25,17
fivb_vis:9903,3,25,9
fivb_vis:9904,1,25,23
fivb_vis:9904,2,21,25
fivb_vis:9904,3,21,25
fivb_vis:9904,4,17,25
fivb_vis:9905,1,25,21
fivb_vis:9905,2,28,30
fivb_vis:9905,3,20,25
fivb_vis:9905,4,25,18
fivb_vis:9905,5,11,15
fivb_vis:9906,1,25,17
fivb_vis:9906,2,18,25
fivb_vis:9906,3,25,12
fivb_vis:9906,4,25,19
fivb_vis:9907,1,25,22
fivb_vis:9907,2,17,25
fivb_vis:9907,3,23,25
fivb_vis:9907,4,25,19
fivb_vis:9907,5,15,11
fivb_vis:9908,1,25,22
fivb_vis:9908,2,23,25
fivb_vis:9908,3,25,18
fivb_vis:9908,4,26,24
fivb_vis:9909,1,21,25
fivb_vis:9909,2,16,25
fivb_vis:9909,3,15,25
fivb_vis:9910,1,21,25
fivb_vis:9910,2,25,19
fivb_vis:9910,3,19,25
fivb_vis:9910,4,20,25
fivb_vis:9911,1,25,16
fivb_vis:9911,2,25,20
fivb_vis:9911,3,25,14
fivb_vis:9912,1,25,20
fivb_vis:9912,2,25,22
fivb_vis:9912,3,26,28
fivb_vis:9912,4,18,25
fivb_vis:9912,5,15,9
fivb_vis:9913,1,22,25
fivb_vis:9913,2,25,22
fivb_vis:9913,3,25,20
fivb_vis:9913,4,25,19
fivb_vis:9914,1,25,10
fivb_vis:9914,2,16,25
fivb_vis:9914,3,25,19
fivb_vis:9914,4,19,25
fivb_vis:9914,5,15,11
fivb_vis:9915,1,27,25
fivb_vis:9915,2,17,25
fivb_vis:9915,3,25,27
fivb_vis:9915,4,23,25
fivb_vis:9916,1,25,23
fivb_vis:9916,2,25,19
fivb_vis:9916,3,25,17
fivb_vis:9917,1,25,19
fivb_vis:9917,2,25,21
fivb_vis:9917,3,25,20
fivb_vis:9918,1,25,21
fivb_vis:9918,2,25,22
fivb_vis:9918,3,25,23
fivb_vis:9919,1,25,21
fivb_vis:9919,2,25,12
fivb_vis:9919,3,25,11
fivb_vis:9920,1,25,13
fivb_vis:9920,2,25,27
fivb_vis:9920,3,25,20
fivb_vis:9920,4,25,15
fivb_vis:9921,1,25,18
fivb_vis:9921,2,25,23
fivb_vis:9921,3,25,18
fivb_vis:9922,1,13,25
fivb_vis:9922,2,25,22
fivb_vis:9922,3,19,25
fivb_vis:9922,4,16,25
fivb_vis:9923,1,27,25
fivb_vis:9923,2,25,18
fivb_vis:9923,3,25,21
fivb_vis:9924,1,25,21
fivb_vis:9924,2,29,31
fivb_vis:9924,3,25,21
fivb_vis:9924,4,20,25
fivb_vis:9924,5,13,15
fivb_vis:9925,1,19,25
fivb_vis:9925,2,25,15
fivb_vis:9925,3,25,22
fivb_vis:9925,4,25,18
fivb_vis:9926,1,20,25
fivb_vis:9926,2,21,25
fivb_vis:9926,3,26,24
fivb_vis:9926,4,18,25
fivb_vis:9927,1,25,27
fivb_vis:9927,2,25,20
fivb_vis:9927,3,25,22
fivb_vis:9927,4,25,22
fivb_vis:9928,1,27,25
fivb_vis:9928,2,25,21
fivb_vis:9928,3,25,22
fivb_vis:9929,1,25,22
fivb_vis:9929,2,25,20
fivb_vis:9929,3,25,22
fivb_vis:9930,1,25,21
fivb_vis:9930,2,25,16
fivb_vis:9930,3,25,22
fivb_vis:9931,1,16,25
fivb_vis:9931,2,19,25
fivb_vis:9931,3,19,25
fivb_vis:9932,1,17,25
fivb_vis:9932,2,16,25
fivb_vis:9932,3,11,25
fivb_vis:9933,1,25,18
fivb_vis:9933,2,25,22
fivb_vis:9933,3,25,18
fivb_vis:9934,1,14,25
fivb_vis:9934,2,9,25
fivb_vis:9934,3,23,25
fivb_vis:9935,1,29,31
fivb_vis:9935,2,25,13
fivb_vis:9935,3,28,30
fivb_vis:9935,4,25,20
fivb_vis:9935,5,14,16
fivb_vis:9936,1,25,22
fivb_vis:9936,2,18,25
fivb_vis:9936,3,11,25
fivb_vis:9936,4,22,25
fivb_vis:9937,1,22,25
fivb_vis:9937,2,25,21
fivb_vis:9937,3,18,25
fivb_vis:9937,4,23,25
fivb_vis:9938,1,25,17
fivb_vis:9938,2,25,17
fivb_vis:9938,3,25,21
fivb_vis:9939,1,18,25
fivb_vis:9939,2,22,25
fivb_vis:9939,3,25,23
fivb_vis:9939,4,26,24
fivb_vis:9939,5,15,13
fivb_vis:9940,1,25,15
fivb_vis:9940,2,25,22
fivb_vis:9940,3,25,16
fivb_vis:9941,1,19,25
fivb_vis:9941,2,17,25
fivb_vis:9941,3,25,22
fivb_vis:9941,4,20,25
fivb_vis:9942,1,20,25
fivb_vis:9942,2,21,25
fivb_vis:9942,3,31,29
fivb_vis:9942,4,20,25
fivb_vis:9943,1,16,25
fivb_vis:9943,2,18,25
fivb_vis:9943,3,13,25
fivb_vis:9944,1,25,23
fivb_vis:9944,2,24,26
fivb_vis:9944,3,25,27
fivb_vis:9944,4,25,20
fivb_vis:9944,5,15,9
fivb_vis:9945,1,25,21
fivb_vis:9945,2,25,21
fivb_vis:9945,3,25,14
fivb_vis:9946,1,25,23
fivb_vis:9946,2,15,25
fivb_vis:9946,3,25,20
fivb_vis:9946,4,25,17
fivb_vis:9947,1,25,19
fivb_vis:9947,2,25,23
fivb_vis:9947,3,25,20
fivb_vis:9948,1,22,25
fivb_vis:9948,2,23,25
fivb_vis:9948,3,25,17
fivb_vis:9948,4,25,19
fivb_vis:9948,5,15,10
fivb_vis:9949,1,25,19
fivb_vis:9949,2,14,25
fivb_vis:9949,3,25,19
fivb_vis:9949,4,25,21
fivb_vis:9950,1,22,25
fivb_vis:9950,2,23,25
fivb_vis:9950,3,21,25
fivb_vis:9951,1,17,25
fivb_vis:9951,2,19,25
fivb_vis:9951,3,25,20
fivb_vis:9951,4,22,25
fivb_vis:9952,1,15,25
fivb_vis:9952,2,17,25
fivb_vis:9952,3,25,27
fivb_vis:9953,1,25,12
fivb_vis:9953,2,25,18
fivb_vis:9953,3,25,22
fivb_vis:9954,1,20,25
fivb_vis:9954,2,23,25
fivb_vis:9954,3,16,25
fivb_vis:9955,1,25,17
fivb_vis:9955,2,25,21
fivb_vis:9955,3,23,25
fivb_vis:9955,4,25,13
fivb_vis:9956,1,18,25
fivb_vis:9956,2,21,25
fivb_vis:9956,3,19,25
fivb_vis:9957,1,25,21
fivb_vis:9957,2,25,23
fivb_vis:9957,3,24,26
fivb_vis:9957,4,25,16
fivb_vis:9958,1,25,19
fivb_vis:9958,2,25,17
fivb_vis:9958,3,25,21
fivb_vis:9959,1,19,25
fivb_vis:9959,2,25,14
fivb_vis:9959,3,25,23
fivb_vis:9959,4,25,14
fivb_vis:9960,1,25,21
fivb_vis:9960,2,23,25
fivb_vis:9960,3,15,25
fivb_vis:9960,4,11,25
fivb_vis:9961,1,26,24
fivb_vis:9961,2,25,19
fivb_vis:9961,3,25,21
fivb_vis:9962,1,25,20
fivb_vis:9962,2,23,25
fivb_vis:9962,3,19,25
fivb_vis:9962,4,24,26
fivb_vis:9963,1,22,25
fivb_vis:9963,2,25,21
fivb_vis:9963,3,25,15
fivb_vis:9963,4,25,21
fivb_vis:9964,1,25,21
fivb_vis:9964,2,22,25
fivb_vis:9964,3,25,21
fivb_vis:9964,4,14,25
fivb_vis:9964,5,11,15
fivb_vis:9965,1,25,21
fivb_vis:9965,2,23,25
fivb_vis:9965,3,25,20
fivb_vis:9965,4,13,25
fivb_vis:9965,5,14,16
fivb_vis:9966,1,25,23
fivb_vis:9966,2,25,21
fivb_vis:9966,3,25,15
fivb_vis:9967,1,25,22
fivb_vis:9967,2,25,22
fivb_vis:9967,3,25,14
fivb_vis:9968,1,22,25
fivb_vis:9968,2,18,25
fivb_vis:9968,3,25,16
fivb_vis:9968,4,25,20
fivb_vis:9968,5,15,12
fivb_vis:9969,1,17,25
fivb_vis:9969,2,22,25
fivb_vis:9969,3,21,25
fivb_vis:9970,1,25,21
fivb_vis:9970,2,25,20
fivb_vis:9970,3,25,23
fivb_vis:9971,1,27,25
fivb_vis:9971,2,24,26
fivb_vis:9971,3,21,25
fivb_vis:9971,4,23,25
fivb_vis:9972,1,21,25
fivb_vis:9972,2,25,21
fivb_vis:9972,3,25,17
fivb_vis:9972,4,25,23
fivb_vis:9973,1,25,19
fivb_vis:9973,2,25,16
fivb_vis:9973,3,25,15
fivb_vis:9974,1,25,18
fivb_vis:9974,2,25,20
fivb_vis:9974,3,25,16
fivb_vis:9975,1,23,25
fivb_vis:9975,2,17,25
fivb_vis:9975,3,18,25
fivb_vis:9976,1,23,25
fivb_vis:9976,2,23,25
fivb_vis:9976,3,25,19
fivb_vis:9976,4,22,25
fivb_vis:9977,1,19,25
fivb_vis:9977,2,25,20
fivb_vis:9977,3,24,26
fivb_vis:9977,4,28,30
fivb_vis:9978,1,23,25
fivb_vis:9978,2,15,25
fivb_vis:9978,3,18,25
fivb_vis:9979,1,25,19
fivb_vis:9979,2,17,25
fivb_vis:9979,3,23,25
fivb_vis:9979,4,25,15
fivb_vis:9979,5,16,14
fivb_vis:9980,1,14,25
fivb_vis:9980,2,20,25
fivb_vis:9980,3,25,23
fivb_vis:9980,4,17,25
fivb_vis:9981,1,25,18
fivb_vis:9981,2,25,19
fivb_vis:9981,3,25,16
fivb_vis:9982,1,21,25
fivb_vis:9982,2,25,23
fivb_vis:9982,3,25,22
fivb_vis:9982,4,26,28
fivb_vis:9982,5,9,15
fivb_vis:9983,1,25,19
fivb_vis:9983,2,13,25
fivb_vis:9983,3,17,25
fivb_vis:9983,4,22,25
fivb_vis:9984,1,25,18
fivb_vis:9984,2,25,20
fivb_vis:9984,3,23,25
fivb_vis:9984,4,22,25
fivb_vis:9984,5,17,15
fivb_vis:9985,1,25,18
fivb_vis:9985,2,25,18
fivb_vis:9985,3,25,23
fivb_vis:9986,1,12,25
fivb_vis:9986,2,25,20
fivb_vis:9986,3,16,25
fivb_vis:9986,4,25,14
fivb_vis:9986,5,15,10
fivb_vis:9987,1,25,23
fivb_vis:9987,2,24,26
fivb_vis:9987,3,25,20
fivb_vis:9987,4,23,25
fivb_vis:9987,5,16,14
fivb_vis:9988,1,25,21
fivb_vis:9988,2,25,20
fivb_vis:9988,3,25,13
fivb_vis:9989,1,25,16
fivb_vis:9989,2,25,17
fivb_vis:9989,3,25,17
fivb_vis:9990,1,13,25
fivb_vis:9990,2,20,25
fivb_vis:9990,3,17,25
fivb_vis:9991,1,12,25
fivb_vis:9991,2,25,27
fivb_vis:9991,3,17,25
fivb_vis:9992,1,17,25
fivb_vis:9992,2,23,25
fivb_vis:9992,3,26,24
fivb_vis:9992,4,28,26
fivb_vis:9992,5,10,15
fivb_vis:9993,1,25,8
fivb_vis:9993,2,22,25
fivb_vis:9993,3,25,20
fivb_vis:9993,4,25,16
fivb_vis:9994,1,21,25
fivb_vis:9994,2,25,16
fivb_vis:9994,3,25,15
fivb_vis:9994,4,26,24
fivb_vis:9995,1,22,25
fivb_vis:9995,2,19,25
fivb_vis:9995,3,25,22
fivb_vis:9995,4,22,25
fivb_vis:9996,1,22,25
fivb_vis:9996,2,25,21
fivb_vis:9996,3,22,25
fivb_vis:9996,4,25,19
fivb_vis:9996,5,15,10
fivb_vis:9997,1,21,25
fivb_vis:9997,2,15,25
fivb_vis:9997,3,21,25
fivb_vis:9998,1,25,18
fivb_vis:9998,2,25,19
fivb_vis:9998,3,20,25
fivb_vis:9998,4,25,21
fivb_vis:9999,1,25,17
fivb_vis:9999,2,25,22
fivb_vis:9999,3,22,25
fivb_vis:9999,4,25,22
fivb_vis:10000,1,23,25
fivb_vis:10000,2,15,25
fivb_vis:10000,3,10,25
fivb_vis:10001,1,25,11
fivb_vis:10001,2,15,25
fivb_vis:10001,3,25,17
fivb_vis:10001,4,25,20
fivb_vis:10002,1,23,25
fivb_vis:10002,2,15,25
fivb_vis:10002,3,25,20
fivb_vis:10002,4,21,25
fivb_vis:10003,1,25,20
fivb_vis:10003,2,25,22
fivb_vis:10003,3,15,25
fivb_vis:10003,4,21,25
fivb_vis:10003,5,13,15
fivb_vis:10004,1,20,25
fivb_vis:10004,2,25,23
fivb_vis:10004,3,25,23
fivb_vis:10004,4,25,23
fivb_vis:10005,1,21,25
fivb_vis:10005,2,21,25
fivb_vis:10005,3,25,19
fivb_vis:10005,4,25,19
fivb_vis:10005,5,11,15
fivb_vis:10006,1,20,25
fivb_vis:10006,2,24,26
fivb_vis:10006,3,25,19
fivb_vis:10006,4,17,25
fivb_vis:10007,1,25,17
fivb_vis:10007,2,25,21
fivb_vis:10007,3,25,21
fivb_vis:10008,1,22,25
fivb_vis:10008,2,22,25
fivb_vis:10008,3,23,25
fivb_vis:10009,1,25,15
fivb_vis:10009,2,24,26
fivb_vis:10009,3,25,21
fivb_vis:10009,4,25,14
fivb_vis:10010,1,17,25
fivb_vis:10010,2,12,25
fivb_vis:10010,3,26,24
fivb_vis:10010,4,17,25
fivb_vis:10011,1,25,19
fivb_vis:10011,2,25,22
fivb_vis:10011,3,20,25
fivb_vis:10011,4,25,23
fivb_vis:10012,1,25,21
fivb_vis:10012,2,30,28
fivb_vis:10012,3,25,23
fivb_vis:10013,1,22,25
fivb_vis:10013,2,18,25
fivb_vis:10013,3,21,25
fivb_vis:10014,1,25,20
fivb_vis:10014,2,25,23
fivb_vis:10014,3,25,16
fivb_vis:10015,1,25,16
fivb_vis:10015,2,25,21
fivb_vis:10015,3,25,23
fivb_vis:10016,1,32,34
fivb_vis:10016,2,25,16
fivb_vis:10016,3,25,19
fivb_vis:10016,4,27,29
fivb_vis:10016,5,15,13
fivb_vis:10017,1,25,17
fivb_vis:10017,2,32,34
fivb_vis:10017,3,28,26
fivb_vis:10017,4,23,25
fivb_vis:10017,5,9,15
fivb_vis:10018,1,22,25
fivb_vis:10018,2,25,23
fivb_vis:10018,3,19,25
fivb_vis:10018,4,23,25
fivb_vis:10019,1,12,25
fivb_vis:10019,2,22,25
fivb_vis:10019,3,25,20
fivb_vis:10019,4,20,25
fivb_vis:10020,1,28,30
fivb_vis:10020,2,27,29
fivb_vis:10020,3,20,25
fivb_vis:10021,1,21,25
fivb_vis:10021,2,13,25
fivb_vis:10021,3,24,26
fivb_vis:10022,1,25,21
fivb_vis:10022,2,19,25
fivb_vis:10022,3,28,26
fivb_vis:10022,4,25,23
fivb_vis:10023,1,21,25
fivb_vis:10023,2,27,29
fivb_vis:10023,3,25,16
fivb_vis:10023,4,24,26
fivb_vis:10024,1,25,19
fivb_vis:10024,2,25,27
fivb_vis:10024,3,16,25
fivb_vis:10024,4,16,25
fivb_vis:10025,1,22,25
fivb_vis:10025,2,25,15
fivb_vis:10025,3,25,21
fivb_vis:10025,4,25,17
fivb_vis:10026,1,22,25
fivb_vis:10026,2,27,25
fivb_vis:10026,3,19,25
fivb_vis:10026,4,15,25
fivb_vis:10027,1,20,25
fivb_vis:10027,2,26,24
fivb_vis:10027,3,25,23
fivb_vis:10027,4,22,25
fivb_vis:10027,5,15,10
fivb_vis:10028,1,28,26
fivb_vis:10028,2,25,23
fivb_vis:10028,3,24,26
fivb_vis:10028,4,25,20
fivb_vis:10029,1,26,24
fivb_vis:10029,2,25,20
fivb_vis:10029,3,25,17
fivb_vis:10030,1,25,23
fivb_vis:10030,2,13,25
fivb_vis:10030,3,25,20
fivb_vis:10030,4,25,23
fivb_vis:10031,1,25,19
fivb_vis:10031,2,25,22
fivb_vis:10031,3,25,20
fivb_vis:10032,1,23,25
fivb_vis:10032,2,25,16
fivb_vis:10032,3,21,25
fivb_vis:10032,4,33,31
fivb_vis:10032,5,15,10
fivb_vis:10033,1,25,16
fivb_vis:10033,2,25,16
fivb_vis:10033,3,33,31
fivb_vis:10034,1,25,20
fivb_vis:10034,2,16,25
fivb_vis:10034,3,26,28
fivb_vis:10034,4,26,24
fivb_vis:10034,5,15,9
fivb_vis:10035,1,25,23
fivb_vis:10035,2,25,17
fivb_vis:10035,3,25,18
fivb_vis:10036,1,22,25
fivb_vis:10036,2,25,19
fivb_vis:10036,3,27,25
fivb_vis:10036,4,25,20
fivb_vis:10037,1,16,25
fivb_vis:10037,2,23,25
fivb_vis:10037,3,20,25
fivb_vis:10038,1,25,13
fivb_vis:10038,2,25,20
fivb_vis:10038,3,25,11
fivb_vis:10039,1,25,22
fivb_vis:10039,2,25,19
fivb_vis:10039,3,25,15
fivb_vis:10040,1,19,25
fivb_vis:10040,2,25,20
fivb_vis:10040,3,22,25
fivb_vis:10040,4,32,34
fivb_vis:10041,1,22,25
fivb_vis:10041,2,19,25
fivb_vis:10041,3,21,25
fivb_vis:10042,1,22,25
fivb_vis:10042,2,14,25
fivb_vis:10042,3,25,21
fivb_vis:10042,4,25,21
fivb_vis:10042,5,15,9
fivb_vis:10043,1,23,25
fivb_vis:10043,2,29,27
fivb_vis:10043,3,25,18
fivb_vis:10043,4,23,25
fivb_vis:10043,5,15,12
fivb_vis:10044,1,18,25
fivb_vis:10044,2,23,25
fivb_vis:10044,3,25,21
fivb_vis:10044,4,25,23
fivb_vis:10044,5,15,11
fivb_vis:10045,1,22,25
fivb_vis:10045,2,13,25
fivb_vis:10045,3,15,25
fivb_vis:10046,1,20,25
fivb_vis:10046,2,25,22
fivb_vis:10046,3,22,25
fivb_vis:10046,4,17,25
fivb_vis:10047,1,29,27
fivb_vis:10047,2,25,16
fivb_vis:10047,3,25,18
fivb_vis:10048,1,20,25
fivb_vis:10048,2,25,21
fivb_vis:10048,3,28,26
fivb_vis:10048,4,23,25
fivb_vis:10048,5,12,15
fivb_vis:10049,1,22,25
fivb_vis:10049,2,21,25
fivb_vis:10049,3,19,25
fivb_vis:10050,1,25,20
fivb_vis:10050,2,25,20
fivb_vis:10050,3,25,16
fivb_vis:10051,1,17,25
fivb_vis:10051,2,26,24
fivb_vis:10051,3,21,25
fivb_vis:10051,4,28,26
fivb_vis:10051,5,12,15
fivb_vis:10052,1,25,17
fivb_vis:10052,2,22,25
fivb_vis:10052,3,25,17
fivb_vis:10052,4,20,25
fivb_vis:10052,5,12,15
fivb_vis:10053,1,25,22
fivb_vis:10053,2,25,17
fivb_vis:10053,3,25,23
fivb_vis:10054,1,25,23
fivb_vis:10054,2,15,25
fivb_vis:10054,3,27,29
fivb_vis:10054,4,21,25
fivb_vis:10055,1,20,25
fivb_vis:10055,2,29,27
fivb_vis:10055,3,22,25
fivb_vis:10055,4,25,21
fivb_vis:10055,5,15,13
fivb_vis:10056,1,24,26
fivb_vis:10056,2,25,20
fivb_vis:10056,3,25,22
fivb_vis:10056,4,25,19
fivb_vis:10057,1,25,15
fivb_vis:10057,2,26,24
fivb_vis:10057,3,25,16
fivb_vis:10058,1,25,22
fivb_vis:10058,2,25,19
fivb_vis:10058,3,21,25
fivb_vis:10058,4,25,21
fivb_vis:10059,1,24,26
fivb_vis:10059,2,25,20
fivb_vis:10059,3,25,19
fivb_vis:10059,4,25,20
fivb_vis:10060,1,25,15
fivb_vis:10060,2,25,18
fivb_vis:10060,3,25,22
fivb_vis:10061,1,25,21
fivb_vis:10061,2,15,25
fivb_vis:10061,3,22,25
fivb_vis:10061,4,32,30
fivb_vis:10061,5,9,15
fivb_vis:10062,1,18,25
fivb_vis:10062,2,32,30
fivb_vis:10062,3,18,25
fivb_vis:10062,4,15,25
fivb_vis:10063,1,25,22
fivb_vis:10063,2,19,25
fivb_vis:10063,3,25,16
fivb_vis:10063,4,19,25
fivb_vis:10063,5,19,21
fivb_vis:10064,1,25,23
fivb_vis:10064,2,22,25
fivb_vis:10064,3,25,20
fivb_vis:10064,4,25,23
fivb_vis:10065,1,25,20
fivb_vis:10065,2,21,25
fivb_vis:10065,3,18,25
fivb_vis:10065,4,25,17
fivb_vis:10065,5,15,8
fivb_vis:10066,1,25,22
fivb_vis:10066,2,21,25
fivb_vis:10066,3,25,19
fivb_vis:10066,4,25,20
fivb_vis:10067,1,18,25
fivb_vis:10067,2,17,25
fivb_vis:10067,3,25,19
fivb_vis:10067,4,20,25
fivb_vis:10068,1,17,25
fivb_vis:10068,2,22,25
fivb_vis:10068,3,27,25
fivb_vis:10068,4,18,25
fivb_vis:10069,1,19,25
fivb_vis:10069,2,21,25
fivb_vis:10069,3,18,25
fivb_vis:10070,1,25,18
fivb_vis:10070,2,25,27
fivb_vis:10070,3,23,25
fivb_vis:10070,4,25,22
fivb_vis:10070,5,17,15
fivb_vis:10071,1,25,14
fivb_vis:10071,2,25,20
fivb_vis:10071,3,23,25
fivb_vis:10071,4,25,21
fivb_vis:10072,1,25,20
fivb_vis:10072,2,25,27
fivb_vis:10072,3,25,20
fivb_vis:10072,4,28,26
fivb_vis:10073,1,25,20
fivb_vis:10073,2,26,24
fivb_vis:10073,3,25,23
fivb_vis:10074,1,25,19
fivb_vis:10074,2,23,25
fivb_vis:10074,3,23,25
fivb_vis:10074,4,25,23
fivb_vis:10074,5,15,10
fivb_vis:10075,1,25,23
fivb_vis:10075,2,22,25
fivb_vis:10075,3,26,28
fivb_vis:10075,4,25,27
fivb_vis:10076,1,25,19
fivb_vis:10076,2,25,23
fivb_vis:10076,3,22,25
fivb_vis:10076,4,25,17
fivb_vis:10077,1,25,15
fivb_vis:10077,2,25,19
fivb_vis:10077,3,25,19
fivb_vis:10078,1,25,21
fivb_vis:10078,2,25,23
fivb_vis:10078,3,25,27
fivb_vis:10078,4,20,25
fivb_vis:10078,5,19,17
fivb_vis:10079,1,26,24
fivb_vis:10079,2,25,19
fivb_vis:10079,3,25,22
fivb_vis:10080,1,25,23
fivb_vis:10080,2,25,22
fivb_vis:10080,3,25,22
fivb_vis:10081,1,23,25
fivb_vis:10081,2,27,25
fivb_vis:10081,3,25,17
fivb_vis:10081,4,25,18
fivb_vis:10082,1,25,22
fivb_vis:10082,2,21,25
fivb_vis:10082,3,19,25
fivb_vis:10082,4,14,25
fivb_vis:10083,1,25,20
fivb_vis:10083,2,21,25
fivb_vis:10083,3,25,19
fivb_vis:10083,4,25,14
fivb_vis:10084,1,19,25
fivb_vis:10084,2,20,25
fivb_vis:10084,3,23,25
fivb_vis:10085,1,22,25
fivb_vis:10085,2,25,22
fivb_vis:10085,3,23,25
fivb_vis:10085,4,17,25
fivb_vis:10086,1,32,30
fivb_vis:10086,2,21,25
fivb_vis:10086,3,25,21
fivb_vis:10086,4,19,25
fivb_vis:10086,5,15,11
fivb_vis:10087,1,22,25
fivb_vis:10087,2,25,23
fivb_vis:10087,3,19,25
fivb_vis:10087,4,19,25
fivb_vis:10088,1,25,23
fivb_vis:10088,2,26,24
fivb_vis:10088,3,25,23
fivb_vis:10089,1,25,19
fivb_vis:10089,2,25,19
fivb_vis:10089,3,25,14
fivb_vis:10090,1,20,25
fivb_vis:10090,2,20,25
fivb_vis:10090,3,21,25
fivb_vis:10091,1,20,25
fivb_vis:10091,2,25,18
fivb_vis:10091,3,21,25
fivb_vis:10091,4,25,17
fivb_vis:10091,5,15,13
fivb_vis:10092,1,25,18
fivb_vis:10092,2,26,24
fivb_vis:10092,3,23,25
fivb_vis:10092,4,21,25
fivb_vis:10092,5,15,13
fivb_vis:10093,1,25,20
fivb_vis:10093,2,25,19
fivb_vis:10093,3,25,19
fivb_vis:10094,1,25,17
fivb_vis:10094,2,25,23
fivb_vis:10094,3,25,18
fivb_vis:10095,1,25,23
fivb_vis:10095,2,22,25
fivb_vis:10095,3,25,23
fivb_vis:10095,4,21,25
fivb_vis:10095,5,23,25
fivb_vis:10096,1,23,25
fivb_vis:10096,2,22,25
fivb_vis:10096,3,25,27
fivb_vis:10097,1,18,25
fivb_vis:10097,2,24,26
fivb_vis:10097,3,21,25
fivb_vis:10098,1,28,26
fivb_vis:10098,2,25,18
fivb_vis:10098,3,23,25
fivb_vis:10098,4,19,25
fivb_vis:10098,5,10,15
fivb_vis:10099,1,25,17
fivb_vis:10099,2,25,21
fivb_vis:10099,3,28,26
fivb_vis:10100,1,17,25
fivb_vis:10100,2,25,20
fivb_vis:10100,3,21,25
fivb_vis:10100,4,19,25
fivb_vis:10101,1,20,25
fivb_vis:10101,2,15,25
fivb_vis:10101,3,18,25
fivb_vis:10102,1,25,15
fivb_vis:10102,2,20,25
fivb_vis:10102,3,22,25
fivb_vis:10102,4,18,25
fivb_vis:10103,1,23,25
fivb_vis:10103,2,25,18
fivb_vis:10103,3,25,23
fivb_vis:10103,4,25,23
fivb_vis:10104,1,25,23
fivb_vis:10104,2,26,28
fivb_vis:10104,3,25,22
fivb_vis:10104,4,25,19
fivb_vis:10105,1,21,25
fivb_vis:10105,2,25,19
fivb_vis:10105,3,25,23
fivb_vis:10105,4,25,23
fivb_vis:10106,1,22,25
fivb_vis:10106,2,25,19
fivb_vis:10106,3,27,25
fivb_vis:10106,4,25,20
fivb_vis:10107,1,28,26
fivb_vis:10107,2,20,25
fivb_vis:10107,3,25,10
fivb_vis:10107,4,25,23
fivb_vis:10108,1,19,25
fivb_vis:10108,2,25,22
fivb_vis:10108,3,18,25
fivb_vis:10108,4,25,21
fivb_vis:10108,5,11,15
fivb_vis:10109,1,24,26
fivb_vis:10109,2,25,15
fivb_vis:10109,3,25,22
fivb_vis:10109,4,25,18
fivb_vis:10110,1,27,25
fivb_vis:10110,2,25,19
fivb_vis:10110,3,21,25
fivb_vis:10110,4,25,20
fivb_vis:10111,1,25,20
fivb_vis:10111,2,25,19
fivb_vis:10111,3,25,19
fivb_vis:10112,1,14,25
fivb_vis:10112,2,25,20
fivb_vis:10112,3,29,27
fivb_vis:10112,4,26,24
fivb_vis:10113,1,23,25
fivb_vis:10113,2,23,25
fivb_vis:10113,3,21,25
fivb_vis:10114,1,19,25
fivb_vis:10114,2,25,21
fivb_vis:10114,3,14,25
fivb_vis:10114,4,23,25
fivb_vis:10115,1,20,25
fivb_vis:10115,2,22,25
fivb_vis:10115,3,25,22
fivb_vis:10115,4,20,25
fivb_vis:10116,1,23,25
fivb_vis:10116,2,23,25
fivb_vis:10116,3,26,28
fivb_vis:10117,1,23,25
fivb_vis:10117,2,18,25
fivb_vis:10117,3,24,26
fivb_vis:10118,1,22,25
fivb_vis:10118,2,26,28
fivb_vis:10118,3,23,25
fivb_vis:10119,1,26,28
fivb_vis:10119,2,25,22
fivb_vis:10119,3,25,18
fivb_vis:10119,4,25,18
fivb_vis:10120,1,25,27
fivb_vis:10120,2,21,25
fivb_vis:10120,3,20,25
fivb_vis:10121,1,25,23
fivb_vis:10121,2,25,12
fivb_vis:10121,3,25,18
fivb_vis:10122,1,17,25
fivb_vis:10122,2,25,23
fivb_vis:10122,3,25,21
fivb_vis:10122,4,18,25
fivb_vis:10122,5,9,15
fivb_vis:10123,1,25,18
fivb_vis:10123,2,25,21
fivb_vis:10123,3,25,20
fivb_vis:10124,1,23,25
fivb_vis:10124,2,25,23
fivb_vis:10124,3,21,25
fivb_vis:10124,4,25,21
fivb_vis:10124,5,9,15
fivb_vis:10125,1,25,21
fivb_vis:10125,2,18,25
fivb_vis:10125,3,20,25
fivb_vis:10125,4,22,25
fivb_vis:10126,1,25,20
fivb_vis:10126,2,25,23
fivb_vis:10126,3,24,26
fivb_vis:10126,4,20,25
fivb_vis:10126,5,15,10
fivb_vis:10127,1,25,16
fivb_vis:10127,2,25,22
fivb_vis:10127,3,23,25
fivb_vis:10127,4,25,21
fivb_vis:10128,1,25,16
fivb_vis:10128,2,25,23
fivb_vis:10128,3,25,17
fivb_vis:10129,1,25,21
fivb_vis:10129,2,25,17
fivb_vis:10129,3,25,20
fivb_vis:10130,1,25,21
fivb_vis:10130,2,17,25
fivb_vis:10130,3,21,25
fivb_vis:10130,4,25,20
fivb_vis:10130,5,15,9
fivb_vis:10131,1,19,25
fivb_vis:10131,2,26,24
fivb_vis:10131,3,22,25
fivb_vis:10131,4,21,25
fivb_vis:10132,1,25,17
fivb_vis:10132,2,25,23
fivb_vis:10132,3,25,21
fivb_vis:10133,1,25,23
fivb_vis:10133,2,20,25
fivb_vis:10133,3,25,21
fivb_vis:10133,4,25,20
fivb_vis:1742,1,25,12
fivb_vis:1742,2,25,15
fivb_vis:1742,3,25,14
fivb_vis:1743,1,25,16
fivb_vis:1743,2,23,25
fivb_vis:1743,3,23,25
fivb_vis:1743,4,27,29
fivb_vis:1744,1,35,37
fivb_vis:1744,2,18,25
fivb_vis:1744,3,25,21
fivb_vis:1744,4,27,25
fivb_vis:1744,5,19,17
fivb_vis:1745,1,25,20
fivb_vis:1745,2,28,30
fivb_vis:1745,3,28,30
fivb_vis:1745,4,35,33
fivb_vis:1745,5,15,7
fivb_vis:1746,1,23,25
fivb_vis:1746,2,21,25
fivb_vis:1746,3,15,25
fivb_vis:1747,1,16,25
fivb_vis:1747,2,20,25
fivb_vis:1747,3,18,25
fivb_vis:1748,1,25,18
fivb_vis:1748,2,25,17
fivb_vis:1748,3,25,21
fivb_vis:1749,1,25,19
fivb_vis:1749,2,25,17
fivb_vis:1749,3,23,25
fivb_vis:1749,4,25,22
fivb_vis:1750,1,18,25
fivb_vis:1750,2,24,26
fivb_vis:1750,3,22,25
fivb_vis:1751,1,17,25
fivb_vis:1751,2,9,25
fivb_vis:1751,3,16,25
fivb_vis:1752,1,19,25
fivb_vis:1752,2,25,15
fivb_vis:1752,3,25,23
fivb_vis:1752,4,25,14
fivb_vis:1753,1,21,25
fivb_vis:1753,2,25,21
fivb_vis:1753,3,23,25
fivb_vis:1753,4,19,25
fivb_vis:1754,1,25,27
fivb_vis:1754,2,27,25
fivb_vis:1754,3,25,19
fivb_vis:1754,4,25,9
fivb_vis:1755,1,27,29
fivb_vis:1755,2,25,21
fivb_vis:1755,3,21,25
fivb_vis:1755,4,25,20
fivb_vis:1755,5,15,10
fivb_vis:1756,1,25,15
fivb_vis:1756,2,25,21
fivb_vis:1756,3,25,20
fivb_vis:1757,1,25,23
fivb_vis:1757,2,25,14
fivb_vis:1757,3,25,16
fivb_vis:1758,1,15,25
fivb_vis:1758,2,20,25
fivb_vis:1758,3,16,25
fivb_vis:1759,1,16,25
fivb_vis:1759,2,20,25
fivb_vis:1759,3,18,25
fivb_vis:1760,1,9,25
fivb_vis:1760,2,19,25
fivb_vis:1760,3,17,25
fivb_vis:1761,1,22,25
fivb_vis:1761,2,26,28
fivb_vis:1761,3,27,29
fivb_vis:1762,1,25,19
fivb_vis:1762,2,25,20
fivb_vis:1762,3,22,25
fivb_vis:1762,4,25,22
fivb_vis:1763,1,25,22
fivb_vis:1763,2,25,19
fivb_vis:1763,3,18,25
fivb_vis:1763,4,25,20
fivb_vis:1764,1,25,19
fivb_vis:1764,2,25,19
fivb_vis:1764,3,26,24
fivb_vis:1765,1,26,28
fivb_vis:1765,2,25,13
fivb_vis:1765,3,25,19
fivb_vis:1765,4,17,25
fivb_vis:1765,5,20,18
fivb_vis:1766,1,18,25
fivb_vis:1766,2,25,20
fivb_vis:1766,3,18,25
fivb_vis:1766,4,21,25
fivb_vis:1767,1,25,18
fivb_vis:1767,2,25,16
fivb_vis:1767,3,25,23
fivb_vis:1768,1,19,25
fivb_vis:1768,2,19,25
fivb_vis:1768,3,25,22
fivb_vis:1768,4,25,21
fivb_vis:1768,5,5,15
fivb_vis:1769,1,20,25
fivb_vis:1769,2,13,25
fivb_vis:1769,3,18,25
fivb_vis:1770,1,25,20
fivb_vis:1770,2,17,25
fivb_vis:1770,3,25,16
fivb_vis:1770,4,25,23
fivb_vis:1771,1,25,21
fivb_vis:1771,2,25,17
fivb_vis:1771,3,23,25
fivb_vis:1771,4,25,21
fivb_vis:1772,1,11,25
fivb_vis:1772,2,11,25
fivb_vis:1772,3,10,25
fivb_vis:1773,1,25,21
fivb_vis:1773,2,17,25
fivb_vis:1773,3,20,25
fivb_vis:1773,4,17,25
fivb_vis:1774,1,13,25
fivb_vis:1774,2,13,25
fivb_vis:1774,3,18,25
fivb_vis:1775,1,20,25
fivb_vis:1775,2,25,20
fivb_vis:1775,3,19,25
fivb_vis:1775,4,21,25
fivb_vis:1776,1,14,25
fivb_vis:1776,2,13,25
fivb_vis:1776,3,13,25
fivb_vis:1777,1,19,25
fivb_vis:1777,2,15,25
fivb_vis:1777,3,21,25
fivb_vis:1778,1,15,25
fivb_vis:1778,2,24,26
fivb_vis:1778,3,17,25
fivb_vis:1779,1,25,14
fivb_vis:1779,2,25,14
fivb_vis:1779,3,25,16
fivb_vis:1780,1,22,25
fivb_vis:1780,2,25,15
fivb_vis:1780,3,25,20
fivb_vis:1780,4,25,22
fivb_vis:1781,1,25,12
fivb_vis:1781,2,25,17
fivb_vis:1781,3,25,12
fivb_vis:1782,1,25,7
fivb_vis:1782,2,25,20
fivb_vis:1782,3,25,12
fivb_vis:1783,1,17,25
fivb_vis:1783,2,25,20
fivb_vis:1783,3,14,25
fivb_vis:1783,4,18,25
fivb_vis:1784,1,25,19
fivb_vis:1784,2,25,18
fivb_vis:1784,3,25,11
fivb_vis:1785,1,15,25
fivb_vis:1785,2,13,25
fivb_vis:1785,3,23,25
fivb_vis:1786,1,18,25
fivb_vis:1786,2,14,25
fivb_vis:1786,3,25,23
fivb_vis:1786,4,32,30
fivb_vis:1786,5,15,13
fivb_vis:1787,1,21,25
fivb_vis:1787,2,20,25
fivb_vis:1787,3,25,18
fivb_vis:1787,4,25,23
fivb_vis:1787,5,11,15
fivb_vis:1788,1,11,25
fivb_vis:1788,2,19,25
fivb_vis:1788,3,10,25
fivb_vis:1789,1,25,13
fivb_vis:1789,2,25,6
fivb_vis:1789,3,27,25
fivb_vis:1790,1,12,25
fivb_vis:1790,2,12,25
fivb_vis:1790,3,20,25
fivb_vis:1791,1,23,25
fivb_vis:1791,2,20,25
fivb_vis:1791,3,19,25
fivb_vis:1792,1,23,25
fivb_vis:1792,2,25,22
fivb_vis:1792,3,23,25
fivb_vis:1792,4,25,20
fivb_vis:1792,5,15,11
fivb_vis:1793,1,17,25
fivb_vis:1793,2,22,25
fivb_vis:1793,3,22,25
fivb_vis:1794,1,25,18
fivb_vis:1794,2,25,20
fivb_vis:1794,3,17,25
fivb_vis:1794,4,25,16
fivb_vis:1795,1,25,20
fivb_vis:1795,2,25,20
fivb_vis:1795,3,25,19
fivb_vis:1796,1,25,18
fivb_vis:1796,2,21,25
fivb_vis:1796,3,25,19
fivb_vis:1796,4,19,25
fivb_vis:1796,5,13,15
fivb_vis:1797,1,16,25
fivb_vis:1797,2,22,25
fivb_vis:1797,3,17,25
fivb_vis:1798,1,26,24
fivb_vis:1798,2,25,16
fivb_vis:1798,3,25,14
fivb_vis:1799,1,25,21
fivb_vis:1799,2,25,16
fivb_vis:1799,3,25,20
fivb_vis:1800,1,26,24
fivb_vis:1800,2,25,19
fivb_vis:1800,3,26,24
fivb_vis:1801,1,20,25
fivb_vis:1801,2,25,21
fivb_vis:1801,3,19,25
fivb_vis:1801,4,25,18
fivb_vis:1801,5,15,6
fivb_vis:1802,1,25,22
fivb_vis:1802,2,27,25
fivb_vis:1802,3,25,19
fivb_vis:1803,1,12,25
fivb_vis:1803,2,20,25
fivb_vis:1803,3,16,25
fivb_vis:1804,1,20,25
fivb_vis:1804,2,16,25
fivb_vis:1804,3,17,25
fivb_vis:1805,1,25,27
fivb_vis:1805,2,22,25
fivb_vis:1805,3,14,25
fivb_vis:1806,1,16,25
fivb_vis:1806,2,25,21
fivb_vis:1806,3,13,25
fivb_vis:1806,4,20,25
fivb_vis:1807,1,15,25
fivb_vis:1807,2,25,18
fivb_vis:1807,3,13,25
fivb_vis:1807,4,21,25
fivb_vis:11248,1,22,25
fivb_vis:11248,2,25,22
fivb_vis:11248,3,25,22
fivb_vis:11248,4,23,25
fivb_vis:11248,5,12,15
fivb_vis:11249,1,25,19
fivb_vis:11249,2,25,17
fivb_vis:11249,3,21,25
fivb_vis:11249,4,23,25
fivb_vis:11249,5,15,5
fivb_vis:11250,1,25,20
fivb_vis:11250,2,25,22
fivb_vis:11250,3,25,23
fivb_vis:11251,1,13,25
fivb_vis:11251,2,25,21
fivb_vis:11251,3,19,25
fivb_vis:11251,4,15,25
fivb_vis:11252,1,25,21
fivb_vis:11252,2,19,25
fivb_vis:11252,3,18,25
fivb_vis:11252,4,23,25
fivb_vis:11253,1,25,20
fivb_vis:11253,2,25,18
fivb_vis:11253,3,25,15
fivb_vis:11242,1,25,16
fivb_vis:11242,2,25,14
fivb_vis:11242,3,25,17
fivb_vis:11243,1,25,18
fivb_vis:11243,2,25,14
fivb_vis:11243,3,25,19
fivb_vis:11244,1,26,24
fivb_vis:11244,2,25,23
fivb_vis:11244,3,25,23
fivb_vis:11245,1,22,25
fivb_vis:11245,2,22,25
fivb_vis:11245,3,25,12
fivb_vis:11245,4,25,21
fivb_vis:11245,5,15,9
fivb_vis:11246,1,26,28
fivb_vis:11246,2,25,20
fivb_vis:11246,3,25,20
fivb_vis:11246,4,25,21
fivb_vis:11247,1,25,21
fivb_vis:11247,2,25,15
fivb_vis:11247,3,25,15
fivb_vis:10898,1,17,25
fivb_vis:10898,2,25,20
fivb_vis:10898,3,25,21
fivb_vis:10898,4,25,27
fivb_vis:10898,5,15,13
fivb_vis:10899,1,18,25
fivb_vis:10899,2,25,14
fivb_vis:10899,3,25,23
fivb_vis:10899,4,25,20
fivb_vis:10900,1,26,24
fivb_vis:10900,2,23,25
fivb_vis:10900,3,13,25
fivb_vis:10900,4,20,25
fivb_vis:10901,1,25,19
fivb_vis:10901,2,25,16
fivb_vis:10901,3,25,22
fivb_vis:10902,1,25,22
fivb_vis:10902,2,17,25
fivb_vis:10902,3,17,25
fivb_vis:10902,4,21,25
fivb_vis:10903,1,25,19
fivb_vis:10903,2,25,17
fivb_vis:10903,3,25,27
fivb_vis:10903,4,25,22
fivb_vis:10892,1,25,19
fivb_vis:10892,2,19,25
fivb_vis:10892,3,25,17
fivb_vis:10892,4,22,25
fivb_vis:10892,5,15,11
fivb_vis:10893,1,25,13
fivb_vis:10893,2,25,16
fivb_vis:10893,3,25,15
fivb_vis:10894,1,19,25
fivb_vis:10894,2,24,26
fivb_vis:10894,3,21,25
fivb_vis:10895,1,19,25
fivb_vis:10895,2,23,25
fivb_vis:10895,3,25,22
fivb_vis:10895,4,14,25
fivb_vis:10896,1,28,30
fivb_vis:10896,2,17,25
fivb_vis:10896,3,22,25
fivb_vis:10897,1,26,28
fivb_vis:10897,2,20,25
fivb_vis:10897,3,29,27
fivb_vis:10897,4,24,26
fivb_vis:10914,1,13,25
fivb_vis:10914,2,35,37
fivb_vis:10914,3,14,25
fivb_vis:10915,1,28,26
fivb_vis:10915,2,25,18
fivb_vis:10915,3,25,22
fivb_vis:10916,1,25,14
fivb_vis:10916,2,25,17
fivb_vis:10916,3,25,14
fivb_vis:10917,1,25,0
fivb_vis:10917,2,25,0
fivb_vis:10917,3,25,0
fivb_vis:10918,1,25,0
fivb_vis:10918,2,25,0
fivb_vis:10918,3,25,0
fivb_vis:10919,1,22,25
fivb_vis:10919,2,21,25
fivb_vis:10919,3,24,26
fivb_vis:10920,1,25,20
fivb_vis:10920,2,25,17
fivb_vis:10920,3,25,15
fivb_vis:10921,1,25,10
fivb_vis:10921,2,25,17
fivb_vis:10921,3,25,15
fivb_vis:10922,1,25,0
fivb_vis:10922,2,25,0
fivb_vis:10922,3,25,0
fivb_vis:10923,1,29,27
fivb_vis:10923,2,25,19
fivb_vis:10923,3,25,27
fivb_vis:10923,4,25,18
fivb_vis:10924,1,25,17
fivb_vis:10924,2,25,21
fivb_vis:10924,3,25,22
fivb_vis:10925,1,25,20
fivb_vis:10925,2,25,18
fivb_vis:10925,3,25,21
fivb_vis:10926,1,25,19
fivb_vis:10926,2,25,21
fivb_vis:10926,3,17,25
fivb_vis:10926,4,25,17
fivb_vis:10927,1,25,21
fivb_vis:10927,2,25,22
fivb_vis:10927,3,28,26
fivb_vis:10928,1,25,23
fivb_vis:10928,2,14,25
fivb_vis:10928,3,25,21
fivb_vis:10928,4,23,25
fivb_vis:10928,5,6,15
fivb_vis:10929,1,25,17
fivb_vis:10929,2,22,25
fivb_vis:10929,3,22,25
fivb_vis:10929,4,19,25
fivb_vis:10930,1,25,18
fivb_vis:10930,2,25,16
fivb_vis:10930,3,25,23
fivb_vis:10931,1,28,30
fivb_vis:10931,2,25,13
fivb_vis:10931,3,28,26
fivb_vis:10931,4,25,19
fivb_vis:10932,1,25,14
fivb_vis:10932,2,25,18
fivb_vis:10932,3,25,12
fivb_vis:10933,1,25,18
fivb_vis:10933,2,21,25
fivb_vis:10933,3,25,20
fivb_vis:10933,4,25,20
fivb_vis:11382,1,23,25
fivb_vis:11382,2,19,25
fivb_vis:11382,3,14,25
fivb_vis:11383,1,25,20
fivb_vis:11383,2,25,19
fivb_vis:11383,3,25,20
fivb_vis:11384,1,25,18
fivb_vis:11384,2,25,12
fivb_vis:11384,3,25,20
fivb_vis:11385,1,21,25
fivb_vis:11385,2,14,25
fivb_vis:11385,3,14,25
fivb_vis:11386,1,25,15
fivb_vis:11386,2,25,11
fivb_vis:11386,3,25,23
fivb_vis:11387,1,25,10
fivb_vis:11387,2,25,22
fivb_vis:11387,3,25,19
fivb_vis:11388,1,25,19
fivb_vis:11388,2,25,15
fivb_vis:11388,3,25,13
fivb_vis:11389,1,27,29
fivb_vis:11389,2,22,25
fivb_vis:11389,3,21,25
fivb_vis:11390,1,23,25
fivb_vis:11390,2,16,25
fivb_vis:11390,3,24,26
fivb_vis:11391,1,25,22
fivb_vis:11391,2,23,25
fivb_vis:11391,3,25,20
fivb_vis:11391,4,25,15
fivb_vis:11392,1,22,25
fivb_vis:11392,2,25,17
fivb_vis:11392,3,25,13
fivb_vis:11392,4,23,25
fivb_vis:11392,5,15,12
fivb_vis:11393,1,25,14
fivb_vis:11393,2,25,22
fivb_vis:11393,3,26,24
fivb_vis:11394,1,25,21
fivb_vis:11394,2,25,16
fivb_vis:11394,3,25,15
fivb_vis:11395,1,25,20
fivb_vis:11395,2,17,25
fivb_vis:11395,3,25,18
fivb_vis:11395,4,15,25
fivb_vis:11395,5,15,12
fivb_vis:11396,1,25,21
fivb_vis:11396,2,25,11
fivb_vis:11396,3,25,20
fivb_vis:11397,1,17,25
fivb_vis:11397,2,25,23
fivb_vis:11397,3,25,20
fivb_vis:11397,4,25,27
fivb_vis:11397,5,12,15
fivb_vis:11398,1,16,25
fivb_vis:11398,2,18,25
fivb_vis:11398,3,24,26
fivb_vis:11399,1,25,19
fivb_vis:11399,2,25,20
fivb_vis:11399,3,17,25
fivb_vis:11399,4,20,25
fivb_vis:11399,5,15,12
fivb_vis:11400,1,25,19
fivb_vis:11400,2,25,18
fivb_vis:11400,3,25,10
fivb_vis:11401,1,20,25
fivb_vis:11401,2,12,25
fivb_vis:11401,3,19,25
fivb_vis:11402,1,23,25
fivb_vis:11402,2,20,25
fivb_vis:11402,3,18,25
fivb_vis:11403,1,20,25
fivb_vis:11403,2,16,25
fivb_vis:11403,3,25,23
fivb_vis:11403,4,19,25
fivb_vis:11404,1,19,25
fivb_vis:11404,2,25,19
fivb_vis:11404,3,22,25
fivb_vis:11404,4,25,15
fivb_vis:11404,5,14,16
fivb_vis:11405,1,25,21
fivb_vis:11405,2,25,20
fivb_vis:11405,3,26,24
fivb_vis:11406,1,25,18
fivb_vis:11406,2,25,17
fivb_vis:11406,3,25,15
fivb_vis:11407,1,21,25
fivb_vis:11407,2,25,16
fivb_vis:11407,3,25,27
fivb_vis:11407,4,25,16
fivb_vis:11407,5,15,12
fivb_vis:11408,1,25,21
fivb_vis:11408,2,23,25
fivb_vis:11408,3,23,25
fivb_vis:11408,4,25,15
fivb_vis:11408,5,10,15
fivb_vis:11409,1,25,15
fivb_vis:11409,2,25,22
fivb_vis:11409,3,25,19
fivb_vis:11410,1,10,25
fivb_vis:11410,2,23,25
fivb_vis:11410,3,25,19
fivb_vis:11410,4,19,25
fivb_vis:11411,1,25,10
fivb_vis:11411,2,25,16
fivb_vis:11411,3,25,8
fivb_vis:11412,1,23,25
fivb_vis:11412,2,25,21
fivb_vis:11412,3,25,19
fivb_vis:11412,4,25,22
fivb_vis:11413,1,17,25
fivb_vis:11413,2,25,17
fivb_vis:11413,3,28,26
fivb_vis:11413,4,18,25
fivb_vis:11413,5,15,13
fivb_vis:11414,1,25,21
fivb_vis:11414,2,25,14
fivb_vis:11414,3,25,21
fivb_vis:11415,1,11,25
fivb_vis:11415,2,20,25
fivb_vis:11415,3,19,25
fivb_vis:11416,1,25,16
fivb_vis:11416,2,25,16
fivb_vis:11416,3,25,16
fivb_vis:11417,1,19,25
fivb_vis:11417,2,15,25
fivb_vis:11417,3,23,25
fivb_vis:11418,1,18,25
fivb_vis:11418,2,15,25
fivb_vis:11418,3,15,25
fivb_vis:11419,1,21,25
fivb_vis:11419,2,20,25
fivb_vis:11419,3,14,25
fivb_vis:11344,1,26,28
fivb_vis:11344,2,18,25
fivb_vis:11344,3,25,21
fivb_vis:11344,4,25,18
fivb_vis:11344,5,15,11
fivb_vis:11345,1,25,22
fivb_vis:11345,2,25,20
fivb_vis:11345,3,25,15
fivb_vis:11346,1,21,25
fivb_vis:11346,2,25,23
fivb_vis:11346,3,25,17
fivb_vis:11346,4,25,21
fivb_vis:11347,1,25,21
fivb_vis:11347,2,25,20
fivb_vis:11347,3,25,15
fivb_vis:11348,1,25,18
fivb_vis:11348,2,22,25
fivb_vis:11348,3,22,25
fivb_vis:11348,4,25,22
fivb_vis:11348,5,21,23
fivb_vis:11349,1,25,18
fivb_vis:11349,2,25,18
fivb_vis:11349,3,25,22
fivb_vis:11350,1,25,17
fivb_vis:11350,2,25,20
fivb_vis:11350,3,25,18
fivb_vis:11351,1,23,25
fivb_vis:11351,2,25,27
fivb_vis:11351,3,25,21
fivb_vis:11351,4,23,25
fivb_vis:11352,1,25,20
fivb_vis:11352,2,26,24
fivb_vis:11352,3,25,20
fivb_vis:11353,1,25,21
fivb_vis:11353,2,25,11
fivb_vis:11353,3,25,21
fivb_vis:11354,1,23,25
fivb_vis:11354,2,25,23
fivb_vis:11354,3,25,23
fivb_vis:11354,4,25,20
fivb_vis:11355,1,19,25
fivb_vis:11355,2,21,25
fivb_vis:11355,3,25,16
fivb_vis:11355,4,25,21
fivb_vis:11355,5,16,14
fivb_vis:11356,1,25,16
fivb_vis:11356,2,25,20
fivb_vis:11356,3,25,22
fivb_vis:11357,1,25,14
fivb_vis:11357,2,23,25
fivb_vis:11357,3,25,14
fivb_vis:11357,4,25,23
fivb_vis:11358,1,23,25
fivb_vis:11358,2,25,17
fivb_vis:11358,3,25,20
fivb_vis:11358,4,15,25
fivb_vis:11358,5,15,13
fivb_vis:11359,1,25,16
fivb_vis:11359,2,25,13
fivb_vis:11359,3,18,25
fivb_vis:11359,4,25,15
fivb_vis:11360,1,20,25
fivb_vis:11360,2,17,25
fivb_vis:11360,3,25,23
fivb_vis:11360,4,21,25
fivb_vis:11361,1,22,25
fivb_vis:11361,2,20,25
fivb_vis:11361,3,20,25
fivb_vis:11362,1,25,13
fivb_vis:11362,2,25,22
fivb_vis:11362,3,25,12
fivb_vis:11363,1,30,32
fivb_vis:11363,2,25,23
fivb_vis:11363,3,25,21
fivb_vis:11363,4,25,20
fivb_vis:11364,1,22,25
fivb_vis:11364,2,21,25
fivb_vis:11364,3,24,26
fivb_vis:11365,1,23,25
fivb_vis:11365,2,23,25
fivb_vis:11365,3,25,19
fivb_vis:11365,4,25,18
fivb_vis:11365,5,15,8
fivb_vis:11366,1,30,28
fivb_vis:11366,2,25,21
fivb_vis:11366,3,21,25
fivb_vis:11366,4,25,21
fivb_vis:11367,1,21,25
fivb_vis:11367,2,25,20
fivb_vis:11367,3,17,25
fivb_vis:11367,4,20,25
fivb_vis:11368,1,25,15
fivb_vis:11368,2,25,21
fivb_vis:11368,3,25,16
fivb_vis:11369,1,25,22
fivb_vis:11369,2,37,39
fivb_vis:11369,3,25,17
fivb_vis:11369,4,21,25
fivb_vis:11369,5,20,18
fivb_vis:11370,1,25,20
fivb_vis:11370,2,25,22
fivb_vis:11370,3,25,16
fivb_vis:11371,1,25,22
fivb_vis:11371,2,25,15
fivb_vis:11371,3,25,17
fivb_vis:11372,1,25,21
fivb_vis:11372,2,20,25
fivb_vis:11372,3,29,31
fivb_vis:11372,4,25,22
fivb_vis:11372,5,15,13
fivb_vis:11373,1,21,25
fivb_vis:11373,2,23,25
fivb_vis:11373,3,23,25
fivb_vis:11374,1,25,21
fivb_vis:11374,2,22,25
fivb_vis:11374,3,25,21
fivb_vis:11374,4,21,25
fivb_vis:11374,5,9,15
fivb_vis:11375,1,25,21
fivb_vis:11375,2,23,25
fivb_vis:11375,3,22,25
fivb_vis:11375,4,25,14
fivb_vis:11375,5,12,15
fivb_vis:11376,1,20,25
fivb_vis:11376,2,22,25
fivb_vis:11376,3,20,25
fivb_vis:11377,1,21,25
fivb_vis:11377,2,28,30
fivb_vis:11377,3,22,25
fivb_vis:11378,1,25,22
fivb_vis:11378,2,25,19
fivb_vis:11378,3,25,22
fivb_vis:11379,1,25,18
fivb_vis:11379,2,21,25
fivb_vis:11379,3,24,26
fivb_vis:11379,4,23,25
fivb_vis:11380,1,25,23
fivb_vis:11380,2,20,25
fivb_vis:11380,3,20,25
fivb_vis:11380,4,25,17
fivb_vis:11380,5,15,13
fivb_vis:11381,1,25,23
fivb_vis:11381,2,25,17
fivb_vis:11381,3,21,25
fivb_vis:11381,4,21,25
fivb_vis:11381,5,15,12
fivb_vis:10872,1,25,16
fivb_vis:10872,2,25,13
fivb_vis:10872,3,25,22
fivb_vis:10873,1,25,8
fivb_vis:10873,2,25,9
fivb_vis:10873,3,25,10
fivb_vis:10874,1,25,9
fivb_vis:10874,2,25,8
fivb_vis:10874,3,25,20
fivb_vis:10875,1,25,12
fivb_vis:10875,2,25,11
fivb_vis:10875,3,25,11
fivb_vis:10876,1,25,16
fivb_vis:10876,2,25,15
fivb_vis:10876,3,25,13
fivb_vis:10877,1,25,10
fivb_vis:10877,2,25,16
fivb_vis:10877,3,25,11
fivb_vis:10878,1,25,8
fivb_vis:10878,2,25,6
fivb_vis:10878,3,25,16
fivb_vis:10879,1,25,14
fivb_vis:10879,2,25,11
fivb_vis:10879,3,25,16
fivb_vis:10880,1,25,19
fivb_vis:10880,2,23,25
fivb_vis:10880,3,25,18
fivb_vis:10880,4,21,25
fivb_vis:10880,5,15,5
fivb_vis:10881,1,23,25
fivb_vis:10881,2,25,19
fivb_vis:10881,3,25,16
fivb_vis:10881,4,25,11
fivb_vis:10882,1,17,25
fivb_vis:10882,2,15,25
fivb_vis:10882,3,25,12
fivb_vis:10882,4,22,25
fivb_vis:10883,1,22,25
fivb_vis:10883,2,25,23
fivb_vis:10883,3,26,24
fivb_vis:10883,4,13,25
fivb_vis:10883,5,9,15
fivb_vis:10884,1,25,22
fivb_vis:10884,2,25,22
fivb_vis:10884,3,25,23
fivb_vis:10885,1,25,15
fivb_vis:10885,2,25,9
fivb_vis:10885,3,25,14
fivb_vis:10886,1,23,25
fivb_vis:10886,2,21,25
fivb_vis:10886,3,19,25
fivb_vis:10887,1,25,19
fivb_vis:10887,2,25,18
fivb_vis:10887,3,25,16
fivb_vis:10888,1,25,0
fivb_vis:10888,2,25,0
fivb_vis:10888,3,25,0
fivb_vis:10889,1,23,25
fivb_vis:10889,2,18,25
fivb_vis:10889,3,22,25
fivb_vis:10890,1,19,25
fivb_vis:10890,2,24,26
fivb_vis:10890,3,25,17
fivb_vis:10890,4,25,19
fivb_vis:10890,5,14,16
fivb_vis:10891,1,22,25
fivb_vis:10891,2,23,25
fivb_vis:10891,3,20,25
fivb_vis:10955,1,25,23
fivb_vis:10955,2,25,21
fivb_vis:10955,3,23,25
fivb_vis:10955,4,18,25
fivb_vis:10955,5,15,10
fivb_vis:10956,1,16,25
fivb_vis:10956,2,25,23
fivb_vis:10956,3,16,25
fivb_vis:10956,4,21,25
fivb_vis:10957,1,25,15
fivb_vis:10957,2,25,17
fivb_vis:10957,3,25,23
fivb_vis:10958,1,22,25
fivb_vis:10958,2,25,20
fivb_vis:10958,3,25,17
fivb_vis:10958,4,25,18
fivb_vis:10959,1,25,17
fivb_vis:10959,2,22,25
fivb_vis:10959,3,25,18
fivb_vis:10959,4,25,16
fivb_vis:10960,1,29,31
fivb_vis:10960,2,14,25
fivb_vis:10960,3,30,28
fivb_vis:10960,4,25,18
fivb_vis:10960,5,9,15
fivb_vis:10961,1,25,23
fivb_vis:10961,2,25,23
fivb_vis:10961,3,25,19
fivb_vis:10962,1,25,11
fivb_vis:10962,2,25,10
fivb_vis:10962,3,25,17
fivb_vis:10963,1,25,19
fivb_vis:10963,2,25,20
fivb_vis:10963,3,25,13
fivb_vis:10964,1,14,25
fivb_vis:10964,2,16,25
fivb_vis:10964,3,11,25
fivb_vis:10965,1,18,25
fivb_vis:10965,2,15,25
fivb_vis:10965,3,17,25
fivb_vis:10966,1,21,25
fivb_vis:10966,2,26,28
fivb_vis:10966,3,16,25
fivb_vis:10967,1,16,25
fivb_vis:10967,2,15,25
fivb_vis:10967,3,21,25
fivb_vis:10968,1,25,20
fivb_vis:10968,2,26,24
fivb_vis:10968,3,19,25
fivb_vis:10968,4,20,25
fivb_vis:10968,5,15,13
fivb_vis:10969,1,15,25
fivb_vis:10969,2,30,32
fivb_vis:10969,3,13,25
fivb_vis:10970,1,25,22
fivb_vis:10970,2,25,19
fivb_vis:10970,3,25,20
fivb_vis:10971,1,25,21
fivb_vis:10971,2,25,14
fivb_vis:10971,3,25,15
fivb_vis:10972,1,25,22
fivb_vis:10972,2,13,25
fivb_vis:10972,3,20,25
fivb_vis:10972,4,21,25
fivb_vis:10973,1,25,22
fivb_vis:10973,2,23,25
fivb_vis:10973,3,21,25
fivb_vis:10973,4,21,25
fivb_vis:10974,1,19,25
fivb_vis:10974,2,25,20
fivb_vis:10974,3,22,25
fivb_vis:10974,4,16,25
fivb_vis:10975,1,22,25
fivb_vis:10975,2,25,12
fivb_vis:10975,3,25,21
fivb_vis:10975,4,25,19
fivb_vis:10976,1,15,25
fivb_vis:10976,2,18,25
fivb_vis:10976,3,26,24
fivb_vis:10976,4,21,25
fivb_vis:10977,1,25,23
fivb_vis:10977,2,25,19
fivb_vis:10977,3,25,20
fivb_vis:10978,1,25,18
fivb_vis:10978,2,25,20
fivb_vis:10978,3,25,16
fivb_vis:10979,1,33,35
fivb_vis:10979,2,25,22
fivb_vis:10979,3,20,25
fivb_vis:10979,4,22,25
fivb_vis:10980,1,26,24
fivb_vis:10980,2,25,21
fivb_vis:10980,3,25,16
fivb_vis:10981,1,25,21
fivb_vis:10981,2,25,18
fivb_vis:10981,3,25,20
fivb_vis:10982,1,29,27
fivb_vis:10982,2,26,24
fivb_vis:10982,3,25,21
fivb_vis:10983,1,18,25
fivb_vis:10983,2,23,25
fivb_vis:10983,3,17,25
fivb_vis:10984,1,25,23
fivb_vis:10984,2,25,20
fivb_vis:10984,3,25,21
fivb_vis:10985,1,25,21
fivb_vis:10985,2,25,19
fivb_vis:10985,3,26,24
fivb_vis:10986,1,33,31
fivb_vis:10986,2,25,19
fivb_vis:10986,3,23,25
fivb_vis:10986,4,25,23
fivb_vis:10987,1,21,25
fivb_vis:10987,2,23,25
fivb_vis:10987,3,25,13
fivb_vis:10987,4,22,25
fivb_vis:10988,1,25,22
fivb_vis:10988,2,29,27
fivb_vis:10988,3,24,26
fivb_vis:10988,4,25,18
fivb_vis:10989,1,25,22
fivb_vis:10989,2,25,20
fivb_vis:10989,3,23,25
fivb_vis:10989,4,23,25
fivb_vis:10989,5,15,9
fivb_vis:10990,1,25,16
fivb_vis:10990,2,25,21
fivb_vis:10990,3,25,21
fivb_vis:10991,1,24,26
fivb_vis:10991,2,25,19
fivb_vis:10991,3,25,19
fivb_vis:10991,4,25,22
fivb_vis:10992,1,25,23
fivb_vis:10992,2,17,25
fivb_vis:10992,3,25,20
fivb_vis:10992,4,18,25
fivb_vis:10992,5,15,11
fivb_vis:10993,1,25,20
fivb_vis:10993,2,23,25
fivb_vis:10993,3,25,18
fivb_vis:10993,4,23,25
fivb_vis:10993,5,14,16
fivb_vis:10994,1,25,17
fivb_vis:10994,2,25,22
fivb_vis:10994,3,25,18
fivb_vis:10995,1,21,25
fivb_vis:10995,2,20,25
fivb_vis:10995,3,17,25
fivb_vis:10996,1,26,24
fivb_vis:10996,2,25,17
fivb_vis:10996,3,25,17
fivb_vis:10997,1,25,23
fivb_vis:10997,2,20,25
fivb_vis:10997,3,20,25
fivb_vis:10997,4,26,24
fivb_vis:10997,5,12,15
fivb_vis:10998,1,21,25
fivb_vis:10998,2,21,25
fivb_vis:10998,3,25,18
fivb_vis:10998,4,25,14
fivb_vis:10998,5,15,13
fivb_vis:10999,1,25,20
fivb_vis:10999,2,25,23
fivb_vis:10999,3,20,25
fivb_vis:10999,4,25,21
fivb_vis:11000,1,25,19
fivb_vis:11000,2,27,25
fivb_vis:11000,3,25,21
fivb_vis:11001,1,25,23
fivb_vis:11001,2,25,17
fivb_vis:11001,3,18,25
fivb_vis:11001,4,25,22
fivb_vis:11002,1,19,25
fivb_vis:11002,2,21,25
fivb_vis:11002,3,25,19
fivb_vis:11002,4,25,23
fivb_vis:11002,5,15,12
fivb_vis:11003,1,26,24
fivb_vis:11003,2,16,25
fivb_vis:11003,3,25,17
fivb_vis:11003,4,18,25
fivb_vis:11003,5,12,15
fivb_vis:11004,1,25,16
fivb_vis:11004,2,28,30
fivb_vis:11004,3,25,21
fivb_vis:11004,4,17,25
fivb_vis:11004,5,10,15
fivb_vis:11005,1,25,12
fivb_vis:11005,2,25,18
fivb_vis:11005,3,29,31
fivb_vis:11005,4,25,19
fivb_vis:11006,1,25,20
fivb_vis:11006,2,22,25
fivb_vis:11006,3,11,25
fivb_vis:11006,4,16,25
fivb_vis:11007,1,17,25
fivb_vis:11007,2,19,25
fivb_vis:11007,3,25,15
fivb_vis:11007,4,24,26
fivb_vis:11008,1,25,22
fivb_vis:11008,2,23,25
fivb_vis:11008,3,22,25
fivb_vis:11008,4,22,25
fivb_vis:11009,1,20,25
fivb_vis:11009,2,25,18
fivb_vis:11009,3,16,25
fivb_vis:11009,4,25,22
fivb_vis:11009,5,15,12
fivb_vis:11010,1,23,25
fivb_vis:11010,2,21,25
fivb_vis:11010,3,25,20
fivb_vis:11010,4,25,19
fivb_vis:11010,5,6,15
fivb_vis:11011,1,25,16
fivb_vis:11011,2,23,25
fivb_vis:11011,3,25,20
fivb_vis:11011,4,25,16
fivb_vis:11012,1,23,25
fivb_vis:11012,2,17,25
fivb_vis:11012,3,25,23
fivb_vis:11012,4,22,25
fivb_vis:11013,1,25,14
fivb_vis:11013,2,25,17
fivb_vis:11013,3,25,21
fivb_vis:10934,1,25,15
fivb_vis:10934,2,25,12
fivb_vis:10934,3,25,15
fivb_vis:10935,1,25,10
fivb_vis:10935,2,25,16
fivb_vis:10935,3,25,14
fivb_vis:10936,1,25,22
fivb_vis:10936,2,21,25
fivb_vis:10936,3,21,25
fivb_vis:10936,4,25,17
fivb_vis:10936,5,14,16
fivb_vis:10937,1,25,9
fivb_vis:10937,2,25,17
fivb_vis:10937,3,25,13
fivb_vis:10938,1,25,11
fivb_vis:10938,2,25,14
fivb_vis:10938,3,25,12
fivb_vis:10939,1,25,15
fivb_vis:10939,2,25,10
fivb_vis:10939,3,25,17
fivb_vis:10940,1,25,13
fivb_vis:10940,2,25,17
fivb_vis:10940,3,25,19
fivb_vis:10941,1,25,14
fivb_vis:10941,2,25,17
fivb_vis:10941,3,25,13
fivb_vis:10942,1,20,25
fivb_vis:10942,2,14,25
fivb_vis:10942,3,17,25
fivb_vis:10943,1,25,23
fivb_vis:10943,2,25,21
fivb_vis:10943,3,18,25
fivb_vis:10943,4,25,21
fivb_vis:10944,1,12,25
fivb_vis:10944,2,24,26
fivb_vis:10944,3,14,25
fivb_vis:10945,1,25,22
fivb_vis:10945,2,25,20
fivb_vis:10945,3,21,25
fivb_vis:10945,4,26,24
fivb_vis:10946,1,25,22
fivb_vis:10946,2,25,22
fivb_vis:10946,3,25,15
fivb_vis:10947,1,19,25
fivb_vis:10947,2,19,25
fivb_vis:10947,3,18,25
fivb_vis:10948,1,25,16
fivb_vis:10948,2,25,17
fivb_vis:10948,3,25,21
fivb_vis:10949,1,13,25
fivb_vis:10949,2,16,25
fivb_vis:10949,3,13,25
fivb_vis:10950,1,22,25
fivb_vis:10950,2,25,15
fivb_vis:10950,3,25,23
fivb_vis:10950,4,25,21
fivb_vis:10951,1,25,23
fivb_vis:10951,2,13,25
fivb_vis:10951,3,20,25
fivb_vis:10951,4,26,24
fivb_vis:10951,5,15,10
fivb_vis:10952,1,25,21
fivb_vis:10952,2,25,18
fivb_vis:10952,3,25,13
fivb_vis:10953,1,24,26
fivb_vis:10953,2,22,25
fivb_vis:10953,3,31,29
fivb_vis:10953,4,25,20
fivb_vis:10953,5,15,13
fivb_vis:11037,1,25,16
fivb_vis:11037,2,22,25
fivb_vis:11037,3,25,17
fivb_vis:11037,4,25,14
fivb_vis:11038,1,25,8
fivb_vis:11038,2,25,7
fivb_vis:11038,3,25,7
fivb_vis:11039,1,26,24
fivb_vis:11039,2,25,11
fivb_vis:11039,3,25,14
fivb_vis:11040,1,25,8
fivb_vis:11040,2,25,14
fivb_vis:11040,3,25,13
fivb_vis:11041,1,25,20
fivb_vis:11041,2,25,8
fivb_vis:11041,3,25,13
fivb_vis:11042,1,25,7
fivb_vis:11042,2,25,13
fivb_vis:11042,3,25,9
fivb_vis:11043,1,25,8
fivb_vis:11043,2,25,15
fivb_vis:11043,3,25,14
fivb_vis:11044,1,25,15
fivb_vis:11044,2,25,9
fivb_vis:11044,3,25,18
fivb_vis:11045,1,17,25
fivb_vis:11045,2,15,25
fivb_vis:11045,3,16,25
fivb_vis:11046,1,25,14
fivb_vis:11046,2,25,7
fivb_vis:11046,3,25,10
fivb_vis:11047,1,27,25
fivb_vis:11047,2,25,17
fivb_vis:11047,3,25,14
fivb_vis:11048,1,25,23
fivb_vis:11048,2,25,22
fivb_vis:11048,3,25,18
fivb_vis:11049,1,25,18
fivb_vis:11049,2,25,11
fivb_vis:11049,3,25,20
fivb_vis:11050,1,25,20
fivb_vis:11050,2,29,31
fivb_vis:11050,3,25,17
fivb_vis:11050,4,25,20
fivb_vis:11051,1,14,25
fivb_vis:11051,2,11,25
fivb_vis:11051,3,17,25
fivb_vis:11052,1,18,25
fivb_vis:11052,2,20,25
fivb_vis:11052,3,9,25
fivb_vis:11053,1,25,19
fivb_vis:11053,2,14,25
fivb_vis:11053,3,24,26
fivb_vis:11053,4,25,21
fivb_vis:11053,5,8,15
fivb_vis:11054,1,25,17
fivb_vis:11054,2,25,16
fivb_vis:11054,3,25,18
fivb_vis:11055,1,25,19
fivb_vis:11055,2,25,21
fivb_vis:11055,3,25,19
fivb_vis:11056,1,25,20
fivb_vis:11056,2,25,20
fivb_vis:11056,3,17,25
fivb_vis:11056,4,25,22
fivb_vis:11057,1,24,26
fivb_vis:11057,2,13,25
fivb_vis:11057,3,20,25
fivb_vis:11058,1,25,19
fivb_vis:11058,2,25,23
fivb_vis:11058,3,15,25
fivb_vis:11058,4,20,25
fivb_vis:11058,5,15,9
fivb_vis:13455,1,31,33
fivb_vis:13455,2,21,25
fivb_vis:13455,3,25,16
fivb_vis:13455,4,25,17
fivb_vis:13455,5,18,16
fivb_vis:13456,1,25,20
fivb_vis:13456,2,25,18
fivb_vis:13456,3,25,15
fivb_vis:13457,1,25,22
fivb_vis:13457,2,28,26
fivb_vis:13457,3,26,24
fivb_vis:13458,1,25,18
fivb_vis:13458,2,25,20
fivb_vis:13458,3,25,12
fivb_vis:13459,1,25,12
fivb_vis:13459,2,25,20
fivb_vis:13459,3,25,20
fivb_vis:13460,1,25,19
fivb_vis:13460,2,25,23
fivb_vis:13460,3,25,21
fivb_vis:13461,1,25,15
fivb_vis:13461,2,25,19
fivb_vis:13461,3,25,14
fivb_vis:13462,1,25,17
fivb_vis:13462,2,25,22
fivb_vis:13462,3,25,16
fivb_vis:13463,1,25,22
fivb_vis:13463,2,28,30
fivb_vis:13463,3,18,25
fivb_vis:13463,4,34,32
fivb_vis:13463,5,19,21
fivb_vis:13464,1,25,19
fivb_vis:13464,2,25,17
fivb_vis:13464,3,25,20
fivb_vis:13465,1,26,28
fivb_vis:13465,2,21,25
fivb_vis:13465,3,20,25
fivb_vis:13466,1,25,13
fivb_vis:13466,2,25,18
fivb_vis:13466,3,39,37
fivb_vis:13467,1,25,21
fivb_vis:13467,2,25,21
fivb_vis:13467,3,22,25
fivb_vis:13467,4,25,19
fivb_vis:13468,1,25,21
fivb_vis:13468,2,25,18
fivb_vis:13468,3,25,16
fivb_vis:13469,1,30,28
fivb_vis:13469,2,25,14
fivb_vis:13469,3,25,19
fivb_vis:13470,1,25,20
fivb_vis:13470,2,25,23
fivb_vis:13470,3,26,24
fivb_vis:13471,1,25,17
fivb_vis:13471,2,25,14
fivb_vis:13471,3,25,19
fivb_vis:13472,1,25,21
fivb_vis:13472,2,22,25
fivb_vis:13472,3,23,25
fivb_vis:13472,4,34,32
fivb_vis:13472,5,15,7
fivb_vis:13473,1,25,23
fivb_vis:13473,2,25,21
fivb_vis:13473,3,25,23
fivb_vis:13474,1,30,28
fivb_vis:13474,2,25,20
fivb_vis:13474,3,21,25
fivb_vis:13474,4,25,27
fivb_vis:13474,5,9,15
fivb_vis:13475,1,25,14
fivb_vis:13475,2,25,19
fivb_vis:13475,3,22,25
fivb_vis:13475,4,26,24
fivb_vis:13476,1,26,24
fivb_vis:13476,2,25,21
fivb_vis:13476,3,25,16
fivb_vis:13477,1,25,21
fivb_vis:13477,2,25,19
fivb_vis:13477,3,25,15
fivb_vis:13478,1,25,18
fivb_vis:13478,2,25,20
fivb_vis:13478,3,25,22
fivb_vis:13479,1,25,13
fivb_vis:13479,2,25,23
fivb_vis:13479,3,26,24
fivb_vis:13480,1,25,18
fivb_vis:13480,2,21,25
fivb_vis:13480,3,25,15
fivb_vis:13480,4,25,19
fivb_vis:13481,1,25,19
fivb_vis:13481,2,25,19
fivb_vis:13481,3,25,22
fivb_vis:13482,1,20,25
fivb_vis:13482,2,25,20
fivb_vis:13482,3,25,23
fivb_vis:13482,4,23,25
fivb_vis:13482,5,18,16
fivb_vis:13483,1,23,25
fivb_vis:13483,2,25,21
fivb_vis:13483,3,25,19
fivb_vis:13483,4,25,21
fivb_vis:13484,1,25,16
fivb_vis:13484,2,25,22
fivb_vis:13484,3,25,17
fivb_vis:13485,1,27,25
fivb_vis:13485,2,26,28
fivb_vis:13485,3,24,26
fivb_vis:13485,4,25,17
fivb_vis:13485,5,15,6
fivb_vis:13486,1,23,25
fivb_vis:13486,2,23,25
fivb_vis:13486,3,17,25
fivb_vis:13487,1,22,25
fivb_vis:13487,2,25,21
fivb_vis:13487,3,20,25
fivb_vis:13487,4,18,25
fivb_vis:13488,1,29,27
fivb_vis:13488,2,25,15
fivb_vis:13488,3,25,17
fivb_vis:13489,1,24,26
fivb_vis:13489,2,25,19
fivb_vis:13489,3,25,16
fivb_vis:13489,4,25,19
fivb_vis:13490,1,25,14
fivb_vis:13490,2,25,10
fivb_vis:13490,3,25,14
fivb_vis:13491,1,25,18
fivb_vis:13491,2,25,19
fivb_vis:13491,3,21,25
fivb_vis:13491,4,25,22
fivb_vis:13492,1,25,21
fivb_vis:13492,2,21,25
fivb_vis:13492,3,26,24
fivb_vis:13492,4,25,18
fivb_vis:13493,1,25,21
fivb_vis:13493,2,25,17
fivb_vis:13493,3,22,25
fivb_vis:13493,4,19,25
fivb_vis:13493,5,15,12
fivb_vis:13494,1,25,20
fivb_vis:13494,2,25,15
fivb_vis:13494,3,25,20
fivb_vis:13495,1,16,25
fivb_vis:13495,2,19,25
fivb_vis:13495,3,18,25
fivb_vis:13496,1,25,17
fivb_vis:13496,2,21,25
fivb_vis:13496,3,26,24
fivb_vis:13496,4,22,25
fivb_vis:13496,5,18,16
fivb_vis:13497,1,23,25
fivb_vis:13497,2,21,25
fivb_vis:13497,3,23,25
fivb_vis:13498,1,25,17
fivb_vis:13498,2,25,22
fivb_vis:13498,3,25,23
fivb_vis:13499,1,24,26
fivb_vis:13499,2,25,21
fivb_vis:13499,3,23,25
fivb_vis:13499,4,25,22
fivb_vis:13499,5,15,12
fivb_vis:13500,1,18,25
fivb_vis:13500,2,26,24
fivb_vis:13500,3,25,19
fivb_vis:13500,4,25,23
fivb_vis:13501,1,16,25
fivb_vis:13501,2,25,23
fivb_vis:13501,3,22,25
fivb_vis:13501,4,21,25
fivb_vis:13502,1,25,20
fivb_vis:13502,2,27,25
fivb_vis:13502,3,21,25
fivb_vis:13502,4,22,25
fivb_vis:13502,5,15,12
fivb_vis:13503,1,23,25
fivb_vis:13503,2,25,18
fivb_vis:13503,3,25,20
fivb_vis:13503,4,21,25
fivb_vis:13503,5,15,12
fivb_vis:13504,1,25,21
fivb_vis:13504,2,25,22
fivb_vis:13504,3,25,21
fivb_vis:13505,1,25,18
fivb_vis:13505,2,25,18
fivb_vis:13505,3,22,25
fivb_vis:13505,4,25,18
fivb_vis:13506,1,25,22
fivb_vis:13506,2,21,25
fivb_vis:13506,3,18,25
fivb_vis:13506,4,20,25
fivb_vis:13873,1,25,19
fivb_vis:13873,2,21,25
fivb_vis:13873,3,25,23
fivb_vis:13873,4,25,15
fivb_vis:13874,1,25,11
fivb_vis:13874,2,25,17
fivb_vis:13874,3,25,11
fivb_vis:13875,1,25,17
fivb_vis:13875,2,29,31
fivb_vis:13875,3,25,22
fivb_vis:13875,4,19,25
fivb_vis:13875,5,13,15
fivb_vis:13876,1,25,15
fivb_vis:13876,2,27,25
fivb_vis:13876,3,25,15
fivb_vis:13877,1,25,10
fivb_vis:13877,2,25,12
fivb_vis:13877,3,25,16
fivb_vis:13878,1,25,19
fivb_vis:13878,2,25,12
fivb_vis:13878,3,25,15
fivb_vis:13879,1,25,16
fivb_vis:13879,2,25,13
fivb_vis:13879,3,25,22
fivb_vis:13880,1,25,20
fivb_vis:13880,2,25,16
fivb_vis:13880,3,22,25
fivb_vis:13880,4,25,18
fivb_vis:13881,1,25,15
fivb_vis:13881,2,25,14
fivb_vis:13881,3,25,11
fivb_vis:13882,1,25,23
fivb_vis:13882,2,25,22
fivb_vis:13882,3,25,20
fivb_vis:13883,1,25,20
fivb_vis:13883,2,25,22
fivb_vis:13883,3,25,17
fivb_vis:13884,1,25,11
fivb_vis:13884,2,25,20
fivb_vis:13884,3,25,13
fivb_vis:13885,1,25,22
fivb_vis:13885,2,21,25
fivb_vis:13885,3,25,23
fivb_vis:13885,4,25,21
fivb_vis:13886,1,25,23
fivb_vis:13886,2,25,16
fivb_vis:13886,3,25,20
fivb_vis:13887,1,25,15
fivb_vis:13887,2,25,20
fivb_vis:13887,3,25,12
fivb_vis:13888,1,25,15
fivb_vis:13888,2,25,18
fivb_vis:13888,3,25,21
fivb_vis:13889,1,25,21
fivb_vis:13889,2,22,25
fivb_vis:13889,3,25,27
fivb_vis:13889,4,25,21
fivb_vis:13889,5,15,9
fivb_vis:13890,1,28,26
fivb_vis:13890,2,25,21
fivb_vis:13890,3,26,24
fivb_vis:13891,1,25,19
fivb_vis:13891,2,25,13
fivb_vis:13891,3,25,21
fivb_vis:13892,1,25,19
fivb_vis:13892,2,26,24
fivb_vis:13892,3,25,15
fivb_vis:13893,1,25,16
fivb_vis:13893,2,25,21
fivb_vis:13893,3,25,16
fivb_vis:13894,1,25,14
fivb_vis:13894,2,25,13
fivb_vis:13894,3,25,13
fivb_vis:13895,1,25,20
fivb_vis:13895,2,25,15
fivb_vis:13895,3,25,21
fivb_vis:13896,1,21,25
fivb_vis:13896,2,30,28
fivb_vis:13896,3,29,27
fivb_vis:13896,4,25,9
fivb_vis:13897,1,20,25
fivb_vis:13897,2,25,27
fivb_vis:13897,3,19,25
fivb_vis:13898,1,25,17
fivb_vis:13898,2,25,17
fivb_vis:13898,3,25,17
fivb_vis:13899,1,25,18
fivb_vis:13899,2,25,13
fivb_vis:13899,3,25,21
fivb_vis:13900,1,28,26
fivb_vis:13900,2,25,17
fivb_vis:13900,3,29,27
fivb_vis:13901,1,25,14
fivb_vis:13901,2,25,12
fivb_vis:13901,3,25,20
fivb_vis:13902,1,21,25
fivb_vis:13902,2,25,21
fivb_vis:13902,3,25,18
fivb_vis:13902,4,16,25
fivb_vis:13902,5,15,13
fivb_vis:13903,1,25,20
fivb_vis:13903,2,20,25
fivb_vis:13903,3,25,22
fivb_vis:13903,4,25,22
fivb_vis:13904,1,23,25
fivb_vis:13904,2,25,20
fivb_vis:13904,3,25,16
fivb_vis:13904,4,25,15
fivb_vis:13905,1,25,17
fivb_vis:13905,2,25,18
fivb_vis:13905,3,25,16
fivb_vis:13906,1,25,14
fivb_vis:13906,2,25,16
fivb_vis:13906,3,25,11
fivb_vis:13907,1,13,25
fivb_vis:13907,2,15,25
fivb_vis:13907,3,14,25
fivb_vis:13908,1,25,23
fivb_vis:13908,2,25,22
fivb_vis:13908,3,25,23
fivb_vis:13909,1,25,14
fivb_vis:13909,2,25,12
fivb_vis:13909,3,25,12
fivb_vis:13910,1,25,15
fivb_vis:13910,2,25,23
fivb_vis:13910,3,25,17
fivb_vis:13911,1,25,14
fivb_vis:13911,2,23,25
fivb_vis:13911,3,25,11
fivb_vis:13911,4,25,15
fivb_vis:13912,1,25,23
fivb_vis:13912,2,25,16
fivb_vis:13912,3,25,11
fivb_vis:13913,1,25,18
fivb_vis:13913,2,22,25
fivb_vis:13913,3,21,25
fivb_vis:13913,4,21,25
fivb_vis:13914,1,25,13
fivb_vis:13914,2,25,17
fivb_vis:13914,3,25,10
fivb_vis:13915,1,25,19
fivb_vis:13915,2,25,22
fivb_vis:13915,3,27,25
fivb_vis:13916,1,22,25
fivb_vis:13916,2,19,25
fivb_vis:13916,3,25,17
fivb_vis:13916,4,20,25
fivb_vis:13917,1,21,25
fivb_vis:13917,2,27,25
fivb_vis:13917,3,20,25
fivb_vis:13917,4,15,25
fivb_vis:13918,1,25,19
fivb_vis:13918,2,17,25
fivb_vis:13918,3,29,27
fivb_vis:13918,4,20,25
fivb_vis:13918,5,8,15
fivb_vis:13919,1,25,17
fivb_vis:13919,2,25,13
fivb_vis:13919,3,26,24
fivb_vis:13920,1,16,25
fivb_vis:13920,2,23,25
fivb_vis:13920,3,26,24
fivb_vis:13920,4,25,27
fivb_vis:13921,1,25,18
fivb_vis:13921,2,25,22
fivb_vis:13921,3,25,18
fivb_vis:13922,1,29,31
fivb_vis:13922,2,25,16
fivb_vis:13922,3,25,21
fivb_vis:13922,4,22,25
fivb_vis:13922,5,11,15
fivb_vis:13923,1,23,25
fivb_vis:13923,2,25,17
fivb_vis:13923,3,25,22
fivb_vis:13923,4,25,22
fivb_vis:13924,1,25,15
fivb_vis:13924,2,19,25
fivb_vis:13924,3,25,18
fivb_vis:13924,4,25,20
fivb_vis:13925,1,25,12
fivb_vis:13925,2,26,24
fivb_vis:13925,3,23,25
fivb_vis:13925,4,18,25
fivb_vis:13925,5,9,15
fivb_vis:13926,1,25,21
fivb_vis:13926,2,27,29
fivb_vis:13926,3,27,25
fivb_vis:13926,4,25,23
fivb_vis:13927,1,22,25
fivb_vis:13927,2,13,25
fivb_vis:13927,3,25,19
fivb_vis:13927,4,18,25
fivb_vis:13928,1,20,25
fivb_vis:13928,2,23,25
fivb_vis:13928,3,13,25
fivb_vis:13929,1,25,22
fivb_vis:13929,2,23,25
fivb_vis:13929,3,22,25
fivb_vis:13929,4,25,18
fivb_vis:13929,5,11,15
fivb_vis:13930,1,25,8
fivb_vis:13930,2,25,19
fivb_vis:13930,3,25,14
fivb_vis:13931,1,25,17
fivb_vis:13931,2,25,19
fivb_vis:13931,3,25,17
fivb_vis:13932,1,13,25
fivb_vis:13932,2,25,22
fivb_vis:13932,3,16,25
fivb_vis:13932,4,21,25
fivb_vis:13933,1,21,25
fivb_vis:13933,2,25,20
fivb_vis:13933,3,25,16
fivb_vis:13933,4,25,22
fivb_vis:13934,1,19,25
fivb_vis:13934,2,21,25
fivb_vis:13934,3,25,23
fivb_vis:13934,4,22,25
fivb_vis:13935,1,20,25
fivb_vis:13935,2,25,22
fivb_vis:13935,3,25,22
fivb_vis:13935,4,21,25
fivb_vis:13935,5,15,17
fivb_vis:13936,1,21,25
fivb_vis:13936,2,25,19
fivb_vis:13936,3,25,20
fivb_vis:13936,4,25,14
fivb_vis:13937,1,25,21
fivb_vis:13937,2,25,18
fivb_vis:13937,3,25,21
fivb_vis:13938,1,22,25
fivb_vis:13938,2,25,18
fivb_vis:13938,3,25,12
fivb_vis:13938,4,25,13
fivb_vis:13939,1,26,24
fivb_vis:13939,2,25,22
fivb_vis:13939,3,25,18
fivb_vis:13940,1,20,25
fivb_vis:13940,2,25,20
fivb_vis:13940,3,25,14
fivb_vis:13940,4,25,15
fivb_vis:13941,1,19,25
fivb_vis:13941,2,22,25
fivb_vis:13941,3,25,18
fivb_vis:13941,4,23,25
fivb_vis:13942,1,25,15
fivb_vis:13942,2,25,19
fivb_vis:13942,3,25,21
fivb_vis:13943,1,25,22
fivb_vis:13943,2,26,24
fivb_vis:13943,3,28,26
fivb_vis:13944,1,26,24
fivb_vis:13944,2,25,20
fivb_vis:13944,3,25,17
fivb_vis:13945,1,25,16
fivb_vis:13945,2,25,23
fivb_vis:13945,3,25,23
fivb_vis:13946,1,23,25
fivb_vis:13946,2,20,25
fivb_vis:13946,3,18,25
fivb_vis:13947,1,25,11
fivb_vis:13947,2,25,13
fivb_vis:13947,3,25,15
fivb_vis:13948,1,22,25
fivb_vis:13948,2,25,21
fivb_vis:13948,3,25,15
fivb_vis:13948,4,18,25
fivb_vis:13948,5,15,12
fivb_vis:13949,1,25,16
fivb_vis:13949,2,25,19
fivb_vis:13949,3,25,21
fivb_vis:13950,1,25,23
fivb_vis:13950,2,25,17
fivb_vis:13950,3,25,15
fivb_vis:13951,1,25,22
fivb_vis:13951,2,21,25
fivb_vis:13951,3,25,20
fivb_vis:13951,4,25,22
fivb_vis:13952,1,19,25
fivb_vis:13952,2,25,18
fivb_vis:13952,3,25,22
fivb_vis:13952,4,25,18
fivb_vis:13953,1,25,19
fivb_vis:13953,2,25,18
fivb_vis:13953,3,25,17
fivb_vis:13954,1,25,18
fivb_vis:13954,2,19,25
fivb_vis:13954,3,16,25
fivb_vis:13954,4,25,23
fivb_vis:13954,5,15,5
fivb_vis:13955,1,25,19
fivb_vis:13955,2,25,19
fivb_vis:13955,3,25,20
fivb_vis:13956,1,23,25
fivb_vis:13956,2,21,25
fivb_vis:13956,3,25,19
fivb_vis:13956,4,27,25
fivb_vis:13956,5,15,13
fivb_vis:13957,1,26,24
fivb_vis:13957,2,25,16
fivb_vis:13957,3,25,20
fivb_vis:13958,1,25,20
fivb_vis:13958,2,25,21
fivb_vis:13958,3,25,23
fivb_vis:13959,1,25,18
fivb_vis:13959,2,23,25
fivb_vis:13959,3,17,25
fivb_vis:13959,4,27,25
fivb_vis:13959,5,7,15
fivb_vis:13960,1,26,28
fivb_vis:13960,2,25,17
fivb_vis:13960,3,25,11
fivb_vis:13960,4,25,16
fivb_vis:13961,1,26,24
fivb_vis:13961,2,20,25
fivb_vis:13961,3,25,18
fivb_vis:13961,4,26,28
fivb_vis:13961,5,15,10
fivb_vis:13962,1,25,18
fivb_vis:13962,2,25,18
fivb_vis:13962,3,27,25
fivb_vis:13963,1,25,23
fivb_vis:13963,2,25,23
fivb_vis:13963,3,25,21
fivb_vis:13964,1,20,25
fivb_vis:13964,2,25,15
fivb_vis:13964,3,25,20
fivb_vis:13964,4,25,23
fivb_vis:13965,1,25,16
fivb_vis:13965,2,25,22
fivb_vis:13965,3,13,25
fivb_vis:13965,4,25,17
fivb_vis:13966,1,25,22
fivb_vis:13966,2,25,15
fivb_vis:13966,3,25,20
fivb_vis:13967,1,18,25
fivb_vis:13967,2,18,25
fivb_vis:13967,3,25,22
fivb_vis:13967,4,27,25
fivb_vis:13967,5,15,13
fivb_vis:13968,1,21,25
fivb_vis:13968,2,25,21
fivb_vis:13968,3,25,19
fivb_vis:13968,4,24,26
fivb_vis:13968,5,16,14
fivb_vis:13969,1,23,25
fivb_vis:13969,2,25,22
fivb_vis:13969,3,24,26
fivb_vis:13969,4,19,25
fivb_vis:13970,1,25,21
fivb_vis:13970,2,25,20
fivb_vis:13970,3,17,25
fivb_vis:13970,4,25,23
fivb_vis:13971,1,25,20
fivb_vis:13971,2,25,15
fivb_vis:13971,3,27,25
fivb_vis:13972,1,24,26
fivb_vis:13972,2,22,25
fivb_vis:13972,3,17,25
fivb_vis:11830,1,25,21
fivb_vis:11830,2,25,19
fivb_vis:11830,3,25,18
fivb_vis:11831,1,25,21
fivb_vis:11831,2,18,25
fivb_vis:11831,3,25,23
fivb_vis:11831,4,22,25
fivb_vis:11831,5,16,14
fivb_vis:11832,1,21,25
fivb_vis:11832,2,22,25
fivb_vis:11832,3,19,25
fivb_vis:11833,1,25,15
fivb_vis:11833,2,25,17
fivb_vis:11833,3,25,16
fivb_vis:11834,1,23,25
fivb_vis:11834,2,25,19
fivb_vis:11834,3,25,19
fivb_vis:11834,4,25,18
fivb_vis:11835,1,20,25
fivb_vis:11835,2,21,25
fivb_vis:11835,3,12,25
fivb_vis:11836,1,22,25
fivb_vis:11836,2,25,22
fivb_vis:11836,3,25,20
fivb_vis:11836,4,22,25
fivb_vis:11836,5,15,17
fivb_vis:11837,1,23,25
fivb_vis:11837,2,25,11
fivb_vis:11837,3,25,9
fivb_vis:11837,4,25,14
fivb_vis:11838,1,25,18
fivb_vis:11838,2,18,25
fivb_vis:11838,3,30,28
fivb_vis:11838,4,23,25
fivb_vis:11838,5,12,15
fivb_vis:11839,1,25,15
fivb_vis:11839,2,13,25
fivb_vis:11839,3,18,25
fivb_vis:11839,4,17,25
fivb_vis:11840,1,13,25
fivb_vis:11840,2,19,25
fivb_vis:11840,3,17,25
fivb_vis:11841,1,25,23
fivb_vis:11841,2,25,21
fivb_vis:11841,3,19,25
fivb_vis:11841,4,19,25
fivb_vis:11841,5,8,15
fivb_vis:11842,1,20,25
fivb_vis:11842,2,25,17
fivb_vis:11842,3,25,16
fivb_vis:11842,4,25,21
fivb_vis:11843,1,25,20
fivb_vis:11843,2,25,13
fivb_vis:11843,3,25,17
fivb_vis:11844,1,25,13
fivb_vis:11844,2,25,23
fivb_vis:11844,3,25,16
fivb_vis:11845,1,26,24
fivb_vis:11845,2,25,15
fivb_vis:11845,3,25,10
fivb_vis:11846,1,25,20
fivb_vis:11846,2,25,19
fivb_vis:11846,3,25,13
fivb_vis:11847,1,14,25
fivb_vis:11847,2,22,25
fivb_vis:11847,3,25,23
fivb_vis:11847,4,20,25
fivb_vis:11848,1,18,25
fivb_vis:11848,2,18,25
fivb_vis:11848,3,25,27
fivb_vis:11849,1,17,25
fivb_vis:11849,2,24,26
fivb_vis:11849,3,30,28
fivb_vis:11849,4,16,25
fivb_vis:11850,1,25,15
fivb_vis:11850,2,25,15
fivb_vis:11850,3,25,23
fivb_vis:11851,1,23,25
fivb_vis:11851,2,27,25
fivb_vis:11851,3,23,25
fivb_vis:11851,4,20,25
fivb_vis:11852,1,17,25
fivb_vis:11852,2,19,25
fivb_vis:11852,3,25,23
fivb_vis:11852,4,22,25
fivb_vis:11853,1,25,18
fivb_vis:11853,2,23,25
fivb_vis:11853,3,26,24
fivb_vis:11853,4,25,20
fivb_vis:11854,1,20,25
fivb_vis:11854,2,9,25
fivb_vis:11854,3,18,25
fivb_vis:11855,1,31,33
fivb_vis:11855,2,19,25
fivb_vis:11855,3,25,20
fivb_vis:11855,4,25,16
fivb_vis:11855,5,15,11
fivb_vis:11856,1,20,25
fivb_vis:11856,2,19,25
fivb_vis:11856,3,27,25
fivb_vis:11856,4,25,21
fivb_vis:11856,5,15,9
fivb_vis:11857,1,25,15
fivb_vis:11857,2,25,19
fivb_vis:11857,3,25,21
fivb_vis:11858,1,23,25
fivb_vis:11858,2,25,19
fivb_vis:11858,3,25,22
fivb_vis:11858,4,23,25
fivb_vis:11858,5,12,15
fivb_vis:11859,1,15,25
fivb_vis:11859,2,20,25
fivb_vis:11859,3,22,25
fivb_vis:11860,1,20,25
fivb_vis:11860,2,16,25
fivb_vis:11860,3,12,25
fivb_vis:11861,1,26,24
fivb_vis:11861,2,25,23
fivb_vis:11861,3,27,25
fivb_vis:11862,1,25,20
fivb_vis:11862,2,25,20
fivb_vis:11862,3,25,22
fivb_vis:11863,1,25,23
fivb_vis:11863,2,28,26
fivb_vis:11863,3,25,18
fivb_vis:11864,1,25,15
fivb_vis:11864,2,17,25
fivb_vis:11864,3,25,19
fivb_vis:11864,4,22,25
fivb_vis:11864,5,15,12
fivb_vis:11865,1,25,19
fivb_vis:11865,2,25,23
fivb_vis:11865,3,25,23
fivb_vis:11866,1,22,25
fivb_vis:11866,2,25,21
fivb_vis:11866,3,17,25
fivb_vis:11866,4,25,15
fivb_vis:11866,5,12,15
fivb_vis:11867,1,25,22
fivb_vis:11867,2,25,15
fivb_vis:11867,3,25,18
fivb_vis:11868,1,25,27
fivb_vis:11868,2,19,25
fivb_vis:11868,3,25,16
fivb_vis:11868,4,25,21
fivb_vis:11868,5,13,15
fivb_vis:11869,1,25,20
fivb_vis:11869,2,25,11
fivb_vis:11869,3,25,18
fivb_vis:11870,1,23,25
fivb_vis:11870,2,25,23
fivb_vis:11870,3,25,16
fivb_vis:11870,4,19,25
fivb_vis:11870,5,15,12
fivb_vis:11871,1,17,25
fivb_vis:11871,2,14,25
fivb_vis:11871,3,16,25
fivb_vis:11872,1,28,30
fivb_vis:11872,2,25,27
fivb_vis:11872,3,14,25
fivb_vis:11873,1,25,20
fivb_vis:11873,2,25,21
fivb_vis:11873,3,25,21
fivb_vis:11874,1,15,25
fivb_vis:11874,2,23,25
fivb_vis:11874,3,21,25
fivb_vis:11875,1,25,22
fivb_vis:11875,2,22,25
fivb_vis:11875,3,26,28
fivb_vis:11875,4,21,25
fivb_vis:11876,1,25,22
fivb_vis:11876,2,25,16
fivb_vis:11876,3,18,25
fivb_vis:11876,4,25,21
fivb_vis:11877,1,19,25
fivb_vis:11877,2,25,15
fivb_vis:11877,3,25,19
fivb_vis:11877,4,25,19
fivb_vis:11878,1,25,17
fivb_vis:11878,2,25,27
fivb_vis:11878,3,25,23
fivb_vis:11878,4,21,25
fivb_vis:11878,5,8,15
fivb_vis:11879,1,22,25
fivb_vis:11879,2,20,25
fivb_vis:11879,3,23,25
fivb_vis:11880,1,23,25
fivb_vis:11880,2,25,12
fivb_vis:11880,3,25,20
fivb_vis:11880,4,25,9
fivb_vis:11881,1,18,25
fivb_vis:11881,2,25,21
fivb_vis:11881,3,20,25
fivb_vis:11881,4,25,22
fivb_vis:11881,5,8,15
fivb_vis:11882,1,25,12
fivb_vis:11882,2,25,14
fivb_vis:11882,3,25,13
fivb_vis:11883,1,25,22
fivb_vis:11883,2,25,21
fivb_vis:11883,3,21,25
fivb_vis:11883,4,17,25
fivb_vis:11883,5,7,15
fivb_vis:11884,1,27,25
fivb_vis:11884,2,23,25
fivb_vis:11884,3,25,22
fivb_vis:11884,4,25,20
fivb_vis:11885,1,23,25
fivb_vis:11885,2,13,25
fivb_vis:11885,3,13,25
fivb_vis:11886,1,25,14
fivb_vis:11886,2,18,25
fivb_vis:11886,3,25,14
fivb_vis:11886,4,25,20
fivb_vis:11887,1,22,25
fivb_vis:11887,2,21,25
fivb_vis:11887,3,25,23
fivb_vis:11887,4,17,25
fivb_vis:11888,1,16,25
fivb_vis:11888,2,15,25
fivb_vis:11888,3,15,25
fivb_vis:11889,1,22,25
fivb_vis:11889,2,18,25
fivb_vis:11889,3,25,19
fivb_vis:11889,4,22,25
fivb_vis:11890,1,16,25
fivb_vis:11890,2,12,25
fivb_vis:11890,3,15,25
fivb_vis:11891,1,25,21
fivb_vis:11891,2,23,25
fivb_vis:11891,3,25,22
fivb_vis:11891,4,21,25
fivb_vis:11891,5,9,15
fivb_vis:11892,1,21,25
fivb_vis:11892,2,19,25
fivb_vis:11892,3,11,25
fivb_vis:11893,1,18,25
fivb_vis:11893,2,16,25
fivb_vis:11893,3,17,25
fivb_vis:11894,1,16,25
fivb_vis:11894,2,17,25
fivb_vis:11894,3,23,25
fivb_vis:11895,1,25,22
fivb_vis:11895,2,22,25
fivb_vis:11895,3,25,18
fivb_vis:11895,4,18,25
fivb_vis:11895,5,15,7
fivb_vis:11896,1,19,25
fivb_vis:11896,2,12,25
fivb_vis:11896,3,21,25
fivb_vis:11897,1,22,25
fivb_vis:11897,2,22,25
fivb_vis:11897,3,25,22
fivb_vis:11897,4,25,23
fivb_vis:11897,5,16,14
fivb_vis:11898,1,18,25
fivb_vis:11898,2,25,22
fivb_vis:11898,3,25,20
fivb_vis:11898,4,14,25
fivb_vis:11898,5,15,12
fivb_vis:11899,1,25,12
fivb_vis:11899,2,25,21
fivb_vis:11899,3,25,22
fivb_vis:11900,1,23,25
fivb_vis:11900,2,26,24
fivb_vis:11900,3,25,21
fivb_vis:11900,4,23,25
fivb_vis:11900,5,15,10
fivb_vis:11901,1,18,25
fivb_vis:11901,2,21,25
fivb_vis:11901,3,25,20
fivb_vis:11901,4,16,25
fivb_vis:11902,1,25,23
fivb_vis:11902,2,25,17
fivb_vis:11902,3,25,17
fivb_vis:11903,1,24,26
fivb_vis:11903,2,25,21
fivb_vis:11903,3,25,21
fivb_vis:11903,4,25,16
fivb_vis:11904,1,25,17
fivb_vis:11904,2,25,20
fivb_vis:11904,3,17,25
fivb_vis:11904,4,25,19
fivb_vis:11905,1,25,9
fivb_vis:11905,2,26,24
fivb_vis:11905,3,25,20
fivb_vis:11906,1,25,12
fivb_vis:11906,2,25,18
fivb_vis:11906,3,33,31
fivb_vis:11907,1,25,21
fivb_vis:11907,2,22,25
fivb_vis:11907,3,25,21
fivb_vis:11907,4,25,18
fivb_vis:11908,1,25,21
fivb_vis:11908,2,25,19
fivb_vis:11908,3,22,25
fivb_vis:11908,4,26,24
fivb_vis:11909,1,22,25
fivb_vis:11909,2,20,25
fivb_vis:11909,3,23,25
fivb_vis:11910,1,25,20
fivb_vis:11910,2,25,17
fivb_vis:11910,3,25,19
fivb_vis:11911,1,25,23
fivb_vis:11911,2,26,24
fivb_vis:11911,3,25,20
fivb_vis:11912,1,21,25
fivb_vis:11912,2,28,26
fivb_vis:11912,3,25,20
fivb_vis:11912,4,21,25
fivb_vis:11912,5,10,15
fivb_vis:11913,1,14,25
fivb_vis:11913,2,20,25
fivb_vis:11913,3,25,19
fivb_vis:11913,4,22,25
fivb_vis:11914,1,25,15
fivb_vis:11914,2,25,12
fivb_vis:11914,3,25,14
fivb_vis:11915,1,25,13
fivb_vis:11915,2,23,25
fivb_vis:11915,3,25,13
fivb_vis:11915,4,25,23
fivb_vis:11916,1,23,25
fivb_vis:11916,2,15,25
fivb_vis:11916,3,20,25
fivb_vis:11917,1,25,22
fivb_vis:11917,2,17,25
fivb_vis:11917,3,21,25
fivb_vis:11917,4,22,25
fivb_vis:11918,1,25,23
fivb_vis:11918,2,22,25
fivb_vis:11918,3,21,25
fivb_vis:11918,4,21,25
fivb_vis:11919,1,25,8
fivb_vis:11919,2,25,17
fivb_vis:11919,3,25,23
fivb_vis:11920,1,23,25
fivb_vis:11920,2,25,23
fivb_vis:11920,3,28,30
fivb_vis:11920,4,22,25
fivb_vis:11921,1,25,23
fivb_vis:11921,2,25,20
fivb_vis:11921,3,25,23
fivb_vis:11922,1,25,19
fivb_vis:11922,2,25,11
fivb_vis:11922,3,25,19
fivb_vis:11923,1,15,25
fivb_vis:11923,2,25,18
fivb_vis:11923,3,27,29
fivb_vis:11923,4,25,20
fivb_vis:11923,5,21,19
fivb_vis:11924,1,25,11
fivb_vis:11924,2,25,14
fivb_vis:11924,3,25,10
fivb_vis:11925,1,25,21
fivb_vis:11925,2,23,25
fivb_vis:11925,3,25,15
fivb_vis:11925,4,25,14
fivb_vis:11926,1,25,23
fivb_vis:11926,2,25,16
fivb_vis:11926,3,25,21
fivb_vis:11927,1,18,25
fivb_vis:11927,2,24,26
fivb_vis:11927,3,25,22
fivb_vis:11927,4,25,15
fivb_vis:11927,5,15,11
fivb_vis:11928,1,23,25
fivb_vis:11928,2,24,26
fivb_vis:11928,3,25,23
fivb_vis:11928,4,15,25
fivb_vis:11929,1,18,25
fivb_vis:11929,2,23,25
fivb_vis:11929,3,18,25
fivb_vis:11930,1,25,18
fivb_vis:11930,2,25,23
fivb_vis:11930,3,25,16
fivb_vis:11931,1,27,29
fivb_vis:11931,2,27,29
fivb_vis:11931,3,14,25
fivb_vis:11932,1,18,25
fivb_vis:11932,2,20,25
fivb_vis:11932,3,20,25
fivb_vis:11933,1,27,25
fivb_vis:11933,2,25,20
fivb_vis:11933,3,25,20
fivb_vis:11934,1,25,14
fivb_vis:11934,2,25,20
fivb_vis:11934,3,25,18
fivb_vis:11935,1,25,21
fivb_vis:11935,2,25,27
fivb_vis:11935,3,25,23
fivb_vis:11935,4,25,15
fivb_vis:11936,1,25,23
fivb_vis:11936,2,19,25
fivb_vis:11936,3,26,24
fivb_vis:11936,4,25,15
fivb_vis:11937,1,25,16
fivb_vis:11937,2,25,17
fivb_vis:11937,3,25,17
fivb_vis:11938,1,26,24
fivb_vis:11938,2,25,22
fivb_vis:11938,3,25,16
fivb_vis:11939,1,23,25
fivb_vis:11939,2,25,20
fivb_vis:11939,3,17,25
fivb_vis:11939,4,18,25
fivb_vis:11940,1,25,19
fivb_vis:11940,2,25,19
fivb_vis:11940,3,25,20
fivb_vis:11941,1,25,17
fivb_vis:11941,2,20,25
fivb_vis:11941,3,22,25
fivb_vis:11941,4,25,17
fivb_vis:11941,5,15,10
fivb_vis:11942,1,25,21
fivb_vis:11942,2,25,22
fivb_vis:11942,3,14,25
fivb_vis:11942,4,25,27
fivb_vis:11942,5,15,9
fivb_vis:11943,1,25,10
fivb_vis:11943,2,25,20
fivb_vis:11943,3,25,17
fivb_vis:11944,1,35,33
fivb_vis:11944,2,21,25
fivb_vis:11944,3,25,27
fivb_vis:11944,4,20,25
fivb_vis:11945,1,25,12
fivb_vis:11945,2,25,22
fivb_vis:11945,3,25,15
fivb_vis:11946,1,17,25
fivb_vis:11946,2,25,20
fivb_vis:11946,3,16,25
fivb_vis:11946,4,25,22
fivb_vis:11946,5,7,15
fivb_vis:11947,1,20,25
fivb_vis:11947,2,25,23
fivb_vis:11947,3,18,25
fivb_vis:11947,4,25,22
fivb_vis:11947,5,12,15
fivb_vis:11948,1,26,24
fivb_vis:11948,2,25,17
fivb_vis:11948,3,25,17
fivb_vis:11949,1,25,18
fivb_vis:11949,2,25,16
fivb_vis:11949,3,25,27
fivb_vis:11949,4,25,15
fivb_vis:11950,1,25,15
fivb_vis:11950,2,25,23
fivb_vis:11950,3,29,31
fivb_vis:11950,4,25,16
fivb_vis:11951,1,25,21
fivb_vis:11951,2,25,23
fivb_vis:11951,3,25,20
fivb_vis:11952,1,19,25
fivb_vis:11952,2,16,25
fivb_vis:11952,3,17,25
fivb_vis:11953,1,28,26
fivb_vis:11953,2,23,25
fivb_vis:11953,3,23,25
fivb_vis:11953,4,21,25
fivb_vis:11700,1,27,25
fivb_vis:11700,2,25,21
fivb_vis:11700,3,25,23
fivb_vis:11701,1,25,19
fivb_vis:11701,2,25,18
fivb_vis:11701,3,25,16
fivb_vis:11702,1,25,19
fivb_vis:11702,2,25,22
fivb_vis:11702,3,26,24
fivb_vis:11703,1,22,25
fivb_vis:11703,2,25,18
fivb_vis:11703,3,36,34
fivb_vis:11703,4,25,18
fivb_vis:11704,1,19,25
fivb_vis:11704,2,22,25
fivb_vis:11704,3,25,18
fivb_vis:11704,4,20,25
fivb_vis:11705,1,25,17
fivb_vis:11705,2,26,24
fivb_vis:11705,3,25,20
fivb_vis:11706,1,25,19
fivb_vis:11706,2,25,20
fivb_vis:11706,3,25,18
fivb_vis:11707,1,31,29
fivb_vis:11707,2,26,24
fivb_vis:11707,3,25,16
fivb_vis:11708,1,25,22
fivb_vis:11708,2,22,25
fivb_vis:11708,3,25,22
fivb_vis:11708,4,16,25
fivb_vis:11708,5,15,17
fivb_vis:11709,1,17,25
fivb_vis:11709,2,25,20
fivb_vis:11709,3,20,25
fivb_vis:11709,4,17,25
fivb_vis:11710,1,25,22
fivb_vis:11710,2,25,23
fivb_vis:11710,3,22,25
fivb_vis:11710,4,17,25
fivb_vis:11710,5,8,15
fivb_vis:11711,1,21,25
fivb_vis:11711,2,20,25
fivb_vis:11711,3,20,25
fivb_vis:11712,1,26,24
fivb_vis:11712,2,25,19
fivb_vis:11712,3,21,25
fivb_vis:11712,4,25,15
fivb_vis:11713,1,23,25
fivb_vis:11713,2,19,25
fivb_vis:11713,3,15,25
fivb_vis:11714,1,17,25
fivb_vis:11714,2,21,25
fivb_vis:11714,3,17,25
fivb_vis:11715,1,22,25
fivb_vis:11715,2,23,25
fivb_vis:11715,3,19,25
fivb_vis:11716,1,26,28
fivb_vis:11716,2,25,20
fivb_vis:11716,3,14,25
fivb_vis:11716,4,23,25
fivb_vis:11717,1,18,25
fivb_vis:11717,2,23,25
fivb_vis:11717,3,28,30
fivb_vis:11718,1,19,25
fivb_vis:11718,2,25,21
fivb_vis:11718,3,22,25
fivb_vis:11718,4,30,28
fivb_vis:11718,5,15,11
fivb_vis:11719,1,26,28
fivb_vis:11719,2,28,26
fivb_vis:11719,3,25,20
fivb_vis:11719,4,21,25
fivb_vis:11719,5,14,16
fivb_vis:11720,1,23,25
fivb_vis:11720,2,25,21
fivb_vis:11720,3,25,15
fivb_vis:11720,4,25,19
fivb_vis:11721,1,17,25
fivb_vis:11721,2,20,25
fivb_vis:11721,3,25,22
fivb_vis:11721,4,25,27
fivb_vis:11722,1,22,25
fivb_vis:11722,2,25,23
fivb_vis:11722,3,19,25
fivb_vis:11722,4,23,25
fivb_vis:11723,1,25,23
fivb_vis:11723,2,22,25
fivb_vis:11723,3,25,22
fivb_vis:11723,4,25,18
fivb_vis:11724,1,19,25
fivb_vis:11724,2,25,23
fivb_vis:11724,3,25,17
fivb_vis:11724,4,23,25
fivb_vis:11724,5,13,15
fivb_vis:11725,1,22,25
fivb_vis:11725,2,25,22
fivb_vis:11725,3,25,22
fivb_vis:11725,4,25,22
fivb_vis:11726,1,25,18
fivb_vis:11726,2,23,25
fivb_vis:11726,3,22,25
fivb_vis:11726,4,13,25
fivb_vis:11727,1,37,39
fivb_vis:11727,2,18,25
fivb_vis:11727,3,28,30
fivb_vis:11728,1,18,25
fivb_vis:11728,2,15,25
fivb_vis:11728,3,18,25
fivb_vis:11729,1,16,25
fivb_vis:11729,2,10,25
fivb_vis:11729,3,12,25
fivb_vis:11730,1,25,19
fivb_vis:11730,2,20,25
fivb_vis:11730,3,25,13
fivb_vis:11730,4,23,25
fivb_vis:11730,5,15,12
fivb_vis:11731,1,25,22
fivb_vis:11731,2,25,19
fivb_vis:11731,3,17,25
fivb_vis:11731,4,25,19
fivb_vis:11732,1,19,25
fivb_vis:11732,2,22,25
fivb_vis:11732,3,18,25
fivb_vis:11733,1,25,18
fivb_vis:11733,2,23,25
fivb_vis:11733,3,25,20
fivb_vis:11733,4,23,25
fivb_vis:11733,5,15,13
fivb_vis:11734,1,25,20
fivb_vis:11734,2,25,16
fivb_vis:11734,3,25,20
fivb_vis:11735,1,22,25
fivb_vis:11735,2,24,26
fivb_vis:11735,3,25,22
fivb_vis:11735,4,25,23
fivb_vis:11735,5,15,9
fivb_vis:11736,1,26,24
fivb_vis:11736,2,29,27
fivb_vis:11736,3,21,25
fivb_vis:11736,4,25,22
fivb_vis:11737,1,25,17
fivb_vis:11737,2,28,26
fivb_vis:11737,3,25,17
fivb_vis:11738,1,25,19
fivb_vis:11738,2,26,24
fivb_vis:11738,3,25,21
fivb_vis:11739,1,28,26
fivb_vis:11739,2,25,23
fivb_vis:11739,3,25,16
fivb_vis:11740,1,19,25
fivb_vis:11740,2,20,25
fivb_vis:11740,3,23,25
fivb_vis:11741,1,25,19
fivb_vis:11741,2,20,25
fivb_vis:11741,3,21,25
fivb_vis:11741,4,20,25
fivb_vis:11742,1,21,25
fivb_vis:11742,2,25,22
fivb_vis:11742,3,24,26
fivb_vis:11742,4,25,21
fivb_vis:11742,5,15,11
fivb_vis:11743,1,23,25
fivb_vis:11743,2,25,23
fivb_vis:11743,3,25,15
fivb_vis:11743,4,25,22
fivb_vis:11744,1,25,21
fivb_vis:11744,2,19,25
fivb_vis:11744,3,19,25
fivb_vis:11744,4,14,25
fivb_vis:11745,1,25,23
fivb_vis:11745,2,25,20
fivb_vis:11745,3,25,17
fivb_vis:11746,1,20,25
fivb_vis:11746,2,31,33
fivb_vis:11746,3,22,25
fivb_vis:11747,1,19,25
fivb_vis:11747,2,21,25
fivb_vis:11747,3,25,21
fivb_vis:11747,4,28,26
fivb_vis:11747,5,11,15
fivb_vis:11748,1,19,25
fivb_vis:11748,2,25,22
fivb_vis:11748,3,25,18
fivb_vis:11748,4,25,15
fivb_vis:11749,1,25,18
fivb_vis:11749,2,21,25
fivb_vis:11749,3,28,26
fivb_vis:11749,4,26,24
fivb_vis:11750,1,22,25
fivb_vis:11750,2,25,18
fivb_vis:11750,3,30,28
fivb_vis:11750,4,25,19
fivb_vis:11751,1,25,22
fivb_vis:11751,2,25,19
fivb_vis:11751,3,25,22
fivb_vis:11752,1,28,30
fivb_vis:11752,2,21,25
fivb_vis:11752,3,20,25
fivb_vis:11753,1,25,19
fivb_vis:11753,2,25,23
fivb_vis:11753,3,25,23
fivb_vis:11754,1,25,19
fivb_vis:11754,2,25,15
fivb_vis:11754,3,25,12
fivb_vis:11755,1,19,25
fivb_vis:11755,2,22,25
fivb_vis:11755,3,25,27
fivb_vis:11756,1,21,25
fivb_vis:11756,2,25,15
fivb_vis:11756,3,26,28
fivb_vis:11756,4,25,22
fivb_vis:11756,5,15,8
fivb_vis:11757,1,25,18
fivb_vis:11757,2,25,18
fivb_vis:11757,3,23,25
fivb_vis:11757,4,25,23
fivb_vis:11758,1,25,17
fivb_vis:11758,2,25,19
fivb_vis:11758,3,23,25
fivb_vis:11758,4,19,25
fivb_vis:11758,5,9,15
fivb_vis:11759,1,25,18
fivb_vis:11759,2,25,19
fivb_vis:11759,3,25,20
fivb_vis:11760,1,12,25
fivb_vis:11760,2,18,25
fivb_vis:11760,3,27,29
fivb_vis:11761,1,16,25
fivb_vis:11761,2,22,25
fivb_vis:11761,3,12,25
fivb_vis:11762,1,21,25
fivb_vis:11762,2,25,22
fivb_vis:11762,3,22,25
fivb_vis:11762,4,25,15
fivb_vis:11762,5,15,9
fivb_vis:11763,1,25,14
fivb_vis:11763,2,25,17
fivb_vis:11763,3,25,16
fivb_vis:11764,1,25,23
fivb_vis:11764,2,20,25
fivb_vis:11764,3,19,25
fivb_vis:11764,4,25,19
fivb_vis:11764,5,13,15
fivb_vis:11765,1,19,25
fivb_vis:11765,2,25,23
fivb_vis:11765,3,22,25
fivb_vis:11765,4,25,20
fivb_vis:11765,5,15,8
fivb_vis:11766,1,32,30
fivb_vis:11766,2,16,25
fivb_vis:11766,3,18,25
fivb_vis:11766,4,21,25
fivb_vis:11767,1,18,25
fivb_vis:11767,2,25,18
fivb_vis:11767,3,25,17
fivb_vis:11767,4,22,25
fivb_vis:11767,5,13,15
fivb_vis:11768,1,20,25
fivb_vis:11768,2,22,25
fivb_vis:11768,3,14,25
fivb_vis:11769,1,23,25
fivb_vis:11769,2,17,25
fivb_vis:11769,3,25,19
fivb_vis:11769,4,25,27
fivb_vis:11770,1,25,20
fivb_vis:11770,2,21,25
fivb_vis:11770,3,22,25
fivb_vis:11770,4,17,25
fivb_vis:11771,1,17,25
fivb_vis:11771,2,26,28
fivb_vis:11771,3,19,25
fivb_vis:11772,1,25,23
fivb_vis:11772,2,25,22
fivb_vis:11772,3,22,25
fivb_vis:11772,4,25,21
fivb_vis:11773,1,23,25
fivb_vis:11773,2,22,25
fivb_vis:11773,3,25,23
fivb_vis:11773,4,25,18
fivb_vis:11773,5,12,15
fivb_vis:11774,1,25,20
fivb_vis:11774,2,16,25
fivb_vis:11774,3,25,18
fivb_vis:11774,4,25,18
fivb_vis:11775,1,25,18
fivb_vis:11775,2,25,22
fivb_vis:11775,3,25,20
fivb_vis:11776,1,15,25
fivb_vis:11776,2,18,25
fivb_vis:11776,3,21,25
fivb_vis:11777,1,22,25
fivb_vis:11777,2,23,25
fivb_vis:11777,3,19,25
fivb_vis:11778,1,15,25
fivb_vis:11778,2,25,22
fivb_vis:11778,3,19,25
fivb_vis:11778,4,25,13
fivb_vis:11778,5,15,12
fivb_vis:11779,1,15,25
fivb_vis:11779,2,22,25
fivb_vis:11779,3,28,26
fivb_vis:11779,4,25,23
fivb_vis:11779,5,19,17
fivb_vis:11780,1,19,25
fivb_vis:11780,2,23,25
fivb_vis:11780,3,25,21
fivb_vis:11780,4,19,25
fivb_vis:11781,1,25,20
fivb_vis:11781,2,25,17
fivb_vis:11781,3,25,17
fivb_vis:11782,1,18,25
fivb_vis:11782,2,25,18
fivb_vis:11782,3,25,18
fivb_vis:11782,4,25,17
fivb_vis:11783,1,14,25
fivb_vis:11783,2,18,25
fivb_vis:11783,3,19,25
fivb_vis:11784,1,19,25
fivb_vis:11784,2,23,25
fivb_vis:11784,3,25,23
fivb_vis:11784,4,21,25
fivb_vis:11785,1,25,17
fivb_vis:11785,2,26,24
fivb_vis:11785,3,25,21
fivb_vis:11786,1,23,25
fivb_vis:11786,2,25,22
fivb_vis:11786,3,29,31
fivb_vis:11786,4,22,25
fivb_vis:11787,1,19,25
fivb_vis:11787,2,25,23
fivb_vis:11787,3,19,25
fivb_vis:11787,4,21,25
fivb_vis:11788,1,27,25
fivb_vis:11788,2,25,20
fivb_vis:11788,3,26,24
fivb_vis:11789,1,17,25
fivb_vis:11789,2,22,25
fivb_vis:11789,3,17,25
fivb_vis:11790,1,22,25
fivb_vis:11790,2,23,25
fivb_vis:11790,3,18,25
fivb_vis:11791,1,17,25
fivb_vis:11791,2,22,25
fivb_vis:11791,3,12,25
fivb_vis:11792,1,25,14
fivb_vis:11792,2,20,25
fivb_vis:11792,3,19,25
fivb_vis:11792,4,30,32
fivb_vis:11793,1,25,21
fivb_vis:11793,2,17,25
fivb_vis:11793,3,25,23
fivb_vis:11793,4,15,25
fivb_vis:11793,5,13,15
fivb_vis:11794,1,19,25
fivb_vis:11794,2,25,22
fivb_vis:11794,3,20,25
fivb_vis:11794,4,25,21
fivb_vis:11794,5,12,15
fivb_vis:11795,1,22,25
fivb_vis:11795,2,19,25
fivb_vis:11795,3,20,25
fivb_vis:11796,1,16,25
fivb_vis:11796,2,13,25
fivb_vis:11796,3,25,19
fivb_vis:11796,4,15,25
fivb_vis:11797,1,25,23
fivb_vis:11797,2,25,18
fivb_vis:11797,3,25,14
fivb_vis:11798,1,25,21
fivb_vis:11798,2,25,21
fivb_vis:11798,3,25,19
fivb_vis:11799,1,25,16
fivb_vis:11799,2,25,16
fivb_vis:11799,3,25,19
fivb_vis:11800,1,25,19
fivb_vis:11800,2,32,30
fivb_vis:11800,3,22,25
fivb_vis:11800,4,25,20
fivb_vis:11801,1,28,30
fivb_vis:11801,2,25,19
fivb_vis:11801,3,21,25
fivb_vis:11801,4,28,26
fivb_vis:11801,5,15,13
fivb_vis:11802,1,25,21
fivb_vis:11802,2,25,22
fivb_vis:11802,3,25,18
fivb_vis:11803,1,18,25
fivb_vis:11803,2,18,25
fivb_vis:11803,3,25,23
fivb_vis:11803,4,15,25
fivb_vis:11804,1,25,17
fivb_vis:11804,2,25,8
fivb_vis:11804,3,25,20
fivb_vis:11805,1,25,21
fivb_vis:11805,2,21,25
fivb_vis:11805,3,25,18
fivb_vis:11805,4,21,25
fivb_vis:11805,5,17,15
fivb_vis:11806,1,19,25
fivb_vis:11806,2,24,26
fivb_vis:11806,3,9,25
fivb_vis:11807,1,20,25
fivb_vis:11807,2,20,25
fivb_vis:11807,3,16,25
fivb_vis:11808,1,16,25
fivb_vis:11808,2,16,25
fivb_vis:11808,3,26,28
fivb_vis:11809,1,26,24
fivb_vis:11809,2,25,21
fivb_vis:11809,3,25,22
fivb_vis:11810,1,25,21
fivb_vis:11810,2,25,21
fivb_vis:11810,3,25,23
fivb_vis:11811,1,25,21
fivb_vis:11811,2,16,25
fivb_vis:11811,3,25,17
fivb_vis:11811,4,19,25
fivb_vis:11811,5,15,12
fivb_vis:11812,1,23,25
fivb_vis:11812,2,19,25
fivb_vis:11812,3,19,25
fivb_vis:11813,1,17,25
fivb_vis:11813,2,21,25
fivb_vis:11813,3,25,17
fivb_vis:11813,4,25,20
fivb_vis:11813,5,17,15
fivb_vis:11814,1,25,21
fivb_vis:11814,2,25,23
fivb_vis:11814,3,25,20
fivb_vis:11815,1,25,22
fivb_vis:11815,2,21,25
fivb_vis:11815,3,22,25
fivb_vis:11815,4,25,20
fivb_vis:11815,5,15,11
fivb_vis:11816,1,31,33
fivb_vis:11816,2,23,25
fivb_vis:11816,3,32,30
fivb_vis:11816,4,18,25
fivb_vis:11817,1,25,23
fivb_vis:11817,2,25,16
fivb_vis:11817,3,25,18
fivb_vis:11818,1,25,12
fivb_vis:11818,2,24,26
fivb_vis:11818,3,25,22
fivb_vis:11818,4,21,25
fivb_vis:11818,5,15,13
fivb_vis:11819,1,21,25
fivb_vis:11819,2,26,28
fivb_vis:11819,3,20,25
fivb_vis:11820,1,25,20
fivb_vis:11820,2,25,18
fivb_vis:11820,3,25,19
fivb_vis:11821,1,25,22
fivb_vis:11821,2,25,21
fivb_vis:11821,3,25,23
fivb_vis:11822,1,25,20
fivb_vis:11822,2,25,18
fivb_vis:11822,3,25,19
fivb_vis:11823,1,22,25
fivb_vis:11823,2,25,23
fivb_vis:11823,3,25,16
fivb_vis:11823,4,25,14
fivb_vis:11960,1,10,25
fivb_vis:11960,2,21,25
fivb_vis:11960,3,20,25
fivb_vis:11961,1,22,25
fivb_vis:11961,2,27,25
fivb_vis:11961,3,17,25
fivb_vis:11961,4,17,25
fivb_vis:11962,1,22,25
fivb_vis:11962,2,21,25
fivb_vis:11962,3,25,16
fivb_vis:11962,4,19,25
fivb_vis:11963,1,25,22
fivb_vis:11963,2,25,22
fivb_vis:11963,3,25,22
fivb_vis:11964,1,25,23
fivb_vis:11964,2,20,25
fivb_vis:11964,3,21,25
fivb_vis:11964,4,19,25
fivb_vis:11965,1,25,17
fivb_vis:11965,2,25,16
fivb_vis:11965,3,25,11
fivb_vis:11966,1,22,25
fivb_vis:11966,2,17,25
fivb_vis:11966,3,22,25
fivb_vis:11967,1,27,25
fivb_vis:11967,2,25,22
fivb_vis:11967,3,25,23
fivb_vis:11968,1,25,27
fivb_vis:11968,2,25,18
fivb_vis:11968,3,26,28
fivb_vis:11968,4,22,25
fivb_vis:11969,1,20,25
fivb_vis:11969,2,25,19
fivb_vis:11969,3,25,19
fivb_vis:11969,4,22,25
fivb_vis:11969,5,10,15
fivb_vis:11970,1,25,19
fivb_vis:11970,2,25,22
fivb_vis:11970,3,25,23
fivb_vis:11971,1,25,15
fivb_vis:11971,2,25,21
fivb_vis:11971,3,25,23
fivb_vis:12133,1,27,25
fivb_vis:12133,2,25,21
fivb_vis:12133,3,23,25
fivb_vis:12133,4,25,19
fivb_vis:12134,1,15,25
fivb_vis:12134,2,17,25
fivb_vis:12134,3,18,25
fivb_vis:12135,1,25,16
fivb_vis:12135,2,18,25
fivb_vis:12135,3,25,18
fivb_vis:12135,4,25,12
fivb_vis:12136,1,20,25
fivb_vis:12136,2,24,26
fivb_vis:12136,3,13,25
fivb_vis:12137,1,25,9
fivb_vis:12137,2,25,19
fivb_vis:12137,3,25,18
fivb_vis:12138,1,25,19
fivb_vis:12138,2,21,25
fivb_vis:12138,3,25,23
fivb_vis:12138,4,25,18
fivb_vis:12139,1,25,27
fivb_vis:12139,2,23,25
fivb_vis:12139,3,20,25
fivb_vis:12140,1,21,25
fivb_vis:12140,2,25,20
fivb_vis:12140,3,19,25
fivb_vis:12140,4,22,25
fivb_vis:12141,1,27,25
fivb_vis:12141,2,25,16
fivb_vis:12141,3,25,22
fivb_vis:12142,1,21,25
fivb_vis:12142,2,25,20
fivb_vis:12142,3,25,27
fivb_vis:12142,4,25,20
fivb_vis:12142,5,11,15
fivb_vis:12143,1,25,15
fivb_vis:12143,2,25,18
fivb_vis:12143,3,25,22
fivb_vis:12144,1,20,25
fivb_vis:12144,2,21,25
fivb_vis:12144,3,23,25
fivb_vis:12214,1,0,25
fivb_vis:12214,2,0,25
fivb_vis:12214,3,0,25
fivb_vis:12215,1,25,0
fivb_vis:12215,2,25,0
fivb_vis:12215,3,25,0
fivb_vis:12216,1,25,0
fivb_vis:12216,2,25,0
fivb_vis:12216,3,25,0
fivb_vis:12217,1,25,0
fivb_vis:12217,2,25,0
fivb_vis:12217,3,25,0
fivb_vis:12218,1,25,0
fivb_vis:12218,2,25,0
fivb_vis:12218,3,25,0
fivb_vis:12219,1,0,25
fivb_vis:12219,2,0,25
fivb_vis:12219,3,0,25
fivb_vis:12220,1,25,22
fivb_vis:12220,2,25,21
fivb_vis:12220,3,25,23
fivb_vis:12221,1,25,15
fivb_vis:12221,2,25,19
fivb_vis:12221,3,25,18
fivb_vis:12222,1,23,25
fivb_vis:12222,2,21,25
fivb_vis:12222,3,25,21
fivb_vis:12222,4,15,25
fivb_vis:12223,1,25,21
fivb_vis:12223,2,23,25
fivb_vis:12223,3,25,23
fivb_vis:12223,4,23,25
fivb_vis:12223,5,10,15
fivb_vis:12224,1,25,21
fivb_vis:12224,2,25,21
fivb_vis:12224,3,14,25
fivb_vis:12224,4,25,22
fivb_vis:12225,1,30,32
fivb_vis:12225,2,25,19
fivb_vis:12225,3,23,25
fivb_vis:12225,4,18,25
fivb_vis:12226,1,12,25
fivb_vis:12226,2,14,25
fivb_vis:12226,3,12,25
fivb_vis:12227,1,23,25
fivb_vis:12227,2,25,22
fivb_vis:12227,3,25,23
fivb_vis:12227,4,25,21
fivb_vis:12228,1,25,18
fivb_vis:12228,2,25,21
fivb_vis:12228,3,26,24
fivb_vis:12229,1,25,17
fivb_vis:12229,2,20,25
fivb_vis:12229,3,19,25
fivb_vis:12229,4,25,23
fivb_vis:12229,5,14,16
fivb_vis:12230,1,25,18
fivb_vis:12230,2,25,21
fivb_vis:12230,3,25,19
fivb_vis:12231,1,21,25
fivb_vis:12231,2,25,18
fivb_vis:12231,3,25,19
fivb_vis:12231,4,25,20
fivb_vis:12232,1,25,17
fivb_vis:12232,2,25,17
fivb_vis:12232,3,25,15
fivb_vis:12233,1,25,20
fivb_vis:12233,2,25,22
fivb_vis:12233,3,25,15
fivb_vis:12234,1,25,21
fivb_vis:12234,2,25,15
fivb_vis:12234,3,25,12
fivb_vis:12235,1,20,25
fivb_vis:12235,2,13,25
fivb_vis:12235,3,25,21
fivb_vis:12235,4,19,25
fivb_vis:12236,1,25,21
fivb_vis:12236,2,25,19
fivb_vis:12236,3,25,18
fivb_vis:12237,1,21,25
fivb_vis:12237,2,14,25
fivb_vis:12237,3,22,25
fivb_vis:12238,1,25,8
fivb_vis:12238,2,25,12
fivb_vis:12238,3,25,11
fivb_vis:12239,1,18,25
fivb_vis:12239,2,20,25
fivb_vis:12239,3,25,22
fivb_vis:12239,4,19,25
fivb_vis:12240,1,25,21
fivb_vis:12240,2,25,16
fivb_vis:12240,3,25,21
fivb_vis:12241,1,21,25
fivb_vis:12241,2,26,24
fivb_vis:12241,3,25,18
fivb_vis:12241,4,25,22
fivb_vis:12242,1,10,25
fivb_vis:12242,2,10,25
fivb_vis:12242,3,16,25
fivb_vis:12243,1,26,24
fivb_vis:12243,2,22,25
fivb_vis:12243,3,13,25
fivb_vis:12243,4,21,25
fivb_vis:12244,1,25,22
fivb_vis:12244,2,25,19
fivb_vis:12244,3,21,25
fivb_vis:12244,4,25,21
fivb_vis:12245,1,17,25
fivb_vis:12245,2,21,25
fivb_vis:12245,3,25,19
fivb_vis:12245,4,17,25
fivb_vis:12246,1,19,25
fivb_vis:12246,2,25,21
fivb_vis:12246,3,25,22
fivb_vis:12246,4,25,21
fivb_vis:12247,1,25,16
fivb_vis:12247,2,25,12
fivb_vis:12247,3,20,25
fivb_vis:12247,4,26,24
fivb_vis:12248,1,23,25
fivb_vis:12248,2,25,19
fivb_vis:12248,3,20,25
fivb_vis:12248,4,18,25
fivb_vis:12249,1,25,21
fivb_vis:12249,2,25,22
fivb_vis:12249,3,19,25
fivb_vis:12249,4,21,25
fivb_vis:12249,5,15,11
fivb_vis:12250,1,25,21
fivb_vis:12250,2,21,25
fivb_vis:12250,3,25,21
fivb_vis:12250,4,22,25
fivb_vis:12250,5,7,15
fivb_vis:12251,1,25,16
fivb_vis:12251,2,25,17
fivb_vis:12251,3,25,13
fivb_vis:12252,1,17,25
fivb_vis:12252,2,18,25
fivb_vis:12252,3,22,25
fivb_vis:12253,1,14,25
fivb_vis:12253,2,20,25
fivb_vis:12253,3,16,25
fivb_vis:12254,1,16,25
fivb_vis:12254,2,19,25
fivb_vis:12254,3,27,25
fivb_vis:12254,4,18,25
fivb_vis:12255,1,25,19
fivb_vis:12255,2,25,15
fivb_vis:12255,3,25,10
fivb_vis:12256,1,25,27
fivb_vis:12256,2,23,25
fivb_vis:12256,3,25,18
fivb_vis:12256,4,26,24
fivb_vis:12256,5,13,15
fivb_vis:12257,1,25,19
fivb_vis:12257,2,16,25
fivb_vis:12257,3,25,22
fivb_vis:12257,4,25,15
fivb_vis:12258,1,25,13
fivb_vis:12258,2,25,17
fivb_vis:12258,3,25,17
fivb_vis:12259,1,15,25
fivb_vis:12259,2,20,25
fivb_vis:12259,3,22,25
fivb_vis:12260,1,15,25
fivb_vis:12260,2,21,25
fivb_vis:12260,3,23,25
fivb_vis:12261,1,25,27
fivb_vis:12261,2,25,15
fivb_vis:12261,3,25,19
fivb_vis:12261,4,25,23
fivb_vis:12750,1,25,20
fivb_vis:12750,2,25,15
fivb_vis:12750,3,24,26
fivb_vis:12750,4,25,22
fivb_vis:12751,1,23,25
fivb_vis:12751,2,22,25
fivb_vis:12751,3,25,16
fivb_vis:12751,4,21,25
fivb_vis:12752,1,25,22
fivb_vis:12752,2,24,26
fivb_vis:12752,3,25,22
fivb_vis:12752,4,19,25
fivb_vis:12752,5,6,15
fivb_vis:12753,1,27,29
fivb_vis:12753,2,25,16
fivb_vis:12753,3,21,25
fivb_vis:12753,4,19,25
fivb_vis:12754,1,25,16
fivb_vis:12754,2,22,25
fivb_vis:12754,3,25,16
fivb_vis:12754,4,25,19
fivb_vis:12755,1,25,23
fivb_vis:12755,2,26,24
fivb_vis:12755,3,25,22
fivb_vis:12756,1,13,25
fivb_vis:12756,2,18,25
fivb_vis:12756,3,25,21
fivb_vis:12756,4,20,25
fivb_vis:12757,1,25,18
fivb_vis:12757,2,25,12
fivb_vis:12757,3,25,15
fivb_vis:12758,1,25,16
fivb_vis:12758,2,29,31
fivb_vis:12758,3,27,25
fivb_vis:12758,4,25,23
fivb_vis:12759,1,20,25
fivb_vis:12759,2,13,25
fivb_vis:12759,3,19,25
fivb_vis:12760,1,22,25
fivb_vis:12760,2,17,25
fivb_vis:12760,3,25,27
fivb_vis:12761,1,23,25
fivb_vis:12761,2,22,25
fivb_vis:12761,3,25,20
fivb_vis:12761,4,25,18
fivb_vis:12761,5,13,15
fivb_vis:12762,1,25,22
fivb_vis:12762,2,25,20
fivb_vis:12762,3,25,19
fivb_vis:12763,1,25,20
fivb_vis:12763,2,25,18
fivb_vis:12763,3,25,22
fivb_vis:12764,1,26,24
fivb_vis:12764,2,25,18
fivb_vis:12764,3,14,25
fivb_vis:12764,4,25,19
fivb_vis:12765,1,25,27
fivb_vis:12765,2,24,26
fivb_vis:12765,3,21,25
fivb_vis:12766,1,19,25
fivb_vis:12766,2,20,25
fivb_vis:12766,3,18,25
fivb_vis:12767,1,27,25
fivb_vis:12767,2,25,22
fivb_vis:12767,3,18,25
fivb_vis:12767,4,14,25
fivb_vis:12767,5,13,15
fivb_vis:12768,1,17,25
fivb_vis:12768,2,16,25
fivb_vis:12768,3,16,25
fivb_vis:12769,1,25,16
fivb_vis:12769,2,25,22
fivb_vis:12769,3,25,22
fivb_vis:12770,1,13,25
fivb_vis:12770,2,25,19
fivb_vis:12770,3,21,25
fivb_vis:12770,4,25,21
fivb_vis:12770,5,13,15
fivb_vis:12771,1,28,30
fivb_vis:12771,2,25,20
fivb_vis:12771,3,23,25
fivb_vis:12771,4,31,29
fivb_vis:12771,5,15,11
fivb_vis:12772,1,25,20
fivb_vis:12772,2,19,25
fivb_vis:12772,3,25,21
fivb_vis:12772,4,25,19
fivb_vis:12773,1,21,25
fivb_vis:12773,2,25,23
fivb_vis:12773,3,25,20
fivb_vis:12773,4,20,25
fivb_vis:12773,5,14,16
fivb_vis:12774,1,22,25
fivb_vis:12774,2,12,25
fivb_vis:12774,3,15,25
fivb_vis:12775,1,19,25
fivb_vis:12775,2,16,25
fivb_vis:12775,3,21,25
fivb_vis:12776,1,10,25
fivb_vis:12776,2,25,23
fivb_vis:12776,3,25,18
fivb_vis:12776,4,24,26
fivb_vis:12776,5,11,15
fivb_vis:12777,1,18,25
fivb_vis:12777,2,23,25
fivb_vis:12777,3,25,21
fivb_vis:12777,4,26,24
fivb_vis:12777,5,11,15
fivb_vis:12778,1,22,25
fivb_vis:12778,2,25,15
fivb_vis:12778,3,25,23
fivb_vis:12778,4,25,17
fivb_vis:12779,1,25,15
fivb_vis:12779,2,25,16
fivb_vis:12779,3,26,24
fivb_vis:12780,1,25,17
fivb_vis:12780,2,25,20
fivb_vis:12780,3,26,24
fivb_vis:12781,1,15,25
fivb_vis:12781,2,22,25
fivb_vis:12781,3,25,20
fivb_vis:12781,4,24,26
fivb_vis:12782,1,19,25
fivb_vis:12782,2,18,25
fivb_vis:12782,3,25,17
fivb_vis:12782,4,12,25
fivb_vis:12783,1,18,25
fivb_vis:12783,2,25,23
fivb_vis:12783,3,25,13
fivb_vis:12783,4,19,25
fivb_vis:12783,5,7,15
fivb_vis:12784,1,23,25
fivb_vis:12784,2,25,21
fivb_vis:12784,3,28,30
fivb_vis:12784,4,15,25
fivb_vis:12785,1,15,25
fivb_vis:12785,2,21,25
fivb_vis:12785,3,25,22
fivb_vis:12785,4,17,25
fivb_vis:12786,1,25,20
fivb_vis:12786,2,25,20
fivb_vis:12786,3,25,15
fivb_vis:12787,1,25,22
fivb_vis:12787,2,25,27
fivb_vis:12787,3,25,27
fivb_vis:12787,4,23,25
fivb_vis:12788,1,29,31
fivb_vis:12788,2,25,15
fivb_vis:12788,3,22,25
fivb_vis:12788,4,22,25
fivb_vis:12789,1,25,18
fivb_vis:12789,2,26,24
fivb_vis:12789,3,25,16
fivb_vis:12790,1,25,18
fivb_vis:12790,2,25,19
fivb_vis:12790,3,25,21
fivb_vis:12791,1,22,25
fivb_vis:12791,2,19,25
fivb_vis:12791,3,27,25
fivb_vis:12791,4,17,25
fivb_vis:12792,1,20,25
fivb_vis:12792,2,25,20
fivb_vis:12792,3,16,25
fivb_vis:12792,4,17,25
fivb_vis:12793,1,25,23
fivb_vis:12793,2,22,25
fivb_vis:12793,3,25,16
fivb_vis:12793,4,28,30
fivb_vis:12793,5,15,5
fivb_vis:12794,1,28,30
fivb_vis:12794,2,23,25
fivb_vis:12794,3,10,25
fivb_vis:12795,1,23,25
fivb_vis:12795,2,25,21
fivb_vis:12795,3,25,27
fivb_vis:12795,4,20,25
fivb_vis:12796,1,20,25
fivb_vis:12796,2,22,25
fivb_vis:12796,3,25,18
fivb_vis:12796,4,26,24
fivb_vis:12796,5,15,9
fivb_vis:12797,1,25,27
fivb_vis:12797,2,25,23
fivb_vis:12797,3,25,18
fivb_vis:12797,4,25,23
fivb_vis:12798,1,27,25
fivb_vis:12798,2,25,20
fivb_vis:12798,3,25,23
fivb_vis:12799,1,27,25
fivb_vis:12799,2,19,25
fivb_vis:12799,3,19,25
fivb_vis:12799,4,29,31
fivb_vis:12800,1,25,15
fivb_vis:12800,2,25,13
fivb_vis:12800,3,25,18
fivb_vis:12801,1,25,15
fivb_vis:12801,2,25,20
fivb_vis:12801,3,25,21
fivb_vis:12802,1,25,23
fivb_vis:12802,2,25,21
fivb_vis:12802,3,25,12
fivb_vis:12803,1,25,17
fivb_vis:12803,2,16,25
fivb_vis:12803,3,27,29
fivb_vis:12803,4,25,18
fivb_vis:12803,5,15,13
fivb_vis:12804,1,25,18
fivb_vis:12804,2,25,14
fivb_vis:12804,3,25,17
fivb_vis:12805,1,22,25
fivb_vis:12805,2,26,24
fivb_vis:12805,3,20,25
fivb_vis:12805,4,22,25
fivb_vis:12806,1,25,13
fivb_vis:12806,2,25,18
fivb_vis:12806,3,24,26
fivb_vis:12806,4,25,22
fivb_vis:12807,1,25,20
fivb_vis:12807,2,25,17
fivb_vis:12807,3,25,27
fivb_vis:12807,4,25,27
fivb_vis:12807,5,15,9
fivb_vis:12808,1,20,25
fivb_vis:12808,2,21,25
fivb_vis:12808,3,25,23
fivb_vis:12808,4,22,25
fivb_vis:12809,1,18,25
fivb_vis:12809,2,17,25
fivb_vis:12809,3,19,25
fivb_vis:12810,1,25,16
fivb_vis:12810,2,25,16
fivb_vis:12810,3,25,14
fivb_vis:12811,1,22,25
fivb_vis:12811,2,25,16
fivb_vis:12811,3,25,22
fivb_vis:12811,4,25,22
fivb_vis:12812,1,22,25
fivb_vis:12812,2,25,22
fivb_vis:12812,3,26,24
fivb_vis:12812,4,20,25
fivb_vis:12812,5,15,13
fivb_vis:12813,1,25,18
fivb_vis:12813,2,22,25
fivb_vis:12813,3,22,25
fivb_vis:12813,4,25,23
fivb_vis:12813,5,15,12
fivb_vis:12814,1,25,14
fivb_vis:12814,2,25,13
fivb_vis:12814,3,25,16
fivb_vis:12815,1,25,14
fivb_vis:12815,2,18,25
fivb_vis:12815,3,25,19
fivb_vis:12815,4,25,22
fivb_vis:12816,1,22,25
fivb_vis:12816,2,19,25
fivb_vis:12816,3,32,34
fivb_vis:12817,1,25,20
fivb_vis:12817,2,25,18
fivb_vis:12817,3,19,25
fivb_vis:12817,4,25,12
fivb_vis:12818,1,25,14
fivb_vis:12818,2,26,24
fivb_vis:12818,3,25,19
fivb_vis:12819,1,23,25
fivb_vis:12819,2,20,25
fivb_vis:12819,3,25,27
fivb_vis:12820,1,25,13
fivb_vis:12820,2,25,18
fivb_vis:12820,3,25,19
fivb_vis:12821,1,21,25
fivb_vis:12821,2,19,25
fivb_vis:12821,3,25,27
fivb_vis:12822,1,25,17
fivb_vis:12822,2,30,32
fivb_vis:12822,3,16,25
fivb_vis:12822,4,35,37
fivb_vis:12823,1,27,29
fivb_vis:12823,2,22,25
fivb_vis:12823,3,25,23
fivb_vis:12823,4,18,25
fivb_vis:12824,1,25,22
fivb_vis:12824,2,25,16
fivb_vis:12824,3,25,22
fivb_vis:12825,1,25,22
fivb_vis:12825,2,20,25
fivb_vis:12825,3,25,20
fivb_vis:12825,4,20,25
fivb_vis:12825,5,11,15
fivb_vis:12148,1,23,25
fivb_vis:12148,2,20,25
fivb_vis:12148,3,24,26
fivb_vis:12149,1,19,25
fivb_vis:12149,2,17,25
fivb_vis:12149,3,9,25
fivb_vis:12150,1,0,25
fivb_vis:12150,2,0,25
fivb_vis:12150,3,0,25
fivb_vis:12151,1,23,25
fivb_vis:12151,2,18,25
fivb_vis:12151,3,17,25
fivb_vis:12152,1,28,26
fivb_vis:12152,2,25,18
fivb_vis:12152,3,23,25
fivb_vis:12152,4,25,23
fivb_vis:12153,1,24,26
fivb_vis:12153,2,25,22
fivb_vis:12153,3,14,25
fivb_vis:12153,4,19,25
fivb_vis:12154,1,18,25
fivb_vis:12154,2,14,25
fivb_vis:12154,3,12,25
fivb_vis:12155,1,25,20
fivb_vis:12155,2,21,25
fivb_vis:12155,3,23,25
fivb_vis:12155,4,19,25
fivb_vis:12156,1,25,15
fivb_vis:12156,2,29,27
fivb_vis:12156,3,25,14
fivb_vis:12157,1,18,25
fivb_vis:12157,2,15,25
fivb_vis:12157,3,16,25
fivb_vis:12158,1,25,21
fivb_vis:12158,2,25,14
fivb_vis:12158,3,26,24
fivb_vis:12159,1,25,18
fivb_vis:12159,2,25,12
fivb_vis:12159,3,25,17
fivb_vis:12160,1,0,25
fivb_vis:12160,2,0,25
fivb_vis:12160,3,0,25
fivb_vis:12161,1,27,25
fivb_vis:12161,2,25,19
fivb_vis:12161,3,25,18
fivb_vis:12162,1,21,25
fivb_vis:12162,2,25,22
fivb_vis:12162,3,25,19
fivb_vis:12162,4,25,16
fivb_vis:12163,1,25,16
fivb_vis:12163,2,25,18
fivb_vis:12163,3,25,14
fivb_vis:12164,1,25,15
fivb_vis:12164,2,25,17
fivb_vis:12164,3,25,16
fivb_vis:12165,1,24,26
fivb_vis:12165,2,25,14
fivb_vis:12165,3,25,19
fivb_vis:12165,4,23,25
fivb_vis:12165,5,12,15
fivb_vis:12166,1,25,10
fivb_vis:12166,2,25,14
fivb_vis:12166,3,25,22
fivb_vis:12167,1,19,25
fivb_vis:12167,2,16,25
fivb_vis:12167,3,16,25
fivb_vis:12168,1,24,26
fivb_vis:12168,2,25,23
fivb_vis:12168,3,25,17
fivb_vis:12168,4,22,25
fivb_vis:12168,5,15,13
fivb_vis:12169,1,22,25
fivb_vis:12169,2,20,25
fivb_vis:12169,3,18,25
fivb_vis:12170,1,25,0
fivb_vis:12170,2,25,0
fivb_vis:12170,3,25,0
fivb_vis:12171,1,25,21
fivb_vis:12171,2,25,16
fivb_vis:12171,3,19,25
fivb_vis:12171,4,25,15
fivb_vis:12172,1,25,16
fivb_vis:12172,2,25,19
fivb_vis:12172,3,25,14
fivb_vis:12173,1,17,25
fivb_vis:12173,2,15,25
fivb_vis:12173,3,13,25
fivb_vis:12174,1,15,25
fivb_vis:12174,2,10,25
fivb_vis:12174,3,15,25
fivb_vis:12175,1,25,18
fivb_vis:12175,2,25,20
fivb_vis:12175,3,25,13
fivb_vis:12176,1,25,22
fivb_vis:12176,2,25,17
fivb_vis:12176,3,25,23
fivb_vis:12177,1,14,25
fivb_vis:12177,2,8,25
fivb_vis:12177,3,18,25
fivb_vis:12178,1,25,23
fivb_vis:12178,2,25,20
fivb_vis:12178,3,25,18
fivb_vis:12179,1,25,18
fivb_vis:12179,2,19,25
fivb_vis:12179,3,15,25
fivb_vis:12179,4,25,23
fivb_vis:12179,5,14,16
fivb_vis:12180,1,22,25
fivb_vis:12180,2,16,25
fivb_vis:12180,3,25,18
fivb_vis:12180,4,20,25
fivb_vis:12181,1,25,14
fivb_vis:12181,2,25,10
fivb_vis:12181,3,25,23
fivb_vis:12182,1,17,25
fivb_vis:12182,2,21,25
fivb_vis:12182,3,22,25
fivb_vis:12183,1,22,25
fivb_vis:12183,2,27,29
fivb_vis:12183,3,16,25
fivb_vis:12184,1,0,25
fivb_vis:12184,2,0,25
fivb_vis:12184,3,0,25
fivb_vis:12185,1,9,25
fivb_vis:12185,2,16,25
fivb_vis:12185,3,14,25
fivb_vis:12186,1,19,25
fivb_vis:12186,2,15,25
fivb_vis:12186,3,16,25
fivb_vis:12187,1,21,25
fivb_vis:12187,2,23,25
fivb_vis:12187,3,17,25
fivb_vis:12188,1,14,25
fivb_vis:12188,2,22,25
fivb_vis:12188,3,25,23
fivb_vis:12188,4,21,25
fivb_vis:12189,1,25,22
fivb_vis:12189,2,22,25
fivb_vis:12189,3,16,25
fivb_vis:12189,4,22,25
fivb_vis:12190,1,19,25
fivb_vis:12190,2,15,25
fivb_vis:12190,3,21,25
fivb_vis:12191,1,25,15
fivb_vis:12191,2,23,25
fivb_vis:12191,3,25,17
fivb_vis:12191,4,25,22
fivb_vis:12192,1,15,25
fivb_vis:12192,2,25,18
fivb_vis:12192,3,25,23
fivb_vis:12192,4,18,25
fivb_vis:12192,5,15,11
fivb_vis:12193,1,25,19
fivb_vis:12193,2,25,16
fivb_vis:12193,3,25,16
fivb_vis:12194,1,25,19
fivb_vis:12194,2,22,25
fivb_vis:12194,3,9,25
fivb_vis:12194,4,14,25
fivb_vis:12195,1,0,25
fivb_vis:12195,2,0,25
fivb_vis:12195,3,0,25
fivb_vis:12196,1,25,23
fivb_vis:12196,2,25,11
fivb_vis:12196,3,25,17
fivb_vis:12197,1,14,25
fivb_vis:12197,2,13,25
fivb_vis:12197,3,13,25
fivb_vis:12198,1,25,19
fivb_vis:12198,2,25,14
fivb_vis:12198,3,25,12
fivb_vis:12199,1,18,25
fivb_vis:12199,2,15,25
fivb_vis:12199,3,22,25
fivb_vis:12200,1,25,19
fivb_vis:12200,2,14,25
fivb_vis:12200,3,25,21
fivb_vis:12200,4,25,14
fivb_vis:12201,1,25,0
fivb_vis:12201,2,25,0
fivb_vis:12201,3,25,0
fivb_vis:12202,1,25,20
fivb_vis:12202,2,25,12
fivb_vis:12202,3,25,19
fivb_vis:12203,1,16,25
fivb_vis:12203,2,13,25
fivb_vis:12203,3,10,25
fivb_vis:12204,1,8,25
fivb_vis:12204,2,18,25
fivb_vis:12204,3,13,25
fivb_vis:12205,1,20,25
fivb_vis:12205,2,15,25
fivb_vis:12205,3,11,25
fivb_vis:12206,1,25,16
fivb_vis:12206,2,25,18
fivb_vis:12206,3,25,17
fivb_vis:12207,1,0,25
fivb_vis:12207,2,0,25
fivb_vis:12207,3,0,25
fivb_vis:12208,1,25,6
fivb_vis:12208,2,25,19
fivb_vis:12208,3,25,9
fivb_vis:12209,1,25,23
fivb_vis:12209,2,21,25
fivb_vis:12209,3,30,32
fivb_vis:12209,4,25,19
fivb_vis:12209,5,15,11
fivb_vis:12210,1,25,18
fivb_vis:12210,2,26,24
fivb_vis:12210,3,25,20
fivb_vis:12211,1,25,23
fivb_vis:12211,2,22,25
fivb_vis:12211,3,25,18
fivb_vis:12211,4,25,22
fivb_vis:12212,1,26,24
fivb_vis:12212,2,25,14
fivb_vis:12212,3,18,25
fivb_vis:12212,4,17,25
fivb_vis:12212,5,17,15
fivb_vis:12213,1,23,25
fivb_vis:12213,2,25,22
fivb_vis:12213,3,25,22
fivb_vis:12213,4,25,22
fivb_vis:12582,1,25,20
fivb_vis:12582,2,25,15
fivb_vis:12582,3,25,19
fivb_vis:12583,1,25,23
fivb_vis:12583,2,10,25
fivb_vis:12583,3,20,25
fivb_vis:12583,4,17,25
fivb_vis:12584,1,24,26
fivb_vis:12584,2,17,25
fivb_vis:12584,3,25,19
fivb_vis:12584,4,27,25
fivb_vis:12584,5,15,13
fivb_vis:12585,1,25,11
fivb_vis:12585,2,25,18
fivb_vis:12585,3,25,14
fivb_vis:12586,1,25,20
fivb_vis:12586,2,25,19
fivb_vis:12586,3,25,21
fivb_vis:12587,1,25,22
fivb_vis:12587,2,20,25
fivb_vis:12587,3,22,25
fivb_vis:12587,4,20,25
fivb_vis:12588,1,25,17
fivb_vis:12588,2,25,12
fivb_vis:12588,3,25,22
fivb_vis:12589,1,22,25
fivb_vis:12589,2,25,23
fivb_vis:12589,3,21,25
fivb_vis:12589,4,22,25
fivb_vis:12590,1,13,25
fivb_vis:12590,2,24,26
fivb_vis:12590,3,13,25
fivb_vis:12591,1,25,20
fivb_vis:12591,2,25,18
fivb_vis:12591,3,25,16
fivb_vis:12592,1,23,25
fivb_vis:12592,2,25,20
fivb_vis:12592,3,23,25
fivb_vis:12592,4,21,25
fivb_vis:12593,1,10,25
fivb_vis:12593,2,10,25
fivb_vis:12593,3,18,25
fivb_vis:12594,1,25,19
fivb_vis:12594,2,14,25
fivb_vis:12594,3,25,20
fivb_vis:12594,4,25,18
fivb_vis:12595,1,25,20
fivb_vis:12595,2,25,23
fivb_vis:12595,3,20,25
fivb_vis:12595,4,25,18
fivb_vis:12596,1,16,25
fivb_vis:12596,2,20,25
fivb_vis:12596,3,19,25
fivb_vis:12597,1,25,14
fivb_vis:12597,2,25,19
fivb_vis:12597,3,26,24
fivb_vis:12598,1,19,25
fivb_vis:12598,2,23,25
fivb_vis:12598,3,15,25
fivb_vis:12599,1,25,20
fivb_vis:12599,2,15,25
fivb_vis:12599,3,21,25
fivb_vis:12599,4,18,25
fivb_vis:12600,1,19,25
fivb_vis:12600,2,23,25
fivb_vis:12600,3,28,26
fivb_vis:12600,4,22,25
fivb_vis:12601,1,14,25
fivb_vis:12601,2,23,25
fivb_vis:12601,3,17,25
fivb_vis:12602,1,25,22
fivb_vis:12602,2,23,25
fivb_vis:12602,3,27,29
fivb_vis:12602,4,25,23
fivb_vis:12602,5,11,15
fivb_vis:12603,1,25,12
fivb_vis:12603,2,25,19
fivb_vis:12603,3,25,21
fivb_vis:12604,1,21,25
fivb_vis:12604,2,17,25
fivb_vis:12604,3,16,25
fivb_vis:12605,1,14,25
fivb_vis:12605,2,13,25
fivb_vis:12605,3,16,25
fivb_vis:12606,1,22,25
fivb_vis:12606,2,26,24
fivb_vis:12606,3,16,25
fivb_vis:12606,4,25,22
fivb_vis:12606,5,13,15
fivb_vis:12607,1,25,21
fivb_vis:12607,2,25,14
fivb_vis:12607,3,25,13
fivb_vis:12608,1,25,16
fivb_vis:12608,2,25,17
fivb_vis:12608,3,25,13
fivb_vis:12609,1,31,29
fivb_vis:12609,2,25,21
fivb_vis:12609,3,25,11
fivb_vis:12610,1,25,23
fivb_vis:12610,2,16,25
fivb_vis:12610,3,25,21
fivb_vis:12610,4,18,25
fivb_vis:12610,5,15,10
fivb_vis:12611,1,25,16
fivb_vis:12611,2,25,15
fivb_vis:12611,3,25,19
fivb_vis:12612,1,25,21
fivb_vis:12612,2,25,21
fivb_vis:12612,3,25,21
fivb_vis:12613,1,25,12
fivb_vis:12613,2,25,27
fivb_vis:12613,3,25,17
fivb_vis:12613,4,25,14
fivb_vis:12614,1,29,31
fivb_vis:12614,2,21,25
fivb_vis:12614,3,25,13
fivb_vis:12614,4,25,22
fivb_vis:12614,5,15,11
fivb_vis:12615,1,19,25
fivb_vis:12615,2,18,25
fivb_vis:12615,3,27,25
fivb_vis:12615,4,17,25
fivb_vis:12616,1,25,23
fivb_vis:12616,2,25,17
fivb_vis:12616,3,25,20
fivb_vis:12617,1,24,26
fivb_vis:12617,2,26,28
fivb_vis:12617,3,15,25
fivb_vis:12618,1,19,25
fivb_vis:12618,2,14,25
fivb_vis:12618,3,24,26
fivb_vis:12619,1,23,25
fivb_vis:12619,2,15,25
fivb_vis:12619,3,15,25
fivb_vis:12620,1,25,19
fivb_vis:12620,2,25,12
fivb_vis:12620,3,25,15
fivb_vis:12621,1,25,15
fivb_vis:12621,2,25,15
fivb_vis:12621,3,25,8
fivb_vis:12622,1,19,25
fivb_vis:12622,2,25,21
fivb_vis:12622,3,17,25
fivb_vis:12622,4,21,25
fivb_vis:12623,1,23,25
fivb_vis:12623,2,19,25
fivb_vis:12623,3,15,25
fivb_vis:12624,1,21,25
fivb_vis:12624,2,21,25
fivb_vis:12624,3,20,25
fivb_vis:12625,1,25,20
fivb_vis:12625,2,25,17
fivb_vis:12625,3,25,22
fivb_vis:12626,1,25,21
fivb_vis:12626,2,14,25
fivb_vis:12626,3,19,25
fivb_vis:12626,4,22,25
fivb_vis:12627,1,17,25
fivb_vis:12627,2,20,25
fivb_vis:12627,3,19,25
fivb_vis:12628,1,25,18
fivb_vis:12628,2,22,25
fivb_vis:12628,3,22,25
fivb_vis:12628,4,22,25
fivb_vis:12629,1,26,24
fivb_vis:12629,2,25,12
fivb_vis:12629,3,25,19
fivb_vis:12630,1,25,19
fivb_vis:12630,2,26,28
fivb_vis:12630,3,25,11
fivb_vis:12630,4,25,18
fivb_vis:12631,1,21,25
fivb_vis:12631,2,20,25
fivb_vis:12631,3,13,25
fivb_vis:12632,1,13,25
fivb_vis:12632,2,17,25
fivb_vis:12632,3,21,25
fivb_vis:12633,1,20,25
fivb_vis:12633,2,14,25
fivb_vis:12633,3,25,16
fivb_vis:12633,4,25,23
fivb_vis:12633,5,15,12
fivb_vis:12634,1,25,22
fivb_vis:12634,2,25,19
fivb_vis:12634,3,16,25
fivb_vis:12634,4,24,26
fivb_vis:12634,5,15,10
fivb_vis:12635,1,15,25
fivb_vis:12635,2,17,25
fivb_vis:12635,3,11,25
fivb_vis:12636,1,18,25
fivb_vis:12636,2,25,21
fivb_vis:12636,3,25,21
fivb_vis:12636,4,25,23
fivb_vis:12637,1,15,25
fivb_vis:12637,2,23,25
fivb_vis:12637,3,14,25
fivb_vis:12638,1,25,18
fivb_vis:12638,2,25,23
fivb_vis:12638,3,23,25
fivb_vis:12638,4,28,30
fivb_vis:12638,5,12,15
fivb_vis:12639,1,25,12
fivb_vis:12639,2,25,20
fivb_vis:12639,3,25,19
fivb_vis:12640,1,25,27
fivb_vis:12640,2,25,13
fivb_vis:12640,3,19,25
fivb_vis:12640,4,20,25
fivb_vis:12641,1,25,17
fivb_vis:12641,2,25,18
fivb_vis:12641,3,27,25
fivb_vis:12642,1,25,12
fivb_vis:12642,2,21,25
fivb_vis:12642,3,22,25
fivb_vis:12642,4,25,14
fivb_vis:12642,5,17,19
fivb_vis:12643,1,25,22
fivb_vis:12643,2,23,25
fivb_vis:12643,3,25,19
fivb_vis:12643,4,25,23
fivb_vis:12644,1,25,13
fivb_vis:12644,2,22,25
fivb_vis:12644,3,25,14
fivb_vis:12644,4,25,13
fivb_vis:12645,1,21,25
fivb_vis:12645,2,25,21
fivb_vis:12645,3,25,22
fivb_vis:12645,4,25,17
fivb_vis:12646,1,25,20
fivb_vis:12646,2,25,19
fivb_vis:12646,3,25,17
fivb_vis:12647,1,25,16
fivb_vis:12647,2,21,25
fivb_vis:12647,3,25,22
fivb_vis:12647,4,22,25
fivb_vis:12647,5,12,15
fivb_vis:12648,1,25,14
fivb_vis:12648,2,23,25
fivb_vis:12648,3,25,17
fivb_vis:12648,4,25,12
fivb_vis:12649,1,27,25
fivb_vis:12649,2,25,20
fivb_vis:12649,3,19,25
fivb_vis:12649,4,25,23
fivb_vis:12650,1,25,27
fivb_vis:12650,2,16,25
fivb_vis:12650,3,19,25
fivb_vis:12651,1,25,18
fivb_vis:12651,2,25,14
fivb_vis:12651,3,25,23
fivb_vis:12652,1,22,25
fivb_vis:12652,2,25,18
fivb_vis:12652,3,25,7
fivb_vis:12652,4,25,20
fivb_vis:12653,1,25,20
fivb_vis:12653,2,25,8
fivb_vis:12653,3,25,15
fivb_vis:12654,1,34,32
fivb_vis:12654,2,26,28
fivb_vis:12654,3,23,25
fivb_vis:12654,4,13,25
fivb_vis:12655,1,19,25
fivb_vis:12655,2,17,25
fivb_vis:12655,3,25,16
fivb_vis:12655,4,18,25
fivb_vis:12656,1,25,20
fivb_vis:12656,2,25,19
fivb_vis:12656,3,25,23
fivb_vis:12657,1,26,24
fivb_vis:12657,2,22,25
fivb_vis:12657,3,19,25
fivb_vis:12657,4,11,25
fivb_vis:12482,1,24,26
fivb_vis:12482,2,25,23
fivb_vis:12482,3,23,25
fivb_vis:12482,4,25,20
fivb_vis:12482,5,15,10
fivb_vis:12483,1,22,25
fivb_vis:12483,2,20,25
fivb_vis:12483,3,19,25
fivb_vis:12484,1,25,17
fivb_vis:12484,2,29,31
fivb_vis:12484,3,25,21
fivb_vis:12484,4,25,19
fivb_vis:12485,1,25,11
fivb_vis:12485,2,25,13
fivb_vis:12485,3,25,8
fivb_vis:12486,1,25,22
fivb_vis:12486,2,25,18
fivb_vis:12486,3,25,14
fivb_vis:12487,1,25,22
fivb_vis:12487,2,25,22
fivb_vis:12487,3,25,19
fivb_vis:12488,1,25,18
fivb_vis:12488,2,23,25
fivb_vis:12488,3,25,18
fivb_vis:12488,4,26,24
fivb_vis:12489,1,20,25
fivb_vis:12489,2,25,22
fivb_vis:12489,3,25,20
fivb_vis:12489,4,25,18
fivb_vis:12490,1,25,17
fivb_vis:12490,2,25,16
fivb_vis:12490,3,25,18
fivb_vis:12491,1,29,31
fivb_vis:12491,2,25,16
fivb_vis:12491,3,25,19
fivb_vis:12491,4,25,19
fivb_vis:12492,1,23,25
fivb_vis:12492,2,23,25
fivb_vis:12492,3,20,25
fivb_vis:12493,1,25,21
fivb_vis:12493,2,28,26
fivb_vis:12493,3,25,21
fivb_vis:12494,1,25,22
fivb_vis:12494,2,22,25
fivb_vis:12494,3,15,25
fivb_vis:12494,4,25,22
fivb_vis:12494,5,10,15
fivb_vis:12495,1,25,22
fivb_vis:12495,2,22,25
fivb_vis:12495,3,25,16
fivb_vis:12495,4,25,23
fivb_vis:12496,1,19,25
fivb_vis:12496,2,20,25
fivb_vis:12496,3,22,25
fivb_vis:12497,1,25,23
fivb_vis:12497,2,22,25
fivb_vis:12497,3,19,25
fivb_vis:12497,4,31,33
fivb_vis:12498,1,16,25
fivb_vis:12498,2,25,19
fivb_vis:12498,3,24,26
fivb_vis:12498,4,29,31
fivb_vis:12499,1,22,25
fivb_vis:12499,2,17,25
fivb_vis:12499,3,18,25
fivb_vis:12500,1,22,25
fivb_vis:12500,2,22,25
fivb_vis:12500,3,21,25
fivb_vis:12501,1,25,21
fivb_vis:12501,2,22,25
fivb_vis:12501,3,22,25
fivb_vis:12501,4,21,25
fivb_vis:12502,1,25,22
fivb_vis:12502,2,18,25
fivb_vis:12502,3,28,30
fivb_vis:12502,4,25,27
fivb_vis:12503,1,25,18
fivb_vis:12503,2,25,21
fivb_vis:12503,3,25,23
fivb_vis:12658,1,25,21
fivb_vis:12658,2,26,28
fivb_vis:12658,3,19,25
fivb_vis:12658,4,25,21
fivb_vis:12658,5,9,15
fivb_vis:12659,1,25,11
fivb_vis:12659,2,25,21
fivb_vis:12659,3,25,15
fivb_vis:12660,1,25,13
fivb_vis:12660,2,25,9
fivb_vis:12660,3,25,10
fivb_vis:12661,1,25,5
fivb_vis:12661,2,25,17
fivb_vis:12661,3,25,12
fivb_vis:12662,1,25,17
fivb_vis:12662,2,15,25
fivb_vis:12662,3,19,25
fivb_vis:12662,4,25,15
fivb_vis:12662,5,15,8
fivb_vis:12663,1,25,14
fivb_vis:12663,2,25,12
fivb_vis:12663,3,25,21
fivb_vis:12664,1,13,25
fivb_vis:12664,2,4,25
fivb_vis:12664,3,10,25
fivb_vis:12665,1,17,25
fivb_vis:12665,2,22,25
fivb_vis:12665,3,26,24
fivb_vis:12665,4,14,25
fivb_vis:12666,1,30,28
fivb_vis:12666,2,19,25
fivb_vis:12666,3,13,25
fivb_vis:12666,4,29,31
fivb_vis:12667,1,25,11
fivb_vis:12667,2,25,17
fivb_vis:12667,3,25,10
fivb_vis:12668,1,22,25
fivb_vis:12668,2,19,25
fivb_vis:12668,3,27,25
fivb_vis:12668,4,23,25
fivb_vis:12669,1,15,25
fivb_vis:12669,2,10,25
fivb_vis:12669,3,15,25
fivb_vis:12670,1,18,25
fivb_vis:12670,2,25,19
fivb_vis:12670,3,23,25
fivb_vis:12670,4,20,25
fivb_vis:12671,1,25,16
fivb_vis:12671,2,25,18
fivb_vis:12671,3,25,20
fivb_vis:12672,1,25,17
fivb_vis:12672,2,17,25
fivb_vis:12672,3,25,22
fivb_vis:12672,4,23,25
fivb_vis:12672,5,15,8
fivb_vis:12673,1,22,25
fivb_vis:12673,2,25,15
fivb_vis:12673,3,17,25
fivb_vis:12673,4,25,21
fivb_vis:12673,5,12,15
fivb_vis:12884,1,27,25
fivb_vis:12884,2,25,21
fivb_vis:12884,3,25,21
fivb_vis:12885,1,18,25
fivb_vis:12885,2,17,25
fivb_vis:12885,3,20,25
fivb_vis:12886,1,25,22
fivb_vis:12886,2,23,25
fivb_vis:12886,3,25,21
fivb_vis:12886,4,23,25
fivb_vis:12886,5,12,15
fivb_vis:12887,1,25,20
fivb_vis:12887,2,25,23
fivb_vis:12887,3,25,21
fivb_vis:12888,1,25,20
fivb_vis:12888,2,25,22
fivb_vis:12888,3,25,19
fivb_vis:12889,1,12,25
fivb_vis:12889,2,16,25
fivb_vis:12889,3,18,25
fivb_vis:12890,1,25,12
fivb_vis:12890,2,25,18
fivb_vis:12890,3,25,19
fivb_vis:12891,1,25,16
fivb_vis:12891,2,25,19
fivb_vis:12891,3,25,19
fivb_vis:12892,1,16,25
fivb_vis:12892,2,26,24
fivb_vis:12892,3,11,25
fivb_vis:12892,4,12,25
fivb_vis:12893,1,22,25
fivb_vis:12893,2,14,25
fivb_vis:12893,3,20,25
fivb_vis:12894,1,25,17
fivb_vis:12894,2,25,12
fivb_vis:12894,3,25,18
fivb_vis:12895,1,25,23
fivb_vis:12895,2,17,25
fivb_vis:12895,3,23,25
fivb_vis:12895,4,16,25
fivb_vis:12896,1,15,25
fivb_vis:12896,2,16,25
fivb_vis:12896,3,17,25
fivb_vis:12897,1,14,25
fivb_vis:12897,2,18,25
fivb_vis:12897,3,16,25
fivb_vis:12898,1,25,21
fivb_vis:12898,2,25,14
fivb_vis:12898,3,25,9
fivb_vis:12899,1,25,21
fivb_vis:12899,2,25,17
fivb_vis:12899,3,25,16
fivb_vis:12900,1,20,25
fivb_vis:12900,2,19,25
fivb_vis:12900,3,15,25
fivb_vis:12901,1,25,19
fivb_vis:12901,2,25,20
fivb_vis:12901,3,26,24
fivb_vis:12902,1,25,22
fivb_vis:12902,2,17,25
fivb_vis:12902,3,29,27
fivb_vis:12902,4,25,18
fivb_vis:12903,1,25,15
fivb_vis:12903,2,25,15
fivb_vis:12903,3,25,18
fivb_vis:12904,1,29,27
fivb_vis:12904,2,16,25
fivb_vis:12904,3,25,21
fivb_vis:12904,4,25,21
fivb_vis:12905,1,23,25
fivb_vis:12905,2,21,25
fivb_vis:12905,3,23,25
fivb_vis:12906,1,23,25
fivb_vis:12906,2,25,21
fivb_vis:12906,3,25,20
fivb_vis:12906,4,25,21
fivb_vis:12907,1,27,25
fivb_vis:12907,2,25,20
fivb_vis:12907,3,21,25
fivb_vis:12907,4,26,28
fivb_vis:12907,5,12,15
fivb_vis:12908,1,25,19
fivb_vis:12908,2,27,25
fivb_vis:12908,3,25,19
fivb_vis:12909,1,25,20
fivb_vis:12909,2,25,20
fivb_vis:12909,3,25,20
fivb_vis:12910,1,25,18
fivb_vis:12910,2,23,25
fivb_vis:12910,3,19,25
fivb_vis:12910,4,22,25
fivb_vis:12911,1,12,25
fivb_vis:12911,2,18,25
fivb_vis:12911,3,19,25
fivb_vis:12912,1,19,25
fivb_vis:12912,2,29,27
fivb_vis:12912,3,21,25
fivb_vis:12912,4,19,25
fivb_vis:12913,1,25,20
fivb_vis:12913,2,25,20
fivb_vis:12913,3,25,21
fivb_vis:12914,1,25,19
fivb_vis:12914,2,25,18
fivb_vis:12914,3,25,20
fivb_vis:12915,1,20,25
fivb_vis:12915,2,25,22
fivb_vis:12915,3,23,25
fivb_vis:12915,4,22,25
fivb_vis:12916,1,25,19
fivb_vis:12916,2,25,13
fivb_vis:12916,3,25,22
fivb_vis:12917,1,25,21
fivb_vis:12917,2,25,19
fivb_vis:12917,3,25,19
fivb_vis:12918,1,16,25
fivb_vis:12918,2,21,25
fivb_vis:12918,3,16,25
fivb_vis:12919,1,20,25
fivb_vis:12919,2,25,20
fivb_vis:12919,3,19,25
fivb_vis:12919,4,22,25
fivb_vis:12920,1,26,28
fivb_vis:12920,2,25,21
fivb_vis:12920,3,28,26
fivb_vis:12920,4,19,25
fivb_vis:12920,5,10,15
fivb_vis:12921,1,25,23
fivb_vis:12921,2,25,17
fivb_vis:12921,3,25,23
fivb_vis:12922,1,25,23
fivb_vis:12922,2,25,22
fivb_vis:12922,3,25,14
fivb_vis:12923,1,25,10
fivb_vis:12923,2,25,23
fivb_vis:12923,3,25,11
fivb_vis:12924,1,18,25
fivb_vis:12924,2,25,22
fivb_vis:12924,3,21,25
fivb_vis:12924,4,25,20
fivb_vis:12924,5,14,16
fivb_vis:12925,1,28,26
fivb_vis:12925,2,23,25
fivb_vis:12925,3,25,19
fivb_vis:12925,4,22,25
fivb_vis:12925,5,20,18
fivb_vis:12926,1,16,25
fivb_vis:12926,2,25,23
fivb_vis:12926,3,28,26
fivb_vis:12926,4,25,22
fivb_vis:12927,1,25,22
fivb_vis:12927,2,25,22
fivb_vis:12927,3,25,23
fivb_vis:12928,1,25,16
fivb_vis:12928,2,32,30
fivb_vis:12928,3,25,22
fivb_vis:12929,1,25,16
fivb_vis:12929,2,26,24
fivb_vis:12929,3,25,23
fivb_vis:12930,1,25,16
fivb_vis:12930,2,22,25
fivb_vis:12930,3,25,21
fivb_vis:12930,4,25,20
fivb_vis:12931,1,22,25
fivb_vis:12931,2,25,17
fivb_vis:12931,3,22,25
fivb_vis:12931,4,17,25
fivb_vis:12932,1,16,25
fivb_vis:12932,2,25,21
fivb_vis:12932,3,23,25
fivb_vis:12932,4,20,25
fivb_vis:12933,1,20,25
fivb_vis:12933,2,23,25
fivb_vis:12933,3,21,25
fivb_vis:12934,1,25,16
fivb_vis:12934,2,25,20
fivb_vis:12934,3,25,23
fivb_vis:12935,1,16,25
fivb_vis:12935,2,23,25
fivb_vis:12935,3,25,20
fivb_vis:12935,4,25,23
fivb_vis:12935,5,14,16
fivb_vis:12936,1,23,25
fivb_vis:12936,2,15,25
fivb_vis:12936,3,26,28
fivb_vis:12937,1,25,21
fivb_vis:12937,2,25,11
fivb_vis:12937,3,25,23
fivb_vis:12938,1,17,25
fivb_vis:12938,2,16,25
fivb_vis:12938,3,17,25
fivb_vis:12939,1,25,27
fivb_vis:12939,2,22,25
fivb_vis:12939,3,29,31
fivb_vis:12836,1,25,15
fivb_vis:12836,2,25,18
fivb_vis:12836,3,26,28
fivb_vis:12836,4,25,13
fivb_vis:12837,1,25,19
fivb_vis:12837,2,22,25
fivb_vis:12837,3,25,15
fivb_vis:12837,4,25,17
fivb_vis:12838,1,25,23
fivb_vis:12838,2,20,25
fivb_vis:12838,3,25,20
fivb_vis:12838,4,21,25
fivb_vis:12838,5,9,15
fivb_vis:12839,1,21,25
fivb_vis:12839,2,25,20
fivb_vis:12839,3,31,33
fivb_vis:12839,4,26,24
fivb_vis:12839,5,15,12
fivb_vis:12840,1,15,25
fivb_vis:12840,2,19,25
fivb_vis:12840,3,12,25
fivb_vis:12841,1,15,25
fivb_vis:12841,2,21,25
fivb_vis:12841,3,18,25
fivb_vis:12842,1,26,28
fivb_vis:12842,2,23,25
fivb_vis:12842,3,25,21
fivb_vis:12842,4,25,21
fivb_vis:12842,5,11,15
fivb_vis:12843,1,25,13
fivb_vis:12843,2,25,14
fivb_vis:12843,3,25,16
fivb_vis:12844,1,25,20
fivb_vis:12844,2,25,21
fivb_vis:12844,3,25,19
fivb_vis:12845,1,15,25
fivb_vis:12845,2,17,25
fivb_vis:12845,3,9,25
fivb_vis:12846,1,25,14
fivb_vis:12846,2,25,14
fivb_vis:12846,3,25,22
fivb_vis:12847,1,19,25
fivb_vis:12847,2,25,22
fivb_vis:12847,3,25,20
fivb_vis:12847,4,18,25
fivb_vis:12847,5,15,12
fivb_vis:12848,1,25,17
fivb_vis:12848,2,25,18
fivb_vis:12848,3,25,21
fivb_vis:12849,1,25,17
fivb_vis:12849,2,25,12
fivb_vis:12849,3,25,20
fivb_vis:12850,1,18,25
fivb_vis:12850,2,15,25
fivb_vis:12850,3,18,25
fivb_vis:12851,1,25,15
fivb_vis:12851,2,25,15
fivb_vis:12851,3,25,16
fivb_vis:12852,1,14,25
fivb_vis:12852,2,20,25
fivb_vis:12852,3,16,25
fivb_vis:12853,1,19,25
fivb_vis:12853,2,25,22
fivb_vis:12853,3,25,17
fivb_vis:12853,4,25,21
fivb_vis:12854,1,26,24
fivb_vis:12854,2,20,25
fivb_vis:12854,3,21,25
fivb_vis:12854,4,20,25
fivb_vis:12855,1,25,0
fivb_vis:12855,2,25,0
fivb_vis:12855,3,25,0
fivb_vis:12856,1,11,25
fivb_vis:12856,2,14,25
fivb_vis:12856,3,12,25
fivb_vis:12857,1,20,25
fivb_vis:12857,2,12,25
fivb_vis:12857,3,34,32
fivb_vis:12857,4,17,25
fivb_vis:12858,1,25,15
fivb_vis:12858,2,21,25
fivb_vis:12858,3,23,25
fivb_vis:12858,4,25,11
fivb_vis:12858,5,15,9
fivb_vis:12859,1,25,21
fivb_vis:12859,2,22,25
fivb_vis:12859,3,25,18
fivb_vis:12859,4,25,19
fivb_vis:12860,1,25,0
fivb_vis:12860,2,25,0
fivb_vis:12860,3,25,0
fivb_vis:12861,1,25,22
fivb_vis:12861,2,25,13
fivb_vis:12861,3,25,21
fivb_vis:12862,1,23,25
fivb_vis:12862,2,25,18
fivb_vis:12862,3,20,25
fivb_vis:12862,4,19,25
fivb_vis:12863,1,22,25
fivb_vis:12863,2,25,22
fivb_vis:12863,3,22,25
fivb_vis:12863,4,25,19
fivb_vis:12863,5,15,10
fivb_vis:12864,1,17,25
fivb_vis:12864,2,23,25
fivb_vis:12864,3,17,25
fivb_vis:12865,1,28,30
fivb_vis:12865,2,25,18
fivb_vis:12865,3,25,16
fivb_vis:12865,4,25,21
fivb_vis:12866,1,25,22
fivb_vis:12866,2,25,17
fivb_vis:12866,3,25,21
fivb_vis:12867,1,25,19
fivb_vis:12867,2,25,27
fivb_vis:12867,3,25,19
fivb_vis:12867,4,25,20
fivb_vis:12868,1,0,25
fivb_vis:12868,2,0,25
fivb_vis:12868,3,0,25
fivb_vis:12869,1,25,19
fivb_vis:12869,2,25,18
fivb_vis:12869,3,25,27
fivb_vis:12869,4,25,21
fivb_vis:12870,1,18,25
fivb_vis:12870,2,21,25
fivb_vis:12870,3,25,16
fivb_vis:12870,4,16,25
fivb_vis:12871,1,25,15
fivb_vis:12871,2,24,26
fivb_vis:12871,3,25,12
fivb_vis:12871,4,25,18
fivb_vis:12872,1,25,17
fivb_vis:12872,2,25,22
fivb_vis:12872,3,25,17
fivb_vis:12873,1,23,25
fivb_vis:12873,2,25,21
fivb_vis:12873,3,25,23
fivb_vis:12873,4,25,19
fivb_vis:12874,1,25,15
fivb_vis:12874,2,22,25
fivb_vis:12874,3,25,21
fivb_vis:12874,4,17,25
fivb_vis:12874,5,13,15
fivb_vis:12875,1,19,25
fivb_vis:12875,2,25,16
fivb_vis:12875,3,14,25
fivb_vis:12875,4,21,25
fivb_vis:12876,1,0,25
fivb_vis:12876,2,0,25
fivb_vis:12876,3,0,25
fivb_vis:12877,1,25,22
fivb_vis:12877,2,25,23
fivb_vis:12877,3,19,25
fivb_vis:12877,4,24,26
fivb_vis:12877,5,9,15
fivb_vis:12878,1,16,25
fivb_vis:12878,2,25,23
fivb_vis:12878,3,25,22
fivb_vis:12878,4,25,21
fivb_vis:12879,1,21,25
fivb_vis:12879,2,21,25
fivb_vis:12879,3,20,25
fivb_vis:12880,1,25,10
fivb_vis:12880,2,25,20
fivb_vis:12880,3,25,22
fivb_vis:12881,1,25,21
fivb_vis:12881,2,23,25
fivb_vis:12881,3,20,25
fivb_vis:12881,4,13,25
fivb_vis:12882,1,25,23
fivb_vis:12882,2,26,28
fivb_vis:12882,3,21,25
fivb_vis:12882,4,18,25
fivb_vis:12883,1,25,16
fivb_vis:12883,2,21,25
fivb_vis:12883,3,21,25
fivb_vis:12883,4,16,25
fivb_vis:12950,1,18,25
fivb_vis:12950,2,15,25
fivb_vis:12950,3,13,25
fivb_vis:12951,1,25,16
fivb_vis:12951,2,25,18
fivb_vis:12951,3,25,22
fivb_vis:12952,1,25,20
fivb_vis:12952,2,25,21
fivb_vis:12952,3,25,19
fivb_vis:12953,1,0,25
fivb_vis:12953,2,0,25
fivb_vis:12953,3,0,25
fivb_vis:12954,1,15,25
fivb_vis:12954,2,18,25
fivb_vis:12954,3,17,25
fivb_vis:12955,1,25,0
fivb_vis:12955,2,25,0
fivb_vis:12955,3,25,0
fivb_vis:12956,1,12,25
fivb_vis:12956,2,12,25
fivb_vis:12956,3,19,25
fivb_vis:12957,1,25,15
fivb_vis:12957,2,25,14
fivb_vis:12957,3,25,14
fivb_vis:12958,1,23,25
fivb_vis:12958,2,17,25
fivb_vis:12958,3,13,25
fivb_vis:12959,1,25,20
fivb_vis:12959,2,25,19
fivb_vis:12959,3,25,21
fivb_vis:12960,1,8,25
fivb_vis:12960,2,9,25
fivb_vis:12960,3,11,25
fivb_vis:12961,1,17,25
fivb_vis:12961,2,16,25
fivb_vis:12961,3,17,25
fivb_vis:12962,1,0,25
fivb_vis:12962,2,0,25
fivb_vis:12962,3,0,25
fivb_vis:12966,1,0,25
fivb_vis:12966,2,0,25
fivb_vis:12966,3,0,25
fivb_vis:12967,1,25,0
fivb_vis:12967,2,25,0
fivb_vis:12967,3,25,0
fivb_vis:12968,1,12,25
fivb_vis:12968,2,21,25
fivb_vis:12968,3,11,25
fivb_vis:12969,1,25,13
fivb_vis:12969,2,35,33
fivb_vis:12969,3,25,13
fivb_vis:12971,1,25,17
fivb_vis:12971,2,25,11
fivb_vis:12971,3,25,20
fivb_vis:12972,1,25,19
fivb_vis:12972,2,25,17
fivb_vis:12972,3,25,18
fivb_vis:12973,1,21,25
fivb_vis:12973,2,23,25
fivb_vis:12973,3,25,15
fivb_vis:12973,4,23,25
fivb_vis:13754,1,27,29
fivb_vis:13754,2,25,23
fivb_vis:13754,3,25,27
fivb_vis:13754,4,21,25
fivb_vis:13755,1,25,21
fivb_vis:13755,2,25,17
fivb_vis:13755,3,25,18
fivb_vis:13756,1,25,20
fivb_vis:13756,2,25,22
fivb_vis:13756,3,25,20
fivb_vis:13757,1,25,20
fivb_vis:13757,2,25,19
fivb_vis:13757,3,25,19
fivb_vis:13758,1,20,25
fivb_vis:13758,2,25,22
fivb_vis:13758,3,25,23
fivb_vis:13758,4,25,20
fivb_vis:13759,1,17,25
fivb_vis:13759,2,16,25
fivb_vis:13759,3,11,25
fivb_vis:13760,1,25,14
fivb_vis:13760,2,16,25
fivb_vis:13760,3,17,25
fivb_vis:13760,4,22,25
fivb_vis:13761,1,16,25
fivb_vis:13761,2,25,22
fivb_vis:13761,3,25,23
fivb_vis:13761,4,25,23
fivb_vis:13762,1,25,23
fivb_vis:13762,2,25,21
fivb_vis:13762,3,25,22
fivb_vis:13763,1,27,25
fivb_vis:13763,2,25,23
fivb_vis:13763,3,20,25
fivb_vis:13763,4,22,25
fivb_vis:13763,5,12,15
fivb_vis:13764,1,25,18
fivb_vis:13764,2,25,15
fivb_vis:13764,3,25,18
fivb_vis:13765,1,25,23
fivb_vis:13765,2,25,27
fivb_vis:13765,3,25,20
fivb_vis:13765,4,20,25
fivb_vis:13765,5,15,12
fivb_vis:13766,1,25,15
fivb_vis:13766,2,12,25
fivb_vis:13766,3,19,25
fivb_vis:13766,4,25,15
fivb_vis:13766,5,15,7
fivb_vis:13767,1,25,21
fivb_vis:13767,2,19,25
fivb_vis:13767,3,23,25
fivb_vis:13767,4,20,25
fivb_vis:13768,1,25,22
fivb_vis:13768,2,25,15
fivb_vis:13768,3,25,16
fivb_vis:13769,1,9,25
fivb_vis:13769,2,25,16
fivb_vis:13769,3,18,25
fivb_vis:13769,4,17,25
fivb_vis:13770,1,25,14
fivb_vis:13770,2,25,22
fivb_vis:13770,3,25,19
fivb_vis:13771,1,26,24
fivb_vis:13771,2,25,15
fivb_vis:13771,3,26,24
fivb_vis:13772,1,19,25
fivb_vis:13772,2,15,25
fivb_vis:13772,3,15,25
fivb_vis:13773,1,16,25
fivb_vis:13773,2,25,20
fivb_vis:13773,3,16,25
fivb_vis:13773,4,22,25
fivb_vis:13774,1,9,25
fivb_vis:13774,2,23,25
fivb_vis:13774,3,11,25
fivb_vis:13775,1,17,25
fivb_vis:13775,2,25,20
fivb_vis:13775,3,21,25
fivb_vis:13775,4,10,25
fivb_vis:13776,1,25,21
fivb_vis:13776,2,25,20
fivb_vis:13776,3,25,18
fivb_vis:13777,1,22,25
fivb_vis:13777,2,25,18
fivb_vis:13777,3,25,23
fivb_vis:13777,4,21,25
fivb_vis:13777,5,13,15
fivb_vis:13778,1,25,13
fivb_vis:13778,2,20,25
fivb_vis:13778,3,25,22
fivb_vis:13778,4,25,18
fivb_vis:13779,1,19,25
fivb_vis:13779,2,21,25
fivb_vis:13779,3,16,25
fivb_vis:13780,1,27,25
fivb_vis:13780,2,25,22
fivb_vis:13780,3,14,25
fivb_vis:13780,4,23,25
fivb_vis:13780,5,15,7
fivb_vis:13781,1,25,22
fivb_vis:13781,2,25,20
fivb_vis:13781,3,25,20
fivb_vis:13782,1,21,25
fivb_vis:13782,2,13,25
fivb_vis:13782,3,16,25
fivb_vis:13783,1,27,25
fivb_vis:13783,2,25,16
fivb_vis:13783,3,17,25
fivb_vis:13783,4,22,25
fivb_vis:13783,5,15,13
fivb_vis:13784,1,25,23
fivb_vis:13784,2,13,25
fivb_vis:13784,3,14,25
fivb_vis:13784,4,25,23
fivb_vis:13784,5,15,11
fivb_vis:13785,1,15,25
fivb_vis:13785,2,25,21
fivb_vis:13785,3,25,21
fivb_vis:13785,4,25,15
fivb_vis:13786,1,20,25
fivb_vis:13786,2,19,25
fivb_vis:13786,3,25,12
fivb_vis:13786,4,22,25
fivb_vis:13787,1,25,21
fivb_vis:13787,2,14,25
fivb_vis:13787,3,15,25
fivb_vis:13787,4,20,25
fivb_vis:13788,1,19,25
fivb_vis:13788,2,22,25
fivb_vis:13788,3,24,26
fivb_vis:13789,1,25,21
fivb_vis:13789,2,25,21
fivb_vis:13789,3,25,21
fivb_vis:13790,1,25,21
fivb_vis:13790,2,25,17
fivb_vis:13790,3,25,13
fivb_vis:13791,1,19,25
fivb_vis:13791,2,25,23
fivb_vis:13791,3,25,23
fivb_vis:13791,4,25,23
fivb_vis:13792,1,20,25
fivb_vis:13792,2,22,25
fivb_vis:13792,3,20,25
fivb_vis:13793,1,25,19
fivb_vis:13793,2,25,22
fivb_vis:13793,3,25,14
fivb_vis:13794,1,40,38
fivb_vis:13794,2,25,22
fivb_vis:13794,3,25,22
fivb_vis:13795,1,25,23
fivb_vis:13795,2,20,25
fivb_vis:13795,3,25,19
fivb_vis:13795,4,16,25
fivb_vis:13795,5,15,12
fivb_vis:13796,1,16,25
fivb_vis:13796,2,15,25
fivb_vis:13796,3,23,25
fivb_vis:13797,1,22,25
fivb_vis:13797,2,27,29
fivb_vis:13797,3,25,16
fivb_vis:13797,4,25,16
fivb_vis:13797,5,15,13
fivb_vis:13798,1,25,22
fivb_vis:13798,2,25,21
fivb_vis:13798,3,22,25
fivb_vis:13798,4,25,22
fivb_vis:13799,1,20,25
fivb_vis:13799,2,16,25
fivb_vis:13799,3,23,25
fivb_vis:13800,1,19,25
fivb_vis:13800,2,22,25
fivb_vis:13800,3,25,27
fivb_vis:13801,1,25,19
fivb_vis:13801,2,15,25
fivb_vis:13801,3,20,25
fivb_vis:13801,4,25,22
fivb_vis:13801,5,15,13
fivb_vis:13802,1,25,23
fivb_vis:13802,2,20,25
fivb_vis:13802,3,21,25
fivb_vis:13802,4,25,15
fivb_vis:13802,5,7,15
fivb_vis:13803,1,12,25
fivb_vis:13803,2,21,25
fivb_vis:13803,3,16,25
fivb_vis:13804,1,25,16
fivb_vis:13804,2,18,25
fivb_vis:13804,3,25,12
fivb_vis:13804,4,25,18
fivb_vis:13805,1,25,22
fivb_vis:13805,2,25,16
fivb_vis:13805,3,25,14
fivb_vis:13806,1,25,17
fivb_vis:13806,2,25,15
fivb_vis:13806,3,14,25
fivb_vis:13806,4,25,14
fivb_vis:13807,1,22,25
fivb_vis:13807,2,21,25
fivb_vis:13807,3,22,25
fivb_vis:13808,1,25,11
fivb_vis:13808,2,25,21
fivb_vis:13808,3,25,18
fivb_vis:13809,1,26,24
fivb_vis:13809,2,25,22
fivb_vis:13809,3,25,21
fivb_vis:13810,1,25,20
fivb_vis:13810,2,15,25
fivb_vis:13810,3,25,22
fivb_vis:13810,4,22,25
fivb_vis:13810,5,15,13
fivb_vis:13811,1,25,21
fivb_vis:13811,2,25,23
fivb_vis:13811,3,25,21
fivb_vis:13812,1,25,21
fivb_vis:13812,2,25,9
fivb_vis:13812,3,25,21
fivb_vis:13813,1,23,25
fivb_vis:13813,2,23,25
fivb_vis:13813,3,25,11
fivb_vis:13813,4,25,27
fivb_vis:13814,1,20,25
fivb_vis:13814,2,25,13
fivb_vis:13814,3,25,19
fivb_vis:13814,4,25,15
fivb_vis:13815,1,22,25
fivb_vis:13815,2,23,25
fivb_vis:13815,3,25,20
fivb_vis:13815,4,25,20
fivb_vis:13815,5,15,17
fivb_vis:13816,1,25,17
fivb_vis:13816,2,13,25
fivb_vis:13816,3,23,25
fivb_vis:13816,4,18,25
fivb_vis:13817,1,19,25
fivb_vis:13817,2,25,16
fivb_vis:13817,3,25,23
fivb_vis:13817,4,25,12
fivb_vis:13818,1,17,25
fivb_vis:13818,2,25,16
fivb_vis:13818,3,25,21
fivb_vis:13818,4,25,18
fivb_vis:13819,1,25,22
fivb_vis:13819,2,21,25
fivb_vis:13819,3,25,22
fivb_vis:13819,4,25,23
fivb_vis:13820,1,20,25
fivb_vis:13820,2,23,25
fivb_vis:13820,3,25,18
fivb_vis:13820,4,25,21
fivb_vis:13820,5,11,15
fivb_vis:13821,1,15,25
fivb_vis:13821,2,13,25
fivb_vis:13821,3,21,25
fivb_vis:13822,1,25,23
fivb_vis:13822,2,20,25
fivb_vis:13822,3,26,24
fivb_vis:13822,4,21,25
fivb_vis:13822,5,10,15
fivb_vis:13823,1,16,25
fivb_vis:13823,2,21,25
fivb_vis:13823,3,19,25
fivb_vis:13824,1,25,11
fivb_vis:13824,2,25,22
fivb_vis:13824,3,25,17
fivb_vis:13825,1,25,27
fivb_vis:13825,2,25,20
fivb_vis:13825,3,28,26
fivb_vis:13825,4,25,18
fivb_vis:13826,1,25,23
fivb_vis:13826,2,25,11
fivb_vis:13826,3,25,21
fivb_vis:13827,1,20,25
fivb_vis:13827,2,25,18
fivb_vis:13827,3,25,22
fivb_vis:13827,4,25,20
fivb_vis:13828,1,25,17
fivb_vis:13828,2,33,31
fivb_vis:13828,3,25,16
fivb_vis:13829,1,25,22
fivb_vis:13829,2,23,25
fivb_vis:13829,3,23,25
fivb_vis:13829,4,21,25
fivb_vis:13830,1,8,25
fivb_vis:13830,2,23,25
fivb_vis:13830,3,20,25
fivb_vis:13831,1,17,25
fivb_vis:13831,2,19,25
fivb_vis:13831,3,13,25
fivb_vis:13832,1,25,21
fivb_vis:13832,2,24,26
fivb_vis:13832,3,20,25
fivb_vis:13832,4,21,25
fivb_vis:13833,1,25,20
fivb_vis:13833,2,25,15
fivb_vis:13833,3,18,25
fivb_vis:13833,4,25,22
fivb_vis:13834,1,25,20
fivb_vis:13834,2,25,14
fivb_vis:13834,3,20,25
fivb_vis:13834,4,25,22
fivb_vis:13835,1,25,19
fivb_vis:13835,2,25,16
fivb_vis:13835,3,25,15
fivb_vis:13836,1,25,17
fivb_vis:13836,2,23,25
fivb_vis:13836,3,25,15
fivb_vis:13836,4,25,19
fivb_vis:13837,1,25,21
fivb_vis:13837,2,25,20
fivb_vis:13837,3,25,18
fivb_vis:13838,1,22,25
fivb_vis:13838,2,25,18
fivb_vis:13838,3,25,27
fivb_vis:13838,4,25,23
fivb_vis:13838,5,16,18
fivb_vis:13839,1,25,22
fivb_vis:13839,2,20,25
fivb_vis:13839,3,19,25
fivb_vis:13839,4,22,25
fivb_vis:13840,1,25,19
fivb_vis:13840,2,19,25
fivb_vis:13840,3,27,25
fivb_vis:13840,4,25,23
fivb_vis:13841,1,20,25
fivb_vis:13841,2,38,36
fivb_vis:13841,3,25,20
fivb_vis:13841,4,13,25
fivb_vis:13841,5,15,9
fivb_vis:13842,1,25,18
fivb_vis:13842,2,26,24
fivb_vis:13842,3,23,25
fivb_vis:13842,4,25,23
fivb_vis:13843,1,25,12
fivb_vis:13843,2,25,19
fivb_vis:13843,3,25,21
fivb_vis:13844,1,25,16
fivb_vis:13844,2,18,25
fivb_vis:13844,3,25,19
fivb_vis:13844,4,11,25
fivb_vis:13844,5,15,10
fivb_vis:13845,1,25,17
fivb_vis:13845,2,25,13
fivb_vis:13845,3,13,25
fivb_vis:13845,4,25,22
fivb_vis:13846,1,22,25
fivb_vis:13846,2,27,25
fivb_vis:13846,3,26,24
fivb_vis:13846,4,25,23
fivb_vis:13847,1,25,13
fivb_vis:13847,2,19,25
fivb_vis:13847,3,25,19
fivb_vis:13847,4,26,24
fivb_vis:13848,1,20,25
fivb_vis:13848,2,14,25
fivb_vis:13848,3,14,25
fivb_vis:13849,1,25,22
fivb_vis:13849,2,13,25
fivb_vis:13849,3,17,25
fivb_vis:13849,4,22,25
fivb_vis:13850,1,27,29
fivb_vis:13850,2,23,25
fivb_vis:13850,3,25,20
fivb_vis:13850,4,25,20
fivb_vis:13850,5,13,15
fivb_vis:13851,1,29,27
fivb_vis:13851,2,28,26
fivb_vis:13851,3,20,25
fivb_vis:13851,4,25,14
fivb_vis:13852,1,23,25
fivb_vis:13852,2,25,15
fivb_vis:13852,3,25,18
fivb_vis:13852,4,25,21
fivb_vis:13853,1,25,22
fivb_vis:13853,2,25,19
fivb_vis:13853,3,24,26
fivb_vis:13853,4,25,22
fivb_vis:13854,1,25,14
fivb_vis:13854,2,18,25
fivb_vis:13854,3,24,26
fivb_vis:13854,4,19,25
fivb_vis:13855,1,18,25
fivb_vis:13855,2,26,28
fivb_vis:13855,3,22,25
fivb_vis:13856,1,25,27
fivb_vis:13856,2,17,25
fivb_vis:13856,3,24,26
fivb_vis:13857,1,25,23
fivb_vis:13857,2,25,22
fivb_vis:13857,3,25,22
fivb_vis:13650,1,15,25
fivb_vis:13650,2,25,19
fivb_vis:13650,3,22,25
fivb_vis:13650,4,15,25
fivb_vis:13651,1,19,25
fivb_vis:13651,2,19,25
fivb_vis:13651,3,14,25
fivb_vis:13652,1,25,19
fivb_vis:13652,2,19,25
fivb_vis:13652,3,22,25
fivb_vis:13652,4,20,25
fivb_vis:13653,1,19,25
fivb_vis:13653,2,20,25
fivb_vis:13653,3,28,30
fivb_vis:13654,1,22,25
fivb_vis:13654,2,26,24
fivb_vis:13654,3,25,22
fivb_vis:13654,4,25,17
fivb_vis:13655,1,25,14
fivb_vis:13655,2,25,18
fivb_vis:13655,3,25,21
fivb_vis:13656,1,25,21
fivb_vis:13656,2,25,22
fivb_vis:13656,3,25,23
fivb_vis:13657,1,25,22
fivb_vis:13657,2,26,24
fivb_vis:13657,3,25,19
fivb_vis:13658,1,21,25
fivb_vis:13658,2,25,19
fivb_vis:13658,3,25,19
fivb_vis:13658,4,25,18
fivb_vis:13659,1,12,25
fivb_vis:13659,2,18,25
fivb_vis:13659,3,16,25
fivb_vis:13660,1,25,21
fivb_vis:13660,2,21,25
fivb_vis:13660,3,25,20
fivb_vis:13660,4,25,16
fivb_vis:13661,1,25,18
fivb_vis:13661,2,22,25
fivb_vis:13661,3,17,25
fivb_vis:13661,4,20,25
fivb_vis:13662,1,25,21
fivb_vis:13662,2,22,25
fivb_vis:13662,3,23,25
fivb_vis:13662,4,23,25
fivb_vis:13663,1,25,21
fivb_vis:13663,2,23,25
fivb_vis:13663,3,20,25
fivb_vis:13663,4,20,25
fivb_vis:13664,1,26,24
fivb_vis:13664,2,25,21
fivb_vis:13664,3,25,21
fivb_vis:13665,1,25,17
fivb_vis:13665,2,15,25
fivb_vis:13665,3,21,25
fivb_vis:13665,4,28,26
fivb_vis:13665,5,9,15
fivb_vis:13666,1,22,25
fivb_vis:13666,2,20,25
fivb_vis:13666,3,21,25
fivb_vis:13667,1,25,16
fivb_vis:13667,2,25,18
fivb_vis:13667,3,17,25
fivb_vis:13667,4,12,25
fivb_vis:13667,5,15,6
fivb_vis:13668,1,20,25
fivb_vis:13668,2,25,22
fivb_vis:13668,3,16,25
fivb_vis:13668,4,25,20
fivb_vis:13668,5,10,15
fivb_vis:13669,1,25,16
fivb_vis:13669,2,25,23
fivb_vis:13669,3,25,21
fivb_vis:13670,1,21,25
fivb_vis:13670,2,27,25
fivb_vis:13670,3,25,20
fivb_vis:13670,4,25,20
fivb_vis:13671,1,25,15
fivb_vis:13671,2,25,20
fivb_vis:13671,3,18,25
fivb_vis:13671,4,27,25
fivb_vis:13672,1,25,14
fivb_vis:13672,2,25,22
fivb_vis:13672,3,18,25
fivb_vis:13672,4,25,15
fivb_vis:13673,1,27,25
fivb_vis:13673,2,25,27
fivb_vis:13673,3,18,25
fivb_vis:13673,4,28,26
fivb_vis:13673,5,18,16
fivb_vis:13674,1,19,25
fivb_vis:13674,2,19,25
fivb_vis:13674,3,23,25
fivb_vis:13675,1,21,25
fivb_vis:13675,2,18,25
fivb_vis:13675,3,19,25
fivb_vis:13676,1,23,25
fivb_vis:13676,2,29,31
fivb_vis:13676,3,23,25
fivb_vis:13677,1,20,25
fivb_vis:13677,2,14,25
fivb_vis:13677,3,19,25
fivb_vis:13678,1,25,20
fivb_vis:13678,2,25,15
fivb_vis:13678,3,25,23
fivb_vis:13679,1,25,21
fivb_vis:13679,2,22,25
fivb_vis:13679,3,21,25
fivb_vis:13679,4,22,25
fivb_vis:13680,1,20,25
fivb_vis:13680,2,21,25
fivb_vis:13680,3,25,16
fivb_vis:13680,4,28,30
fivb_vis:13681,1,18,25
fivb_vis:13681,2,18,25
fivb_vis:13681,3,26,24
fivb_vis:13681,4,25,21
fivb_vis:13681,5,11,15
fivb_vis:13682,1,17,25
fivb_vis:13682,2,21,25
fivb_vis:13682,3,24,26
fivb_vis:13683,1,25,27
fivb_vis:13683,2,18,25
fivb_vis:13683,3,25,17
fivb_vis:13683,4,16,25
fivb_vis:13684,1,25,18
fivb_vis:13684,2,26,28
fivb_vis:13684,3,19,25
fivb_vis:13684,4,22,25
fivb_vis:13685,1,19,25
fivb_vis:13685,2,23,25
fivb_vis:13685,3,24,26
fivb_vis:13686,1,0,25
fivb_vis:13686,2,0,25
fivb_vis:13686,3,0,25
fivb_vis:13687,1,16,25
fivb_vis:13687,2,21,25
fivb_vis:13687,3,22,25
fivb_vis:13688,1,16,25
fivb_vis:13688,2,25,22
fivb_vis:13688,3,16,25
fivb_vis:13688,4,22,25
fivb_vis:13689,1,24,26
fivb_vis:13689,2,25,23
fivb_vis:13689,3,23,25
fivb_vis:13689,4,20,25
fivb_vis:13690,1,25,14
fivb_vis:13690,2,25,23
fivb_vis:13690,3,25,13
fivb_vis:13691,1,25,0
fivb_vis:13691,2,25,0
fivb_vis:13691,3,25,0
fivb_vis:13692,1,20,25
fivb_vis:13692,2,29,27
fivb_vis:13692,3,18,25
fivb_vis:13692,4,17,25
fivb_vis:13693,1,25,16
fivb_vis:13693,2,25,18
fivb_vis:13693,3,25,16
fivb_vis:13694,1,18,25
fivb_vis:13694,2,24,26
fivb_vis:13694,3,17,25
fivb_vis:13695,1,18,25
fivb_vis:13695,2,27,29
fivb_vis:13695,3,25,27
fivb_vis:13696,1,25,22
fivb_vis:13696,2,29,31
fivb_vis:13696,3,23,25
fivb_vis:13696,4,16,25
fivb_vis:13697,1,25,22
fivb_vis:13697,2,22,25
fivb_vis:13697,3,25,22
fivb_vis:13697,4,25,22
fivb_vis:13698,1,25,20
fivb_vis:13698,2,21,25
fivb_vis:13698,3,24,26
fivb_vis:13698,4,25,19
fivb_vis:13698,5,15,13
fivb_vis:13699,1,20,25
fivb_vis:13699,2,19,25
fivb_vis:13699,3,25,20
fivb_vis:13699,4,26,24
fivb_vis:13699,5,15,11
fivb_vis:13700,1,28,30
fivb_vis:13700,2,23,25
fivb_vis:13700,3,19,25
fivb_vis:13701,1,21,25
fivb_vis:13701,2,25,13
fivb_vis:13701,3,25,22
fivb_vis:13701,4,20,25
fivb_vis:13701,5,17,15
fivb_vis:13702,1,25,22
fivb_vis:13702,2,23,25
fivb_vis:13702,3,25,20
fivb_vis:13702,4,19,25
fivb_vis:13702,5,13,15
fivb_vis:13703,1,22,25
fivb_vis:13703,2,25,27
fivb_vis:13703,3,16,25
fivb_vis:13704,1,25,19
fivb_vis:13704,2,25,16
fivb_vis:13704,3,25,21
fivb_vis:13705,1,21,25
fivb_vis:13705,2,25,27
fivb_vis:13705,3,18,25
fivb_vis:13706,1,25,17
fivb_vis:13706,2,25,19
fivb_vis:13706,3,25,14
fivb_vis:13707,1,25,12
fivb_vis:13707,2,20,25
fivb_vis:13707,3,26,24
fivb_vis:13707,4,25,23
fivb_vis:13708,1,16,25
fivb_vis:13708,2,19,25
fivb_vis:13708,3,25,19
fivb_vis:13708,4,21,25
fivb_vis:13709,1,25,21
fivb_vis:13709,2,22,25
fivb_vis:13709,3,25,18
fivb_vis:13709,4,25,19
fivb_vis:13710,1,25,21
fivb_vis:13710,2,25,18
fivb_vis:13710,3,25,19
fivb_vis:13711,1,25,17
fivb_vis:13711,2,25,20
fivb_vis:13711,3,25,22
fivb_vis:13712,1,25,21
fivb_vis:13712,2,23,25
fivb_vis:13712,3,24,26
fivb_vis:13712,4,22,25
fivb_vis:13713,1,21,25
fivb_vis:13713,2,19,25
fivb_vis:13713,3,22,25
fivb_vis:13714,1,25,21
fivb_vis:13714,2,25,19
fivb_vis:13714,3,22,25
fivb_vis:13714,4,25,18
fivb_vis:13715,1,21,25
fivb_vis:13715,2,25,23
fivb_vis:13715,3,21,25
fivb_vis:13715,4,23,25
fivb_vis:13716,1,15,25
fivb_vis:13716,2,20,25
fivb_vis:13716,3,23,25
fivb_vis:13717,1,21,25
fivb_vis:13717,2,25,23
fivb_vis:13717,3,25,22
fivb_vis:13717,4,25,27
fivb_vis:13717,5,15,7
fivb_vis:13718,1,25,27
fivb_vis:13718,2,25,17
fivb_vis:13718,3,25,20
fivb_vis:13718,4,25,19
fivb_vis:13719,1,25,18
fivb_vis:13719,2,25,15
fivb_vis:13719,3,23,25
fivb_vis:13719,4,25,19
fivb_vis:13720,1,29,27
fivb_vis:13720,2,25,12
fivb_vis:13720,3,25,13
fivb_vis:13721,1,25,15
fivb_vis:13721,2,25,19
fivb_vis:13721,3,25,23
fivb_vis:13722,1,25,15
fivb_vis:13722,2,22,25
fivb_vis:13722,3,25,22
fivb_vis:13722,4,14,25
fivb_vis:13722,5,8,15
fivb_vis:13723,1,20,25
fivb_vis:13723,2,25,16
fivb_vis:13723,3,25,21
fivb_vis:13723,4,26,24
fivb_vis:13724,1,18,25
fivb_vis:13724,2,19,25
fivb_vis:13724,3,16,25
fivb_vis:13725,1,25,16
fivb_vis:13725,2,25,27
fivb_vis:13725,3,25,23
fivb_vis:13725,4,25,23
fivb_vis:13726,1,22,25
fivb_vis:13726,2,25,22
fivb_vis:13726,3,18,25
fivb_vis:13726,4,16,25
fivb_vis:13727,1,26,24
fivb_vis:13727,2,25,16
fivb_vis:13727,3,25,18
fivb_vis:13728,1,21,25
fivb_vis:13728,2,25,23
fivb_vis:13728,3,25,19
fivb_vis:13728,4,25,15
fivb_vis:13729,1,25,21
fivb_vis:13729,2,25,22
fivb_vis:13729,3,25,21
fivb_vis:13730,1,25,20
fivb_vis:13730,2,25,16
fivb_vis:13730,3,22,25
fivb_vis:13730,4,25,20
fivb_vis:13731,1,22,25
fivb_vis:13731,2,25,16
fivb_vis:13731,3,25,21
fivb_vis:13731,4,25,21
fivb_vis:13732,1,24,26
fivb_vis:13732,2,14,25
fivb_vis:13732,3,21,25
fivb_vis:13733,1,25,21
fivb_vis:13733,2,25,14
fivb_vis:13733,3,25,23
fivb_vis:13734,1,22,25
fivb_vis:13734,2,25,23
fivb_vis:13734,3,23,25
fivb_vis:13734,4,19,25
fivb_vis:13735,1,19,25
fivb_vis:13735,2,15,25
fivb_vis:13735,3,19,25
fivb_vis:13736,1,25,23
fivb_vis:13736,2,22,25
fivb_vis:13736,3,20,25
fivb_vis:13736,4,20,25
fivb_vis:13737,1,26,28
fivb_vis:13737,2,25,23
fivb_vis:13737,3,25,23
fivb_vis:13737,4,25,17
fivb_vis:13738,1,35,33
fivb_vis:13738,2,25,21
fivb_vis:13738,3,25,12
fivb_vis:13739,1,25,19
fivb_vis:13739,2,25,23
fivb_vis:13739,3,25,22
fivb_vis:13740,1,29,27
fivb_vis:13740,2,22,25
fivb_vis:13740,3,20,25
fivb_vis:13740,4,25,13
fivb_vis:13740,5,17,15
fivb_vis:13741,1,16,25
fivb_vis:13741,2,12,25
fivb_vis:13741,3,26,28
fivb_vis:13742,1,25,23
fivb_vis:13742,2,25,23
fivb_vis:13742,3,25,22
fivb_vis:13743,1,17,25
fivb_vis:13743,2,17,25
fivb_vis:13743,3,25,23
fivb_vis:13743,4,22,25
fivb_vis:13744,1,25,23
fivb_vis:13744,2,26,24
fivb_vis:13744,3,25,21
fivb_vis:13745,1,25,14
fivb_vis:13745,2,25,23
fivb_vis:13745,3,23,25
fivb_vis:13745,4,25,17
fivb_vis:13746,1,20,25
fivb_vis:13746,2,25,22
fivb_vis:13746,3,25,23
fivb_vis:13746,4,25,17
fivb_vis:13747,1,21,25
fivb_vis:13747,2,25,22
fivb_vis:13747,3,25,13
fivb_vis:13747,4,25,22
fivb_vis:13748,1,26,24
fivb_vis:13748,2,25,16
fivb_vis:13748,3,25,20
fivb_vis:13749,1,25,21
fivb_vis:13749,2,24,26
fivb_vis:13749,3,25,18
fivb_vis:13749,4,16,25
fivb_vis:13749,5,15,7
fivb_vis:13750,1,22,25
fivb_vis:13750,2,23,25
fivb_vis:13750,3,13,25
fivb_vis:13751,1,22,25
fivb_vis:13751,2,20,25
fivb_vis:13751,3,15,25
fivb_vis:13752,1,16,25
fivb_vis:13752,2,23,25
fivb_vis:13752,3,20,25
fivb_vis:13753,1,25,16
fivb_vis:13753,2,25,19
fivb_vis:13753,3,15,25
fivb_vis:13753,4,21,25
fivb_vis:13753,5,15,10
fivb_vis:14214,1,24,26
fivb_vis:14214,2,25,21
fivb_vis:14214,3,24,26
fivb_vis:14214,4,25,15
fivb_vis:14214,5,15,17
fivb_vis:14215,1,25,16
fivb_vis:14215,2,25,13
fivb_vis:14215,3,25,23
fivb_vis:14216,1,23,25
fivb_vis:14216,2,25,16
fivb_vis:14216,3,22,25
fivb_vis:14216,4,25,23
fivb_vis:14216,5,14,16
fivb_vis:14217,1,15,25
fivb_vis:14217,2,21,25
fivb_vis:14217,3,17,25
fivb_vis:14218,1,25,22
fivb_vis:14218,2,23,25
fivb_vis:14218,3,25,22
fivb_vis:14218,4,22,25
fivb_vis:14218,5,15,9
fivb_vis:14219,1,25,18
fivb_vis:14219,2,25,16
fivb_vis:14219,3,25,21
fivb_vis:14332,1,20,25
fivb_vis:14332,2,15,25
fivb_vis:14332,3,20,25
fivb_vis:14333,1,25,14
fivb_vis:14333,2,25,11
fivb_vis:14333,3,25,14
fivb_vis:14334,1,28,26
fivb_vis:14334,2,25,19
fivb_vis:14334,3,25,20
fivb_vis:14335,1,25,22
fivb_vis:14335,2,25,19
fivb_vis:14335,3,25,22
fivb_vis:14336,1,25,13
fivb_vis:14336,2,25,17
fivb_vis:14336,3,25,15
fivb_vis:14337,1,25,19
fivb_vis:14337,2,25,19
fivb_vis:14337,3,25,22
fivb_vis:14476,1,25,15
fivb_vis:14476,2,25,15
fivb_vis:14476,3,25,22
fivb_vis:14477,1,17,25
fivb_vis:14477,2,21,25
fivb_vis:14477,3,21,25
fivb_vis:14478,1,25,21
fivb_vis:14478,2,23,25
fivb_vis:14478,3,25,22
fivb_vis:14478,4,23,25
fivb_vis:14478,5,13,15
fivb_vis:14479,1,25,20
fivb_vis:14479,2,25,22
fivb_vis:14479,3,32,34
fivb_vis:14479,4,22,25
fivb_vis:14479,5,15,12
fivb_vis:14480,1,20,25
fivb_vis:14480,2,26,28
fivb_vis:14480,3,25,20
fivb_vis:14480,4,25,23
fivb_vis:14480,5,11,15
fivb_vis:14481,1,31,33
fivb_vis:14481,2,25,22
fivb_vis:14481,3,19,25
fivb_vis:14481,4,21,25
fivb_vis:14482,1,25,23
fivb_vis:14482,2,25,16
fivb_vis:14482,3,27,25
fivb_vis:14483,1,17,25
fivb_vis:14483,2,18,25
fivb_vis:14483,3,21,25
fivb_vis:14484,1,21,25
fivb_vis:14484,2,25,12
fivb_vis:14484,3,25,23
fivb_vis:14484,4,25,21
fivb_vis:14485,1,25,22
fivb_vis:14485,2,25,18
fivb_vis:14485,3,25,20
fivb_vis:14486,1,25,17
fivb_vis:14486,2,23,25
fivb_vis:14486,3,25,20
fivb_vis:14486,4,25,20
fivb_vis:14487,1,18,25
fivb_vis:14487,2,23,25
fivb_vis:14487,3,19,25
fivb_vis:14488,1,18,25
fivb_vis:14488,2,22,25
fivb_vis:14488,3,23,25
fivb_vis:14489,1,25,13
fivb_vis:14489,2,25,16
fivb_vis:14489,3,25,20
fivb_vis:14490,1,20,25
fivb_vis:14490,2,18,25
fivb_vis:14490,3,22,25
fivb_vis:14491,1,25,20
fivb_vis:14491,2,21,25
fivb_vis:14491,3,25,18
fivb_vis:14491,4,26,24
fivb_vis:14492,1,25,21
fivb_vis:14492,2,23,25
fivb_vis:14492,3,25,21
fivb_vis:14492,4,18,25
fivb_vis:14492,5,15,9
fivb_vis:14493,1,25,23
fivb_vis:14493,2,25,17
fivb_vis:14493,3,25,16
fivb_vis:14494,1,27,25
fivb_vis:14494,2,25,22
fivb_vis:14494,3,25,23
fivb_vis:14495,1,23,25
fivb_vis:14495,2,23,25
fivb_vis:14495,3,19,25
fivb_vis:14557,1,25,16
fivb_vis:14557,2,25,15
fivb_vis:14557,3,25,16
fivb_vis:14558,1,17,25
fivb_vis:14558,2,25,19
fivb_vis:14558,3,25,23
fivb_vis:14558,4,23,25
fivb_vis:14558,5,8,15
fivb_vis:14559,1,25,14
fivb_vis:14559,2,25,21
fivb_vis:14559,3,25,9
fivb_vis:14560,1,22,25
fivb_vis:14560,2,25,23
fivb_vis:14560,3,16,25
fivb_vis:14560,4,16,25
fivb_vis:14561,1,25,15
fivb_vis:14561,2,25,14
fivb_vis:14561,3,25,17
fivb_vis:14562,1,25,19
fivb_vis:14562,2,27,25
fivb_vis:14562,3,23,25
fivb_vis:14562,4,21,25
fivb_vis:14562,5,9,15
fivb_vis:14563,1,25,20
fivb_vis:14563,2,25,16
fivb_vis:14563,3,25,13
fivb_vis:14564,1,25,7
fivb_vis:14564,2,25,15
fivb_vis:14564,3,25,9
fivb_vis:14565,1,25,23
fivb_vis:14565,2,23,25
fivb_vis:14565,3,18,25
fivb_vis:14565,4,19,25
fivb_vis:14566,1,19,25
fivb_vis:14566,2,25,21
fivb_vis:14566,3,22,25
fivb_vis:14566,4,23,25
fivb_vis:14567,1,25,14
fivb_vis:14567,2,25,16
fivb_vis:14567,3,25,10
fivb_vis:14568,1,12,25
fivb_vis:14568,2,17,25
fivb_vis:14568,3,13,25
fivb_vis:14569,1,17,25
fivb_vis:14569,2,19,25
fivb_vis:14569,3,25,20
fivb_vis:14569,4,22,25
fivb_vis:14570,1,11,25
fivb_vis:14570,2,20,25
fivb_vis:14570,3,16,25
fivb_vis:14571,1,25,19
fivb_vis:14571,2,27,25
fivb_vis:14571,3,25,21
fivb_vis:14572,1,18,25
fivb_vis:14572,2,20,25
fivb_vis:14572,3,24,26
fivb_vis:14573,1,25,22
fivb_vis:14573,2,19,25
fivb_vis:14573,3,24,26
fivb_vis:14573,4,26,24
fivb_vis:14573,5,16,18
fivb_vis:14574,1,21,25
fivb_vis:14574,2,25,22
fivb_vis:14574,3,25,20
fivb_vis:14574,4,25,27
fivb_vis:14574,5,15,13
fivb_vis:14575,1,26,24
fivb_vis:14575,2,18,25
fivb_vis:14575,3,23,25
fivb_vis:14575,4,25,23
fivb_vis:14575,5,15,8
fivb_vis:14576,1,18,25
fivb_vis:14576,2,18,25
fivb_vis:14576,3,25,21
fivb_vis:14576,4,15,25
fivb_vis:14577,1,25,18
fivb_vis:14577,2,25,20
fivb_vis:14577,3,25,18
fivb_vis:14578,1,25,12
fivb_vis:14578,2,25,23
fivb_vis:14578,3,25,15
fivb_vis:14579,1,25,20
fivb_vis:14579,2,19,25
fivb_vis:14579,3,25,16
fivb_vis:14579,4,25,20
fivb_vis:14580,1,19,25
fivb_vis:14580,2,25,16
fivb_vis:14580,3,25,22
fivb_vis:14580,4,25,11
fivb_vis:14581,1,25,15
fivb_vis:14581,2,25,10
fivb_vis:14581,3,25,16
fivb_vis:14582,1,25,20
fivb_vis:14582,2,25,22
fivb_vis:14582,3,25,22
fivb_vis:14583,1,25,21
fivb_vis:14583,2,25,18
fivb_vis:14583,3,25,19
fivb_vis:14584,1,25,21
fivb_vis:14584,2,23,25
fivb_vis:14584,3,25,16
fivb_vis:14584,4,25,17
fivb_vis:14585,1,11,25
fivb_vis:14585,2,7,25
fivb_vis:14585,3,15,25
fivb_vis:14586,1,23,25
fivb_vis:14586,2,25,20
fivb_vis:14586,3,25,16
fivb_vis:14586,4,25,10
fivb_vis:14587,1,25,5
fivb_vis:14587,2,25,14
fivb_vis:14587,3,25,15
fivb_vis:14588,1,25,19
fivb_vis:14588,2,25,19
fivb_vis:14588,3,25,19
fivb_vis:14589,1,25,19
fivb_vis:14589,2,25,16
fivb_vis:14589,3,25,16
fivb_vis:14590,1,9,25
fivb_vis:14590,2,10,25
fivb_vis:14590,3,17,25
fivb_vis:14591,1,21,25
fivb_vis:14591,2,16,25
fivb_vis:14591,3,25,22
fivb_vis:14591,4,20,25
fivb_vis:14592,1,25,12
fivb_vis:14592,2,25,16
fivb_vis:14592,3,25,15
fivb_vis:14593,1,17,25
fivb_vis:14593,2,16,25
fivb_vis:14593,3,20,25
fivb_vis:14594,1,19,25
fivb_vis:14594,2,15,25
fivb_vis:14594,3,22,25
fivb_vis:14595,1,20,25
fivb_vis:14595,2,17,25
fivb_vis:14595,3,20,25
fivb_vis:14596,1,23,25
fivb_vis:14596,2,17,25
fivb_vis:14596,3,20,25
fivb_vis:14597,1,21,25
fivb_vis:14597,2,18,25
fivb_vis:14597,3,16,25
fivb_vis:14598,1,18,25
fivb_vis:14598,2,19,25
fivb_vis:14598,3,17,25
fivb_vis:14599,1,25,20
fivb_vis:14599,2,19,25
fivb_vis:14599,3,28,26
fivb_vis:14599,4,20,25
fivb_vis:14599,5,15,9
fivb_vis:14600,1,20,25
fivb_vis:14600,2,25,23
fivb_vis:14600,3,25,21
fivb_vis:14600,4,23,25
fivb_vis:14600,5,13,15
fivb_vis:14601,1,25,22
fivb_vis:14601,2,17,25
fivb_vis:14601,3,25,19
fivb_vis:14601,4,18,25
fivb_vis:14601,5,15,11
fivb_vis:14602,1,25,15
fivb_vis:14602,2,25,16
fivb_vis:14602,3,25,19
fivb_vis:14603,1,21,25
fivb_vis:14603,2,25,19
fivb_vis:14603,3,20,25
fivb_vis:14603,4,21,25
fivb_vis:14604,1,25,14
fivb_vis:14604,2,25,13
fivb_vis:14604,3,25,11
fivb_vis:14605,1,22,25
fivb_vis:14605,2,24,26
fivb_vis:14605,3,23,25
fivb_vis:14606,1,25,18
fivb_vis:14606,2,25,17
fivb_vis:14606,3,25,15
fivb_vis:14607,1,25,23
fivb_vis:14607,2,22,25
fivb_vis:14607,3,22,25
fivb_vis:14607,4,26,28
fivb_vis:14608,1,27,25
fivb_vis:14608,2,25,20
fivb_vis:14608,3,25,22
fivb_vis:14609,1,25,17
fivb_vis:14609,2,25,22
fivb_vis:14609,3,25,22
fivb_vis:14610,1,25,19
fivb_vis:14610,2,25,11
fivb_vis:14610,3,22,25
fivb_vis:14610,4,21,25
fivb_vis:14610,5,13,15
fivb_vis:14611,1,27,25
fivb_vis:14611,2,25,15
fivb_vis:14611,3,25,12
fivb_vis:14612,1,12,25
fivb_vis:14612,2,15,25
fivb_vis:14612,3,16,25
fivb_vis:14613,1,13,25
fivb_vis:14613,2,19,25
fivb_vis:14613,3,17,25
fivb_vis:14614,1,25,19
fivb_vis:14614,2,25,19
fivb_vis:14614,3,25,15
fivb_vis:14615,1,25,27
fivb_vis:14615,2,22,25
fivb_vis:14615,3,27,25
fivb_vis:14615,4,13,25
fivb_vis:14616,1,14,25
fivb_vis:14616,2,21,25
fivb_vis:14616,3,17,25
fivb_vis:14617,1,12,25
fivb_vis:14617,2,12,25
fivb_vis:14617,3,16,25
fivb_vis:14618,1,16,25
fivb_vis:14618,2,16,25
fivb_vis:14618,3,20,25
fivb_vis:14619,1,23,25
fivb_vis:14619,2,21,25
fivb_vis:14619,3,25,20
fivb_vis:14619,4,26,24
fivb_vis:14619,5,15,12
fivb_vis:14620,1,25,16
fivb_vis:14620,2,25,19
fivb_vis:14620,3,25,20
fivb_vis:14621,1,25,20
fivb_vis:14621,2,25,15
fivb_vis:14621,3,26,24
fivb_vis:14622,1,26,24
fivb_vis:14622,2,25,17
fivb_vis:14622,3,25,18
fivb_vis:17987,1,25,20
fivb_vis:17987,2,25,23
fivb_vis:17987,3,22,25
fivb_vis:17987,4,18,25
fivb_vis:17987,5,15,12
fivb_vis:17988,1,25,21
fivb_vis:17988,2,25,21
fivb_vis:17988,3,25,15
fivb_vis:17989,1,25,16
fivb_vis:17989,2,25,17
fivb_vis:17989,3,23,25
fivb_vis:17989,4,25,22
fivb_vis:17990,1,17,25
fivb_vis:17990,2,20,25
fivb_vis:17990,3,25,17
fivb_vis:17990,4,28,26
fivb_vis:17990,5,12,15
fivb_vis:17991,1,25,21
fivb_vis:17991,2,26,24
fivb_vis:17991,3,25,21
fivb_vis:17992,1,25,20
fivb_vis:17992,2,25,12
fivb_vis:17992,3,25,15
fivb_vis:17993,1,20,25
fivb_vis:17993,2,19,25
fivb_vis:17993,3,22,25
fivb_vis:17994,1,25,17
fivb_vis:17994,2,25,21
fivb_vis:17994,3,21,25
fivb_vis:17994,4,25,19
fivb_vis:17995,1,19,25
fivb_vis:17995,2,18,25
fivb_vis:17995,3,23,25
fivb_vis:17996,1,25,17
fivb_vis:17996,2,22,25
fivb_vis:17996,3,25,20
fivb_vis:17996,4,15,25
fivb_vis:17996,5,13,15
fivb_vis:17997,1,17,25
fivb_vis:17997,2,22,25
fivb_vis:17997,3,19,25
fivb_vis:17998,1,25,22
fivb_vis:17998,2,25,19
fivb_vis:17998,3,20,25
fivb_vis:17998,4,16,25
fivb_vis:17998,5,12,15
fivb_vis:17999,1,25,19
fivb_vis:17999,2,25,15
fivb_vis:17999,3,25,15
fivb_vis:18000,1,16,25
fivb_vis:18000,2,18,25
fivb_vis:18000,3,25,23
fivb_vis:18000,4,21,25
fivb_vis:18001,1,17,25
fivb_vis:18001,2,29,27
fivb_vis:18001,3,25,21
fivb_vis:18001,4,21,25
fivb_vis:18001,5,13,15
fivb_vis:18002,1,22,25
fivb_vis:18002,2,25,22
fivb_vis:18002,3,25,19
fivb_vis:18002,4,25,22
fivb_vis:18003,1,25,21
fivb_vis:18003,2,25,27
fivb_vis:18003,3,25,19
fivb_vis:18003,4,25,15
fivb_vis:18004,1,26,28
fivb_vis:18004,2,25,27
fivb_vis:18004,3,25,15
fivb_vis:18004,4,16,25
fivb_vis:18005,1,25,14
fivb_vis:18005,2,25,16
fivb_vis:18005,3,25,21
fivb_vis:18006,1,25,22
fivb_vis:18006,2,25,22
fivb_vis:18006,3,25,22
fivb_vis:18007,1,21,25
fivb_vis:18007,2,27,29
fivb_vis:18007,3,17,25
fivb_vis:18008,1,20,25
fivb_vis:18008,2,28,30
fivb_vis:18008,3,25,27
fivb_vis:18009,1,25,19
fivb_vis:18009,2,25,19
fivb_vis:18009,3,25,22
fivb_vis:18010,1,25,22
fivb_vis:18010,2,18,25
fivb_vis:18010,3,25,20
fivb_vis:18010,4,25,20
fivb_vis:18011,1,25,22
fivb_vis:18011,2,18,25
fivb_vis:18011,3,25,21
fivb_vis:18011,4,23,25
fivb_vis:18011,5,17,15
fivb_vis:18012,1,25,23
fivb_vis:18012,2,13,25
fivb_vis:18012,3,19,25
fivb_vis:18012,4,22,25
fivb_vis:18013,1,22,25
fivb_vis:18013,2,26,24
fivb_vis:18013,3,25,19
fivb_vis:18013,4,25,23
fivb_vis:18014,1,25,18
fivb_vis:18014,2,29,31
fivb_vis:18014,3,22,25
fivb_vis:18014,4,23,25
fivb_vis:18015,1,23,25
fivb_vis:18015,2,25,22
fivb_vis:18015,3,25,20
fivb_vis:18015,4,25,20
fivb_vis:18016,1,19,25
fivb_vis:18016,2,16,25
fivb_vis:18016,3,19,25
fivb_vis:18017,1,25,17
fivb_vis:18017,2,25,20
fivb_vis:18017,3,25,20
fivb_vis:18018,1,15,25
fivb_vis:18018,2,25,23
fivb_vis:18018,3,27,29
fivb_vis:18018,4,22,25
fivb_vis:18019,1,25,19
fivb_vis:18019,2,25,20
fivb_vis:18019,3,25,22
fivb_vis:18020,1,25,22
fivb_vis:18020,2,25,18
fivb_vis:18020,3,25,20
fivb_vis:18021,1,25,21
fivb_vis:18021,2,19,25
fivb_vis:18021,3,25,21
fivb_vis:18021,4,25,23
fivb_vis:18022,1,20,25
fivb_vis:18022,2,22,25
fivb_vis:18022,3,25,21
fivb_vis:18022,4,25,23
fivb_vis:18022,5,15,13
fivb_vis:18023,1,17,25
fivb_vis:18023,2,18,25
fivb_vis:18023,3,15,25
fivb_vis:18024,1,25,22
fivb_vis:18024,2,25,19
fivb_vis:18024,3,25,19
fivb_vis:18025,1,19,25
fivb_vis:18025,2,18,25
fivb_vis:18025,3,22,25
fivb_vis:18026,1,25,27
fivb_vis:18026,2,25,12
fivb_vis:18026,3,25,21
fivb_vis:18026,4,22,25
fivb_vis:18026,5,8,15
fivb_vis:18027,1,21,25
fivb_vis:18027,2,19,25
fivb_vis:18027,3,22,25
fivb_vis:18028,1,15,25
fivb_vis:18028,2,19,25
fivb_vis:18028,3,21,25
fivb_vis:18029,1,20,25
fivb_vis:18029,2,25,17
fivb_vis:18029,3,25,20
fivb_vis:18029,4,25,23
fivb_vis:18030,1,25,18
fivb_vis:18030,2,25,21
fivb_vis:18030,3,22,25
fivb_vis:18030,4,21,25
fivb_vis:18030,5,15,13
fivb_vis:18031,1,22,25
fivb_vis:18031,2,21,25
fivb_vis:18031,3,12,25
fivb_vis:18032,1,25,23
fivb_vis:18032,2,25,17
fivb_vis:18032,3,23,25
fivb_vis:18032,4,24,26
fivb_vis:18032,5,15,13
fivb_vis:18033,1,25,19
fivb_vis:18033,2,25,23
fivb_vis:18033,3,25,15
fivb_vis:18034,1,25,23
fivb_vis:18034,2,25,9
fivb_vis:18034,3,25,20
fivb_vis:18035,1,20,25
fivb_vis:18035,2,19,25
fivb_vis:18035,3,22,25
fivb_vis:18036,1,19,25
fivb_vis:18036,2,25,17
fivb_vis:18036,3,25,16
fivb_vis:18036,4,23,25
fivb_vis:18036,5,15,12
fivb_vis:18037,1,20,25
fivb_vis:18037,2,21,25
fivb_vis:18037,3,23,25
fivb_vis:18038,1,25,12
fivb_vis:18038,2,25,21
fivb_vis:18038,3,25,14
fivb_vis:18039,1,23,25
fivb_vis:18039,2,25,16
fivb_vis:18039,3,18,25
fivb_vis:18039,4,21,25
fivb_vis:18040,1,17,25
fivb_vis:18040,2,18,25
fivb_vis:18040,3,14,25
fivb_vis:18041,1,25,18
fivb_vis:18041,2,25,17
fivb_vis:18041,3,12,25
fivb_vis:18041,4,25,19
fivb_vis:18042,1,14,25
fivb_vis:18042,2,11,25
fivb_vis:18042,3,12,25
fivb_vis:18043,1,25,22
fivb_vis:18043,2,25,14
fivb_vis:18043,3,27,25
fivb_vis:18044,1,22,25
fivb_vis:18044,2,16,25
fivb_vis:18044,3,25,21
fivb_vis:18044,4,25,18
fivb_vis:18044,5,11,15
fivb_vis:18045,1,25,22
fivb_vis:18045,2,16,25
fivb_vis:18045,3,22,25
fivb_vis:18045,4,21,25
fivb_vis:18046,1,25,16
fivb_vis:18046,2,25,23
fivb_vis:18046,3,25,22
fivb_vis:18047,1,19,25
fivb_vis:18047,2,19,25
fivb_vis:18047,3,16,25
fivb_vis:18048,1,25,23
fivb_vis:18048,2,25,13
fivb_vis:18048,3,25,17
fivb_vis:18049,1,19,25
fivb_vis:18049,2,23,25
fivb_vis:18049,3,17,25
fivb_vis:18050,1,26,28
fivb_vis:18050,2,25,15
fivb_vis:18050,3,36,34
fivb_vis:18050,4,25,17
fivb_vis:18051,1,25,22
fivb_vis:18051,2,25,17
fivb_vis:18051,3,15,25
fivb_vis:18051,4,22,25
fivb_vis:18051,5,12,15
fivb_vis:18052,1,25,18
fivb_vis:18052,2,25,20
fivb_vis:18052,3,25,15
fivb_vis:18053,1,19,25
fivb_vis:18053,2,22,25
fivb_vis:18053,3,17,25
fivb_vis:18054,1,31,29
fivb_vis:18054,2,25,22
fivb_vis:18054,3,32,30
fivb_vis:18055,1,22,25
fivb_vis:18055,2,25,23
fivb_vis:18055,3,22,25
fivb_vis:18055,4,25,14
fivb_vis:18055,5,12,15
fivb_vis:18056,1,25,21
fivb_vis:18056,2,25,19
fivb_vis:18056,3,25,23
fivb_vis:18057,1,18,25
fivb_vis:18057,2,24,26
fivb_vis:18057,3,25,23
fivb_vis:18057,4,20,25
fivb_vis:18058,1,26,24
fivb_vis:18058,2,21,25
fivb_vis:18058,3,15,25
fivb_vis:18058,4,28,26
fivb_vis:18058,5,15,13
fivb_vis:18059,1,21,25
fivb_vis:18059,2,21,25
fivb_vis:18059,3,19,25
fivb_vis:18060,1,22,25
fivb_vis:18060,2,25,20
fivb_vis:18060,3,22,25
fivb_vis:18060,4,19,25
fivb_vis:18061,1,25,17
fivb_vis:18061,2,31,29
fivb_vis:18061,3,21,25
fivb_vis:18061,4,25,23
fivb_vis:18062,1,23,25
fivb_vis:18062,2,25,21
fivb_vis:18062,3,25,20
fivb_vis:18062,4,25,21
fivb_vis:14645,1,8,25
fivb_vis:14645,2,6,25
fivb_vis:14645,3,14,25
fivb_vis:14646,1,17,25
fivb_vis:14646,2,16,25
fivb_vis:14646,3,19,25
fivb_vis:14647,1,25,16
fivb_vis:14647,2,25,13
fivb_vis:14647,3,25,10
fivb_vis:14648,1,25,14
fivb_vis:14648,2,25,5
fivb_vis:14648,3,25,17
fivb_vis:14649,1,25,17
fivb_vis:14649,2,25,14
fivb_vis:14649,3,25,9
fivb_vis:14650,1,18,25
fivb_vis:14650,2,18,25
fivb_vis:14650,3,14,25
fivb_vis:14651,1,28,26
fivb_vis:14651,2,25,11
fivb_vis:14651,3,25,20
fivb_vis:14652,1,25,10
fivb_vis:14652,2,25,12
fivb_vis:14652,3,25,21
fivb_vis:14653,1,25,21
fivb_vis:14653,2,25,12
fivb_vis:14653,3,28,26
fivb_vis:14654,1,25,17
fivb_vis:14654,2,26,24
fivb_vis:14654,3,25,23
fivb_vis:14655,1,25,23
fivb_vis:14655,2,12,25
fivb_vis:14655,3,14,25
fivb_vis:14655,4,24,26
fivb_vis:14656,1,25,8
fivb_vis:14656,2,25,10
fivb_vis:14656,3,25,15
fivb_vis:14657,1,14,25
fivb_vis:14657,2,14,25
fivb_vis:14657,3,7,25
fivb_vis:14658,1,25,23
fivb_vis:14658,2,16,25
fivb_vis:14658,3,16,25
fivb_vis:14658,4,28,26
fivb_vis:14658,5,12,15
fivb_vis:14659,1,25,7
fivb_vis:14659,2,25,18
fivb_vis:14659,3,25,17
fivb_vis:14660,1,24,26
fivb_vis:14660,2,20,25
fivb_vis:14660,3,23,25
fivb_vis:14661,1,18,25
fivb_vis:14661,2,10,25
fivb_vis:14661,3,11,25
fivb_vis:14662,1,13,25
fivb_vis:14662,2,20,25
fivb_vis:14662,3,19,25
fivb_vis:14663,1,25,10
fivb_vis:14663,2,25,9
fivb_vis:14663,3,25,21
fivb_vis:14664,1,25,23
fivb_vis:14664,2,25,18
fivb_vis:14664,3,13,25
fivb_vis:14664,4,25,15
fivb_vis:14665,1,25,21
fivb_vis:14665,2,25,23
fivb_vis:14665,3,17,25
fivb_vis:14665,4,20,25
fivb_vis:14665,5,16,14
fivb_vis:14666,1,28,26
fivb_vis:14666,2,20,25
fivb_vis:14666,3,29,31
fivb_vis:14666,4,16,25
fivb_vis:14667,1,11,25
fivb_vis:14667,2,22,25
fivb_vis:14667,3,20,25
fivb_vis:14668,1,17,25
fivb_vis:14668,2,25,14
fivb_vis:14668,3,19,25
fivb_vis:14668,4,29,27
fivb_vis:14668,5,9,15
fivb_vis:14669,1,17,25
fivb_vis:14669,2,12,25
fivb_vis:14669,3,23,25
fivb_vis:14670,1,25,13
fivb_vis:14670,2,25,10
fivb_vis:14670,3,25,17
fivb_vis:14671,1,25,14
fivb_vis:14671,2,25,17
fivb_vis:14671,3,25,21
fivb_vis:14672,1,25,19
fivb_vis:14672,2,25,16
fivb_vis:14672,3,25,13
fivb_vis:14673,1,25,8
fivb_vis:14673,2,25,13
fivb_vis:14673,3,25,13
fivb_vis:14674,1,25,19
fivb_vis:14674,2,25,20
fivb_vis:14674,3,26,28
fivb_vis:14674,4,25,23
fivb_vis:14675,1,25,17
fivb_vis:14675,2,25,15
fivb_vis:14675,3,22,25
fivb_vis:14675,4,25,20
fivb_vis:14676,1,25,12
fivb_vis:14676,2,25,15
fivb_vis:14676,3,25,16
fivb_vis:14677,1,25,12
fivb_vis:14677,2,25,16
fivb_vis:14677,3,25,11
fivb_vis:14678,1,25,19
fivb_vis:14678,2,25,19
fivb_vis:14678,3,25,13
fivb_vis:14679,1,25,17
fivb_vis:14679,2,25,21
fivb_vis:14679,3,25,8
fivb_vis:14680,1,25,27
fivb_vis:14680,2,25,21
fivb_vis:14680,3,25,20
fivb_vis:14680,4,25,17
fivb_vis:14681,1,15,25
fivb_vis:14681,2,12,25
fivb_vis:14681,3,19,25
fivb_vis:14682,1,7,25
fivb_vis:14682,2,11,25
fivb_vis:14682,3,20,25
fivb_vis:14683,1,17,25
fivb_vis:14683,2,18,25
fivb_vis:14683,3,18,25
fivb_vis:14684,1,19,25
fivb_vis:14684,2,25,21
fivb_vis:14684,3,25,19
fivb_vis:14684,4,25,18
fivb_vis:14685,1,11,25
fivb_vis:14685,2,25,19
fivb_vis:14685,3,18,25
fivb_vis:14685,4,21,25
fivb_vis:14686,1,25,22
fivb_vis:14686,2,22,25
fivb_vis:14686,3,11,25
fivb_vis:14686,4,25,27
fivb_vis:14687,1,13,25
fivb_vis:14687,2,19,25
fivb_vis:14687,3,7,25
fivb_vis:14688,1,9,25
fivb_vis:14688,2,11,25
fivb_vis:14688,3,15,25
fivb_vis:14689,1,14,25
fivb_vis:14689,2,15,25
fivb_vis:14689,3,16,25
fivb_vis:14690,1,20,25
fivb_vis:14690,2,14,25
fivb_vis:14690,3,8,25
fivb_vis:14691,1,14,25
fivb_vis:14691,2,26,24
fivb_vis:14691,3,22,25
fivb_vis:14691,4,14,25
fivb_vis:14692,1,21,25
fivb_vis:14692,2,16,25
fivb_vis:14692,3,12,25
fivb_vis:14693,1,25,13
fivb_vis:14693,2,25,6
fivb_vis:14693,3,25,15
fivb_vis:14694,1,25,16
fivb_vis:14694,2,25,15
fivb_vis:14694,3,25,16
fivb_vis:14695,1,25,19
fivb_vis:14695,2,25,18
fivb_vis:14695,3,25,21
fivb_vis:14696,1,27,25
fivb_vis:14696,2,25,13
fivb_vis:14696,3,25,21
fivb_vis:14697,1,25,17
fivb_vis:14697,2,25,17
fivb_vis:14697,3,26,24
fivb_vis:14698,1,18,25
fivb_vis:14698,2,17,25
fivb_vis:14698,3,20,25
fivb_vis:14699,1,23,25
fivb_vis:14699,2,20,25
fivb_vis:14699,3,11,25
fivb_vis:14700,1,25,22
fivb_vis:14700,2,22,25
fivb_vis:14700,3,23,25
fivb_vis:14700,4,26,24
fivb_vis:14700,5,15,9
fivb_vis:14701,1,25,16
fivb_vis:14701,2,25,18
fivb_vis:14701,3,19,25
fivb_vis:14701,4,25,15
fivb_vis:14702,1,25,10
fivb_vis:14702,2,25,19
fivb_vis:14702,3,25,16
fivb_vis:14703,1,21,25
fivb_vis:14703,2,22,25
fivb_vis:14703,3,20,25
fivb_vis:14704,1,25,16
fivb_vis:14704,2,25,10
fivb_vis:14704,3,25,13
fivb_vis:14705,1,25,17
fivb_vis:14705,2,25,20
fivb_vis:14705,3,27,29
fivb_vis:14705,4,25,18
fivb_vis:14706,1,25,16
fivb_vis:14706,2,25,17
fivb_vis:14706,3,25,17
fivb_vis:14707,1,25,17
fivb_vis:14707,2,25,19
fivb_vis:14707,3,25,12
fivb_vis:14708,1,25,18
fivb_vis:14708,2,25,16
fivb_vis:14708,3,25,20
fivb_vis:14709,1,15,25
fivb_vis:14709,2,14,25
fivb_vis:14709,3,17,25
fivb_vis:14710,1,14,25
fivb_vis:14710,2,20,25
fivb_vis:14710,3,25,23
fivb_vis:14710,4,15,25
fivb_vis:14711,1,15,25
fivb_vis:14711,2,10,25
fivb_vis:14711,3,8,25
fivb_vis:14712,1,10,25
fivb_vis:14712,2,6,25
fivb_vis:14712,3,13,25
fivb_vis:14713,1,10,25
fivb_vis:14713,2,14,25
fivb_vis:14713,3,9,25
fivb_vis:14714,1,25,16
fivb_vis:14714,2,25,21
fivb_vis:14714,3,25,22
fivb_vis:14715,1,31,29
fivb_vis:14715,2,23,25
fivb_vis:14715,3,25,16
fivb_vis:14715,4,25,15
fivb_vis:14716,1,25,22
fivb_vis:14716,2,15,25
fivb_vis:14716,3,21,25
fivb_vis:14716,4,25,23
fivb_vis:14716,5,10,15
fivb_vis:17689,1,25,17
fivb_vis:17689,2,25,13
fivb_vis:17689,3,25,16
fivb_vis:17690,1,25,22
fivb_vis:17690,2,25,22
fivb_vis:17690,3,20,25
fivb_vis:17690,4,10,25
fivb_vis:17690,5,15,12
fivb_vis:17691,1,25,22
fivb_vis:17691,2,16,25
fivb_vis:17691,3,25,15
fivb_vis:17691,4,32,30
fivb_vis:17692,1,25,22
fivb_vis:17692,2,25,20
fivb_vis:17692,3,26,24
fivb_vis:17693,1,25,23
fivb_vis:17693,2,25,22
fivb_vis:17693,3,25,19
fivb_vis:17694,1,25,23
fivb_vis:17694,2,25,16
fivb_vis:17694,3,21,25
fivb_vis:17694,4,25,23
fivb_vis:17695,1,25,17
fivb_vis:17695,2,25,19
fivb_vis:17695,3,25,12
fivb_vis:17696,1,16,25
fivb_vis:17696,2,17,25
fivb_vis:17696,3,25,19
fivb_vis:17696,4,25,20
fivb_vis:17696,5,15,9
fivb_vis:17697,1,25,19
fivb_vis:17697,2,25,19
fivb_vis:17697,3,25,15
fivb_vis:17698,1,25,16
fivb_vis:17698,2,15,25
fivb_vis:17698,3,25,23
fivb_vis:17698,4,17,25
fivb_vis:17698,5,15,17
fivb_vis:17699,1,8,25
fivb_vis:17699,2,19,25
fivb_vis:17699,3,21,25
fivb_vis:17700,1,23,25
fivb_vis:17700,2,25,23
fivb_vis:17700,3,25,20
fivb_vis:17700,4,25,18
fivb_vis:17701,1,20,25
fivb_vis:17701,2,23,25
fivb_vis:17701,3,16,25
fivb_vis:17702,1,20,25
fivb_vis:17702,2,19,25
fivb_vis:17702,3,25,19
fivb_vis:17702,4,18,25
fivb_vis:17703,1,16,25
fivb_vis:17703,2,15,25
fivb_vis:17703,3,19,25
fivb_vis:17704,1,25,23
fivb_vis:17704,2,25,19
fivb_vis:17704,3,25,21
fivb_vis:17705,1,19,25
fivb_vis:17705,2,21,25
fivb_vis:17705,3,27,29
fivb_vis:17706,1,25,22
fivb_vis:17706,2,25,21
fivb_vis:17706,3,23,25
fivb_vis:17706,4,25,19
fivb_vis:17707,1,25,14
fivb_vis:17707,2,25,19
fivb_vis:17707,3,25,16
fivb_vis:17708,1,20,25
fivb_vis:17708,2,19,25
fivb_vis:17708,3,19,25
fivb_vis:17709,1,25,22
fivb_vis:17709,2,25,18
fivb_vis:17709,3,25,13
fivb_vis:17710,1,19,25
fivb_vis:17710,2,25,18
fivb_vis:17710,3,20,25
fivb_vis:17710,4,26,24
fivb_vis:17710,5,15,6
fivb_vis:17711,1,19,25
fivb_vis:17711,2,14,25
fivb_vis:17711,3,19,25
fivb_vis:17712,1,22,25
fivb_vis:17712,2,25,18
fivb_vis:17712,3,23,25
fivb_vis:17712,4,25,17
fivb_vis:17712,5,15,10
fivb_vis:17713,1,25,21
fivb_vis:17713,2,25,10
fivb_vis:17713,3,25,15
fivb_vis:17714,1,25,14
fivb_vis:17714,2,25,19
fivb_vis:17714,3,25,13
fivb_vis:17715,1,25,17
fivb_vis:17715,2,26,24
fivb_vis:17715,3,25,19
fivb_vis:17716,1,25,17
fivb_vis:17716,2,26,24
fivb_vis:17716,3,25,17
fivb_vis:17717,1,23,25
fivb_vis:17717,2,25,19
fivb_vis:17717,3,25,27
fivb_vis:17717,4,22,25
fivb_vis:17718,1,21,25
fivb_vis:17718,2,25,18
fivb_vis:17718,3,25,27
fivb_vis:17718,4,25,19
fivb_vis:17718,5,9,15
fivb_vis:17719,1,25,21
fivb_vis:17719,2,20,25
fivb_vis:17719,3,25,23
fivb_vis:17719,4,20,25
fivb_vis:17719,5,13,15
fivb_vis:17720,1,18,25
fivb_vis:17720,2,20,25
fivb_vis:17720,3,25,21
fivb_vis:17720,4,32,34
fivb_vis:17721,1,13,25
fivb_vis:17721,2,22,25
fivb_vis:17721,3,25,12
fivb_vis:17721,4,14,25
fivb_vis:17722,1,16,25
fivb_vis:17722,2,17,25
fivb_vis:17722,3,13,25
fivb_vis:17723,1,25,22
fivb_vis:17723,2,25,22
fivb_vis:17723,3,25,14
fivb_vis:17724,1,25,20
fivb_vis:17724,2,25,11
fivb_vis:17724,3,25,15
fivb_vis:17725,1,21,25
fivb_vis:17725,2,22,25
fivb_vis:17725,3,17,25
fivb_vis:17726,1,25,8
fivb_vis:17726,2,27,25
fivb_vis:17726,3,25,19
fivb_vis:17727,1,25,13
fivb_vis:17727,2,25,13
fivb_vis:17727,3,25,13
fivb_vis:17728,1,22,25
fivb_vis:17728,2,12,25
fivb_vis:17728,3,25,21
fivb_vis:17728,4,16,25
fivb_vis:17729,1,25,18
fivb_vis:17729,2,13,25
fivb_vis:17729,3,23,25
fivb_vis:17729,4,18,25
fivb_vis:17730,1,23,25
fivb_vis:17730,2,20,25
fivb_vis:17730,3,25,20
fivb_vis:17730,4,17,25
fivb_vis:17731,1,25,21
fivb_vis:17731,2,25,19
fivb_vis:17731,3,25,12
fivb_vis:17732,1,25,12
fivb_vis:17732,2,24,26
fivb_vis:17732,3,21,25
fivb_vis:17732,4,25,21
fivb_vis:17732,5,11,15
fivb_vis:17733,1,25,17
fivb_vis:17733,2,24,26
fivb_vis:17733,3,26,24
fivb_vis:17733,4,26,24
fivb_vis:17734,1,25,13
fivb_vis:17734,2,16,25
fivb_vis:17734,3,18,25
fivb_vis:17734,4,18,25
fivb_vis:17735,1,18,25
fivb_vis:17735,2,23,25
fivb_vis:17735,3,23,25
fivb_vis:17736,1,19,25
fivb_vis:17736,2,25,16
fivb_vis:17736,3,22,25
fivb_vis:17736,4,24,26
fivb_vis:17737,1,25,23
fivb_vis:17737,2,27,25
fivb_vis:17737,3,21,25
fivb_vis:17737,4,26,24
fivb_vis:17738,1,25,19
fivb_vis:17738,2,25,18
fivb_vis:17738,3,25,16
fivb_vis:17739,1,22,25
fivb_vis:17739,2,25,19
fivb_vis:17739,3,27,29
fivb_vis:17739,4,25,18
fivb_vis:17739,5,15,12
fivb_vis:17740,1,26,24
fivb_vis:17740,2,18,25
fivb_vis:17740,3,25,17
fivb_vis:17740,4,22,25
fivb_vis:17740,5,15,12
fivb_vis:17741,1,26,24
fivb_vis:17741,2,24,26
fivb_vis:17741,3,9,25
fivb_vis:17741,4,18,25
fivb_vis:17742,1,25,22
fivb_vis:17742,2,25,23
fivb_vis:17742,3,24,26
fivb_vis:17742,4,20,25
fivb_vis:17742,5,16,18
fivb_vis:17743,1,22,25
fivb_vis:17743,2,23,25
fivb_vis:17743,3,21,25
fivb_vis:17744,1,25,21
fivb_vis:17744,2,25,17
fivb_vis:17744,3,25,19
fivb_vis:17745,1,18,25
fivb_vis:17745,2,21,25
fivb_vis:17745,3,17,25
fivb_vis:17746,1,19,25
fivb_vis:17746,2,25,23
fivb_vis:17746,3,26,24
fivb_vis:17746,4,25,17
fivb_vis:17747,1,24,26
fivb_vis:17747,2,16,25
fivb_vis:17747,3,26,28
fivb_vis:17748,1,25,21
fivb_vis:17748,2,23,25
fivb_vis:17748,3,17,25
fivb_vis:17748,4,13,25
fivb_vis:17749,1,25,16
fivb_vis:17749,2,21,25
fivb_vis:17749,3,20,25
fivb_vis:17749,4,17,25
fivb_vis:17750,1,25,21
fivb_vis:17750,2,12,25
fivb_vis:17750,3,14,25
fivb_vis:17750,4,15,25
fivb_vis:17751,1,25,17
fivb_vis:17751,2,17,25
fivb_vis:17751,3,25,21
fivb_vis:17751,4,25,18
fivb_vis:17752,1,25,23
fivb_vis:17752,2,25,19
fivb_vis:17752,3,25,17
fivb_vis:17753,1,25,17
fivb_vis:17753,2,22,25
fivb_vis:17753,3,25,17
fivb_vis:17753,4,25,17
fivb_vis:17754,1,25,23
fivb_vis:17754,2,25,20
fivb_vis:17754,3,25,22
fivb_vis:17755,1,25,15
fivb_vis:17755,2,25,20
fivb_vis:17755,3,28,26
fivb_vis:17756,1,25,13
fivb_vis:17756,2,25,13
fivb_vis:17756,3,25,19
fivb_vis:17757,1,25,14
fivb_vis:17757,2,29,27
fivb_vis:17757,3,25,13
fivb_vis:17758,1,25,11
fivb_vis:17758,2,25,13
fivb_vis:17758,3,25,19
fivb_vis:17759,1,24,26
fivb_vis:17759,2,25,17
fivb_vis:17759,3,25,11
fivb_vis:17759,4,25,14
fivb_vis:17760,1,25,23
fivb_vis:17760,2,25,22
fivb_vis:17760,3,25,18
fivb_vis:17761,1,25,21
fivb_vis:17761,2,15,25
fivb_vis:17761,3,25,22
fivb_vis:17761,4,25,21
fivb_vis:17762,1,18,25
fivb_vis:17762,2,25,23
fivb_vis:17762,3,15,25
fivb_vis:17762,4,25,22
fivb_vis:17762,5,15,6
fivb_vis:17763,1,25,23
fivb_vis:17763,2,28,26
fivb_vis:17763,3,25,20
fivb_vis:17764,1,27,25
fivb_vis:17764,2,21,25
fivb_vis:17764,3,25,22
fivb_vis:17764,4,22,25
fivb_vis:17764,5,13,15
fivb_vis:14833,1,25,18
fivb_vis:14833,2,25,15
fivb_vis:14833,3,25,18
fivb_vis:14834,1,25,19
fivb_vis:14834,2,25,21
fivb_vis:14834,3,25,18
fivb_vis:14835,1,25,19
fivb_vis:14835,2,25,17
fivb_vis:14835,3,25,18
fivb_vis:14836,1,25,15
fivb_vis:14836,2,25,18
fivb_vis:14836,3,25,21
fivb_vis:14837,1,25,22
fivb_vis:14837,2,28,26
fivb_vis:14837,3,21,25
fivb_vis:14837,4,25,20
fivb_vis:14838,1,20,25
fivb_vis:14838,2,16,25
fivb_vis:14838,3,12,25
fivb_vis:14839,1,19,25
fivb_vis:14839,2,25,23
fivb_vis:14839,3,25,20
fivb_vis:14839,4,17,25
fivb_vis:14839,5,15,11
fivb_vis:14840,1,25,19
fivb_vis:14840,2,25,22
fivb_vis:14840,3,25,22
fivb_vis:14841,1,25,11
fivb_vis:14841,2,25,22
fivb_vis:14841,3,25,17
fivb_vis:14842,1,20,25
fivb_vis:14842,2,20,25
fivb_vis:14842,3,8,25
fivb_vis:14843,1,25,18
fivb_vis:14843,2,27,25
fivb_vis:14843,3,25,17
fivb_vis:14844,1,25,17
fivb_vis:14844,2,25,13
fivb_vis:14844,3,25,15
fivb_vis:14845,1,23,25
fivb_vis:14845,2,27,25
fivb_vis:14845,3,22,25
fivb_vis:14845,4,25,22
fivb_vis:14845,5,13,15
fivb_vis:14846,1,25,22
fivb_vis:14846,2,25,22
fivb_vis:14846,3,21,25
fivb_vis:14846,4,27,25
fivb_vis:14847,1,25,19
fivb_vis:14847,2,25,17
fivb_vis:14847,3,25,19
fivb_vis:14848,1,25,23
fivb_vis:14848,2,23,25
fivb_vis:14848,3,19,25
fivb_vis:14848,4,25,15
fivb_vis:14848,5,14,16
fivb_vis:14849,1,28,30
fivb_vis:14849,2,28,26
fivb_vis:14849,3,22,25
fivb_vis:14849,4,24,26
fivb_vis:14850,1,25,20
fivb_vis:14850,2,25,13
fivb_vis:14850,3,25,16
fivb_vis:14851,1,25,16
fivb_vis:14851,2,25,18
fivb_vis:14851,3,25,18
fivb_vis:14852,1,25,21
fivb_vis:14852,2,25,13
fivb_vis:14852,3,26,24
fivb_vis:16128,1,20,25
fivb_vis:16128,2,25,21
fivb_vis:16128,3,21,25
fivb_vis:16128,4,25,20
fivb_vis:16128,5,9,15
fivb_vis:16129,1,25,16
fivb_vis:16129,2,25,22
fivb_vis:16129,3,25,19
fivb_vis:16130,1,22,25
fivb_vis:16130,2,23,25
fivb_vis:16130,3,18,25
fivb_vis:16131,1,25,21
fivb_vis:16131,2,26,28
fivb_vis:16131,3,25,21
fivb_vis:16131,4,22,25
fivb_vis:16131,5,15,13
fivb_vis:16132,1,31,29
fivb_vis:16132,2,19,25
fivb_vis:16132,3,25,20
fivb_vis:16132,4,25,21
fivb_vis:16133,1,25,23
fivb_vis:16133,2,18,25
fivb_vis:16133,3,35,33
fivb_vis:16133,4,25,15
fivb_vis:16134,1,25,19
fivb_vis:16134,2,25,23
fivb_vis:16134,3,25,21
fivb_vis:16135,1,26,24
fivb_vis:16135,2,25,16
fivb_vis:16135,3,19,25
fivb_vis:16135,4,25,15
fivb_vis:16136,1,24,26
fivb_vis:16136,2,23,25
fivb_vis:16136,3,17,25
fivb_vis:16137,1,34,32
fivb_vis:16137,2,25,16
fivb_vis:16137,3,25,20
fivb_vis:16138,1,23,25
fivb_vis:16138,2,23,25
fivb_vis:16138,3,25,21
fivb_vis:16138,4,25,15
fivb_vis:16138,5,15,13
fivb_vis:16139,1,28,26
fivb_vis:16139,2,25,23
fivb_vis:16139,3,25,18
fivb_vis:16140,1,15,25
fivb_vis:16140,2,18,25
fivb_vis:16140,3,19,25
fivb_vis:16141,1,25,19
fivb_vis:16141,2,19,25
fivb_vis:16141,3,25,23
fivb_vis:16141,4,23,25
fivb_vis:16141,5,13,15
fivb_vis:16142,1,20,25
fivb_vis:16142,2,25,23
fivb_vis:16142,3,16,25
fivb_vis:16142,4,17,25
fivb_vis:16143,1,25,27
fivb_vis:16143,2,25,19
fivb_vis:16143,3,22,25
fivb_vis:16143,4,25,22
fivb_vis:16143,5,15,11
fivb_vis:16144,1,22,25
fivb_vis:16144,2,25,21
fivb_vis:16144,3,25,23
fivb_vis:16144,4,25,20
fivb_vis:16145,1,25,20
fivb_vis:16145,2,33,31
fivb_vis:16145,3,25,21
fivb_vis:16146,1,25,20
fivb_vis:16146,2,25,19
fivb_vis:16146,3,20,25
fivb_vis:16146,4,25,18
fivb_vis:16147,1,21,25
fivb_vis:16147,2,25,21
fivb_vis:16147,3,21,25
fivb_vis:16147,4,16,25
fivb_vis:16148,1,23,25
fivb_vis:16148,2,18,25
fivb_vis:16148,3,25,21
fivb_vis:16148,4,22,25
fivb_vis:16149,1,23,25
fivb_vis:16149,2,25,15
fivb_vis:16149,3,25,20
fivb_vis:16149,4,25,14
fivb_vis:16150,1,25,22
fivb_vis:16150,2,25,21
fivb_vis:16150,3,26,24
fivb_vis:16151,1,23,25
fivb_vis:16151,2,18,25
fivb_vis:16151,3,27,25
fivb_vis:16151,4,19,25
fivb_vis:16152,1,16,25
fivb_vis:16152,2,25,22
fivb_vis:16152,3,29,27
fivb_vis:16152,4,22,25
fivb_vis:16152,5,18,20
fivb_vis:16153,1,22,25
fivb_vis:16153,2,20,25
fivb_vis:16153,3,20,25
fivb_vis:16154,1,25,19
fivb_vis:16154,2,25,23
fivb_vis:16154,3,25,23
fivb_vis:16155,1,25,21
fivb_vis:16155,2,25,19
fivb_vis:16155,3,25,14
fivb_vis:16156,1,25,27
fivb_vis:16156,2,25,22
fivb_vis:16156,3,25,21
fivb_vis:16156,4,25,20
fivb_vis:16157,1,34,36
fivb_vis:16157,2,25,20
fivb_vis:16157,3,25,17
fivb_vis:16157,4,20,25
fivb_vis:16157,5,15,10
fivb_vis:16158,1,19,25
fivb_vis:16158,2,25,21
fivb_vis:16158,3,15,25
fivb_vis:16158,4,21,25
fivb_vis:16159,1,25,20
fivb_vis:16159,2,17,25
fivb_vis:16159,3,21,25
fivb_vis:16159,4,21,25
fivb_vis:16160,1,25,22
fivb_vis:16160,2,25,17
fivb_vis:16160,3,24,26
fivb_vis:16160,4,25,14
fivb_vis:16161,1,25,23
fivb_vis:16161,2,26,24
fivb_vis:16161,3,25,16
fivb_vis:16162,1,22,25
fivb_vis:16162,2,25,19
fivb_vis:16162,3,25,19
fivb_vis:16162,4,25,21
fivb_vis:16163,1,25,21
fivb_vis:16163,2,21,25
fivb_vis:16163,3,21,25
fivb_vis:16163,4,21,25
fivb_vis:16164,1,25,19
fivb_vis:16164,2,25,22
fivb_vis:16164,3,25,21
fivb_vis:16165,1,25,22
fivb_vis:16165,2,25,17
fivb_vis:16165,3,25,15
fivb_vis:16166,1,25,21
fivb_vis:16166,2,25,16
fivb_vis:16166,3,25,21
fivb_vis:16167,1,19,25
fivb_vis:16167,2,16,25
fivb_vis:16167,3,24,26
fivb_vis:16168,1,28,26
fivb_vis:16168,2,25,22
fivb_vis:16168,3,25,18
fivb_vis:16169,1,25,23
fivb_vis:16169,2,25,22
fivb_vis:16169,3,25,14
fivb_vis:16170,1,21,25
fivb_vis:16170,2,25,22
fivb_vis:16170,3,14,25
fivb_vis:16170,4,25,17
fivb_vis:16170,5,10,15
fivb_vis:16171,1,22,25
fivb_vis:16171,2,26,24
fivb_vis:16171,3,25,21
fivb_vis:16171,4,25,20
fivb_vis:16172,1,25,23
fivb_vis:16172,2,25,21
fivb_vis:16172,3,18,25
fivb_vis:16172,4,22,25
fivb_vis:16172,5,18,16
fivb_vis:16173,1,13,25
fivb_vis:16173,2,19,25
fivb_vis:16173,3,24,26
fivb_vis:16174,1,25,21
fivb_vis:16174,2,20,25
fivb_vis:16174,3,25,23
fivb_vis:16174,4,25,23
fivb_vis:16175,1,22,25
fivb_vis:16175,2,25,23
fivb_vis:16175,3,25,22
fivb_vis:16175,4,25,20
fivb_vis:16176,1,25,22
fivb_vis:16176,2,18,25
fivb_vis:16176,3,25,18
fivb_vis:16176,4,22,25
fivb_vis:16176,5,11,15
fivb_vis:16177,1,22,25
fivb_vis:16177,2,25,15
fivb_vis:16177,3,25,16
fivb_vis:16177,4,25,19
fivb_vis:16178,1,25,18
fivb_vis:16178,2,25,21
fivb_vis:16178,3,25,22
fivb_vis:16179,1,22,25
fivb_vis:16179,2,18,25
fivb_vis:16179,3,23,25
fivb_vis:16180,1,11,25
fivb_vis:16180,2,21,25
fivb_vis:16180,3,20,25
fivb_vis:16181,1,25,18
fivb_vis:16181,2,25,20
fivb_vis:16181,3,25,20
fivb_vis:16182,1,25,18
fivb_vis:16182,2,25,22
fivb_vis:16182,3,31,33
fivb_vis:16182,4,22,25
fivb_vis:16182,5,15,12
fivb_vis:16183,1,22,25
fivb_vis:16183,2,18,25
fivb_vis:16183,3,19,25
fivb_vis:16184,1,23,25
fivb_vis:16184,2,25,21
fivb_vis:16184,3,26,24
fivb_vis:16184,4,25,21
fivb_vis:16185,1,16,25
fivb_vis:16185,2,25,16
fivb_vis:16185,3,21,25
fivb_vis:16185,4,25,17
fivb_vis:16185,5,15,10
fivb_vis:16186,1,17,25
fivb_vis:16186,2,21,25
fivb_vis:16186,3,21,25
fivb_vis:16187,1,23,25
fivb_vis:16187,2,25,18
fivb_vis:16187,3,25,19
fivb_vis:16187,4,25,21
fivb_vis:16188,1,19,25
fivb_vis:16188,2,26,28
fivb_vis:16188,3,25,18
fivb_vis:16188,4,20,25
fivb_vis:16189,1,25,23
fivb_vis:16189,2,19,25
fivb_vis:16189,3,20,25
fivb_vis:16189,4,25,16
fivb_vis:16189,5,16,18
fivb_vis:16190,1,25,22
fivb_vis:16190,2,21,25
fivb_vis:16190,3,25,21
fivb_vis:16190,4,33,35
fivb_vis:16190,5,9,15
fivb_vis:16191,1,25,20
fivb_vis:16191,2,26,24
fivb_vis:16191,3,19,25
fivb_vis:16191,4,25,23
fivb_vis:16192,1,25,23
fivb_vis:16192,2,20,25
fivb_vis:16192,3,15,25
fivb_vis:16192,4,21,25
fivb_vis:16193,1,24,26
fivb_vis:16193,2,25,23
fivb_vis:16193,3,21,25
fivb_vis:16193,4,25,23
fivb_vis:16193,5,15,12
fivb_vis:16194,1,19,25
fivb_vis:16194,2,25,16
fivb_vis:16194,3,25,19
fivb_vis:16194,4,25,18
fivb_vis:16195,1,18,25
fivb_vis:16195,2,22,25
fivb_vis:16195,3,19,25
fivb_vis:16196,1,22,25
fivb_vis:16196,2,22,25
fivb_vis:16196,3,25,17
fivb_vis:16196,4,18,25
fivb_vis:16197,1,29,31
fivb_vis:16197,2,21,25
fivb_vis:16197,3,25,20
fivb_vis:16197,4,25,20
fivb_vis:16197,5,15,13
fivb_vis:16198,1,25,22
fivb_vis:16198,2,25,18
fivb_vis:16198,3,25,22
fivb_vis:16199,1,27,25
fivb_vis:16199,2,25,17
fivb_vis:16199,3,25,15
fivb_vis:16200,1,25,21
fivb_vis:16200,2,25,15
fivb_vis:16200,3,25,20
fivb_vis:16201,1,14,25
fivb_vis:16201,2,25,23
fivb_vis:16201,3,20,25
fivb_vis:16201,4,25,23
fivb_vis:16201,5,9,15
fivb_vis:16202,1,21,25
fivb_vis:16202,2,20,25
fivb_vis:16202,3,26,24
fivb_vis:16202,4,23,25
fivb_vis:16203,1,25,23
fivb_vis:16203,2,25,18
fivb_vis:16203,3,25,17
fivb_vis:16204,1,19,25
fivb_vis:16204,2,25,23
fivb_vis:16204,3,25,21
fivb_vis:16204,4,22,25
fivb_vis:16204,5,15,11
fivb_vis:16205,1,21,25
fivb_vis:16205,2,25,21
fivb_vis:16205,3,22,25
fivb_vis:16205,4,25,22
fivb_vis:16205,5,15,11
fivb_vis:16206,1,25,23
fivb_vis:16206,2,22,25
fivb_vis:16206,3,25,21
fivb_vis:16206,4,25,21
fivb_vis:16207,1,13,25
fivb_vis:16207,2,22,25
fivb_vis:16207,3,17,25
fivb_vis:16208,1,25,19
fivb_vis:16208,2,26,24
fivb_vis:16208,3,23,25
fivb_vis:16208,4,25,17
fivb_vis:16209,1,25,20
fivb_vis:16209,2,23,25
fivb_vis:16209,3,20,25
fivb_vis:16209,4,26,28
fivb_vis:16210,1,23,25
fivb_vis:16210,2,23,25
fivb_vis:16210,3,22,25
fivb_vis:16211,1,18,25
fivb_vis:16211,2,25,23
fivb_vis:16211,3,25,23
fivb_vis:16211,4,41,43
fivb_vis:16211,5,12,15
fivb_vis:16212,1,25,19
fivb_vis:16212,2,25,17
fivb_vis:16212,3,25,17
fivb_vis:16213,1,25,21
fivb_vis:16213,2,25,23
fivb_vis:16213,3,27,25
fivb_vis:16214,1,27,29
fivb_vis:16214,2,26,28
fivb_vis:16214,3,25,23
fivb_vis:16214,4,20,25
fivb_vis:16215,1,19,25
fivb_vis:16215,2,22,25
fivb_vis:16215,3,22,25
fivb_vis:16216,1,25,19
fivb_vis:16216,2,28,30
fivb_vis:16216,3,27,29
fivb_vis:16216,4,25,20
fivb_vis:16216,5,15,11
fivb_vis:16217,1,25,23
fivb_vis:16217,2,27,25
fivb_vis:16217,3,27,25
fivb_vis:16218,1,25,23
fivb_vis:16218,2,21,25
fivb_vis:16218,3,17,25
fivb_vis:16218,4,18,25
fivb_vis:16219,1,25,20
fivb_vis:16219,2,32,30
fivb_vis:16219,3,25,22
fivb_vis:16220,1,17,25
fivb_vis:16220,2,19,25
fivb_vis:16220,3,18,25
fivb_vis:16221,1,25,22
fivb_vis:16221,2,26,28
fivb_vis:16221,3,25,23
fivb_vis:16221,4,28,30
fivb_vis:16221,5,15,10
fivb_vis:16222,1,21,25
fivb_vis:16222,2,25,20
fivb_vis:16222,3,25,22
fivb_vis:16222,4,25,21
fivb_vis:16223,1,29,27
fivb_vis:16223,2,25,19
fivb_vis:16223,3,25,21
fivb_vis:16224,1,25,21
fivb_vis:16224,2,25,18
fivb_vis:16224,3,17,25
fivb_vis:16224,4,24,26
fivb_vis:16224,5,15,9
fivb_vis:16225,1,25,17
fivb_vis:16225,2,25,13
fivb_vis:16225,3,25,14
fivb_vis:16226,1,26,24
fivb_vis:16226,2,25,18
fivb_vis:16226,3,25,22
fivb_vis:16227,1,26,24
fivb_vis:16227,2,25,21
fivb_vis:16227,3,25,20
fivb_vis:16228,1,25,19
fivb_vis:16228,2,26,28
fivb_vis:16228,3,17,25
fivb_vis:16228,4,21,25
fivb_vis:16229,1,25,19
fivb_vis:16229,2,25,18
fivb_vis:16229,3,25,19
fivb_vis:16230,1,25,18
fivb_vis:16230,2,25,23
fivb_vis:16230,3,17,25
fivb_vis:16230,4,17,25
fivb_vis:16230,5,15,9
fivb_vis:16231,1,25,23
fivb_vis:16231,2,24,26
fivb_vis:16231,3,25,18
fivb_vis:16231,4,25,18
fivb_vis:16024,1,25,21
fivb_vis:16024,2,25,22
fivb_vis:16024,3,20,25
fivb_vis:16024,4,25,22
fivb_vis:16025,1,25,23
fivb_vis:16025,2,25,18
fivb_vis:16025,3,22,25
fivb_vis:16025,4,25,15
fivb_vis:16026,1,24,26
fivb_vis:16026,2,25,17
fivb_vis:16026,3,27,29
fivb_vis:16026,4,30,28
fivb_vis:16026,5,15,11
fivb_vis:16027,1,20,25
fivb_vis:16027,2,25,23
fivb_vis:16027,3,20,25
fivb_vis:16027,4,25,23
fivb_vis:16027,5,15,13
fivb_vis:16028,1,12,25
fivb_vis:16028,2,17,25
fivb_vis:16028,3,19,25
fivb_vis:16029,1,25,23
fivb_vis:16029,2,22,25
fivb_vis:16029,3,25,20
fivb_vis:16029,4,20,25
fivb_vis:16029,5,15,12
fivb_vis:16030,1,20,25
fivb_vis:16030,2,25,19
fivb_vis:16030,3,25,21
fivb_vis:16030,4,21,25
fivb_vis:16030,5,12,15
fivb_vis:16031,1,14,25
fivb_vis:16031,2,17,25
fivb_vis:16031,3,24,26
fivb_vis:16032,1,18,25
fivb_vis:16032,2,23,25
fivb_vis:16032,3,23,25
fivb_vis:16033,1,25,22
fivb_vis:16033,2,16,25
fivb_vis:16033,3,25,16
fivb_vis:16033,4,14,25
fivb_vis:16033,5,11,15
fivb_vis:16034,1,25,23
fivb_vis:16034,2,25,23
fivb_vis:16034,3,25,21
fivb_vis:16035,1,17,25
fivb_vis:16035,2,24,26
fivb_vis:16035,3,21,25
fivb_vis:16036,1,21,25
fivb_vis:16036,2,25,20
fivb_vis:16036,3,25,14
fivb_vis:16036,4,25,18
fivb_vis:16037,1,24,26
fivb_vis:16037,2,25,17
fivb_vis:16037,3,25,15
fivb_vis:16037,4,25,21
fivb_vis:16038,1,25,19
fivb_vis:16038,2,25,20
fivb_vis:16038,3,25,22
fivb_vis:16039,1,25,18
fivb_vis:16039,2,22,25
fivb_vis:16039,3,25,18
fivb_vis:16039,4,21,25
fivb_vis:16039,5,15,11
fivb_vis:16040,1,20,25
fivb_vis:16040,2,16,25
fivb_vis:16040,3,15,25
fivb_vis:16041,1,17,25
fivb_vis:16041,2,19,25
fivb_vis:16041,3,20,25
fivb_vis:16042,1,25,17
fivb_vis:16042,2,25,16
fivb_vis:16042,3,25,18
fivb_vis:16043,1,25,16
fivb_vis:16043,2,14,25
fivb_vis:16043,3,22,25
fivb_vis:16043,4,25,20
fivb_vis:16043,5,15,9
fivb_vis:16044,1,27,25
fivb_vis:16044,2,20,25
fivb_vis:16044,3,25,21
fivb_vis:16044,4,27,25
fivb_vis:16045,1,27,25
fivb_vis:16045,2,23,25
fivb_vis:16045,3,25,22
fivb_vis:16045,4,25,20
fivb_vis:16046,1,25,18
fivb_vis:16046,2,25,22
fivb_vis:16046,3,30,28
fivb_vis:16047,1,20,25
fivb_vis:16047,2,17,25
fivb_vis:16047,3,19,25
fivb_vis:16048,1,25,16
fivb_vis:16048,2,27,25
fivb_vis:16048,3,25,11
fivb_vis:16049,1,25,19
fivb_vis:16049,2,26,24
fivb_vis:16049,3,25,19
fivb_vis:16050,1,24,26
fivb_vis:16050,2,18,25
fivb_vis:16050,3,8,25
fivb_vis:16051,1,18,25
fivb_vis:16051,2,25,20
fivb_vis:16051,3,23,25
fivb_vis:16051,4,26,24
fivb_vis:16051,5,15,10
fivb_vis:16052,1,25,17
fivb_vis:16052,2,28,26
fivb_vis:16052,3,25,21
fivb_vis:16053,1,18,25
fivb_vis:16053,2,25,27
fivb_vis:16053,3,25,27
fivb_vis:16054,1,18,25
fivb_vis:16054,2,28,26
fivb_vis:16054,3,25,23
fivb_vis:16054,4,18,25
fivb_vis:16054,5,15,12
fivb_vis:16055,1,25,22
fivb_vis:16055,2,25,22
fivb_vis:16055,3,22,25
fivb_vis:16055,4,11,25
fivb_vis:16055,5,15,9
fivb_vis:16056,1,23,25
fivb_vis:16056,2,28,30
fivb_vis:16056,3,25,23
fivb_vis:16056,4,17,25
fivb_vis:16057,1,25,14
fivb_vis:16057,2,25,18
fivb_vis:16057,3,29,27
fivb_vis:16058,1,25,17
fivb_vis:16058,2,22,25
fivb_vis:16058,3,18,25
fivb_vis:16058,4,15,25
fivb_vis:16059,1,25,16
fivb_vis:16059,2,20,25
fivb_vis:16059,3,25,16
fivb_vis:16059,4,20,25
fivb_vis:16059,5,10,15
fivb_vis:16060,1,25,17
fivb_vis:16060,2,25,19
fivb_vis:16060,3,25,23
fivb_vis:16061,1,29,31
fivb_vis:16061,2,21,25
fivb_vis:16061,3,15,25
fivb_vis:16062,1,25,20
fivb_vis:16062,2,25,13
fivb_vis:16062,3,19,25
fivb_vis:16062,4,25,23
fivb_vis:16063,1,31,29
fivb_vis:16063,2,25,16
fivb_vis:16063,3,25,16
fivb_vis:16064,1,15,25
fivb_vis:16064,2,13,25
fivb_vis:16064,3,15,25
fivb_vis:16065,1,25,22
fivb_vis:16065,2,25,20
fivb_vis:16065,3,30,28
fivb_vis:16066,1,16,25
fivb_vis:16066,2,25,16
fivb_vis:16066,3,25,21
fivb_vis:16066,4,22,25
fivb_vis:16066,5,10,15
fivb_vis:16067,1,21,25
fivb_vis:16067,2,18,25
fivb_vis:16067,3,16,25
fivb_vis:16068,1,25,18
fivb_vis:16068,2,25,13
fivb_vis:16068,3,25,19
fivb_vis:16069,1,23,25
fivb_vis:16069,2,25,22
fivb_vis:16069,3,21,25
fivb_vis:16069,4,25,12
fivb_vis:16069,5,15,11
fivb_vis:16070,1,25,15
fivb_vis:16070,2,25,22
fivb_vis:16070,3,25,20
fivb_vis:16071,1,22,25
fivb_vis:16071,2,21,25
fivb_vis:16071,3,26,28
fivb_vis:16072,1,25,20
fivb_vis:16072,2,7,25
fivb_vis:16072,3,10,25
fivb_vis:16072,4,15,25
fivb_vis:16073,1,23,25
fivb_vis:16073,2,25,14
fivb_vis:16073,3,22,25
fivb_vis:16073,4,25,20
fivb_vis:16073,5,8,15
fivb_vis:16074,1,23,25
fivb_vis:16074,2,21,25
fivb_vis:16074,3,14,25
fivb_vis:16075,1,24,26
fivb_vis:16075,2,22,25
fivb_vis:16075,3,25,17
fivb_vis:16075,4,25,12
fivb_vis:16075,5,16,14
fivb_vis:16076,1,22,25
fivb_vis:16076,2,25,13
fivb_vis:16076,3,25,17
fivb_vis:16076,4,23,25
fivb_vis:16076,5,15,10
fivb_vis:16077,1,25,22
fivb_vis:16077,2,22,25
fivb_vis:16077,3,20,25
fivb_vis:16077,4,25,18
fivb_vis:16077,5,17,19
fivb_vis:16078,1,25,20
fivb_vis:16078,2,25,23
fivb_vis:16078,3,25,22
fivb_vis:16079,1,25,22
fivb_vis:16079,2,25,18
fivb_vis:16079,3,22,25
fivb_vis:16079,4,25,17
fivb_vis:16080,1,23,25
fivb_vis:16080,2,25,23
fivb_vis:16080,3,25,19
fivb_vis:16080,4,23,25
fivb_vis:16080,5,15,6
fivb_vis:16081,1,25,16
fivb_vis:16081,2,25,11
fivb_vis:16081,3,23,25
fivb_vis:16081,4,25,17
fivb_vis:16082,1,24,26
fivb_vis:16082,2,17,25
fivb_vis:16082,3,17,25
fivb_vis:16083,1,23,25
fivb_vis:16083,2,19,25
fivb_vis:16083,3,25,23
fivb_vis:16083,4,20,25
fivb_vis:16084,1,23,25
fivb_vis:16084,2,25,23
fivb_vis:16084,3,18,25
fivb_vis:16084,4,25,22
fivb_vis:16084,5,15,12
fivb_vis:16085,1,22,25
fivb_vis:16085,2,19,25
fivb_vis:16085,3,22,25
fivb_vis:16086,1,17,25
fivb_vis:16086,2,21,25
fivb_vis:16086,3,20,25
fivb_vis:16087,1,25,19
fivb_vis:16087,2,25,17
fivb_vis:16087,3,25,27
fivb_vis:16087,4,25,12
fivb_vis:16088,1,25,19
fivb_vis:16088,2,25,18
fivb_vis:16088,3,18,25
fivb_vis:16088,4,25,21
fivb_vis:16089,1,21,25
fivb_vis:16089,2,21,25
fivb_vis:16089,3,26,28
fivb_vis:16090,1,25,22
fivb_vis:16090,2,25,18
fivb_vis:16090,3,24,26
fivb_vis:16090,4,25,15
fivb_vis:16091,1,26,28
fivb_vis:16091,2,18,25
fivb_vis:16091,3,20,25
fivb_vis:16092,1,17,25
fivb_vis:16092,2,25,15
fivb_vis:16092,3,27,25
fivb_vis:16092,4,28,30
fivb_vis:16092,5,16,14
fivb_vis:16093,1,25,23
fivb_vis:16093,2,25,23
fivb_vis:16093,3,21,25
fivb_vis:16093,4,16,25
fivb_vis:16093,5,15,9
fivb_vis:16094,1,13,25
fivb_vis:16094,2,25,17
fivb_vis:16094,3,23,25
fivb_vis:16094,4,20,25
fivb_vis:16095,1,26,28
fivb_vis:16095,2,25,20
fivb_vis:16095,3,19,25
fivb_vis:16095,4,25,21
fivb_vis:16095,5,15,10
fivb_vis:16096,1,15,25
fivb_vis:16096,2,25,19
fivb_vis:16096,3,25,19
fivb_vis:16096,4,19,25
fivb_vis:16096,5,17,15
fivb_vis:16097,1,20,25
fivb_vis:16097,2,11,25
fivb_vis:16097,3,15,25
fivb_vis:16098,1,25,15
fivb_vis:16098,2,25,17
fivb_vis:16098,3,25,17
fivb_vis:16099,1,30,28
fivb_vis:16099,2,22,25
fivb_vis:16099,3,23,25
fivb_vis:16099,4,25,21
fivb_vis:16099,5,15,17
fivb_vis:16100,1,25,18
fivb_vis:16100,2,25,18
fivb_vis:16100,3,25,16
fivb_vis:16101,1,15,25
fivb_vis:16101,2,15,25
fivb_vis:16101,3,20,25
fivb_vis:16102,1,28,26
fivb_vis:16102,2,19,25
fivb_vis:16102,3,16,25
fivb_vis:16102,4,15,25
fivb_vis:16103,1,25,22
fivb_vis:16103,2,23,25
fivb_vis:16103,3,14,25
fivb_vis:16103,4,26,24
fivb_vis:16103,5,10,15
fivb_vis:16104,1,17,25
fivb_vis:16104,2,25,23
fivb_vis:16104,3,16,25
fivb_vis:16104,4,28,30
fivb_vis:16105,1,25,22
fivb_vis:16105,2,25,17
fivb_vis:16105,3,21,25
fivb_vis:16105,4,25,20
fivb_vis:16106,1,25,20
fivb_vis:16106,2,20,25
fivb_vis:16106,3,25,22
fivb_vis:16106,4,20,25
fivb_vis:16106,5,13,15
fivb_vis:16107,1,22,25
fivb_vis:16107,2,16,25
fivb_vis:16107,3,22,25
fivb_vis:16108,1,25,22
fivb_vis:16108,2,15,25
fivb_vis:16108,3,25,23
fivb_vis:16108,4,19,25
fivb_vis:16108,5,10,15
fivb_vis:16109,1,13,25
fivb_vis:16109,2,21,25
fivb_vis:16109,3,25,21
fivb_vis:16109,4,15,25
fivb_vis:16110,1,25,14
fivb_vis:16110,2,25,17
fivb_vis:16110,3,25,17
fivb_vis:16111,1,22,25
fivb_vis:16111,2,25,18
fivb_vis:16111,3,22,25
fivb_vis:16111,4,13,25
fivb_vis:16112,1,27,25
fivb_vis:16112,2,16,25
fivb_vis:16112,3,25,18
fivb_vis:16112,4,23,25
fivb_vis:16112,5,9,15
fivb_vis:16113,1,18,25
fivb_vis:16113,2,22,25
fivb_vis:16113,3,20,25
fivb_vis:16114,1,20,25
fivb_vis:16114,2,25,16
fivb_vis:16114,3,25,14
fivb_vis:16114,4,17,25
fivb_vis:16114,5,15,4
fivb_vis:16115,1,25,23
fivb_vis:16115,2,25,18
fivb_vis:16115,3,25,16
fivb_vis:16116,1,14,25
fivb_vis:16116,2,23,25
fivb_vis:16116,3,18,25
fivb_vis:16117,1,18,25
fivb_vis:16117,2,25,19
fivb_vis:16117,3,19,25
fivb_vis:16117,4,25,20
fivb_vis:16117,5,15,8
fivb_vis:16118,1,25,23
fivb_vis:16118,2,25,23
fivb_vis:16118,3,17,25
fivb_vis:16118,4,25,22
fivb_vis:16119,1,20,25
fivb_vis:16119,2,16,25
fivb_vis:16119,3,23,25
fivb_vis:16120,1,25,12
fivb_vis:16120,2,21,25
fivb_vis:16120,3,25,21
fivb_vis:16120,4,26,24
fivb_vis:16121,1,25,23
fivb_vis:16121,2,25,21
fivb_vis:16121,3,18,25
fivb_vis:16121,4,25,18
fivb_vis:16122,1,21,25
fivb_vis:16122,2,20,25
fivb_vis:16122,3,25,20
fivb_vis:16122,4,23,25
fivb_vis:16123,1,25,20
fivb_vis:16123,2,25,15
fivb_vis:16123,3,25,18
fivb_vis:16124,1,18,25
fivb_vis:16124,2,23,25
fivb_vis:16124,3,23,25
fivb_vis:16125,1,21,25
fivb_vis:16125,2,14,25
fivb_vis:16125,3,26,24
fivb_vis:16125,4,25,27
fivb_vis:16126,1,25,15
fivb_vis:16126,2,16,25
fivb_vis:16126,3,25,19
fivb_vis:16126,4,18,25
fivb_vis:16126,5,17,15
fivb_vis:16127,1,22,25
fivb_vis:16127,2,25,22
fivb_vis:16127,3,19,25
fivb_vis:16127,4,16,25
fivb_vis:15704,1,28,26
fivb_vis:15704,2,26,24
fivb_vis:15704,3,25,23
fivb_vis:15705,1,25,16
fivb_vis:15705,2,25,12
fivb_vis:15705,3,25,22
fivb_vis:15706,1,22,25
fivb_vis:15706,2,20,25
fivb_vis:15706,3,28,26
fivb_vis:15706,4,25,16
fivb_vis:15706,5,10,15
fivb_vis:15707,1,25,17
fivb_vis:15707,2,25,20
fivb_vis:15707,3,23,25
fivb_vis:15707,4,25,22
fivb_vis:15708,1,25,15
fivb_vis:15708,2,25,8
fivb_vis:15708,3,29,27
fivb_vis:15709,1,25,27
fivb_vis:15709,2,25,20
fivb_vis:15709,3,25,21
fivb_vis:15709,4,25,20
fivb_vis:15710,1,25,21
fivb_vis:15710,2,26,24
fivb_vis:15710,3,25,23
fivb_vis:15711,1,25,22
fivb_vis:15711,2,25,17
fivb_vis:15711,3,25,20
fivb_vis:15712,1,25,22
fivb_vis:15712,2,25,20
fivb_vis:15712,3,25,17
fivb_vis:15713,1,25,19
fivb_vis:15713,2,19,25
fivb_vis:15713,3,25,19
fivb_vis:15713,4,25,15
fivb_vis:15714,1,18,25
fivb_vis:15714,2,31,33
fivb_vis:15714,3,25,22
fivb_vis:15714,4,25,22
fivb_vis:15714,5,14,16
fivb_vis:15715,1,25,17
fivb_vis:15715,2,25,16
fivb_vis:15715,3,23,25
fivb_vis:15715,4,25,20
fivb_vis:1809,1,14,25
fivb_vis:1809,2,23,25
fivb_vis:1809,3,18,25
fivb_vis:1810,1,25,13
fivb_vis:1810,2,20,25
fivb_vis:1810,3,25,14
fivb_vis:1810,4,22,25
fivb_vis:1810,5,15,9
fivb_vis:1811,1,14,25
fivb_vis:1811,2,22,25
fivb_vis:1811,3,22,25
fivb_vis:1812,1,25,22
fivb_vis:1812,2,25,20
fivb_vis:1812,3,25,18
fivb_vis:1813,1,25,21
fivb_vis:1813,2,25,14
fivb_vis:1813,3,25,20
fivb_vis:1814,1,25,21
fivb_vis:1814,2,20,25
fivb_vis:1814,3,15,25
fivb_vis:1814,4,14,25
fivb_vis:1815,1,25,19
fivb_vis:1815,2,25,14
fivb_vis:1815,3,25,20
fivb_vis:1816,1,25,13
fivb_vis:1816,2,25,7
fivb_vis:1816,3,25,22
fivb_vis:1817,1,21,25
fivb_vis:1817,2,18,25
fivb_vis:1817,3,16,25
fivb_vis:1818,1,25,18
fivb_vis:1818,2,20,25
fivb_vis:1818,3,25,10
fivb_vis:1818,4,25,20
fivb_vis:1819,1,25,15
fivb_vis:1819,2,22,25
fivb_vis:1819,3,25,10
fivb_vis:1819,4,25,14
fivb_vis:1820,1,12,25
fivb_vis:1820,2,10,25
fivb_vis:1820,3,8,25
fivb_vis:16914,1,20,25
fivb_vis:16914,2,25,22
fivb_vis:16914,3,23,25
fivb_vis:16914,4,20,25
fivb_vis:16915,1,25,19
fivb_vis:16915,2,25,19
fivb_vis:16915,3,25,22
fivb_vis:16916,1,25,22
fivb_vis:16916,2,25,18
fivb_vis:16916,3,25,22
fivb_vis:16917,1,25,21
fivb_vis:16917,2,25,20
fivb_vis:16917,3,25,20
fivb_vis:16918,1,25,21
fivb_vis:16918,2,25,20
fivb_vis:16918,3,25,21
fivb_vis:16919,1,20,25
fivb_vis:16919,2,25,22
fivb_vis:16919,3,25,18
fivb_vis:16919,4,22,25
fivb_vis:16919,5,15,12
fivb_vis:16908,1,20,25
fivb_vis:16908,2,25,19
fivb_vis:16908,3,25,17
fivb_vis:16908,4,25,16
fivb_vis:16909,1,25,13
fivb_vis:16909,2,25,11
fivb_vis:16909,3,25,16
fivb_vis:16910,1,13,25
fivb_vis:16910,2,18,25
fivb_vis:16910,3,12,25
fivb_vis:16911,1,25,14
fivb_vis:16911,2,27,25
fivb_vis:16911,3,25,9
fivb_vis:16912,1,25,10
fivb_vis:16912,2,25,13
fivb_vis:16912,3,25,20
fivb_vis:16913,1,25,23
fivb_vis:16913,2,25,10
fivb_vis:16913,3,25,7
fivb_vis:380,1,25,20
fivb_vis:380,2,21,25
fivb_vis:380,3,22,25
fivb_vis:380,4,14,25
fivb_vis:381,1,25,19
fivb_vis:381,2,25,18
fivb_vis:381,3,23,25
fivb_vis:381,4,25,17
fivb_vis:382,1,25,18
fivb_vis:382,2,25,18
fivb_vis:382,3,22,25
fivb_vis:382,4,21,25
fivb_vis:382,5,15,10
fivb_vis:383,1,25,19
fivb_vis:383,2,25,15
fivb_vis:383,3,25,18
fivb_vis:384,1,25,20
fivb_vis:384,2,25,21
fivb_vis:384,3,26,28
fivb_vis:384,4,25,19
fivb_vis:385,1,25,17
fivb_vis:385,2,33,31
fivb_vis:385,3,25,20
fivb_vis:386,1,25,27
fivb_vis:386,2,25,21
fivb_vis:386,3,21,25
fivb_vis:386,4,25,23
fivb_vis:386,5,16,14
fivb_vis:387,1,21,25
fivb_vis:387,2,18,25
fivb_vis:387,3,10,25
fivb_vis:388,1,24,26
fivb_vis:388,2,25,22
fivb_vis:388,3,25,15
fivb_vis:388,4,25,21
fivb_vis:389,1,27,25
fivb_vis:389,2,20,25
fivb_vis:389,3,17,25
fivb_vis:389,4,21,25
fivb_vis:390,1,21,25
fivb_vis:390,2,25,21
fivb_vis:390,3,25,16
fivb_vis:390,4,21,25
fivb_vis:390,5,14,16
fivb_vis:391,1,27,29
fivb_vis:391,2,25,23
fivb_vis:391,3,21,25
fivb_vis:391,4,19,25
fivb_vis:392,1,25,21
fivb_vis:392,2,25,20
fivb_vis:392,3,25,21
fivb_vis:393,1,29,27
fivb_vis:393,2,25,21
fivb_vis:393,3,25,21
fivb_vis:394,1,25,22
fivb_vis:394,2,24,26
fivb_vis:394,3,29,31
fivb_vis:394,4,19,25
fivb_vis:395,1,31,29
fivb_vis:395,2,22,25
fivb_vis:395,3,25,22
fivb_vis:395,4,25,21
fivb_vis:396,1,25,20
fivb_vis:396,2,25,23
fivb_vis:396,3,17,25
fivb_vis:396,4,16,25
fivb_vis:396,5,15,10
fivb_vis:397,1,29,27
fivb_vis:397,2,21,25
fivb_vis:397,3,14,25
fivb_vis:397,4,24,26
fivb_vis:398,1,25,22
fivb_vis:398,2,25,12
fivb_vis:398,3,25,18
fivb_vis:399,1,25,19
fivb_vis:399,2,25,14
fivb_vis:399,3,25,18
fivb_vis:400,1,25,21
fivb_vis:400,2,27,25
fivb_vis:400,3,24,26
fivb_vis:400,4,25,23
fivb_vis:401,1,25,20
fivb_vis:401,2,25,21
fivb_vis:401,3,25,16
fivb_vis:402,1,30,28
fivb_vis:402,2,25,19
fivb_vis:402,3,25,19
fivb_vis:403,1,25,23
fivb_vis:403,2,25,21
fivb_vis:403,3,25,23
fivb_vis:404,1,23,25
fivb_vis:404,2,25,19
fivb_vis:404,3,25,16
fivb_vis:404,4,25,22
fivb_vis:405,1,22,25
fivb_vis:405,2,21,25
fivb_vis:405,3,23,25
fivb_vis:406,1,17,25
fivb_vis:406,2,26,24
fivb_vis:406,3,24,26
fivb_vis:406,4,25,23
fivb_vis:406,5,15,12
fivb_vis:407,1,16,25
fivb_vis:407,2,13,25
fivb_vis:407,3,17,25
fivb_vis:408,1,17,25
fivb_vis:408,2,23,25
fivb_vis:408,3,25,21
fivb_vis:408,4,25,20
fivb_vis:408,5,14,16
fivb_vis:409,1,18,25
fivb_vis:409,2,12,25
fivb_vis:409,3,21,25
fivb_vis:410,1,20,25
fivb_vis:410,2,25,23
fivb_vis:410,3,21,25
fivb_vis:410,4,25,18
fivb_vis:410,5,15,12
fivb_vis:411,1,25,20
fivb_vis:411,2,16,25
fivb_vis:411,3,22,25
fivb_vis:411,4,21,25
fivb_vis:412,1,25,19
fivb_vis:412,2,25,22
fivb_vis:412,3,18,25
fivb_vis:412,4,26,28
fivb_vis:412,5,17,15
fivb_vis:413,1,17,25
fivb_vis:413,2,15,25
fivb_vis:413,3,16,25
fivb_vis:414,1,25,22
fivb_vis:414,2,25,21
fivb_vis:414,3,25,27
fivb_vis:414,4,22,25
fivb_vis:414,5,15,13
fivb_vis:415,1,25,19
fivb_vis:415,2,18,25
fivb_vis:415,3,21,25
fivb_vis:415,4,22,25
fivb_vis:416,1,25,22
fivb_vis:416,2,25,19
fivb_vis:416,3,25,23
fivb_vis:417,1,20,25
fivb_vis:417,2,25,22
fivb_vis:417,3,25,21
fivb_vis:417,4,25,23
fivb_vis:1821,1,13,25
fivb_vis:1821,2,25,17
fivb_vis:1821,3,14,25
fivb_vis:1821,4,25,21
fivb_vis:1821,5,15,10
fivb_vis:1822,1,25,21
fivb_vis:1822,2,25,23
fivb_vis:1822,3,20,25
fivb_vis:1822,4,25,19
fivb_vis:1823,1,20,25
fivb_vis:1823,2,14,25
fivb_vis:1823,3,16,25
fivb_vis:1824,1,25,15
fivb_vis:1824,2,25,16
fivb_vis:1824,3,25,21
fivb_vis:1825,1,23,25
fivb_vis:1825,2,23,25
fivb_vis:1825,3,24,26
fivb_vis:1826,1,15,25
fivb_vis:1826,2,10,25
fivb_vis:1826,3,17,25
fivb_vis:17580,1,25,16
fivb_vis:17580,2,25,15
fivb_vis:17580,3,25,22
fivb_vis:17581,1,25,18
fivb_vis:17581,2,25,18
fivb_vis:17581,3,25,11
fivb_vis:17582,1,25,19
fivb_vis:17582,2,19,25
fivb_vis:17582,3,17,25
fivb_vis:17582,4,22,25
fivb_vis:17583,1,25,17
fivb_vis:17583,2,25,18
fivb_vis:17583,3,25,19
fivb_vis:17584,1,19,25
fivb_vis:17584,2,20,25
fivb_vis:17584,3,15,25
fivb_vis:17585,1,15,25
fivb_vis:17585,2,24,26
fivb_vis:17585,3,13,25
fivb_vis:17586,1,16,25
fivb_vis:17586,2,25,20
fivb_vis:17586,3,9,25
fivb_vis:17586,4,18,25
fivb_vis:17587,1,20,25
fivb_vis:17587,2,27,25
fivb_vis:17587,3,16,25
fivb_vis:17587,4,25,23
fivb_vis:17587,5,15,12
fivb_vis:17588,1,25,17
fivb_vis:17588,2,23,25
fivb_vis:17588,3,25,16
fivb_vis:17588,4,25,21
fivb_vis:17589,1,19,25
fivb_vis:17589,2,27,29
fivb_vis:17589,3,22,25
fivb_vis:17570,1,25,16
fivb_vis:17570,2,24,26
fivb_vis:17570,3,25,23
fivb_vis:17570,4,25,19
fivb_vis:17571,1,25,13
fivb_vis:17571,2,25,11
fivb_vis:17571,3,25,21
fivb_vis:17572,1,10,25
fivb_vis:17572,2,24,26
fivb_vis:17572,3,13,25
fivb_vis:17573,1,25,17
fivb_vis:17573,2,25,16
fivb_vis:17573,3,25,17
fivb_vis:17574,1,25,20
fivb_vis:17574,2,17,25
fivb_vis:17574,3,15,25
fivb_vis:17574,4,20,25
fivb_vis:17575,1,23,25
fivb_vis:17575,2,23,25
fivb_vis:17575,3,15,25
fivb_vis:17576,1,25,20
fivb_vis:17576,2,29,27
fivb_vis:17576,3,26,24
fivb_vis:17577,1,25,14
fivb_vis:17577,2,25,18
fivb_vis:17577,3,25,9
fivb_vis:17578,1,23,25
fivb_vis:17578,2,25,23
fivb_vis:17578,3,17,25
fivb_vis:17578,4,25,12
fivb_vis:17578,5,13,15
fivb_vis:17579,1,25,19
fivb_vis:17579,2,25,22
fivb_vis:17579,3,25,19
fivb_vis:17765,1,25,18
fivb_vis:17765,2,25,11
fivb_vis:17765,3,25,7
fivb_vis:17766,1,25,18
fivb_vis:17766,2,25,14
fivb_vis:17766,3,25,20
fivb_vis:17767,1,25,16
fivb_vis:17767,2,25,20
fivb_vis:17767,3,25,17
fivb_vis:17768,1,25,10
fivb_vis:17768,2,25,5
fivb_vis:17768,3,25,10
fivb_vis:17769,1,25,18
fivb_vis:17769,2,25,13
fivb_vis:17769,3,25,22
fivb_vis:17770,1,25,2
fivb_vis:17770,2,25,8
fivb_vis:17770,3,25,12
fivb_vis:17771,1,4,25
fivb_vis:17771,2,11,25
fivb_vis:17771,3,7,25
fivb_vis:17772,1,6,25
fivb_vis:17772,2,13,25
fivb_vis:17772,3,11,25
fivb_vis:17773,1,10,25
fivb_vis:17773,2,9,25
fivb_vis:17773,3,10,25
fivb_vis:17774,1,10,25
fivb_vis:17774,2,9,25
fivb_vis:17774,3,6,25
fivb_vis:17775,1,25,15
fivb_vis:17775,2,26,28
fivb_vis:17775,3,17,25
fivb_vis:17775,4,25,16
fivb_vis:17775,5,15,11
fivb_vis:17776,1,25,17
fivb_vis:17776,2,25,13
fivb_vis:17776,3,25,18
fivb_vis:17777,1,25,17
fivb_vis:17777,2,25,14
fivb_vis:17777,3,25,9
fivb_vis:17778,1,25,16
fivb_vis:17778,2,25,19
fivb_vis:17778,3,21,25
fivb_vis:17778,4,25,16
fivb_vis:17779,1,25,10
fivb_vis:17779,2,25,7
fivb_vis:17779,3,25,12
fivb_vis:17780,1,25,10
fivb_vis:17780,2,25,11
fivb_vis:17780,3,25,11
fivb_vis:17781,1,25,14
fivb_vis:17781,2,25,16
fivb_vis:17781,3,25,14
fivb_vis:17782,1,25,8
fivb_vis:17782,2,25,7
fivb_vis:17782,3,25,14
fivb_vis:17783,1,17,25
fivb_vis:17783,2,18,25
fivb_vis:17783,3,19,25
fivb_vis:17784,1,25,19
fivb_vis:17784,2,25,21
fivb_vis:17784,3,25,20
fivb_vis:17785,1,20,25
fivb_vis:17785,2,17,25
fivb_vis:17785,3,21,25
fivb_vis:17786,1,14,25
fivb_vis:17786,2,17,25
fivb_vis:17786,3,20,25
fivb_vis:17787,1,16,25
fivb_vis:17787,2,23,25
fivb_vis:17787,3,25,22
fivb_vis:17787,4,14,25
fivb_vis:17788,1,25,21
fivb_vis:17788,2,30,28
fivb_vis:17788,3,25,18
fivb_vis:17789,1,25,5
fivb_vis:17789,2,25,8
fivb_vis:17789,3,25,13
fivb_vis:17790,1,2,25
fivb_vis:17790,2,4,25
fivb_vis:17790,3,13,25
fivb_vis:17791,1,18,25
fivb_vis:17791,2,25,19
fivb_vis:17791,3,25,22
fivb_vis:17791,4,26,28
fivb_vis:17791,5,9,15
fivb_vis:17792,1,25,16
fivb_vis:17792,2,25,18
fivb_vis:17792,3,23,25
fivb_vis:17792,4,24,26
fivb_vis:17792,5,15,6
fivb_vis:17793,1,14,25
fivb_vis:17793,2,12,25
fivb_vis:17793,3,18,25
fivb_vis:17794,1,9,25
fivb_vis:17794,2,11,25
fivb_vis:17794,3,11,25
fivb_vis:17795,1,25,13
fivb_vis:17795,2,25,16
fivb_vis:17795,3,25,19
fivb_vis:17796,1,25,16
fivb_vis:17796,2,25,16
fivb_vis:17796,3,25,19
fivb_vis:17797,1,25,13
fivb_vis:17797,2,25,18
fivb_vis:17797,3,25,11
fivb_vis:17798,1,23,25
fivb_vis:17798,2,15,25
fivb_vis:17798,3,25,18
fivb_vis:17798,4,25,23
fivb_vis:17798,5,16,14
fivb_vis:17799,1,25,14
fivb_vis:17799,2,25,17
fivb_vis:17799,3,25,12
fivb_vis:17800,1,25,17
fivb_vis:17800,2,25,23
fivb_vis:17800,3,25,18
fivb_vis:17801,1,20,25
fivb_vis:17801,2,23,25
fivb_vis:17801,3,16,25
fivb_vis:17802,1,26,24
fivb_vis:17802,2,25,21
fivb_vis:17802,3,29,27
fivb_vis:17803,1,25,14
fivb_vis:17803,2,25,11
fivb_vis:17803,3,25,10
fivb_vis:17804,1,25,27
fivb_vis:17804,2,25,14
fivb_vis:17804,3,25,11
fivb_vis:17804,4,25,18
fivb_vis:17805,1,13,25
fivb_vis:17805,2,25,21
fivb_vis:17805,3,15,25
fivb_vis:17805,4,20,25
fivb_vis:17806,1,25,18
fivb_vis:17806,2,25,18
fivb_vis:17806,3,25,22
fivb_vis:17807,1,24,26
fivb_vis:17807,2,25,27
fivb_vis:17807,3,26,24
fivb_vis:17807,4,22,25
fivb_vis:17808,1,25,18
fivb_vis:17808,2,25,13
fivb_vis:17808,3,23,25
fivb_vis:17808,4,25,17
fivb_vis:17809,1,25,21
fivb_vis:17809,2,15,25
fivb_vis:17809,3,14,25
fivb_vis:17809,4,15,25
fivb_vis:17810,1,22,25
fivb_vis:17810,2,20,25
fivb_vis:17810,3,14,25
fivb_vis:18123,1,25,11
fivb_vis:18123,2,25,8
fivb_vis:18123,3,25,10
fivb_vis:18124,1,25,8
fivb_vis:18124,2,25,14
fivb_vis:18124,3,25,7
fivb_vis:18125,1,25,23
fivb_vis:18125,2,18,25
fivb_vis:18125,3,25,15
fivb_vis:18125,4,25,20
fivb_vis:18126,1,25,22
fivb_vis:18126,2,14,25
fivb_vis:18126,3,19,25
fivb_vis:18126,4,27,25
fivb_vis:18126,5,13,15
fivb_vis:18127,1,25,19
fivb_vis:18127,2,33,31
fivb_vis:18127,3,25,23
fivb_vis:18128,1,22,25
fivb_vis:18128,2,20,25
fivb_vis:18128,3,26,24
fivb_vis:18128,4,17,25
fivb_vis:18129,1,25,17
fivb_vis:18129,2,25,18
fivb_vis:18129,3,26,24
fivb_vis:18130,1,10,25
fivb_vis:18130,2,9,25
fivb_vis:18130,3,18,25
fivb_vis:18131,1,18,25
fivb_vis:18131,2,22,25
fivb_vis:18131,3,25,17
fivb_vis:18131,4,24,26
fivb_vis:18132,1,19,25
fivb_vis:18132,2,17,25
fivb_vis:18132,3,19,25
fivb_vis:18133,1,11,25
fivb_vis:18133,2,11,25
fivb_vis:18133,3,25,20
fivb_vis:18133,4,24,26
fivb_vis:18134,1,25,10
fivb_vis:18134,2,25,10
fivb_vis:18134,3,25,19
fivb_vis:18135,1,25,23
fivb_vis:18135,2,25,22
fivb_vis:18135,3,25,12
fivb_vis:18136,1,17,25
fivb_vis:18136,2,21,25
fivb_vis:18136,3,12,25
fivb_vis:18137,1,26,24
fivb_vis:18137,2,25,17
fivb_vis:18137,3,25,19
fivb_vis:18138,1,23,25
fivb_vis:18138,2,25,21
fivb_vis:18138,3,16,25
fivb_vis:18138,4,25,17
fivb_vis:18138,5,15,11
fivb_vis:18139,1,25,20
fivb_vis:18139,2,25,23
fivb_vis:18139,3,25,15
fivb_vis:18140,1,25,21
fivb_vis:18140,2,25,22
fivb_vis:18140,3,25,19
fivb_vis:18141,1,10,25
fivb_vis:18141,2,13,25
fivb_vis:18141,3,17,25
fivb_vis:18142,1,25,27
fivb_vis:18142,2,22,25
fivb_vis:18142,3,25,20
fivb_vis:18142,4,23,25
fivb_vis:18143,1,25,21
fivb_vis:18143,2,25,16
fivb_vis:18143,3,25,17
fivb_vis:18144,1,25,22
fivb_vis:18144,2,25,21
fivb_vis:18144,3,25,20
fivb_vis:18145,1,25,22
fivb_vis:18145,2,27,29
fivb_vis:18145,3,25,21
fivb_vis:18145,4,25,12
fivb_vis:18146,1,24,26
fivb_vis:18146,2,25,12
fivb_vis:18146,3,25,22
fivb_vis:18146,4,25,16
fivb_vis:18147,1,25,14
fivb_vis:18147,2,25,10
fivb_vis:18147,3,25,15
fivb_vis:18148,1,25,17
fivb_vis:18148,2,25,19
fivb_vis:18148,3,27,25
fivb_vis:18149,1,25,10
fivb_vis:18149,2,25,13
fivb_vis:18149,3,25,18
fivb_vis:18150,1,25,14
fivb_vis:18150,2,25,14
fivb_vis:18150,3,25,13
fivb_vis:18151,1,19,25
fivb_vis:18151,2,25,20
fivb_vis:18151,3,25,16
fivb_vis:18151,4,25,12
fivb_vis:18152,1,24,26
fivb_vis:18152,2,15,25
fivb_vis:18152,3,23,25
fivb_vis:18153,1,25,19
fivb_vis:18153,2,27,25
fivb_vis:18153,3,25,23
fivb_vis:18154,1,25,18
fivb_vis:18154,2,27,25
fivb_vis:18154,3,25,16
fivb_vis:18155,1,25,20
fivb_vis:18155,2,26,24
fivb_vis:18155,3,25,17
fivb_vis:18156,1,19,25
fivb_vis:18156,2,23,25
fivb_vis:18156,3,18,25
fivb_vis:18157,1,25,22
fivb_vis:18157,2,20,25
fivb_vis:18157,3,25,27
fivb_vis:18157,4,17,25
fivb_vis:18158,1,28,30
fivb_vis:18158,2,19,25
fivb_vis:18158,3,19,25
fivb_vis:18159,1,25,16
fivb_vis:18159,2,19,25
fivb_vis:18159,3,21,25
fivb_vis:18159,4,25,16
fivb_vis:18159,5,15,10
fivb_vis:18160,1,25,14
fivb_vis:18160,2,25,18
fivb_vis:18160,3,25,23
fivb_vis:18161,1,25,21
fivb_vis:18161,2,25,18
fivb_vis:18161,3,25,20
fivb_vis:18162,1,19,25
fivb_vis:18162,2,15,25
fivb_vis:18162,3,20,25
fivb_vis:18163,1,18,25
fivb_vis:18163,2,25,15
fivb_vis:18163,3,33,35
fivb_vis:18163,4,25,22
fivb_vis:18163,5,15,11
fivb_vis:18164,1,25,13
fivb_vis:18164,2,25,23
fivb_vis:18164,3,20,25
fivb_vis:18164,4,29,27
fivb_vis:18165,1,25,20
fivb_vis:18165,2,22,25
fivb_vis:18165,3,25,20
fivb_vis:18165,4,25,16
fivb_vis:18166,1,20,25
fivb_vis:18166,2,21,25
fivb_vis:18166,3,23,25
fivb_vis:18167,1,19,25
fivb_vis:18167,2,21,25
fivb_vis:18167,3,25,18
fivb_vis:18167,4,32,30
fivb_vis:18167,5,14,16
fivb_vis:18168,1,25,0
fivb_vis:18168,2,25,0
fivb_vis:18168,3,25,0
fivb_vis:18169,1,17,25
fivb_vis:18169,2,18,25
fivb_vis:18169,3,21,25
fivb_vis:18170,1,22,25
fivb_vis:18170,2,25,22
fivb_vis:18170,3,25,23
fivb_vis:18170,4,25,15
fivb_vis:18171,1,22,25
fivb_vis:18171,2,18,25
fivb_vis:18171,3,25,20
fivb_vis:18171,4,22,25
fivb_vis:17811,1,25,19
fivb_vis:17811,2,25,21
fivb_vis:17811,3,25,22
fivb_vis:17812,1,22,25
fivb_vis:17812,2,25,22
fivb_vis:17812,3,19,25
fivb_vis:17812,4,28,26
fivb_vis:17812,5,13,15
fivb_vis:17813,1,25,20
fivb_vis:17813,2,25,19
fivb_vis:17813,3,25,19
fivb_vis:17814,1,21,25
fivb_vis:17814,2,16,25
fivb_vis:17814,3,25,14
fivb_vis:17814,4,25,22
fivb_vis:17814,5,12,15
fivb_vis:17815,1,19,25
fivb_vis:17815,2,22,25
fivb_vis:17815,3,19,25
fivb_vis:17816,1,25,0
fivb_vis:17816,2,25,0
fivb_vis:17816,3,25,0
fivb_vis:17817,1,8,25
fivb_vis:17817,2,19,25
fivb_vis:17817,3,13,25
fivb_vis:17818,1,26,24
fivb_vis:17818,2,19,25
fivb_vis:17818,3,12,25
fivb_vis:17818,4,21,25
fivb_vis:17819,1,19,25
fivb_vis:17819,2,16,25
fivb_vis:17819,3,19,25
fivb_vis:17820,1,25,16
fivb_vis:17820,2,25,14
fivb_vis:17820,3,25,22
fivb_vis:17821,1,25,14
fivb_vis:17821,2,25,15
fivb_vis:17821,3,25,16
fivb_vis:17822,1,25,23
fivb_vis:17822,2,25,22
fivb_vis:17822,3,21,25
fivb_vis:17822,4,22,25
fivb_vis:17822,5,11,15
fivb_vis:17823,1,25,17
fivb_vis:17823,2,25,20
fivb_vis:17823,3,25,16
fivb_vis:17824,1,20,25
fivb_vis:17824,2,25,17
fivb_vis:17824,3,22,25
fivb_vis:17824,4,25,17
fivb_vis:17824,5,15,12
fivb_vis:17825,1,26,28
fivb_vis:17825,2,25,20
fivb_vis:17825,3,32,30
fivb_vis:17825,4,25,22
fivb_vis:17826,1,25,15
fivb_vis:17826,2,25,23
fivb_vis:17826,3,23,25
fivb_vis:17826,4,25,19
fivb_vis:17827,1,25,19
fivb_vis:17827,2,12,25
fivb_vis:17827,3,15,25
fivb_vis:17827,4,14,25
fivb_vis:17828,1,0,25
fivb_vis:17828,2,0,25
fivb_vis:17828,3,0,25
fivb_vis:17829,1,25,18
fivb_vis:17829,2,23,25
fivb_vis:17829,3,17,25
fivb_vis:17829,4,19,25
fivb_vis:17830,1,0,25
fivb_vis:17830,2,0,25
fivb_vis:17830,3,0,25
fivb_vis:17831,1,25,18
fivb_vis:17831,2,25,15
fivb_vis:17831,3,25,13
fivb_vis:17832,1,25,14
fivb_vis:17832,2,25,14
fivb_vis:17832,3,25,17
fivb_vis:17833,1,31,29
fivb_vis:17833,2,19,25
fivb_vis:17833,3,25,18
fivb_vis:17833,4,22,25
fivb_vis:17833,5,15,13
fivb_vis:17834,1,25,19
fivb_vis:17834,2,25,18
fivb_vis:17834,3,25,18
fivb_vis:17835,1,25,23
fivb_vis:17835,2,25,19
fivb_vis:17835,3,25,22
fivb_vis:17836,1,25,16
fivb_vis:17836,2,19,25
fivb_vis:17836,3,22,25
fivb_vis:17836,4,25,19
fivb_vis:17836,5,16,14
fivb_vis:17837,1,25,0
fivb_vis:17837,2,25,0
fivb_vis:17837,3,25,0
fivb_vis:17838,1,18,25
fivb_vis:17838,2,17,25
fivb_vis:17838,3,17,25
fivb_vis:17839,1,25,22
fivb_vis:17839,2,21,25
fivb_vis:17839,3,23,25
fivb_vis:17839,4,21,25
fivb_vis:17840,1,29,31
fivb_vis:17840,2,18,25
fivb_vis:17840,3,12,25
fivb_vis:17841,1,25,22
fivb_vis:17841,2,19,25
fivb_vis:17841,3,20,25
fivb_vis:17841,4,18,25
fivb_vis:17842,1,21,25
fivb_vis:17842,2,25,22
fivb_vis:17842,3,28,26
fivb_vis:17842,4,25,18
fivb_vis:17843,1,16,25
fivb_vis:17843,2,15,25
fivb_vis:17843,3,23,25
fivb_vis:17844,1,22,25
fivb_vis:17844,2,23,25
fivb_vis:17844,3,25,20
fivb_vis:17844,4,19,25
fivb_vis:17845,1,23,25
fivb_vis:17845,2,25,20
fivb_vis:17845,3,25,17
fivb_vis:17845,4,25,13
fivb_vis:17846,1,25,17
fivb_vis:17846,2,25,23
fivb_vis:17846,3,25,16
fivb_vis:17847,1,19,25
fivb_vis:17847,2,25,22
fivb_vis:17847,3,23,25
fivb_vis:17847,4,25,13
fivb_vis:17847,5,15,12
fivb_vis:17848,1,17,25
fivb_vis:17848,2,20,25
fivb_vis:17848,3,25,23
fivb_vis:17848,4,25,21
fivb_vis:17848,5,15,10
fivb_vis:17849,1,18,25
fivb_vis:17849,2,25,23
fivb_vis:17849,3,25,14
fivb_vis:17849,4,25,19
fivb_vis:17850,1,25,20
fivb_vis:17850,2,25,23
fivb_vis:17850,3,25,23
fivb_vis:17851,1,22,25
fivb_vis:17851,2,25,18
fivb_vis:17851,3,25,14
fivb_vis:17851,4,28,26
fivb_vis:17852,1,25,21
fivb_vis:17852,2,25,23
fivb_vis:17852,3,25,21
fivb_vis:17853,1,25,22
fivb_vis:17853,2,21,25
fivb_vis:17853,3,25,18
fivb_vis:17853,4,25,18
fivb_vis:17854,1,23,25
fivb_vis:17854,2,19,25
fivb_vis:17854,3,18,25
fivb_vis:17855,1,20,25
fivb_vis:17855,2,18,25
fivb_vis:17855,3,18,25
fivb_vis:1827,1,20,25
fivb_vis:1827,2,17,25
fivb_vis:1827,3,19,25
fivb_vis:1828,1,25,9
fivb_vis:1828,2,25,15
fivb_vis:1828,3,25,18
fivb_vis:1829,1,10,25
fivb_vis:1829,2,15,25
fivb_vis:1829,3,9,25
fivb_vis:18063,1,18,25
fivb_vis:18063,2,16,25
fivb_vis:18063,3,22,25
fivb_vis:18064,1,12,25
fivb_vis:18064,2,15,25
fivb_vis:18064,3,6,25
fivb_vis:18065,1,25,22
fivb_vis:18065,2,25,19
fivb_vis:18065,3,23,25
fivb_vis:18065,4,17,25
fivb_vis:18065,5,13,15
fivb_vis:18066,1,25,21
fivb_vis:18066,2,17,25
fivb_vis:18066,3,24,26
fivb_vis:18066,4,27,25
fivb_vis:18066,5,15,6
fivb_vis:18067,1,14,25
fivb_vis:18067,2,16,25
fivb_vis:18067,3,22,25
fivb_vis:18068,1,25,11
fivb_vis:18068,2,25,10
fivb_vis:18068,3,25,18
fivb_vis:18069,1,16,25
fivb_vis:18069,2,24,26
fivb_vis:18069,3,14,25
fivb_vis:18070,1,25,16
fivb_vis:18070,2,25,23
fivb_vis:18070,3,25,17
fivb_vis:18071,1,15,25
fivb_vis:18071,2,20,25
fivb_vis:18071,3,17,25
fivb_vis:18072,1,22,25
fivb_vis:18072,2,25,19
fivb_vis:18072,3,30,28
fivb_vis:18072,4,25,17
fivb_vis:18073,1,25,13
fivb_vis:18073,2,25,22
fivb_vis:18073,3,23,25
fivb_vis:18073,4,22,25
fivb_vis:18073,5,15,8
fivb_vis:18074,1,25,11
fivb_vis:18074,2,25,12
fivb_vis:18074,3,25,9
fivb_vis:18075,1,25,10
fivb_vis:18075,2,25,16
fivb_vis:18075,3,25,6
fivb_vis:18076,1,25,21
fivb_vis:18076,2,25,21
fivb_vis:18076,3,25,11
fivb_vis:18077,1,12,25
fivb_vis:18077,2,15,25
fivb_vis:18077,3,12,25
fivb_vis:18078,1,18,25
fivb_vis:18078,2,22,25
fivb_vis:18078,3,25,18
fivb_vis:18078,4,17,25
fivb_vis:18079,1,25,12
fivb_vis:18079,2,25,7
fivb_vis:18079,3,25,11
fivb_vis:18080,1,25,12
fivb_vis:18080,2,25,21
fivb_vis:18080,3,25,10
fivb_vis:18081,1,25,13
fivb_vis:18081,2,25,20
fivb_vis:18081,3,25,18
fivb_vis:18082,1,9,25
fivb_vis:18082,2,10,25
fivb_vis:18082,3,12,25
fivb_vis:18083,1,25,20
fivb_vis:18083,2,25,22
fivb_vis:18083,3,25,23
fivb_vis:18084,1,15,25
fivb_vis:18084,2,15,25
fivb_vis:18084,3,21,25
fivb_vis:18085,1,25,15
fivb_vis:18085,2,25,19
fivb_vis:18085,3,25,16
fivb_vis:18086,1,22,25
fivb_vis:18086,2,25,22
fivb_vis:18086,3,25,21
fivb_vis:18086,4,24,26
fivb_vis:18086,5,15,12
fivb_vis:18087,1,25,23
fivb_vis:18087,2,20,25
fivb_vis:18087,3,25,19
fivb_vis:18087,4,24,26
fivb_vis:18087,5,14,16
fivb_vis:18088,1,17,25
fivb_vis:18088,2,17,25
fivb_vis:18088,3,21,25
fivb_vis:18089,1,23,25
fivb_vis:18089,2,25,14
fivb_vis:18089,3,25,19
fivb_vis:18089,4,25,23
fivb_vis:18090,1,24,26
fivb_vis:18090,2,13,25
fivb_vis:18090,3,14,25
fivb_vis:18091,1,17,25
fivb_vis:18091,2,24,26
fivb_vis:18091,3,17,25
fivb_vis:18092,1,25,20
fivb_vis:18092,2,19,25
fivb_vis:18092,3,20,25
fivb_vis:18092,4,25,5
fivb_vis:18092,5,15,10
fivb_vis:18093,1,20,25
fivb_vis:18093,2,17,25
fivb_vis:18093,3,23,25
fivb_vis:18094,1,16,25
fivb_vis:18094,2,25,21
fivb_vis:18094,3,25,19
fivb_vis:18094,4,15,25
fivb_vis:18094,5,12,15
fivb_vis:18095,1,25,21
fivb_vis:18095,2,25,18
fivb_vis:18095,3,25,20
fivb_vis:18096,1,25,11
fivb_vis:18096,2,25,20
fivb_vis:18096,3,25,19
fivb_vis:18097,1,18,25
fivb_vis:18097,2,12,25
fivb_vis:18097,3,20,25
fivb_vis:18098,1,25,23
fivb_vis:18098,2,19,25
fivb_vis:18098,3,20,25
fivb_vis:18098,4,25,20
fivb_vis:18098,5,15,11
fivb_vis:18099,1,13,25
fivb_vis:18099,2,12,25
fivb_vis:18099,3,22,25
fivb_vis:18100,1,25,21
fivb_vis:18100,2,26,28
fivb_vis:18100,3,23,25
fivb_vis:18100,4,25,20
fivb_vis:18100,5,10,15
fivb_vis:18101,1,25,19
fivb_vis:18101,2,16,25
fivb_vis:18101,3,25,27
fivb_vis:18101,4,25,20
fivb_vis:18101,5,15,7
fivb_vis:18102,1,14,25
fivb_vis:18102,2,19,25
fivb_vis:18102,3,24,26
fivb_vis:18103,1,26,24
fivb_vis:18103,2,25,23
fivb_vis:18103,3,25,23
fivb_vis:18104,1,21,25
fivb_vis:18104,2,25,14
fivb_vis:18104,3,25,22
fivb_vis:18104,4,20,25
fivb_vis:18104,5,15,11
fivb_vis:18105,1,25,21
fivb_vis:18105,2,25,27
fivb_vis:18105,3,25,19
fivb_vis:18105,4,20,25
fivb_vis:18105,5,16,14
fivb_vis:17886,1,25,3
fivb_vis:17886,2,25,13
fivb_vis:17886,3,25,5
fivb_vis:17887,1,25,14
fivb_vis:17887,2,25,17
fivb_vis:17887,3,25,16
fivb_vis:17888,1,25,20
fivb_vis:17888,2,25,18
fivb_vis:17888,3,25,20
fivb_vis:17889,1,8,25
fivb_vis:17889,2,17,25
fivb_vis:17889,3,14,25
fivb_vis:17890,1,13,25
fivb_vis:17890,2,11,25
fivb_vis:17890,3,10,25
fivb_vis:17891,1,18,25
fivb_vis:17891,2,13,25
fivb_vis:17891,3,23,25
fivb_vis:17892,1,25,18
fivb_vis:17892,2,25,11
fivb_vis:17892,3,25,9
fivb_vis:17893,1,27,25
fivb_vis:17893,2,17,25
fivb_vis:17893,3,14,25
fivb_vis:17893,4,25,23
fivb_vis:17893,5,15,11
fivb_vis:17894,1,25,22
fivb_vis:17894,2,25,22
fivb_vis:17894,3,25,16
fivb_vis:17895,1,25,17
fivb_vis:17895,2,25,10
fivb_vis:17895,3,25,12
fivb_vis:17896,1,21,25
fivb_vis:17896,2,23,25
fivb_vis:17896,3,22,25
fivb_vis:17897,1,25,22
fivb_vis:17897,2,32,30
fivb_vis:17897,3,25,22
fivb_vis:17898,1,25,12
fivb_vis:17898,2,25,11
fivb_vis:17898,3,25,16
fivb_vis:17899,1,25,27
fivb_vis:17899,2,22,25
fivb_vis:17899,3,25,23
fivb_vis:17899,4,20,25
fivb_vis:17900,1,25,13
fivb_vis:17900,2,25,7
fivb_vis:17900,3,25,9
fivb_vis:17901,1,21,25
fivb_vis:17901,2,17,25
fivb_vis:17901,3,25,17
fivb_vis:17901,4,16,25
fivb_vis:17902,1,25,12
fivb_vis:17902,2,21,25
fivb_vis:17902,3,25,19
fivb_vis:17902,4,19,25
fivb_vis:17902,5,13,15
fivb_vis:18106,1,25,11
fivb_vis:18106,2,25,8
fivb_vis:18106,3,25,12
fivb_vis:18107,1,25,21
fivb_vis:18107,2,25,19
fivb_vis:18107,3,25,15
fivb_vis:18108,1,25,14
fivb_vis:18108,2,25,9
fivb_vis:18108,3,25,10
fivb_vis:18109,1,11,25
fivb_vis:18109,2,19,25
fivb_vis:18109,3,23,25
fivb_vis:18110,1,25,18
fivb_vis:18110,2,25,18
fivb_vis:18110,3,25,20
fivb_vis:18111,1,14,25
fivb_vis:18111,2,18,25
fivb_vis:18111,3,12,25
fivb_vis:18112,1,22,25
fivb_vis:18112,2,15,25
fivb_vis:18112,3,21,25
fivb_vis:18113,1,25,21
fivb_vis:18113,2,25,21
fivb_vis:18113,3,25,21
fivb_vis:18114,1,25,22
fivb_vis:18114,2,25,17
fivb_vis:18114,3,24,26
fivb_vis:18114,4,22,25
fivb_vis:18114,5,15,12
fivb_vis:18115,1,25,20
fivb_vis:18115,2,25,15
fivb_vis:18115,3,25,23
fivb_vis:18116,1,25,19
fivb_vis:18116,2,25,21
fivb_vis:18116,3,32,30
fivb_vis:18117,1,25,22
fivb_vis:18117,2,27,29
fivb_vis:18117,3,25,20
fivb_vis:18117,4,25,20
fivb_vis:18118,1,18,25
fivb_vis:18118,2,25,21
fivb_vis:18118,3,25,17
fivb_vis:18118,4,24,26
fivb_vis:18118,5,15,13
fivb_vis:18119,1,25,22
fivb_vis:18119,2,25,12
fivb_vis:18119,3,25,14
fivb_vis:18120,1,25,11
fivb_vis:18120,2,21,25
fivb_vis:18120,3,25,19
fivb_vis:18120,4,25,14
fivb_vis:18121,1,25,15
fivb_vis:18121,2,25,14
fivb_vis:18121,3,25,16
fivb_vis:18122,1,20,25
fivb_vis:18122,2,14,25
fivb_vis:18122,3,22,25
fivb_vis:17856,1,25,21
fivb_vis:17856,2,25,14
fivb_vis:17856,3,25,18
fivb_vis:17857,1,25,16
fivb_vis:17857,2,25,11
fivb_vis:17857,3,25,15
fivb_vis:17858,1,25,14
fivb_vis:17858,2,25,18
fivb_vis:17858,3,25,11
fivb_vis:17859,1,25,22
fivb_vis:17859,2,25,20
fivb_vis:17859,3,17,25
fivb_vis:17859,4,25,18
fivb_vis:17860,1,25,12
fivb_vis:17860,2,25,15
fivb_vis:17860,3,25,7
fivb_vis:17861,1,14,25
fivb_vis:17861,2,25,21
fivb_vis:17861,3,16,25
fivb_vis:17861,4,25,22
fivb_vis:17861,5,10,15
fivb_vis:17862,1,25,21
fivb_vis:17862,2,25,9
fivb_vis:17862,3,25,13
fivb_vis:17863,1,21,25
fivb_vis:17863,2,23,25
fivb_vis:17863,3,25,18
fivb_vis:17863,4,25,18
fivb_vis:17863,5,15,13
fivb_vis:17864,1,25,6
fivb_vis:17864,2,25,8
fivb_vis:17864,3,25,11
fivb_vis:17865,1,25,12
fivb_vis:17865,2,25,15
fivb_vis:17865,3,25,11
fivb_vis:17866,1,25,20
fivb_vis:17866,2,25,15
fivb_vis:17866,3,25,19
fivb_vis:17867,1,25,23
fivb_vis:17867,2,25,16
fivb_vis:17867,3,25,18
fivb_vis:17868,1,20,25
fivb_vis:17868,2,15,25
fivb_vis:17868,3,19,25
fivb_vis:17869,1,25,22
fivb_vis:17869,2,25,27
fivb_vis:17869,3,15,25
fivb_vis:17869,4,21,25
fivb_vis:17870,1,21,25
fivb_vis:17870,2,25,19
fivb_vis:17870,3,27,25
fivb_vis:17870,4,14,25
fivb_vis:17870,5,5,15
fivb_vis:17871,1,25,12
fivb_vis:17871,2,25,12
fivb_vis:17871,3,25,13
fivb_vis:17872,1,25,14
fivb_vis:17872,2,25,21
fivb_vis:17872,3,25,19
fivb_vis:17873,1,25,11
fivb_vis:17873,2,25,10
fivb_vis:17873,3,25,15
fivb_vis:17874,1,25,22
fivb_vis:17874,2,17,25
fivb_vis:17874,3,17,25
fivb_vis:17874,4,18,25
fivb_vis:17875,1,24,26
fivb_vis:17875,2,25,18
fivb_vis:17875,3,25,20
fivb_vis:17875,4,25,21
fivb_vis:18236,1,26,24
fivb_vis:18236,2,25,22
fivb_vis:18236,3,18,25
fivb_vis:18236,4,17,25
fivb_vis:18236,5,8,15
fivb_vis:18237,1,25,17
fivb_vis:18237,2,25,9
fivb_vis:18237,3,25,19
fivb_vis:18238,1,25,15
fivb_vis:18238,2,25,20
fivb_vis:18238,3,23,25
fivb_vis:18238,4,25,20
fivb_vis:18239,1,25,19
fivb_vis:18239,2,25,17
fivb_vis:18239,3,25,19
fivb_vis:18240,1,25,22
fivb_vis:18240,2,19,25
fivb_vis:18240,3,26,24
fivb_vis:18240,4,25,18
fivb_vis:18241,1,21,25
fivb_vis:18241,2,25,20
fivb_vis:18241,3,25,16
fivb_vis:18241,4,25,22
fivb_vis:18242,1,25,17
fivb_vis:18242,2,25,17
fivb_vis:18242,3,25,11
fivb_vis:18243,1,14,25
fivb_vis:18243,2,25,27
fivb_vis:18243,3,17,25
fivb_vis:18244,1,25,22
fivb_vis:18244,2,25,20
fivb_vis:18244,3,23,25
fivb_vis:18244,4,25,16
fivb_vis:18245,1,25,17
fivb_vis:18245,2,23,25
fivb_vis:18245,3,26,28
fivb_vis:18245,4,21,25
fivb_vis:18246,1,22,25
fivb_vis:18246,2,23,25
fivb_vis:18246,3,22,25
fivb_vis:18247,1,25,22
fivb_vis:18247,2,14,25
fivb_vis:18247,3,20,25
fivb_vis:18247,4,17,25
fivb_vis:18248,1,25,23
fivb_vis:18248,2,22,25
fivb_vis:18248,3,25,16
fivb_vis:18248,4,16,25
fivb_vis:18248,5,16,14
fivb_vis:18249,1,25,21
fivb_vis:18249,2,25,20
fivb_vis:18249,3,25,13
fivb_vis:18250,1,20,25
fivb_vis:18250,2,26,28
fivb_vis:18250,3,25,20
fivb_vis:18250,4,25,23
fivb_vis:18250,5,9,15
fivb_vis:18251,1,19,25
fivb_vis:18251,2,15,25
fivb_vis:18251,3,25,23
fivb_vis:18251,4,25,17
fivb_vis:18251,5,16,14
fivb_vis:18252,1,26,24
fivb_vis:18252,2,25,17
fivb_vis:18252,3,25,18
fivb_vis:18253,1,25,21
fivb_vis:18253,2,25,14
fivb_vis:18253,3,25,16
fivb_vis:1830,1,6,25
fivb_vis:1830,2,6,25
fivb_vis:1830,3,7,25
fivb_vis:1831,1,25,11
fivb_vis:1831,2,25,11
fivb_vis:1831,3,25,12
fivb_vis:1832,1,18,25
fivb_vis:1832,2,21,25
fivb_vis:1832,3,15,25
fivb_vis:1833,1,25,1
fivb_vis:1833,2,25,1
fivb_vis:1833,3,25,3
fivb_vis:1834,1,4,25
fivb_vis:1834,2,6,25
fivb_vis:1834,3,10,25
fivb_vis:1835,1,29,27
fivb_vis:1835,2,15,25
fivb_vis:1835,3,25,21
fivb_vis:1835,4,11,25
fivb_vis:1835,5,9,15
fivb_vis:1836,1,25,17
fivb_vis:1836,2,25,10
fivb_vis:1836,3,25,17
fivb_vis:1837,1,25,10
fivb_vis:1837,2,25,12
fivb_vis:1837,3,25,13
fivb_vis:1838,1,25,5
fivb_vis:1838,2,25,9
fivb_vis:1838,3,25,13
fivb_vis:1839,1,25,13
fivb_vis:1839,2,25,15
fivb_vis:1839,3,25,15
fivb_vis:1840,1,21,25
fivb_vis:1840,2,18,25
fivb_vis:1840,3,23,25
fivb_vis:1841,1,25,17
fivb_vis:1841,2,25,22
fivb_vis:1841,3,25,15
fivb_vis:18853,1,21,25
fivb_vis:18853,2,24,26
fivb_vis:18853,3,14,25
fivb_vis:18854,1,25,17
fivb_vis:18854,2,23,25
fivb_vis:18854,3,21,25
fivb_vis:18854,4,21,25
fivb_vis:18855,1,26,24
fivb_vis:18855,2,22,25
fivb_vis:18855,3,23,25
fivb_vis:18855,4,19,25
fivb_vis:18856,1,25,23
fivb_vis:18856,2,27,29
fivb_vis:18856,3,25,21
fivb_vis:18856,4,25,21
fivb_vis:18857,1,33,31
fivb_vis:18857,2,22,25
fivb_vis:18857,3,25,20
fivb_vis:18857,4,21,25
fivb_vis:18857,5,25,27
fivb_vis:18858,1,22,25
fivb_vis:18858,2,15,25
fivb_vis:18858,3,24,26
fivb_vis:18859,1,21,25
fivb_vis:18859,2,18,25
fivb_vis:18859,3,23,25
fivb_vis:18860,1,25,27
fivb_vis:18860,2,25,17
fivb_vis:18860,3,19,25
fivb_vis:18860,4,18,25
fivb_vis:18861,1,25,18
fivb_vis:18861,2,25,22
fivb_vis:18861,3,23,25
fivb_vis:18861,4,25,21
fivb_vis:18862,1,25,18
fivb_vis:18862,2,20,25
fivb_vis:18862,3,23,25
fivb_vis:18862,4,21,25
fivb_vis:18863,1,25,19
fivb_vis:18863,2,25,20
fivb_vis:18863,3,18,25
fivb_vis:18863,4,21,25
fivb_vis:18863,5,9,15
fivb_vis:18864,1,26,24
fivb_vis:18864,2,25,20
fivb_vis:18864,3,18,25
fivb_vis:18864,4,25,23
fivb_vis:18865,1,25,20
fivb_vis:18865,2,25,16
fivb_vis:18865,3,25,22
fivb_vis:18866,1,13,25
fivb_vis:18866,2,25,20
fivb_vis:18866,3,25,19
fivb_vis:18866,4,23,25
fivb_vis:18866,5,11,15
fivb_vis:18867,1,22,25
fivb_vis:18867,2,28,30
fivb_vis:18867,3,24,26
fivb_vis:18868,1,25,22
fivb_vis:18868,2,25,21
fivb_vis:18868,3,25,21
fivb_vis:18869,1,28,30
fivb_vis:18869,2,23,25
fivb_vis:18869,3,18,25
fivb_vis:18870,1,25,18
fivb_vis:18870,2,22,25
fivb_vis:18870,3,23,25
fivb_vis:18870,4,25,19
fivb_vis:18870,5,20,22
fivb_vis:18871,1,19,25
fivb_vis:18871,2,18,25
fivb_vis:18871,3,11,25
fivb_vis:18872,1,21,25
fivb_vis:18872,2,20,25
fivb_vis:18872,3,25,22
fivb_vis:18872,4,22,25
fivb_vis:18873,1,22,25
fivb_vis:18873,2,25,18
fivb_vis:18873,3,25,18
fivb_vis:18873,4,21,25
fivb_vis:18873,5,15,10
fivb_vis:18874,1,27,25
fivb_vis:18874,2,23,25
fivb_vis:18874,3,16,25
fivb_vis:18874,4,14,25
fivb_vis:18875,1,25,21
fivb_vis:18875,2,25,20
fivb_vis:18875,3,21,25
fivb_vis:18875,4,25,21
fivb_vis:18876,1,25,23
fivb_vis:18876,2,16,25
fivb_vis:18876,3,17,25
fivb_vis:18876,4,17,25
fivb_vis:18877,1,21,25
fivb_vis:18877,2,25,19
fivb_vis:18877,3,25,21
fivb_vis:18877,4,25,21
fivb_vis:18878,1,25,20
fivb_vis:18878,2,14,25
fivb_vis:18878,3,25,21
fivb_vis:18878,4,25,21
fivb_vis:18879,1,25,20
fivb_vis:18879,2,25,21
fivb_vis:18879,3,25,18
fivb_vis:18880,1,25,17
fivb_vis:18880,2,15,25
fivb_vis:18880,3,25,22
fivb_vis:18880,4,17,25
fivb_vis:18880,5,13,15
fivb_vis:18881,1,25,20
fivb_vis:18881,2,22,25
fivb_vis:18881,3,25,27
fivb_vis:18881,4,21,25
fivb_vis:18882,1,16,25
fivb_vis:18882,2,25,20
fivb_vis:18882,3,13,25
fivb_vis:18882,4,20,25
fivb_vis:18883,1,21,25
fivb_vis:18883,2,20,25
fivb_vis:18883,3,20,25
fivb_vis:18884,1,25,23
fivb_vis:18884,2,29,31
fivb_vis:18884,3,25,20
fivb_vis:18884,4,20,25
fivb_vis:18884,5,13,15
fivb_vis:18885,1,15,25
fivb_vis:18885,2,16,25
fivb_vis:18885,3,15,25
fivb_vis:18886,1,21,25
fivb_vis:18886,2,25,21
fivb_vis:18886,3,25,19
fivb_vis:18886,4,25,18
fivb_vis:18887,1,23,25
fivb_vis:18887,2,22,25
fivb_vis:18887,3,17,25
fivb_vis:18888,1,23,25
fivb_vis:18888,2,21,25
fivb_vis:18888,3,24,26
fivb_vis:18889,1,25,21
fivb_vis:18889,2,25,27
fivb_vis:18889,3,25,20
fivb_vis:18889,4,28,26
fivb_vis:18890,1,25,22
fivb_vis:18890,2,26,24
fivb_vis:18890,3,25,20
fivb_vis:18891,1,22,25
fivb_vis:18891,2,25,22
fivb_vis:18891,3,27,25
fivb_vis:18891,4,23,25
fivb_vis:18891,5,8,15
fivb_vis:18892,1,25,17
fivb_vis:18892,2,25,20
fivb_vis:18892,3,26,24
fivb_vis:18893,1,25,23
fivb_vis:18893,2,18,25
fivb_vis:18893,3,25,23
fivb_vis:18893,4,19,25
fivb_vis:18893,5,15,10
fivb_vis:18894,1,19,25
fivb_vis:18894,2,25,22
fivb_vis:18894,3,16,25
fivb_vis:18894,4,23,25
fivb_vis:18895,1,24,26
fivb_vis:18895,2,25,22
fivb_vis:18895,3,16,25
fivb_vis:18895,4,16,25
fivb_vis:18896,1,25,19
fivb_vis:18896,2,25,12
fivb_vis:18896,3,25,19
fivb_vis:18897,1,24,26
fivb_vis:18897,2,25,21
fivb_vis:18897,3,20,25
fivb_vis:18897,4,22,25
fivb_vis:18898,1,23,25
fivb_vis:18898,2,24,26
fivb_vis:18898,3,20,25
fivb_vis:18899,1,18,25
fivb_vis:18899,2,25,22
fivb_vis:18899,3,21,25
fivb_vis:18899,4,20,25
fivb_vis:18900,1,20,25
fivb_vis:18900,2,25,22
fivb_vis:18900,3,25,23
fivb_vis:18900,4,20,25
fivb_vis:18900,5,15,11
fivb_vis:18901,1,25,27
fivb_vis:18901,2,25,23
fivb_vis:18901,3,24,26
fivb_vis:18901,4,25,21
fivb_vis:18901,5,12,15
fivb_vis:18902,1,17,25
fivb_vis:18902,2,15,25
fivb_vis:18902,3,20,25
fivb_vis:18903,1,21,25
fivb_vis:18903,2,25,22
fivb_vis:18903,3,19,25
fivb_vis:18903,4,13,25
fivb_vis:18904,1,25,20
fivb_vis:18904,2,20,25
fivb_vis:18904,3,25,19
fivb_vis:18904,4,25,22
fivb_vis:18905,1,23,25
fivb_vis:18905,2,25,15
fivb_vis:18905,3,25,23
fivb_vis:18905,4,25,14
fivb_vis:18906,1,22,25
fivb_vis:18906,2,25,23
fivb_vis:18906,3,25,23
fivb_vis:18906,4,27,25
fivb_vis:18907,1,21,25
fivb_vis:18907,2,17,25
fivb_vis:18907,3,25,21
fivb_vis:18907,4,23,25
fivb_vis:18908,1,25,23
fivb_vis:18908,2,19,25
fivb_vis:18908,3,26,24
fivb_vis:18908,4,25,21
fivb_vis:18909,1,25,18
fivb_vis:18909,2,20,25
fivb_vis:18909,3,23,25
fivb_vis:18909,4,25,22
fivb_vis:18909,5,15,10
fivb_vis:18910,1,25,16
fivb_vis:18910,2,19,25
fivb_vis:18910,3,26,24
fivb_vis:18910,4,28,26
fivb_vis:18911,1,26,28
fivb_vis:18911,2,18,25
fivb_vis:18911,3,25,18
fivb_vis:18911,4,25,22
fivb_vis:18911,5,13,15
fivb_vis:18912,1,22,25
fivb_vis:18912,2,44,42
fivb_vis:18912,3,23,25
fivb_vis:18912,4,25,19
fivb_vis:18912,5,12,15
fivb_vis:18913,1,23,25
fivb_vis:18913,2,14,25
fivb_vis:18913,3,21,25
fivb_vis:18914,1,25,18
fivb_vis:18914,2,25,15
fivb_vis:18914,3,25,21
fivb_vis:18915,1,19,25
fivb_vis:18915,2,17,25
fivb_vis:18915,3,25,22
fivb_vis:18915,4,28,26
fivb_vis:18915,5,9,15
fivb_vis:18916,1,25,21
fivb_vis:18916,2,20,25
fivb_vis:18916,3,18,25
fivb_vis:18916,4,23,25
fivb_vis:18917,1,26,24
fivb_vis:18917,2,23,25
fivb_vis:18917,3,29,31
fivb_vis:18917,4,20,25
fivb_vis:18918,1,25,21
fivb_vis:18918,2,20,25
fivb_vis:18918,3,25,15
fivb_vis:18918,4,20,25
fivb_vis:18918,5,15,10
fivb_vis:18919,1,27,25
fivb_vis:18919,2,25,20
fivb_vis:18919,3,12,25
fivb_vis:18919,4,25,22
fivb_vis:18920,1,25,23
fivb_vis:18920,2,25,22
fivb_vis:18920,3,29,27
fivb_vis:18921,1,25,23
fivb_vis:18921,2,25,27
fivb_vis:18921,3,25,20
fivb_vis:18921,4,25,23
fivb_vis:18922,1,26,28
fivb_vis:18922,2,25,23
fivb_vis:18922,3,25,18
fivb_vis:18922,4,26,28
fivb_vis:18922,5,15,13
fivb_vis:18923,1,25,22
fivb_vis:18923,2,25,21
fivb_vis:18923,3,16,25
fivb_vis:18923,4,21,25
fivb_vis:18923,5,12,15
fivb_vis:18924,1,22,25
fivb_vis:18924,2,21,25
fivb_vis:18924,3,22,25
fivb_vis:18925,1,19,25
fivb_vis:18925,2,18,25
fivb_vis:18925,3,21,25
fivb_vis:18926,1,25,22
fivb_vis:18926,2,22,25
fivb_vis:18926,3,25,21
fivb_vis:18926,4,20,25
fivb_vis:18926,5,15,10
fivb_vis:18927,1,21,25
fivb_vis:18927,2,25,18
fivb_vis:18927,3,21,25
fivb_vis:18927,4,25,22
fivb_vis:18927,5,9,15
fivb_vis:18928,1,17,25
fivb_vis:18928,2,18,25
fivb_vis:18928,3,20,25
fivb_vis:18929,1,25,27
fivb_vis:18929,2,20,25
fivb_vis:18929,3,21,25
fivb_vis:18930,1,22,25
fivb_vis:18930,2,25,20
fivb_vis:18930,3,21,25
fivb_vis:18930,4,31,29
fivb_vis:18930,5,8,15
fivb_vis:18931,1,21,25
fivb_vis:18931,2,17,25
fivb_vis:18931,3,20,25
fivb_vis:18932,1,26,24
fivb_vis:18932,2,25,19
fivb_vis:18932,3,26,24
fivb_vis:18933,1,18,25
fivb_vis:18933,2,19,25
fivb_vis:18933,3,20,25
fivb_vis:18934,1,19,25
fivb_vis:18934,2,18,25
fivb_vis:18934,3,22,25
fivb_vis:18935,1,18,25
fivb_vis:18935,2,20,25
fivb_vis:18935,3,18,25
fivb_vis:18936,1,25,20
fivb_vis:18936,2,19,25
fivb_vis:18936,3,23,25
fivb_vis:18936,4,21,25
fivb_vis:18937,1,23,25
fivb_vis:18937,2,25,21
fivb_vis:18937,3,24,26
fivb_vis:18937,4,23,25
fivb_vis:18938,1,21,25
fivb_vis:18938,2,25,22
fivb_vis:18938,3,28,26
fivb_vis:18938,4,14,25
fivb_vis:18938,5,15,9
fivb_vis:18939,1,25,17
fivb_vis:18939,2,25,19
fivb_vis:18939,3,16,25
fivb_vis:18939,4,23,25
fivb_vis:18939,5,10,15
fivb_vis:18940,1,22,25
fivb_vis:18940,2,17,25
fivb_vis:18940,3,20,25
fivb_vis:18941,1,21,25
fivb_vis:18941,2,25,21
fivb_vis:18941,3,18,25
fivb_vis:18941,4,25,22
fivb_vis:18941,5,11,15
fivb_vis:18942,1,25,19
fivb_vis:18942,2,25,21
fivb_vis:18942,3,25,19
fivb_vis:18943,1,25,20
fivb_vis:18943,2,25,23
fivb_vis:18943,3,25,20
fivb_vis:18944,1,25,23
fivb_vis:18944,2,27,29
fivb_vis:18944,3,13,25
fivb_vis:18944,4,25,19
fivb_vis:18944,5,18,16
fivb_vis:18945,1,25,20
fivb_vis:18945,2,25,23
fivb_vis:18945,3,25,19
fivb_vis:18946,1,17,25
fivb_vis:18946,2,20,25
fivb_vis:18946,3,20,25
fivb_vis:18947,1,21,25
fivb_vis:18947,2,26,24
fivb_vis:18947,3,19,25
fivb_vis:18947,4,21,25
fivb_vis:18948,1,13,25
fivb_vis:18948,2,27,25
fivb_vis:18948,3,14,25
fivb_vis:18948,4,25,22
fivb_vis:18948,5,12,15
fivb_vis:18949,1,26,24
fivb_vis:18949,2,25,18
fivb_vis:18949,3,26,24
fivb_vis:18950,1,18,25
fivb_vis:18950,2,25,23
fivb_vis:18950,3,25,22
fivb_vis:18950,4,25,16
fivb_vis:18951,1,25,19
fivb_vis:18951,2,20,25
fivb_vis:18951,3,25,22
fivb_vis:18951,4,22,25
fivb_vis:18951,5,11,15
fivb_vis:18952,1,19,25
fivb_vis:18952,2,25,17
fivb_vis:18952,3,17,25
fivb_vis:18952,4,29,27
fivb_vis:18952,5,15,7
fivb_vis:18953,1,25,22
fivb_vis:18953,2,22,25
fivb_vis:18953,3,23,25
fivb_vis:18953,4,25,20
fivb_vis:18953,5,16,18
fivb_vis:18954,1,21,25
fivb_vis:18954,2,25,27
fivb_vis:18954,3,29,31
fivb_vis:18955,1,24,26
fivb_vis:18955,2,16,25
fivb_vis:18955,3,17,25
fivb_vis:18956,1,23,25
fivb_vis:18956,2,25,18
fivb_vis:18956,3,23,25
fivb_vis:18956,4,23,25
fivb_vis:1842,1,8,25
fivb_vis:1842,2,8,25
fivb_vis:1842,3,8,25
fivb_vis:1843,1,18,25
fivb_vis:1843,2,16,25
fivb_vis:1843,3,25,20
fivb_vis:1843,4,17,25
fivb_vis:1844,1,24,26
fivb_vis:1844,2,25,18
fivb_vis:1844,3,18,25
fivb_vis:1844,4,14,25
fivb_vis:1845,1,25,7
fivb_vis:1845,2,25,11
fivb_vis:1845,3,25,10
fivb_vis:1846,1,25,8
fivb_vis:1846,2,25,8
fivb_vis:1846,3,25,9
fivb_vis:1847,1,15,25
fivb_vis:1847,2,20,25
fivb_vis:1847,3,25,23
fivb_vis:1847,4,20,25
fivb_vis:18957,1,14,25
fivb_vis:18957,2,20,25
fivb_vis:18957,3,22,25
fivb_vis:18958,1,26,28
fivb_vis:18958,2,23,25
fivb_vis:18958,3,21,25
fivb_vis:18959,1,25,15
fivb_vis:18959,2,25,16
fivb_vis:18959,3,25,14
fivb_vis:18960,1,26,24
fivb_vis:18960,2,23,25
fivb_vis:18960,3,26,24
fivb_vis:18960,4,25,12
fivb_vis:18961,1,22,25
fivb_vis:18961,2,14,25
fivb_vis:18961,3,22,25
fivb_vis:18962,1,25,23
fivb_vis:18962,2,25,21
fivb_vis:18962,3,23,25
fivb_vis:18962,4,20,25
fivb_vis:18962,5,15,11
fivb_vis:18963,1,25,22
fivb_vis:18963,2,19,25
fivb_vis:18963,3,25,12
fivb_vis:18963,4,25,18
fivb_vis:18964,1,18,25
fivb_vis:18964,2,17,25
fivb_vis:18964,3,25,21
fivb_vis:18964,4,20,25
fivb_vis:18965,1,16,25
fivb_vis:18965,2,16,25
fivb_vis:18965,3,25,21
fivb_vis:18965,4,22,25
fivb_vis:18966,1,13,25
fivb_vis:18966,2,15,25
fivb_vis:18966,3,15,25
fivb_vis:18967,1,14,25
fivb_vis:18967,2,25,23
fivb_vis:18967,3,23,25
fivb_vis:18967,4,18,25
fivb_vis:18968,1,25,15
fivb_vis:18968,2,25,19
fivb_vis:18968,3,25,17
fivb_vis:18969,1,23,25
fivb_vis:18969,2,25,23
fivb_vis:18969,3,25,22
fivb_vis:18969,4,25,19
fivb_vis:18970,1,20,25
fivb_vis:18970,2,21,25
fivb_vis:18970,3,22,25
fivb_vis:18971,1,25,21
fivb_vis:18971,2,25,15
fivb_vis:18971,3,25,22
fivb_vis:18972,1,20,25
fivb_vis:18972,2,16,25
fivb_vis:18972,3,17,25
fivb_vis:18973,1,25,11
fivb_vis:18973,2,25,22
fivb_vis:18973,3,25,19
fivb_vis:18974,1,25,13
fivb_vis:18974,2,29,27
fivb_vis:18974,3,25,19
fivb_vis:18975,1,22,25
fivb_vis:18975,2,25,20
fivb_vis:18975,3,23,25
fivb_vis:18975,4,22,25
fivb_vis:18976,1,25,22
fivb_vis:18976,2,25,16
fivb_vis:18976,3,18,25
fivb_vis:18976,4,25,19
fivb_vis:18977,1,25,20
fivb_vis:18977,2,26,24
fivb_vis:18977,3,25,18
fivb_vis:18978,1,19,25
fivb_vis:18978,2,25,21
fivb_vis:18978,3,25,11
fivb_vis:18978,4,29,27
fivb_vis:18979,1,25,27
fivb_vis:18979,2,25,21
fivb_vis:18979,3,25,21
fivb_vis:18979,4,25,19
fivb_vis:18980,1,25,21
fivb_vis:18980,2,15,25
fivb_vis:18980,3,18,25
fivb_vis:18980,4,18,25
fivb_vis:18981,1,13,25
fivb_vis:18981,2,19,25
fivb_vis:18981,3,20,25
fivb_vis:18982,1,21,25
fivb_vis:18982,2,13,25
fivb_vis:18982,3,25,20
fivb_vis:18982,4,17,25
fivb_vis:18983,1,21,25
fivb_vis:18983,2,25,21
fivb_vis:18983,3,23,25
fivb_vis:18983,4,20,25
fivb_vis:18984,1,25,15
fivb_vis:18984,2,25,19
fivb_vis:18984,3,25,19
fivb_vis:18985,1,26,24
fivb_vis:18985,2,25,20
fivb_vis:18985,3,25,23
fivb_vis:18986,1,19,25
fivb_vis:18986,2,16,25
fivb_vis:18986,3,19,25
fivb_vis:18987,1,25,23
fivb_vis:18987,2,25,20
fivb_vis:18987,3,25,18
fivb_vis:18988,1,19,25
fivb_vis:18988,2,25,23
fivb_vis:18988,3,16,25
fivb_vis:18988,4,18,25
fivb_vis:18989,1,25,22
fivb_vis:18989,2,20,25
fivb_vis:18989,3,25,17
fivb_vis:18989,4,26,24
fivb_vis:18990,1,24,26
fivb_vis:18990,2,26,24
fivb_vis:18990,3,19,25
fivb_vis:18990,4,25,20
fivb_vis:18990,5,15,11
fivb_vis:18991,1,25,16
fivb_vis:18991,2,23,25
fivb_vis:18991,3,25,18
fivb_vis:18991,4,25,22
fivb_vis:18992,1,22,25
fivb_vis:18992,2,17,25
fivb_vis:18992,3,25,23
fivb_vis:18992,4,20,25
fivb_vis:18993,1,25,15
fivb_vis:18993,2,25,14
fivb_vis:18993,3,25,14
fivb_vis:18994,1,25,21
fivb_vis:18994,2,23,25
fivb_vis:18994,3,23,25
fivb_vis:18994,4,21,25
fivb_vis:18995,1,23,25
fivb_vis:18995,2,25,20
fivb_vis:18995,3,26,24
fivb_vis:18995,4,21,25
fivb_vis:18995,5,13,15
fivb_vis:18996,1,25,20
fivb_vis:18996,2,20,25
fivb_vis:18996,3,9,25
fivb_vis:18996,4,24,26
fivb_vis:18997,1,12,25
fivb_vis:18997,2,19,25
fivb_vis:18997,3,21,25
fivb_vis:18998,1,14,25
fivb_vis:18998,2,18,25
fivb_vis:18998,3,15,25
fivb_vis:18999,1,25,17
fivb_vis:18999,2,20,25
fivb_vis:18999,3,25,20
fivb_vis:18999,4,25,18
fivb_vis:19000,1,20,25
fivb_vis:19000,2,20,25
fivb_vis:19000,3,10,25
fivb_vis:19001,1,25,20
fivb_vis:19001,2,25,15
fivb_vis:19001,3,25,22
fivb_vis:19002,1,18,25
fivb_vis:19002,2,31,33
fivb_vis:19002,3,25,21
fivb_vis:19002,4,21,25
fivb_vis:19003,1,23,25
fivb_vis:19003,2,21,25
fivb_vis:19003,3,25,23
fivb_vis:19003,4,25,20
fivb_vis:19003,5,7,15
fivb_vis:19004,1,25,17
fivb_vis:19004,2,23,25
fivb_vis:19004,3,25,21
fivb_vis:19004,4,25,17
fivb_vis:19005,1,25,22
fivb_vis:19005,2,19,25
fivb_vis:19005,3,25,18
fivb_vis:19005,4,25,17
fivb_vis:19006,1,23,25
fivb_vis:19006,2,20,25
fivb_vis:19006,3,21,25
fivb_vis:19007,1,25,22
fivb_vis:19007,2,21,25
fivb_vis:19007,3,26,24
fivb_vis:19007,4,25,20
fivb_vis:19008,1,17,25
fivb_vis:19008,2,22,25
fivb_vis:19008,3,22,25
fivb_vis:19009,1,26,24
fivb_vis:19009,2,25,27
fivb_vis:19009,3,18,25
fivb_vis:19009,4,25,19
fivb_vis:19009,5,15,10
fivb_vis:19010,1,20,25
fivb_vis:19010,2,25,23
fivb_vis:19010,3,24,26
fivb_vis:19010,4,23,25
fivb_vis:19011,1,23,25
fivb_vis:19011,2,17,25
fivb_vis:19011,3,18,25
fivb_vis:19012,1,20,25
fivb_vis:19012,2,15,25
fivb_vis:19012,3,20,25
fivb_vis:19013,1,29,27
fivb_vis:19013,2,25,22
fivb_vis:19013,3,20,25
fivb_vis:19013,4,25,23
fivb_vis:19014,1,18,25
fivb_vis:19014,2,25,21
fivb_vis:19014,3,25,17
fivb_vis:19014,4,25,16
fivb_vis:19015,1,17,25
fivb_vis:19015,2,10,25
fivb_vis:19015,3,21,25
fivb_vis:19016,1,25,22
fivb_vis:19016,2,25,14
fivb_vis:19016,3,25,17
fivb_vis:19017,1,25,23
fivb_vis:19017,2,25,19
fivb_vis:19017,3,25,16
fivb_vis:19018,1,15,25
fivb_vis:19018,2,12,25
fivb_vis:19018,3,18,25
fivb_vis:19019,1,25,21
fivb_vis:19019,2,20,25
fivb_vis:19019,3,21,25
fivb_vis:19019,4,25,12
fivb_vis:19019,5,12,15
fivb_vis:19020,1,19,25
fivb_vis:19020,2,25,21
fivb_vis:19020,3,21,25
fivb_vis:19020,4,11,25
fivb_vis:19021,1,25,15
fivb_vis:19021,2,26,24
fivb_vis:19021,3,25,20
fivb_vis:19022,1,25,16
fivb_vis:19022,2,25,15
fivb_vis:19022,3,25,14
fivb_vis:19023,1,24,26
fivb_vis:19023,2,25,21
fivb_vis:19023,3,21,25
fivb_vis:19023,4,21,25
fivb_vis:19024,1,15,25
fivb_vis:19024,2,12,25
fivb_vis:19024,3,17,25
fivb_vis:19025,1,25,20
fivb_vis:19025,2,25,21
fivb_vis:19025,3,18,25
fivb_vis:19025,4,25,12
fivb_vis:19026,1,16,25
fivb_vis:19026,2,16,25
fivb_vis:19026,3,23,25
fivb_vis:19027,1,25,17
fivb_vis:19027,2,25,17
fivb_vis:19027,3,25,17
fivb_vis:19028,1,22,25
fivb_vis:19028,2,25,17
fivb_vis:19028,3,25,17
fivb_vis:19028,4,25,16
fivb_vis:19029,1,21,25
fivb_vis:19029,2,20,25
fivb_vis:19029,3,22,25
fivb_vis:19030,1,23,25
fivb_vis:19030,2,25,21
fivb_vis:19030,3,25,17
fivb_vis:19030,4,22,25
fivb_vis:19030,5,13,15
fivb_vis:19031,1,25,23
fivb_vis:19031,2,25,22
fivb_vis:19031,3,20,25
fivb_vis:19031,4,21,25
fivb_vis:19031,5,14,16
fivb_vis:19032,1,23,25
fivb_vis:19032,2,25,22
fivb_vis:19032,3,18,25
fivb_vis:19032,4,25,22
fivb_vis:19032,5,10,15
fivb_vis:19033,1,20,25
fivb_vis:19033,2,22,25
fivb_vis:19033,3,25,21
fivb_vis:19033,4,24,26
fivb_vis:19034,1,25,17
fivb_vis:19034,2,15,25
fivb_vis:19034,3,17,25
fivb_vis:19034,4,18,25
fivb_vis:19035,1,22,25
fivb_vis:19035,2,25,22
fivb_vis:19035,3,23,25
fivb_vis:19035,4,21,25
fivb_vis:19036,1,24,26
fivb_vis:19036,2,16,25
fivb_vis:19036,3,23,25
fivb_vis:19037,1,25,16
fivb_vis:19037,2,25,11
fivb_vis:19037,3,25,13
fivb_vis:19038,1,11,25
fivb_vis:19038,2,11,25
fivb_vis:19038,3,23,25
fivb_vis:19039,1,31,33
fivb_vis:19039,2,20,25
fivb_vis:19039,3,16,25
fivb_vis:19040,1,25,19
fivb_vis:19040,2,25,17
fivb_vis:19040,3,25,18
fivb_vis:19041,1,25,14
fivb_vis:19041,2,25,18
fivb_vis:19041,3,31,29
fivb_vis:19042,1,25,17
fivb_vis:19042,2,19,25
fivb_vis:19042,3,25,15
fivb_vis:19042,4,25,21
fivb_vis:19043,1,25,22
fivb_vis:19043,2,25,18
fivb_vis:19043,3,25,15
fivb_vis:19044,1,26,24
fivb_vis:19044,2,23,25
fivb_vis:19044,3,22,25
fivb_vis:19044,4,26,24
fivb_vis:19044,5,13,15
fivb_vis:19045,1,25,15
fivb_vis:19045,2,25,23
fivb_vis:19045,3,25,17
fivb_vis:19046,1,21,25
fivb_vis:19046,2,17,25
fivb_vis:19046,3,25,21
fivb_vis:19046,4,25,23
fivb_vis:19046,5,15,13
fivb_vis:19047,1,25,21
fivb_vis:19047,2,25,11
fivb_vis:19047,3,25,17
fivb_vis:19048,1,20,25
fivb_vis:19048,2,25,20
fivb_vis:19048,3,23,25
fivb_vis:19048,4,22,25
fivb_vis:19049,1,15,25
fivb_vis:19049,2,18,25
fivb_vis:19049,3,24,26
fivb_vis:19050,1,25,17
fivb_vis:19050,2,25,21
fivb_vis:19050,3,25,20
fivb_vis:19051,1,14,25
fivb_vis:19051,2,14,25
fivb_vis:19051,3,19,25
fivb_vis:19052,1,25,23
fivb_vis:19052,2,25,15
fivb_vis:19052,3,25,19
fivb_vis:19053,1,21,25
fivb_vis:19053,2,21,25
fivb_vis:19053,3,22,25
fivb_vis:19054,1,21,25
fivb_vis:19054,2,20,25
fivb_vis:19054,3,23,25
fivb_vis:19055,1,25,21
fivb_vis:19055,2,25,21
fivb_vis:19055,3,25,23
fivb_vis:19056,1,20,25
fivb_vis:19056,2,25,22
fivb_vis:19056,3,25,20
fivb_vis:19056,4,19,25
fivb_vis:19056,5,15,11
fivb_vis:19057,1,25,18
fivb_vis:19057,2,25,17
fivb_vis:19057,3,25,12
fivb_vis:19058,1,24,26
fivb_vis:19058,2,25,20
fivb_vis:19058,3,21,25
fivb_vis:19058,4,25,22
fivb_vis:19058,5,12,15
fivb_vis:19059,1,21,25
fivb_vis:19059,2,28,26
fivb_vis:19059,3,21,25
fivb_vis:19059,4,25,19
fivb_vis:19059,5,9,15
fivb_vis:19060,1,17,25
fivb_vis:19060,2,17,25
fivb_vis:19060,3,25,21
fivb_vis:19060,4,20,25
fivb_vis:19061,1,17,25
fivb_vis:19061,2,25,23
fivb_vis:19061,3,25,20
fivb_vis:19061,4,28,30
fivb_vis:19061,5,12,15
fivb_vis:19062,1,25,23
fivb_vis:19062,2,27,25
fivb_vis:19062,3,18,25
fivb_vis:19062,4,25,21
fivb_vis:19063,1,25,21
fivb_vis:19063,2,25,19
fivb_vis:19063,3,25,13
fivb_vis:19064,1,25,20
fivb_vis:19064,2,25,19
fivb_vis:19064,3,25,16
fivb_vis:19065,1,23,25
fivb_vis:19065,2,25,17
fivb_vis:19065,3,25,17
fivb_vis:19065,4,21,25
fivb_vis:19065,5,15,6
fivb_vis:19066,1,25,21
fivb_vis:19066,2,25,20
fivb_vis:19066,3,20,25
fivb_vis:19066,4,25,21
fivb_vis:19067,1,25,15
fivb_vis:19067,2,25,16
fivb_vis:19067,3,25,20
fivb_vis:19068,1,25,21
fivb_vis:19068,2,25,17
fivb_vis:19068,3,17,25
fivb_vis:19068,4,20,25
fivb_vis:19068,5,15,11
fivb_vis:19069,1,25,21
fivb_vis:19069,2,25,19
fivb_vis:19069,3,25,19
fivb_vis:19070,1,25,20
fivb_vis:19070,2,25,21
fivb_vis:19070,3,25,17
fivb_vis:19071,1,22,25
fivb_vis:19071,2,25,19
fivb_vis:19071,3,19,25
fivb_vis:19071,4,25,23
fivb_vis:19071,5,15,12
fivb_vis:19072,1,25,16
fivb_vis:19072,2,25,22
fivb_vis:19072,3,18,25
fivb_vis:19072,4,25,23
fivb_vis:19073,1,13,25
fivb_vis:19073,2,21,25
fivb_vis:19073,3,21,25
fivb_vis:19074,1,25,11
fivb_vis:19074,2,25,13
fivb_vis:19074,3,25,16
fivb_vis:19075,1,20,25
fivb_vis:19075,2,23,25
fivb_vis:19075,3,27,25
fivb_vis:19075,4,25,22
fivb_vis:19075,5,11,15
fivb_vis:19076,1,16,25
fivb_vis:19076,2,18,25
fivb_vis:19076,3,25,18
fivb_vis:19076,4,19,25
fivb_vis:19077,1,15,25
fivb_vis:19077,2,18,25
fivb_vis:19077,3,26,24
fivb_vis:19077,4,20,25
fivb_vis:19078,1,25,16
fivb_vis:19078,2,25,22
fivb_vis:19078,3,24,26
fivb_vis:19078,4,19,25
fivb_vis:19078,5,16,18
fivb_vis:19079,1,18,25
fivb_vis:19079,2,26,28
fivb_vis:19079,3,25,20
fivb_vis:19079,4,25,21
fivb_vis:19079,5,15,13
fivb_vis:19080,1,26,24
fivb_vis:19080,2,28,30
fivb_vis:19080,3,25,19
fivb_vis:19080,4,25,19
fivb_vis:19081,1,20,25
fivb_vis:19081,2,26,24
fivb_vis:19081,3,19,25
fivb_vis:19081,4,20,25
fivb_vis:19082,1,20,25
fivb_vis:19082,2,23,25
fivb_vis:19082,3,27,25
fivb_vis:19082,4,26,24
fivb_vis:19082,5,17,15
fivb_vis:19083,1,20,25
fivb_vis:19083,2,21,25
fivb_vis:19083,3,21,25
fivb_vis:19084,1,25,23
fivb_vis:19084,2,25,27
fivb_vis:19084,3,14,25
fivb_vis:19084,4,25,23
fivb_vis:19084,5,15,13
fivb_vis:19085,1,23,25
fivb_vis:19085,2,28,30
fivb_vis:19085,3,24,26
fivb_vis:19086,1,25,19
fivb_vis:19086,2,25,20
fivb_vis:19086,3,25,23
fivb_vis:19087,1,25,19
fivb_vis:19087,2,24,26
fivb_vis:19087,3,25,21
fivb_vis:19087,4,25,18
fivb_vis:19088,1,20,25
fivb_vis:19088,2,25,22
fivb_vis:19088,3,25,23
fivb_vis:19088,4,28,26
fivb_vis:19089,1,19,25
fivb_vis:19089,2,19,25
fivb_vis:19089,3,25,22
fivb_vis:19089,4,25,22
fivb_vis:19089,5,15,13
fivb_vis:19090,1,25,14
fivb_vis:19090,2,25,13
fivb_vis:19090,3,25,12
fivb_vis:19091,1,20,25
fivb_vis:19091,2,19,25
fivb_vis:19091,3,25,17
fivb_vis:19091,4,25,20
fivb_vis:19091,5,13,15
fivb_vis:19092,1,17,25
fivb_vis:19092,2,17,25
fivb_vis:19092,3,22,25
fivb_vis:19093,1,25,17
fivb_vis:19093,2,25,20
fivb_vis:19093,3,20,25
fivb_vis:19093,4,14,25
fivb_vis:19093,5,17,15
fivb_vis:19094,1,25,14
fivb_vis:19094,2,25,17
fivb_vis:19094,3,25,15
fivb_vis:19095,1,21,25
fivb_vis:19095,2,25,18
fivb_vis:19095,3,25,22
fivb_vis:19095,4,25,15
fivb_vis:19096,1,25,20
fivb_vis:19096,2,25,17
fivb_vis:19096,3,25,18
fivb_vis:19097,1,29,27
fivb_vis:19097,2,25,18
fivb_vis:19097,3,25,19
fivb_vis:19098,1,18,25
fivb_vis:19098,2,16,25
fivb_vis:19098,3,19,25
fivb_vis:19099,1,25,22
fivb_vis:19099,2,21,25
fivb_vis:19099,3,17,25
fivb_vis:19099,4,26,28
fivb_vis:19100,1,25,17
fivb_vis:19100,2,25,22
fivb_vis:19100,3,25,12
fivb_vis:19101,1,25,14
fivb_vis:19101,2,25,16
fivb_vis:19101,3,25,21
fivb_vis:19102,1,27,29
fivb_vis:19102,2,27,29
fivb_vis:19102,3,20,25
fivb_vis:19103,1,21,25
fivb_vis:19103,2,25,20
fivb_vis:19103,3,25,22
fivb_vis:19103,4,29,27
fivb_vis:19104,1,25,21
fivb_vis:19104,2,38,36
fivb_vis:19104,3,25,14
fivb_vis:19105,1,25,22
fivb_vis:19105,2,25,14
fivb_vis:19105,3,25,20
fivb_vis:19106,1,26,24
fivb_vis:19106,2,25,20
fivb_vis:19106,3,25,20
fivb_vis:19107,1,25,23
fivb_vis:19107,2,21,25
fivb_vis:19107,3,24,26
fivb_vis:19107,4,25,21
fivb_vis:19107,5,12,15
fivb_vis:19108,1,25,22
fivb_vis:19108,2,25,13
fivb_vis:19108,3,25,17
fivb_vis:19109,1,23,25
fivb_vis:19109,2,25,18
fivb_vis:19109,3,15,25
fivb_vis:19109,4,25,23
fivb_vis:19109,5,11,15
fivb_vis:19110,1,22,25
fivb_vis:19110,2,19,25
fivb_vis:19110,3,22,25
fivb_vis:19111,1,25,21
fivb_vis:19111,2,27,25
fivb_vis:19111,3,22,25
fivb_vis:19111,4,25,15
fivb_vis:19112,1,18,25
fivb_vis:19112,2,20,25
fivb_vis:19112,3,17,25
fivb_vis:1848,1,12,25
fivb_vis:1848,2,25,19
fivb_vis:1848,3,10,25
fivb_vis:1848,4,15,25
fivb_vis:1849,1,25,22
fivb_vis:1849,2,25,15
fivb_vis:1849,3,25,13
fivb_vis:1850,1,17,25
fivb_vis:1850,2,19,25
fivb_vis:1850,3,20,25
fivb_vis:1851,1,25,20
fivb_vis:1851,2,25,15
fivb_vis:1851,3,25,18
fivb_vis:1852,1,16,25
fivb_vis:1852,2,19,25
fivb_vis:1852,3,25,27
fivb_vis:1853,1,25,22
fivb_vis:1853,2,21,25
fivb_vis:1853,3,25,17
fivb_vis:1853,4,25,19
fivb_vis:1854,1,25,22
fivb_vis:1854,2,25,27
fivb_vis:1854,3,18,25
fivb_vis:1854,4,27,25
fivb_vis:1854,5,9,15
fivb_vis:1855,1,18,25
fivb_vis:1855,2,15,25
fivb_vis:1855,3,11,25
fivb_vis:1856,1,26,24
fivb_vis:1856,2,26,24
fivb_vis:1856,3,21,25
fivb_vis:1856,4,25,20
fivb_vis:1857,1,16,25
fivb_vis:1857,2,18,25
fivb_vis:1857,3,25,27
fivb_vis:1858,1,25,12
fivb_vis:1858,2,26,24
fivb_vis:1858,3,25,19
fivb_vis:1859,1,25,18
fivb_vis:1859,2,25,20
fivb_vis:1859,3,25,14
fivb_vis:1860,1,10,25
fivb_vis:1860,2,20,25
fivb_vis:1860,3,20,25
fivb_vis:1861,1,17,25
fivb_vis:1861,2,20,25
fivb_vis:1861,3,14,25
fivb_vis:1862,1,25,18
fivb_vis:1862,2,19,25
fivb_vis:1862,3,25,23
fivb_vis:1862,4,25,15
fivb_vis:1863,1,22,25
fivb_vis:1863,2,25,14
fivb_vis:1863,3,25,21
fivb_vis:1863,4,9,25
fivb_vis:1863,5,12,15
fivb_vis:1864,1,25,9
fivb_vis:1864,2,25,8
fivb_vis:1864,3,25,13
fivb_vis:1865,1,14,25
fivb_vis:1865,2,14,25
fivb_vis:1865,3,18,25
fivb_vis:20422,1,16,25
fivb_vis:20422,2,17,25
fivb_vis:20422,3,15,25
fivb_vis:20423,1,25,17
fivb_vis:20423,2,25,18
fivb_vis:20423,3,25,19
fivb_vis:20424,1,13,25
fivb_vis:20424,2,12,25
fivb_vis:20424,3,18,25
fivb_vis:20425,1,15,25
fivb_vis:20425,2,21,25
fivb_vis:20425,3,27,25
fivb_vis:20425,4,18,25
fivb_vis:20426,1,25,23
fivb_vis:20426,2,19,25
fivb_vis:20426,3,22,25
fivb_vis:20426,4,20,25
fivb_vis:20427,1,30,28
fivb_vis:20427,2,25,17
fivb_vis:20427,3,16,25
fivb_vis:20427,4,25,18
fivb_vis:20428,1,18,25
fivb_vis:20428,2,28,26
fivb_vis:20428,3,21,25
fivb_vis:20428,4,25,14
fivb_vis:20428,5,18,16
fivb_vis:20429,1,25,22
fivb_vis:20429,2,18,25
fivb_vis:20429,3,25,21
fivb_vis:20429,4,24,26
fivb_vis:20429,5,15,10
fivb_vis:20430,1,21,25
fivb_vis:20430,2,22,25
fivb_vis:20430,3,26,24
fivb_vis:20430,4,25,17
fivb_vis:20430,5,15,9
fivb_vis:20431,1,22,25
fivb_vis:20431,2,25,23
fivb_vis:20431,3,25,23
fivb_vis:20431,4,25,22
fivb_vis:20432,1,16,25
fivb_vis:20432,2,10,25
fivb_vis:20432,3,15,25
fivb_vis:20433,1,25,13
fivb_vis:20433,2,25,16
fivb_vis:20433,3,25,17
fivb_vis:20434,1,20,25
fivb_vis:20434,2,14,25
fivb_vis:20434,3,13,25
fivb_vis:20435,1,25,13
fivb_vis:20435,2,25,12
fivb_vis:20435,3,23,25
fivb_vis:20435,4,25,16
fivb_vis:20436,1,12,25
fivb_vis:20436,2,14,25
fivb_vis:20436,3,18,25
fivb_vis:20437,1,14,25
fivb_vis:20437,2,19,25
fivb_vis:20437,3,17,25
fivb_vis:20438,1,25,15
fivb_vis:20438,2,25,20
fivb_vis:20438,3,21,25
fivb_vis:20438,4,19,25
fivb_vis:20438,5,11,15
fivb_vis:20439,1,13,25
fivb_vis:20439,2,20,25
fivb_vis:20439,3,18,25
fivb_vis:20440,1,26,24
fivb_vis:20440,2,25,22
fivb_vis:20440,3,19,25
fivb_vis:20440,4,25,18
fivb_vis:20441,1,25,16
fivb_vis:20441,2,25,23
fivb_vis:20441,3,25,14
fivb_vis:20442,1,25,19
fivb_vis:20442,2,28,26
fivb_vis:20442,3,25,20
fivb_vis:20443,1,22,25
fivb_vis:20443,2,25,23
fivb_vis:20443,3,22,25
fivb_vis:20443,4,23,25
fivb_vis:20444,1,25,16
fivb_vis:20444,2,25,19
fivb_vis:20444,3,25,22
fivb_vis:20445,1,25,20
fivb_vis:20445,2,18,25
fivb_vis:20445,3,22,25
fivb_vis:20445,4,21,25
fivb_vis:20446,1,17,25
fivb_vis:20446,2,12,25
fivb_vis:20446,3,19,25
fivb_vis:20447,1,25,23
fivb_vis:20447,2,25,23
fivb_vis:20447,3,27,25
fivb_vis:20448,1,25,16
fivb_vis:20448,2,25,23
fivb_vis:20448,3,19,25
fivb_vis:20448,4,22,25
fivb_vis:20448,5,15,9
fivb_vis:20449,1,25,23
fivb_vis:20449,2,21,25
fivb_vis:20449,3,26,24
fivb_vis:20449,4,25,21
fivb_vis:20450,1,25,15
fivb_vis:20450,2,18,25
fivb_vis:20450,3,23,25
fivb_vis:20450,4,20,25
fivb_vis:20451,1,25,19
fivb_vis:20451,2,25,14
fivb_vis:20451,3,25,21
fivb_vis:20452,1,25,21
fivb_vis:20452,2,25,14
fivb_vis:20452,3,25,9
fivb_vis:20453,1,21,25
fivb_vis:20453,2,20,25
fivb_vis:20453,3,19,25
fivb_vis:20454,1,25,17
fivb_vis:20454,2,25,14
fivb_vis:20454,3,25,20
fivb_vis:20455,1,25,11
fivb_vis:20455,2,25,10
fivb_vis:20455,3,25,17
fivb_vis:20456,1,25,14
fivb_vis:20456,2,25,8
fivb_vis:20456,3,25,16
fivb_vis:20457,1,25,18
fivb_vis:20457,2,25,15
fivb_vis:20457,3,27,25
fivb_vis:20458,1,17,25
fivb_vis:20458,2,16,25
fivb_vis:20458,3,20,25
fivb_vis:20459,1,20,25
fivb_vis:20459,2,25,22
fivb_vis:20459,3,16,25
fivb_vis:20459,4,20,25
fivb_vis:20460,1,21,25
fivb_vis:20460,2,25,20
fivb_vis:20460,3,19,25
fivb_vis:20460,4,25,10
fivb_vis:20460,5,15,10
fivb_vis:20461,1,25,16
fivb_vis:20461,2,25,22
fivb_vis:20461,3,25,18
fivb_vis:20462,1,25,13
fivb_vis:20462,2,25,9
fivb_vis:20462,3,25,13
fivb_vis:20463,1,18,25
fivb_vis:20463,2,26,24
fivb_vis:20463,3,25,15
fivb_vis:20463,4,25,19
fivb_vis:20464,1,25,21
fivb_vis:20464,2,25,18
fivb_vis:20464,3,18,25
fivb_vis:20464,4,27,25
fivb_vis:20465,1,25,19
fivb_vis:20465,2,15,25
fivb_vis:20465,3,21,25
fivb_vis:20465,4,25,22
fivb_vis:20465,5,14,16
fivb_vis:20466,1,16,25
fivb_vis:20466,2,24,26
fivb_vis:20466,3,15,25
fivb_vis:20467,1,25,13
fivb_vis:20467,2,25,14
fivb_vis:20467,3,25,15
fivb_vis:20468,1,18,25
fivb_vis:20468,2,17,25
fivb_vis:20468,3,16,25
fivb_vis:20469,1,10,25
fivb_vis:20469,2,16,25
fivb_vis:20469,3,17,25
fivb_vis:20470,1,25,18
fivb_vis:20470,2,25,23
fivb_vis:20470,3,25,15
fivb_vis:20471,1,20,25
fivb_vis:20471,2,25,20
fivb_vis:20471,3,25,23
fivb_vis:20471,4,25,19
fivb_vis:20472,1,25,23
fivb_vis:20472,2,19,25
fivb_vis:20472,3,25,23
fivb_vis:20472,4,24,26
fivb_vis:20472,5,13,15
fivb_vis:20473,1,19,25
fivb_vis:20473,2,14,25
fivb_vis:20473,3,15,25
fivb_vis:20474,1,25,8
fivb_vis:20474,2,25,16
fivb_vis:20474,3,25,18
fivb_vis:20475,1,25,19
fivb_vis:20475,2,25,23
fivb_vis:20475,3,25,10
fivb_vis:20476,1,8,25
fivb_vis:20476,2,11,25
fivb_vis:20476,3,19,25
fivb_vis:20477,1,12,25
fivb_vis:20477,2,20,25
fivb_vis:20477,3,16,25
fivb_vis:20478,1,25,8
fivb_vis:20478,2,25,12
fivb_vis:20478,3,25,11
fivb_vis:20479,1,23,25
fivb_vis:20479,2,18,25
fivb_vis:20479,3,25,18
fivb_vis:20479,4,21,25
fivb_vis:20480,1,26,24
fivb_vis:20480,2,25,19
fivb_vis:20480,3,24,26
fivb_vis:20480,4,23,25
fivb_vis:20480,5,15,9
fivb_vis:20481,1,23,25
fivb_vis:20481,2,18,25
fivb_vis:20481,3,21,25
fivb_vis:20482,1,28,26
fivb_vis:20482,2,18,25
fivb_vis:20482,3,25,17
fivb_vis:20482,4,16,25
fivb_vis:20482,5,9,15
fivb_vis:20483,1,16,25
fivb_vis:20483,2,18,25
fivb_vis:20483,3,9,25
fivb_vis:20484,1,14,25
fivb_vis:20484,2,17,25
fivb_vis:20484,3,20,25
fivb_vis:20485,1,25,18
fivb_vis:20485,2,26,28
fivb_vis:20485,3,23,25
fivb_vis:20485,4,25,17
fivb_vis:20485,5,12,15
fivb_vis:20486,1,36,38
fivb_vis:20486,2,18,25
fivb_vis:20486,3,9,25
fivb_vis:20487,1,25,19
fivb_vis:20487,2,25,14
fivb_vis:20487,3,25,22
fivb_vis:20488,1,25,22
fivb_vis:20488,2,25,18
fivb_vis:20488,3,25,20
fivb_vis:20489,1,20,25
fivb_vis:20489,2,22,25
fivb_vis:20489,3,21,25
fivb_vis:20490,1,25,0
fivb_vis:20490,2,25,0
fivb_vis:20490,3,25,0
fivb_vis:20491,1,18,25
fivb_vis:20491,2,20,25
fivb_vis:20491,3,23,25
fivb_vis:20492,1,25,19
fivb_vis:20492,2,25,13
fivb_vis:20492,3,25,15
fivb_vis:20493,1,25,9
fivb_vis:20493,2,25,8
fivb_vis:20493,3,25,12
fivb_vis:20494,1,0,25
fivb_vis:20494,2,0,25
fivb_vis:20494,3,0,25
fivb_vis:20495,1,25,8
fivb_vis:20495,2,25,14
fivb_vis:20495,3,25,11
fivb_vis:20496,1,25,19
fivb_vis:20496,2,25,17
fivb_vis:20496,3,25,23
fivb_vis:20497,1,25,20
fivb_vis:20497,2,25,20
fivb_vis:20497,3,25,15
fivb_vis:20498,1,25,13
fivb_vis:20498,2,25,16
fivb_vis:20498,3,25,14
fivb_vis:20499,1,25,21
fivb_vis:20499,2,25,16
fivb_vis:20499,3,25,17
fivb_vis:20500,1,25,13
fivb_vis:20500,2,25,19
fivb_vis:20500,3,25,20
fivb_vis:20501,1,25,10
fivb_vis:20501,2,25,17
fivb_vis:20501,3,25,17
fivb_vis:20502,1,25,18
fivb_vis:20502,2,20,25
fivb_vis:20502,3,25,20
fivb_vis:20502,4,23,25
fivb_vis:20502,5,15,8
fivb_vis:20503,1,24,26
fivb_vis:20503,2,16,25
fivb_vis:20503,3,24,26
fivb_vis:20504,1,22,25
fivb_vis:20504,2,25,21
fivb_vis:20504,3,26,24
fivb_vis:20504,4,25,18
fivb_vis:20505,1,25,19
fivb_vis:20505,2,25,14
fivb_vis:20505,3,18,25
fivb_vis:20505,4,25,14
fivb_vis:28901,1,25,13
fivb_vis:28901,2,25,21
fivb_vis:28901,3,25,13
fivb_vis:28902,1,17,25
fivb_vis:28902,2,9,25
fivb_vis:28902,3,21,25
fivb_vis:28903,1,9,25
fivb_vis:28903,2,22,25
fivb_vis:28903,3,23,25
fivb_vis:28904,1,25,23
fivb_vis:28904,2,25,23
fivb_vis:28904,3,25,20
fivb_vis:28905,1,25,13
fivb_vis:28905,2,25,18
fivb_vis:28905,3,25,23
fivb_vis:28906,1,25,22
fivb_vis:28906,2,23,25
fivb_vis:28906,3,27,25
fivb_vis:28906,4,25,20
fivb_vis:28907,1,25,17
fivb_vis:28907,2,25,16
fivb_vis:28907,3,25,16
fivb_vis:28908,1,25,14
fivb_vis:28908,2,23,25
fivb_vis:28908,3,25,15
fivb_vis:28908,4,25,20
fivb_vis:28909,1,25,13
fivb_vis:28909,2,25,20
fivb_vis:28909,3,25,19
fivb_vis:28910,1,25,15
fivb_vis:28910,2,18,25
fivb_vis:28910,3,23,25
fivb_vis:28910,4,25,17
fivb_vis:28910,5,15,8
fivb_vis:28911,1,23,25
fivb_vis:28911,2,25,23
fivb_vis:28911,3,25,12
fivb_vis:28911,4,22,25
fivb_vis:28911,5,10,15
fivb_vis:28912,1,22,25
fivb_vis:28912,2,21,25
fivb_vis:28912,3,20,25
fivb_vis:28913,1,22,25
fivb_vis:28913,2,16,25
fivb_vis:28913,3,25,14
fivb_vis:28913,4,25,22
fivb_vis:28913,5,6,15
fivb_vis:28914,1,21,25
fivb_vis:28914,2,28,26
fivb_vis:28914,3,15,25
fivb_vis:28914,4,25,22
fivb_vis:28914,5,9,15
fivb_vis:28915,1,16,25
fivb_vis:28915,2,17,25
fivb_vis:28915,3,17,25
fivb_vis:28916,1,12,25
fivb_vis:28916,2,24,26
fivb_vis:28916,3,20,25
fivb_vis:28917,1,25,16
fivb_vis:28917,2,25,17
fivb_vis:28917,3,25,22
fivb_vis:28918,1,16,25
fivb_vis:28918,2,22,25
fivb_vis:28918,3,11,25
fivb_vis:28919,1,25,20
fivb_vis:28919,2,21,25
fivb_vis:28919,3,25,18
fivb_vis:28919,4,25,23
fivb_vis:28920,1,15,25
fivb_vis:28920,2,18,25
fivb_vis:28920,3,25,13
fivb_vis:28920,4,15,25
fivb_vis:28921,1,18,25
fivb_vis:28921,2,23,25
fivb_vis:28921,3,14,25
fivb_vis:28922,1,16,25
fivb_vis:28922,2,22,25
fivb_vis:28922,3,15,25
fivb_vis:28923,1,19,25
fivb_vis:28923,2,17,25
fivb_vis:28923,3,25,16
fivb_vis:28923,4,17,25
fivb_vis:28924,1,21,25
fivb_vis:28924,2,25,22
fivb_vis:28924,3,17,25
fivb_vis:28924,4,16,25
fivb_vis:28925,1,25,21
fivb_vis:28925,2,25,18
fivb_vis:28925,3,25,23
fivb_vis:28926,1,25,27
fivb_vis:28926,2,19,25
fivb_vis:28926,3,25,21
fivb_vis:28926,4,25,22
fivb_vis:28926,5,15,11
fivb_vis:28927,1,25,15
fivb_vis:28927,2,25,16
fivb_vis:28927,3,25,12
fivb_vis:28928,1,25,19
fivb_vis:28928,2,23,25
fivb_vis:28928,3,25,22
fivb_vis:28928,4,26,24
fivb_vis:28929,1,25,21
fivb_vis:28929,2,25,23
fivb_vis:28929,3,15,25
fivb_vis:28929,4,22,25
fivb_vis:28929,5,15,8
fivb_vis:28930,1,19,25
fivb_vis:28930,2,22,25
fivb_vis:28930,3,17,25
fivb_vis:28931,1,25,18
fivb_vis:28931,2,25,14
fivb_vis:28931,3,25,20
fivb_vis:28932,1,26,24
fivb_vis:28932,2,25,21
fivb_vis:28932,3,25,14
fivb_vis:28933,1,21,25
fivb_vis:28933,2,20,25
fivb_vis:28933,3,17,25
fivb_vis:28934,1,25,19
fivb_vis:28934,2,25,18
fivb_vis:28934,3,25,20
fivb_vis:28935,1,20,25
fivb_vis:28935,2,25,18
fivb_vis:28935,3,25,12
fivb_vis:28935,4,25,14
fivb_vis:28936,1,17,25
fivb_vis:28936,2,21,25
fivb_vis:28936,3,14,25
fivb_vis:28937,1,25,13
fivb_vis:28937,2,25,11
fivb_vis:28937,3,25,16
fivb_vis:28938,1,16,25
fivb_vis:28938,2,22,25
fivb_vis:28938,3,25,19
fivb_vis:28938,4,25,16
fivb_vis:28938,5,23,21
fivb_vis:28939,1,25,17
fivb_vis:28939,2,21,25
fivb_vis:28939,3,25,19
fivb_vis:28939,4,25,21
fivb_vis:28940,1,25,14
fivb_vis:28940,2,28,26
fivb_vis:28940,3,25,18
fivb_vis:28941,1,26,24
fivb_vis:28941,2,23,25
fivb_vis:28941,3,19,25
fivb_vis:28941,4,20,25
fivb_vis:28942,1,19,25
fivb_vis:28942,2,25,19
fivb_vis:28942,3,23,25
fivb_vis:28942,4,19,25
fivb_vis:28943,1,26,24
fivb_vis:28943,2,25,15
fivb_vis:28943,3,15,25
fivb_vis:28943,4,16,25
fivb_vis:28943,5,4,15
fivb_vis:28944,1,23,25
fivb_vis:28944,2,19,25
fivb_vis:28944,3,25,15
fivb_vis:28944,4,25,13
fivb_vis:28944,5,15,12
fivb_vis:28945,1,25,19
fivb_vis:28945,2,25,22
fivb_vis:28945,3,25,23
fivb_vis:28946,1,25,21
fivb_vis:28946,2,25,19
fivb_vis:28946,3,25,11
fivb_vis:28947,1,25,22
fivb_vis:28947,2,25,13
fivb_vis:28947,3,25,18
fivb_vis:28948,1,21,25
fivb_vis:28948,2,27,25
fivb_vis:28948,3,20,25
fivb_vis:28948,4,19,25
fivb_vis:20079,1,21,25
fivb_vis:20079,2,25,22
fivb_vis:20079,3,25,15
fivb_vis:20079,4,25,16
fivb_vis:20080,1,25,11
fivb_vis:20080,2,25,14
fivb_vis:20080,3,25,14
fivb_vis:20081,1,25,18
fivb_vis:20081,2,25,12
fivb_vis:20081,3,25,12
fivb_vis:20082,1,16,25
fivb_vis:20082,2,22,25
fivb_vis:20082,3,19,25
fivb_vis:20083,1,15,25
fivb_vis:20083,2,15,25
fivb_vis:20083,3,25,20
fivb_vis:20083,4,19,25
fivb_vis:20084,1,25,20
fivb_vis:20084,2,25,20
fivb_vis:20084,3,19,25
fivb_vis:20084,4,27,25
fivb_vis:20085,1,24,26
fivb_vis:20085,2,18,25
fivb_vis:20085,3,13,25
fivb_vis:20086,1,25,19
fivb_vis:20086,2,25,17
fivb_vis:20086,3,25,10
fivb_vis:20087,1,25,27
fivb_vis:20087,2,23,25
fivb_vis:20087,3,17,25
fivb_vis:20088,1,20,25
fivb_vis:20088,2,28,30
fivb_vis:20088,3,20,25
fivb_vis:20089,1,25,17
fivb_vis:20089,2,25,27
fivb_vis:20089,3,23,25
fivb_vis:20089,4,25,20
fivb_vis:20089,5,15,7
fivb_vis:20090,1,23,25
fivb_vis:20090,2,25,14
fivb_vis:20090,3,25,22
fivb_vis:20090,4,25,21
fivb_vis:20185,1,33,31
fivb_vis:20185,2,27,25
fivb_vis:20185,3,25,15
fivb_vis:20186,1,25,22
fivb_vis:20186,2,25,14
fivb_vis:20186,3,25,18
fivb_vis:20187,1,21,25
fivb_vis:20187,2,14,25
fivb_vis:20187,3,25,20
fivb_vis:20187,4,24,26
fivb_vis:20188,1,25,18
fivb_vis:20188,2,25,21
fivb_vis:20188,3,20,25
fivb_vis:20188,4,16,25
fivb_vis:20188,5,15,6
fivb_vis:20189,1,25,15
fivb_vis:20189,2,25,21
fivb_vis:20189,3,25,13
fivb_vis:20190,1,25,22
fivb_vis:20190,2,25,21
fivb_vis:20190,3,28,30
fivb_vis:20190,4,23,25
fivb_vis:20190,5,16,14
fivb_vis:20191,1,25,21
fivb_vis:20191,2,21,25
fivb_vis:20191,3,25,23
fivb_vis:20191,4,25,16
fivb_vis:20192,1,25,22
fivb_vis:20192,2,25,14
fivb_vis:20192,3,25,22
fivb_vis:20193,1,25,20
fivb_vis:20193,2,26,24
fivb_vis:20193,3,25,22
fivb_vis:20194,1,24,26
fivb_vis:20194,2,23,25
fivb_vis:20194,3,25,23
fivb_vis:20194,4,21,25
fivb_vis:20195,1,25,15
fivb_vis:20195,2,17,25
fivb_vis:20195,3,23,25
fivb_vis:20195,4,25,16
fivb_vis:20195,5,15,11
fivb_vis:20297,1,22,25
fivb_vis:20297,2,9,25
fivb_vis:20297,3,21,25
fivb_vis:20298,1,28,26
fivb_vis:20298,2,22,25
fivb_vis:20298,3,25,19
fivb_vis:20298,4,25,16
fivb_vis:20299,1,25,19
fivb_vis:20299,2,25,21
fivb_vis:20299,3,25,19
fivb_vis:20300,1,26,24
fivb_vis:20300,2,23,25
fivb_vis:20300,3,19,25
fivb_vis:20300,4,25,13
fivb_vis:20300,5,15,11
fivb_vis:20301,1,25,23
fivb_vis:20301,2,26,24
fivb_vis:20301,3,25,20
fivb_vis:20302,1,32,30
fivb_vis:20302,2,25,19
fivb_vis:20302,3,27,25
fivb_vis:20303,1,25,15
fivb_vis:20303,2,25,21
fivb_vis:20303,3,25,23
fivb_vis:20304,1,18,25
fivb_vis:20304,2,21,25
fivb_vis:20304,3,21,25
fivb_vis:20305,1,25,23
fivb_vis:20305,2,25,20
fivb_vis:20305,3,25,21
fivb_vis:20306,1,25,18
fivb_vis:20306,2,26,28
fivb_vis:20306,3,19,25
fivb_vis:20306,4,20,25
fivb_vis:20307,1,25,20
fivb_vis:20307,2,25,23
fivb_vis:20307,3,25,22
fivb_vis:20308,1,25,21
fivb_vis:20308,2,25,23
fivb_vis:20308,3,25,18
fivb_vis:20309,1,25,17
fivb_vis:20309,2,25,22
fivb_vis:20309,3,15,25
fivb_vis:20309,4,25,20
fivb_vis:20310,1,33,31
fivb_vis:20310,2,25,14
fivb_vis:20310,3,25,17
fivb_vis:20311,1,21,25
fivb_vis:20311,2,23,25
fivb_vis:20311,3,27,25
fivb_vis:20311,4,21,25
fivb_vis:20312,1,19,25
fivb_vis:20312,2,36,34
fivb_vis:20312,3,24,26
fivb_vis:20312,4,21,25
fivb_vis:20313,1,21,25
fivb_vis:20313,2,25,17
fivb_vis:20313,3,25,18
fivb_vis:20313,4,23,25
fivb_vis:20313,5,15,11
fivb_vis:20314,1,19,25
fivb_vis:20314,2,25,17
fivb_vis:20314,3,20,25
fivb_vis:20314,4,22,25
fivb_vis:1866,1,23,25
fivb_vis:1866,2,26,28
fivb_vis:1866,3,22,25
fivb_vis:1867,1,25,14
fivb_vis:1867,2,21,25
fivb_vis:1867,3,25,20
fivb_vis:1867,4,25,13
fivb_vis:1868,1,19,25
fivb_vis:1868,2,19,25
fivb_vis:1868,3,25,17
fivb_vis:1868,4,21,25
fivb_vis:1869,1,25,19
fivb_vis:1869,2,25,22
fivb_vis:1869,3,31,29
fivb_vis:1870,1,25,22
fivb_vis:1870,2,18,25
fivb_vis:1870,3,23,25
fivb_vis:1870,4,17,25
fivb_vis:1871,1,25,16
fivb_vis:1871,2,26,24
fivb_vis:1871,3,25,9
fivb_vis:1872,1,25,14
fivb_vis:1872,2,25,12
fivb_vis:1872,3,25,12
fivb_vis:1873,1,25,23
fivb_vis:1873,2,25,18
fivb_vis:1873,3,25,17
fivb_vis:1874,1,25,15
fivb_vis:1874,2,25,20
fivb_vis:1874,3,25,21
fivb_vis:1875,1,25,16
fivb_vis:1875,2,25,18
fivb_vis:1875,3,25,22
fivb_vis:1876,1,25,17
fivb_vis:1876,2,30,28
fivb_vis:1876,3,25,17
fivb_vis:1877,1,25,15
fivb_vis:1877,2,25,20
fivb_vis:1877,3,25,20
fivb_vis:1878,1,23,25
fivb_vis:1878,2,22,25
fivb_vis:1878,3,25,21
fivb_vis:1878,4,22,25
fivb_vis:1879,1,25,16
fivb_vis:1879,2,25,22
fivb_vis:1879,3,25,13
fivb_vis:1880,1,9,25
fivb_vis:1880,2,15,25
fivb_vis:1880,3,15,25
fivb_vis:1881,1,10,25
fivb_vis:1881,2,16,25
fivb_vis:1881,3,18,25
fivb_vis:1882,1,25,16
fivb_vis:1882,2,25,10
fivb_vis:1882,3,25,15
fivb_vis:1883,1,25,11
fivb_vis:1883,2,25,15
fivb_vis:1883,3,25,15
fivb_vis:1884,1,16,25
fivb_vis:1884,2,12,25
fivb_vis:1884,3,13,25
fivb_vis:1885,1,25,22
fivb_vis:1885,2,25,16
fivb_vis:1885,3,26,28
fivb_vis:1885,4,25,20
fivb_vis:1886,1,21,25
fivb_vis:1886,2,26,24
fivb_vis:1886,3,23,25
fivb_vis:1886,4,23,25
fivb_vis:1887,1,24,26
fivb_vis:1887,2,28,26
fivb_vis:1887,3,22,25
fivb_vis:1887,4,20,25
fivb_vis:1888,1,25,20
fivb_vis:1888,2,18,25
fivb_vis:1888,3,25,20
fivb_vis:1888,4,25,15
fivb_vis:1889,1,25,16
fivb_vis:1889,2,25,17
fivb_vis:1889,3,25,22
fivb_vis:1890,1,25,19
fivb_vis:1890,2,25,17
fivb_vis:1890,3,25,14
fivb_vis:1891,1,24,26
fivb_vis:1891,2,25,20
fivb_vis:1891,3,25,11
fivb_vis:1891,4,25,20
fivb_vis:1892,1,25,22
fivb_vis:1892,2,25,20
fivb_vis:1892,3,21,25
fivb_vis:1892,4,25,14
fivb_vis:1893,1,25,19
fivb_vis:1893,2,24,26
fivb_vis:1893,3,25,21
fivb_vis:1893,4,15,25
fivb_vis:1893,5,8,15
fivb_vis:1894,1,12,25
fivb_vis:1894,2,5,25
fivb_vis:1894,3,13,25
fivb_vis:1895,1,23,25
fivb_vis:1895,2,25,19
fivb_vis:1895,3,25,23
fivb_vis:1895,4,25,8
fivb_vis:1896,1,25,20
fivb_vis:1896,2,25,20
fivb_vis:1896,3,23,25
fivb_vis:1896,4,16,25
fivb_vis:1896,5,13,15
fivb_vis:1897,1,25,16
fivb_vis:1897,2,23,25
fivb_vis:1897,3,24,26
fivb_vis:1897,4,25,19
fivb_vis:1897,5,12,15
fivb_vis:1898,1,21,25
fivb_vis:1898,2,25,21
fivb_vis:1898,3,25,23
fivb_vis:1898,4,25,19
fivb_vis:1899,1,25,13
fivb_vis:1899,2,25,19
fivb_vis:1899,3,25,18
fivb_vis:1900,1,25,18
fivb_vis:1900,2,16,25
fivb_vis:1900,3,23,25
fivb_vis:1900,4,22,25
fivb_vis:1901,1,26,24
fivb_vis:1901,2,25,13
fivb_vis:1901,3,27,25
fivb_vis:1902,1,21,25
fivb_vis:1902,2,25,21
fivb_vis:1902,3,18,25
fivb_vis:1902,4,22,25
fivb_vis:1903,1,22,25
fivb_vis:1903,2,25,22
fivb_vis:1903,3,19,25
fivb_vis:1903,4,25,23
fivb_vis:1903,5,15,10
fivb_vis:21062,1,13,25
fivb_vis:21062,2,17,25
fivb_vis:21062,3,23,25
fivb_vis:21063,1,25,20
fivb_vis:21063,2,25,21
fivb_vis:21063,3,25,14
fivb_vis:21064,1,22,25
fivb_vis:21064,2,25,20
fivb_vis:21064,3,25,12
fivb_vis:21064,4,29,27
fivb_vis:21065,1,25,20
fivb_vis:21065,2,22,25
fivb_vis:21065,3,19,25
fivb_vis:21065,4,19,25
fivb_vis:21066,1,19,25
fivb_vis:21066,2,23,25
fivb_vis:21066,3,19,25
fivb_vis:21067,1,38,40
fivb_vis:21067,2,22,25
fivb_vis:21067,3,20,25
fivb_vis:21068,1,25,18
fivb_vis:21068,2,25,23
fivb_vis:21068,3,26,28
fivb_vis:21068,4,25,23
fivb_vis:21069,1,25,19
fivb_vis:21069,2,25,20
fivb_vis:21069,3,25,16
fivb_vis:21070,1,34,32
fivb_vis:21070,2,25,15
fivb_vis:21070,3,25,19
fivb_vis:21071,1,19,25
fivb_vis:21071,2,18,25
fivb_vis:21071,3,25,22
fivb_vis:21071,4,25,22
fivb_vis:21071,5,15,11
fivb_vis:21072,1,17,25
fivb_vis:21072,2,25,16
fivb_vis:21072,3,23,25
fivb_vis:21072,4,20,25
fivb_vis:21073,1,16,25
fivb_vis:21073,2,17,25
fivb_vis:21073,3,22,25
fivb_vis:21074,1,22,25
fivb_vis:21074,2,23,25
fivb_vis:21074,3,20,25
fivb_vis:21075,1,25,12
fivb_vis:21075,2,25,18
fivb_vis:21075,3,25,16
fivb_vis:21076,1,19,25
fivb_vis:21076,2,25,23
fivb_vis:21076,3,25,22
fivb_vis:21076,4,25,21
fivb_vis:21077,1,25,13
fivb_vis:21077,2,25,22
fivb_vis:21077,3,25,17
fivb_vis:21078,1,25,22
fivb_vis:21078,2,25,21
fivb_vis:21078,3,25,20
fivb_vis:21079,1,25,18
fivb_vis:21079,2,23,25
fivb_vis:21079,3,25,14
fivb_vis:21079,4,25,16
fivb_vis:21080,1,25,17
fivb_vis:21080,2,25,23
fivb_vis:21080,3,25,21
fivb_vis:21081,1,20,25
fivb_vis:21081,2,23,25
fivb_vis:21081,3,22,25
fivb_vis:21082,1,19,25
fivb_vis:21082,2,14,25
fivb_vis:21082,3,25,18
fivb_vis:21082,4,25,23
fivb_vis:21082,5,13,15
fivb_vis:21083,1,25,23
fivb_vis:21083,2,26,24
fivb_vis:21083,3,26,24
fivb_vis:21084,1,25,19
fivb_vis:21084,2,25,22
fivb_vis:21084,3,25,17
fivb_vis:21085,1,25,21
fivb_vis:21085,2,25,14
fivb_vis:21085,3,25,19
fivb_vis:21086,1,25,11
fivb_vis:21086,2,25,22
fivb_vis:21086,3,25,18
fivb_vis:21087,1,25,22
fivb_vis:21087,2,23,25
fivb_vis:21087,3,25,21
fivb_vis:21087,4,25,18
fivb_vis:21088,1,23,25
fivb_vis:21088,2,25,20
fivb_vis:21088,3,25,23
fivb_vis:21088,4,25,16
fivb_vis:21089,1,25,17
fivb_vis:21089,2,25,12
fivb_vis:21089,3,25,11
fivb_vis:21090,1,29,27
fivb_vis:21090,2,23,25
fivb_vis:21090,3,25,21
fivb_vis:21090,4,25,21
fivb_vis:21091,1,19,25
fivb_vis:21091,2,25,17
fivb_vis:21091,3,27,29
fivb_vis:21091,4,25,21
fivb_vis:21091,5,9,15
fivb_vis:21092,1,25,18
fivb_vis:21092,2,25,19
fivb_vis:21092,3,29,27
fivb_vis:21093,1,23,25
fivb_vis:21093,2,20,25
fivb_vis:21093,3,25,22
fivb_vis:21093,4,25,21
fivb_vis:21093,5,13,15
fivb_vis:21094,1,23,25
fivb_vis:21094,2,21,25
fivb_vis:21094,3,25,20
fivb_vis:21094,4,25,21
fivb_vis:21094,5,15,11
fivb_vis:21095,1,20,25
fivb_vis:21095,2,25,23
fivb_vis:21095,3,25,20
fivb_vis:21095,4,25,22
fivb_vis:21096,1,25,17
fivb_vis:21096,2,25,12
fivb_vis:21096,3,25,12
fivb_vis:21097,1,21,25
fivb_vis:21097,2,16,25
fivb_vis:21097,3,25,27
fivb_vis:21098,1,25,17
fivb_vis:21098,2,25,22
fivb_vis:21098,3,23,25
fivb_vis:21098,4,27,25
fivb_vis:21099,1,22,25
fivb_vis:21099,2,25,23
fivb_vis:21099,3,25,19
fivb_vis:21099,4,25,22
fivb_vis:21100,1,25,21
fivb_vis:21100,2,17,25
fivb_vis:21100,3,31,29
fivb_vis:21100,4,25,22
fivb_vis:21101,1,25,20
fivb_vis:21101,2,25,17
fivb_vis:21101,3,25,12
fivb_vis:21102,1,22,25
fivb_vis:21102,2,20,25
fivb_vis:21102,3,22,25
fivb_vis:21103,1,25,18
fivb_vis:21103,2,25,23
fivb_vis:21103,3,17,25
fivb_vis:21103,4,25,21
fivb_vis:21104,1,19,25
fivb_vis:21104,2,18,25
fivb_vis:21104,3,22,25
fivb_vis:21105,1,25,22
fivb_vis:21105,2,25,20
fivb_vis:21105,3,25,12
fivb_vis:21106,1,25,21
fivb_vis:21106,2,21,25
fivb_vis:21106,3,25,17
fivb_vis:21106,4,23,25
fivb_vis:21106,5,20,22
fivb_vis:21107,1,26,28
fivb_vis:21107,2,23,25
fivb_vis:21107,3,25,21
fivb_vis:21107,4,25,20
fivb_vis:21107,5,12,15
fivb_vis:21108,1,26,24
fivb_vis:21108,2,25,19
fivb_vis:21108,3,25,18
fivb_vis:21109,1,25,21
fivb_vis:21109,2,25,22
fivb_vis:21109,3,25,18
fivb_vis:21110,1,19,25
fivb_vis:21110,2,18,25
fivb_vis:21110,3,23,25
fivb_vis:21111,1,25,23
fivb_vis:21111,2,19,25
fivb_vis:21111,3,26,24
fivb_vis:21111,4,22,25
fivb_vis:21111,5,9,15
fivb_vis:21112,1,19,25
fivb_vis:21112,2,25,22
fivb_vis:21112,3,25,17
fivb_vis:21112,4,25,20
fivb_vis:21113,1,25,19
fivb_vis:21113,2,25,23
fivb_vis:21113,3,25,13
fivb_vis:21114,1,25,18
fivb_vis:21114,2,23,25
fivb_vis:21114,3,25,20
fivb_vis:21114,4,25,14
fivb_vis:21115,1,27,29
fivb_vis:21115,2,25,23
fivb_vis:21115,3,25,16
fivb_vis:21115,4,25,19
fivb_vis:21116,1,23,25
fivb_vis:21116,2,20,25
fivb_vis:21116,3,22,25
fivb_vis:21117,1,25,21
fivb_vis:21117,2,25,17
fivb_vis:21117,3,25,21
fivb_vis:21118,1,22,25
fivb_vis:21118,2,27,25
fivb_vis:21118,3,25,20
fivb_vis:21118,4,25,21
fivb_vis:21119,1,25,21
fivb_vis:21119,2,25,19
fivb_vis:21119,3,17,25
fivb_vis:21119,4,22,25
fivb_vis:21119,5,13,15
fivb_vis:21120,1,25,15
fivb_vis:21120,2,25,22
fivb_vis:21120,3,25,19
fivb_vis:21121,1,25,13
fivb_vis:21121,2,25,18
fivb_vis:21121,3,25,18
fivb_vis:21122,1,20,25
fivb_vis:21122,2,25,23
fivb_vis:21122,3,21,25
fivb_vis:21122,4,22,25
fivb_vis:21123,1,21,25
fivb_vis:21123,2,22,25
fivb_vis:21123,3,23,25
fivb_vis:21124,1,18,25
fivb_vis:21124,2,25,23
fivb_vis:21124,3,22,25
fivb_vis:21124,4,21,25
fivb_vis:21125,1,21,25
fivb_vis:21125,2,17,25
fivb_vis:21125,3,25,17
fivb_vis:21125,4,10,25
fivb_vis:22391,1,25,18
fivb_vis:22391,2,23,25
fivb_vis:22391,3,17,25
fivb_vis:22391,4,24,26
fivb_vis:22392,1,22,25
fivb_vis:22392,2,18,25
fivb_vis:22392,3,25,21
fivb_vis:22392,4,14,25
fivb_vis:22393,1,25,27
fivb_vis:22393,2,25,11
fivb_vis:22393,3,25,21
fivb_vis:22393,4,21,25
fivb_vis:22393,5,15,9
fivb_vis:22394,1,25,23
fivb_vis:22394,2,25,14
fivb_vis:22394,3,25,11
fivb_vis:22395,1,25,23
fivb_vis:22395,2,17,25
fivb_vis:22395,3,25,22
fivb_vis:22395,4,25,14
fivb_vis:22396,1,25,18
fivb_vis:22396,2,25,16
fivb_vis:22396,3,25,16
fivb_vis:22397,1,25,15
fivb_vis:22397,2,23,25
fivb_vis:22397,3,25,15
fivb_vis:22397,4,25,11
fivb_vis:22398,1,25,20
fivb_vis:22398,2,25,14
fivb_vis:22398,3,25,17
fivb_vis:22399,1,25,23
fivb_vis:22399,2,25,18
fivb_vis:22399,3,23,25
fivb_vis:22399,4,25,18
fivb_vis:22400,1,25,15
fivb_vis:22400,2,25,18
fivb_vis:22400,3,25,13
fivb_vis:22401,1,25,21
fivb_vis:22401,2,25,17
fivb_vis:22401,3,25,19
fivb_vis:22402,1,25,22
fivb_vis:22402,2,25,8
fivb_vis:22402,3,25,20
fivb_vis:22403,1,25,18
fivb_vis:22403,2,25,20
fivb_vis:22403,3,25,23
fivb_vis:22404,1,22,25
fivb_vis:22404,2,26,24
fivb_vis:22404,3,25,10
fivb_vis:22404,4,25,18
fivb_vis:22405,1,25,21
fivb_vis:22405,2,25,19
fivb_vis:22405,3,25,17
fivb_vis:22406,1,23,25
fivb_vis:22406,2,25,10
fivb_vis:22406,3,25,12
fivb_vis:22406,4,25,22
fivb_vis:22407,1,22,25
fivb_vis:22407,2,19,25
fivb_vis:22407,3,25,23
fivb_vis:22407,4,25,18
fivb_vis:22407,5,15,13
fivb_vis:22408,1,19,25
fivb_vis:22408,2,13,25
fivb_vis:22408,3,25,23
fivb_vis:22408,4,14,25
fivb_vis:22409,1,25,15
fivb_vis:22409,2,25,13
fivb_vis:22409,3,25,13
fivb_vis:22410,1,25,9
fivb_vis:22410,2,25,8
fivb_vis:22410,3,25,16
fivb_vis:22411,1,25,14
fivb_vis:22411,2,23,25
fivb_vis:22411,3,25,12
fivb_vis:22411,4,25,17
fivb_vis:22412,1,21,25
fivb_vis:22412,2,20,25
fivb_vis:22412,3,25,15
fivb_vis:22412,4,25,17
fivb_vis:22412,5,15,13
fivb_vis:22413,1,25,18
fivb_vis:22413,2,25,20
fivb_vis:22413,3,25,22
fivb_vis:22414,1,25,19
fivb_vis:22414,2,25,17
fivb_vis:22414,3,25,18
fivb_vis:22415,1,22,25
fivb_vis:22415,2,28,26
fivb_vis:22415,3,24,26
fivb_vis:22415,4,25,15
fivb_vis:22415,5,15,10
fivb_vis:22416,1,25,15
fivb_vis:22416,2,25,17
fivb_vis:22416,3,25,20
fivb_vis:22417,1,25,27
fivb_vis:22417,2,20,25
fivb_vis:22417,3,25,20
fivb_vis:22417,4,26,24
fivb_vis:22417,5,15,11
fivb_vis:22418,1,25,18
fivb_vis:22418,2,25,17
fivb_vis:22418,3,25,21
fivb_vis:22419,1,25,23
fivb_vis:22419,2,25,19
fivb_vis:22419,3,25,13
fivb_vis:22420,1,25,16
fivb_vis:22420,2,23,25
fivb_vis:22420,3,25,14
fivb_vis:22420,4,25,16
fivb_vis:22421,1,25,16
fivb_vis:22421,2,25,17
fivb_vis:22421,3,25,12
fivb_vis:22422,1,25,17
fivb_vis:22422,2,15,25
fivb_vis:22422,3,25,15
fivb_vis:22422,4,25,14
fivb_vis:22423,1,20,25
fivb_vis:22423,2,22,25
fivb_vis:22423,3,21,25
fivb_vis:22424,1,17,25
fivb_vis:22424,2,25,21
fivb_vis:22424,3,28,26
fivb_vis:22424,4,25,17
fivb_vis:22425,1,25,18
fivb_vis:22425,2,26,28
fivb_vis:22425,3,25,20
fivb_vis:22425,4,25,16
fivb_vis:22426,1,25,16
fivb_vis:22426,2,25,16
fivb_vis:22426,3,21,25
fivb_vis:22426,4,25,18
fivb_vis:22427,1,26,24
fivb_vis:22427,2,25,20
fivb_vis:22427,3,25,15
fivb_vis:22428,1,25,19
fivb_vis:22428,2,25,13
fivb_vis:22428,3,25,18
fivb_vis:22429,1,25,23
fivb_vis:22429,2,17,25
fivb_vis:22429,3,25,23
fivb_vis:22429,4,10,25
fivb_vis:22429,5,14,16
fivb_vis:22430,1,27,25
fivb_vis:22430,2,25,21
fivb_vis:22430,3,22,25
fivb_vis:22430,4,26,24
fivb_vis:22431,1,25,21
fivb_vis:22431,2,27,25
fivb_vis:22431,3,25,13
fivb_vis:22432,1,22,25
fivb_vis:22432,2,25,22
fivb_vis:22432,3,23,25
fivb_vis:22432,4,25,18
fivb_vis:22432,5,12,15
fivb_vis:22433,1,25,23
fivb_vis:22433,2,30,28
fivb_vis:22433,3,23,25
fivb_vis:22433,4,25,18
fivb_vis:22434,1,25,23
fivb_vis:22434,2,25,22
fivb_vis:22434,3,25,18
fivb_vis:22435,1,22,25
fivb_vis:22435,2,14,25
fivb_vis:22435,3,25,22
fivb_vis:22435,4,18,25
fivb_vis:22436,1,25,15
fivb_vis:22436,2,25,21
fivb_vis:22436,3,25,17
fivb_vis:22437,1,25,17
fivb_vis:22437,2,25,21
fivb_vis:22437,3,25,20
fivb_vis:22438,1,21,25
fivb_vis:22438,2,25,15
fivb_vis:22438,3,19,25
fivb_vis:22438,4,28,26
fivb_vis:22438,5,19,17
fivb_vis:22439,1,27,25
fivb_vis:22439,2,26,24
fivb_vis:22439,3,22,25
fivb_vis:22439,4,20,25
fivb_vis:22439,5,15,11
fivb_vis:22440,1,25,20
fivb_vis:22440,2,25,23
fivb_vis:22440,3,25,23
fivb_vis:22441,1,25,18
fivb_vis:22441,2,25,21
fivb_vis:22441,3,25,21
fivb_vis:22442,1,30,28
fivb_vis:22442,2,25,13
fivb_vis:22442,3,29,27
fivb_vis:22443,1,25,22
fivb_vis:22443,2,25,18
fivb_vis:22443,3,25,11
fivb_vis:22444,1,25,27
fivb_vis:22444,2,25,20
fivb_vis:22444,3,25,17
fivb_vis:22444,4,22,25
fivb_vis:22444,5,15,10
fivb_vis:22445,1,18,25
fivb_vis:22445,2,25,12
fivb_vis:22445,3,25,20
fivb_vis:22445,4,25,12
fivb_vis:22446,1,20,25
fivb_vis:22446,2,25,27
fivb_vis:22446,3,25,22
fivb_vis:22446,4,20,25
fivb_vis:22447,1,25,20
fivb_vis:22447,2,20,25
fivb_vis:22447,3,25,22
fivb_vis:22447,4,22,25
fivb_vis:22447,5,12,15
fivb_vis:22448,1,14,25
fivb_vis:22448,2,25,22
fivb_vis:22448,3,14,25
fivb_vis:22448,4,23,25
fivb_vis:22449,1,25,17
fivb_vis:22449,2,25,21
fivb_vis:22449,3,25,18
fivb_vis:22450,1,27,25
fivb_vis:22450,2,33,31
fivb_vis:22450,3,25,19
fivb_vis:22451,1,25,16
fivb_vis:22451,2,17,25
fivb_vis:22451,3,18,25
fivb_vis:22451,4,25,27
fivb_vis:22452,1,22,25
fivb_vis:22452,2,25,22
fivb_vis:22452,3,28,30
fivb_vis:22452,4,25,22
fivb_vis:22452,5,15,13
fivb_vis:22453,1,12,25
fivb_vis:22453,2,17,25
fivb_vis:22453,3,25,19
fivb_vis:22453,4,29,27
fivb_vis:22453,5,16,18
fivb_vis:22454,1,23,25
fivb_vis:22454,2,25,13
fivb_vis:22454,3,24,26
fivb_vis:22454,4,25,19
fivb_vis:22454,5,8,15
fivb_vis:1904,1,15,25
fivb_vis:1904,2,20,25
fivb_vis:1904,3,14,25
fivb_vis:1905,1,22,25
fivb_vis:1905,2,25,11
fivb_vis:1905,3,25,16
fivb_vis:1905,4,25,6
fivb_vis:1906,1,25,17
fivb_vis:1906,2,26,28
fivb_vis:1906,3,25,15
fivb_vis:1906,4,25,15
fivb_vis:1907,1,23,25
fivb_vis:1907,2,25,14
fivb_vis:1907,3,25,22
fivb_vis:1907,4,17,25
fivb_vis:1907,5,14,16
fivb_vis:1908,1,15,25
fivb_vis:1908,2,25,19
fivb_vis:1908,3,25,20
fivb_vis:1908,4,25,17
fivb_vis:1909,1,22,25
fivb_vis:1909,2,26,24
fivb_vis:1909,3,17,25
fivb_vis:1909,4,19,25
fivb_vis:1910,1,18,25
fivb_vis:1910,2,18,25
fivb_vis:1910,3,21,25
fivb_vis:1911,1,23,25
fivb_vis:1911,2,25,14
fivb_vis:1911,3,25,21
fivb_vis:1911,4,19,25
fivb_vis:1911,5,16,14
fivb_vis:1912,1,25,21
fivb_vis:1912,2,25,13
fivb_vis:1912,3,25,18
fivb_vis:1913,1,25,17
fivb_vis:1913,2,25,10
fivb_vis:1913,3,32,30
fivb_vis:1914,1,25,19
fivb_vis:1914,2,25,19
fivb_vis:1914,3,13,25
fivb_vis:1914,4,25,19
fivb_vis:1915,1,23,25
fivb_vis:1915,2,19,25
fivb_vis:1915,3,25,23
fivb_vis:1915,4,26,28
fivb_vis:21437,1,25,22
fivb_vis:21437,2,22,25
fivb_vis:21437,3,25,22
fivb_vis:21437,4,25,22
fivb_vis:21438,1,23,25
fivb_vis:21438,2,14,25
fivb_vis:21438,3,22,25
fivb_vis:21439,1,12,25
fivb_vis:21439,2,25,22
fivb_vis:21439,3,25,23
fivb_vis:21439,4,25,23
fivb_vis:21440,1,16,25
fivb_vis:21440,2,25,22
fivb_vis:21440,3,19,25
fivb_vis:21440,4,19,25
fivb_vis:21441,1,25,22
fivb_vis:21441,2,25,20
fivb_vis:21441,3,25,23
fivb_vis:21442,1,25,22
fivb_vis:21442,2,13,25
fivb_vis:21442,3,25,22
fivb_vis:21442,4,25,19
fivb_vis:21443,1,25,19
fivb_vis:21443,2,25,16
fivb_vis:21443,3,25,18
fivb_vis:21444,1,25,23
fivb_vis:21444,2,19,25
fivb_vis:21444,3,25,21
fivb_vis:21444,4,23,25
fivb_vis:21444,5,11,15
fivb_vis:21445,1,25,22
fivb_vis:21445,2,21,25
fivb_vis:21445,3,25,18
fivb_vis:21445,4,25,15
fivb_vis:21446,1,25,23
fivb_vis:21446,2,25,23
fivb_vis:21446,3,25,20
fivb_vis:21447,1,27,25
fivb_vis:21447,2,25,22
fivb_vis:21447,3,18,25
fivb_vis:21447,4,39,37
fivb_vis:21448,1,25,21
fivb_vis:21448,2,25,20
fivb_vis:21448,3,19,25
fivb_vis:21448,4,23,25
fivb_vis:21448,5,11,15
fivb_vis:21449,1,25,27
fivb_vis:21449,2,24,26
fivb_vis:21449,3,25,21
fivb_vis:21449,4,25,20
fivb_vis:21449,5,13,15
fivb_vis:21450,1,25,22
fivb_vis:21450,2,21,25
fivb_vis:21450,3,14,25
fivb_vis:21450,4,25,22
fivb_vis:21450,5,15,8
fivb_vis:21451,1,19,25
fivb_vis:21451,2,21,25
fivb_vis:21451,3,25,21
fivb_vis:21451,4,25,23
fivb_vis:21451,5,17,15
fivb_vis:21452,1,25,20
fivb_vis:21452,2,25,23
fivb_vis:21452,3,26,24
fivb_vis:21453,1,21,25
fivb_vis:21453,2,25,23
fivb_vis:21453,3,25,22
fivb_vis:21453,4,25,23
fivb_vis:21454,1,25,21
fivb_vis:21454,2,25,20
fivb_vis:21454,3,28,26
fivb_vis:21455,1,25,22
fivb_vis:21455,2,20,25
fivb_vis:21455,3,25,20
fivb_vis:21455,4,17,25
fivb_vis:21455,5,15,12
fivb_vis:21456,1,25,18
fivb_vis:21456,2,25,22
fivb_vis:21456,3,19,25
fivb_vis:21456,4,26,24
fivb_vis:21457,1,25,17
fivb_vis:21457,2,23,25
fivb_vis:21457,3,18,25
fivb_vis:21457,4,25,18
fivb_vis:21457,5,12,15
fivb_vis:21458,1,25,19
fivb_vis:21458,2,25,20
fivb_vis:21458,3,13,25
fivb_vis:21458,4,25,17
fivb_vis:21459,1,26,28
fivb_vis:21459,2,23,25
fivb_vis:21459,3,21,25
fivb_vis:21460,1,25,19
fivb_vis:21460,2,25,14
fivb_vis:21460,3,22,25
fivb_vis:21460,4,23,25
fivb_vis:21460,5,10,15
fivb_vis:21461,1,22,25
fivb_vis:21461,2,25,27
fivb_vis:21461,3,25,20
fivb_vis:21461,4,23,25
fivb_vis:21462,1,22,25
fivb_vis:21462,2,27,29
fivb_vis:21462,3,29,27
fivb_vis:21462,4,25,21
fivb_vis:21462,5,6,15
fivb_vis:21463,1,25,22
fivb_vis:21463,2,22,25
fivb_vis:21463,3,25,19
fivb_vis:21463,4,23,25
fivb_vis:21463,5,15,12
fivb_vis:21464,1,18,25
fivb_vis:21464,2,23,25
fivb_vis:21464,3,18,25
fivb_vis:21465,1,22,25
fivb_vis:21465,2,21,25
fivb_vis:21465,3,20,25
fivb_vis:21466,1,25,21
fivb_vis:21466,2,25,20
fivb_vis:21466,3,25,23
fivb_vis:21467,1,25,19
fivb_vis:21467,2,29,27
fivb_vis:21467,3,25,19
fivb_vis:21468,1,23,25
fivb_vis:21468,2,25,17
fivb_vis:21468,3,35,37
fivb_vis:21468,4,21,25
fivb_vis:21469,1,30,28
fivb_vis:21469,2,20,25
fivb_vis:21469,3,25,22
fivb_vis:21469,4,21,25
fivb_vis:21469,5,9,15
fivb_vis:21470,1,23,25
fivb_vis:21470,2,25,19
fivb_vis:21470,3,29,27
fivb_vis:21470,4,29,27
fivb_vis:21471,1,22,25
fivb_vis:21471,2,18,25
fivb_vis:21471,3,25,18
fivb_vis:21471,4,23,25
fivb_vis:21472,1,24,26
fivb_vis:21472,2,23,25
fivb_vis:21472,3,19,25
fivb_vis:21473,1,23,25
fivb_vis:21473,2,21,25
fivb_vis:21473,3,17,25
fivb_vis:21474,1,25,19
fivb_vis:21474,2,18,25
fivb_vis:21474,3,22,25
fivb_vis:21474,4,21,25
fivb_vis:21475,1,16,25
fivb_vis:21475,2,22,25
fivb_vis:21475,3,18,25
fivb_vis:21476,1,20,25
fivb_vis:21476,2,14,25
fivb_vis:21476,3,22,25
fivb_vis:21477,1,27,25
fivb_vis:21477,2,25,23
fivb_vis:21477,3,25,19
fivb_vis:21478,1,25,17
fivb_vis:21478,2,23,25
fivb_vis:21478,3,21,25
fivb_vis:21478,4,25,20
fivb_vis:21478,5,15,11
fivb_vis:21479,1,21,25
fivb_vis:21479,2,19,25
fivb_vis:21479,3,25,23
fivb_vis:21479,4,23,25
fivb_vis:21480,1,22,25
fivb_vis:21480,2,17,25
fivb_vis:21480,3,17,25
fivb_vis:21481,1,22,25
fivb_vis:21481,2,25,21
fivb_vis:21481,3,25,19
fivb_vis:21481,4,16,25
fivb_vis:21481,5,11,15
fivb_vis:21482,1,22,25
fivb_vis:21482,2,25,19
fivb_vis:21482,3,25,22
fivb_vis:21482,4,20,25
fivb_vis:21482,5,11,15
fivb_vis:21483,1,26,24
fivb_vis:21483,2,22,25
fivb_vis:21483,3,21,25
fivb_vis:21483,4,24,26
fivb_vis:21484,1,11,25
fivb_vis:21484,2,22,25
fivb_vis:21484,3,21,25
fivb_vis:21485,1,25,22
fivb_vis:21485,2,22,25
fivb_vis:21485,3,16,25
fivb_vis:21485,4,16,25
fivb_vis:21486,1,25,22
fivb_vis:21486,2,25,16
fivb_vis:21486,3,25,23
fivb_vis:21487,1,23,25
fivb_vis:21487,2,22,25
fivb_vis:21487,3,28,30
fivb_vis:21488,1,24,26
fivb_vis:21488,2,25,17
fivb_vis:21488,3,25,18
fivb_vis:21488,4,22,25
fivb_vis:21488,5,15,13
fivb_vis:21489,1,21,25
fivb_vis:21489,2,25,22
fivb_vis:21489,3,22,25
fivb_vis:21489,4,22,25
fivb_vis:21490,1,18,25
fivb_vis:21490,2,25,23
fivb_vis:21490,3,25,21
fivb_vis:21490,4,25,22
fivb_vis:21491,1,25,21
fivb_vis:21491,2,18,25
fivb_vis:21491,3,21,25
fivb_vis:21491,4,28,30
fivb_vis:21492,1,18,25
fivb_vis:21492,2,15,25
fivb_vis:21492,3,19,25
fivb_vis:21493,1,32,30
fivb_vis:21493,2,25,14
fivb_vis:21493,3,17,25
fivb_vis:21493,4,23,25
fivb_vis:21493,5,13,15
fivb_vis:21494,1,23,25
fivb_vis:21494,2,27,29
fivb_vis:21494,3,23,25
fivb_vis:21495,1,25,22
fivb_vis:21495,2,23,25
fivb_vis:21495,3,26,24
fivb_vis:21495,4,25,22
fivb_vis:21496,1,20,25
fivb_vis:21496,2,20,25
fivb_vis:21496,3,21,25
fivb_vis:21497,1,25,18
fivb_vis:21497,2,18,25
fivb_vis:21497,3,23,25
fivb_vis:21497,4,12,25
fivb_vis:21498,1,25,22
fivb_vis:21498,2,21,25
fivb_vis:21498,3,33,31
fivb_vis:21498,4,17,25
fivb_vis:21498,5,15,13
fivb_vis:21499,1,20,25
fivb_vis:21499,2,21,25
fivb_vis:21499,3,22,25
fivb_vis:21500,1,25,27
fivb_vis:21500,2,15,25
fivb_vis:21500,3,16,25
fivb_vis:21501,1,25,19
fivb_vis:21501,2,22,25
fivb_vis:21501,3,21,25
fivb_vis:21501,4,25,19
fivb_vis:21501,5,15,9
fivb_vis:21502,1,20,25
fivb_vis:21502,2,18,25
fivb_vis:21502,3,19,25
fivb_vis:21503,1,25,23
fivb_vis:21503,2,23,25
fivb_vis:21503,3,21,25
fivb_vis:21503,4,25,21
fivb_vis:21503,5,11,15
fivb_vis:21504,1,25,20
fivb_vis:21504,2,19,25
fivb_vis:21504,3,24,26
fivb_vis:21504,4,22,25
fivb_vis:21505,1,23,25
fivb_vis:21505,2,20,25
fivb_vis:21505,3,23,25
fivb_vis:21506,1,25,20
fivb_vis:21506,2,25,21
fivb_vis:21506,3,23,25
fivb_vis:21506,4,25,17
fivb_vis:21507,1,25,21
fivb_vis:21507,2,25,21
fivb_vis:21507,3,21,25
fivb_vis:21507,4,28,26
fivb_vis:21508,1,21,25
fivb_vis:21508,2,22,25
fivb_vis:21508,3,18,25
fivb_vis:21509,1,21,25
fivb_vis:21509,2,19,25
fivb_vis:21509,3,23,25
fivb_vis:21510,1,21,25
fivb_vis:21510,2,23,25
fivb_vis:21510,3,26,24
fivb_vis:21510,4,18,25
fivb_vis:21511,1,24,26
fivb_vis:21511,2,21,25
fivb_vis:21511,3,27,29
fivb_vis:21512,1,25,21
fivb_vis:21512,2,20,25
fivb_vis:21512,3,23,25
fivb_vis:21512,4,20,25
fivb_vis:21513,1,25,22
fivb_vis:21513,2,22,25
fivb_vis:21513,3,23,25
fivb_vis:21513,4,17,25
fivb_vis:21514,1,25,21
fivb_vis:21514,2,20,25
fivb_vis:21514,3,20,25
fivb_vis:21514,4,26,24
fivb_vis:21514,5,15,13
fivb_vis:21515,1,25,23
fivb_vis:21515,2,16,25
fivb_vis:21515,3,25,23
fivb_vis:21515,4,25,27
fivb_vis:21515,5,13,15
fivb_vis:21516,1,15,25
fivb_vis:21516,2,14,25
fivb_vis:21516,3,16,25
fivb_vis:21517,1,19,25
fivb_vis:21517,2,25,23
fivb_vis:21517,3,18,25
fivb_vis:21517,4,25,21
fivb_vis:21517,5,8,15
fivb_vis:21518,1,25,21
fivb_vis:21518,2,21,25
fivb_vis:21518,3,19,25
fivb_vis:21518,4,21,25
fivb_vis:21519,1,29,27
fivb_vis:21519,2,25,22
fivb_vis:21519,3,18,25
fivb_vis:21519,4,30,28
fivb_vis:21520,1,25,23
fivb_vis:21520,2,25,23
fivb_vis:21520,3,21,25
fivb_vis:21520,4,23,25
fivb_vis:21520,5,13,15
fivb_vis:21521,1,26,28
fivb_vis:21521,2,21,25
fivb_vis:21521,3,17,25
fivb_vis:21522,1,15,25
fivb_vis:21522,2,20,25
fivb_vis:21522,3,25,16
fivb_vis:21522,4,25,23
fivb_vis:21522,5,10,15
fivb_vis:21523,1,22,25
fivb_vis:21523,2,25,19
fivb_vis:21523,3,25,21
fivb_vis:21523,4,26,24
fivb_vis:21524,1,18,25
fivb_vis:21524,2,19,25
fivb_vis:21524,3,21,25
fivb_vis:21525,1,23,25
fivb_vis:21525,2,25,20
fivb_vis:21525,3,20,25
fivb_vis:21525,4,23,25
fivb_vis:21526,1,25,21
fivb_vis:21526,2,25,23
fivb_vis:21526,3,28,26
fivb_vis:21527,1,25,20
fivb_vis:21527,2,15,25
fivb_vis:21527,3,25,23
fivb_vis:21527,4,21,25
fivb_vis:21527,5,9,15
fivb_vis:21528,1,22,25
fivb_vis:21528,2,19,25
fivb_vis:21528,3,17,25
fivb_vis:21529,1,23,25
fivb_vis:21529,2,16,25
fivb_vis:21529,3,24,26
fivb_vis:21530,1,22,25
fivb_vis:21530,2,20,25
fivb_vis:21530,3,15,25
fivb_vis:21531,1,22,25
fivb_vis:21531,2,24,26
fivb_vis:21531,3,25,22
fivb_vis:21531,4,22,25
fivb_vis:21532,1,25,22
fivb_vis:21532,2,22,25
fivb_vis:21532,3,17,25
fivb_vis:21532,4,25,15
fivb_vis:21532,5,15,12
fivb_vis:21533,1,15,25
fivb_vis:21533,2,25,22
fivb_vis:21533,3,25,18
fivb_vis:21533,4,25,22
fivb_vis:21534,1,17,25
fivb_vis:21534,2,25,22
fivb_vis:21534,3,25,23
fivb_vis:21534,4,27,29
fivb_vis:21534,5,15,11
fivb_vis:21535,1,24,26
fivb_vis:21535,2,16,25
fivb_vis:21535,3,24,26
fivb_vis:21536,1,22,25
fivb_vis:21536,2,20,25
fivb_vis:21536,3,23,25
fivb_vis:21537,1,25,18
fivb_vis:21537,2,21,25
fivb_vis:21537,3,19,25
fivb_vis:21537,4,25,17
fivb_vis:21537,5,15,17
fivb_vis:21538,1,25,21
fivb_vis:21538,2,23,25
fivb_vis:21538,3,20,25
fivb_vis:21538,4,21,25
fivb_vis:21539,1,21,25
fivb_vis:21539,2,27,25
fivb_vis:21539,3,29,31
fivb_vis:21539,4,21,25
fivb_vis:21540,1,20,25
fivb_vis:21540,2,25,23
fivb_vis:21540,3,15,25
fivb_vis:21540,4,25,22
fivb_vis:21540,5,19,17
fivb_vis:21541,1,13,25
fivb_vis:21541,2,22,25
fivb_vis:21541,3,19,25
fivb_vis:21542,1,17,25
fivb_vis:21542,2,17,25
fivb_vis:21542,3,16,25
fivb_vis:21543,1,30,32
fivb_vis:21543,2,25,20
fivb_vis:21543,3,20,25
fivb_vis:21543,4,25,23
fivb_vis:21543,5,12,15
fivb_vis:21544,1,21,25
fivb_vis:21544,2,25,23
fivb_vis:21544,3,25,23
fivb_vis:21544,4,18,25
fivb_vis:21544,5,15,17
fivb_vis:21545,1,29,31
fivb_vis:21545,2,25,19
fivb_vis:21545,3,25,16
fivb_vis:21545,4,25,21
fivb_vis:21546,1,23,25
fivb_vis:21546,2,24,26
fivb_vis:21546,3,12,25
fivb_vis:21547,1,25,18
fivb_vis:21547,2,25,19
fivb_vis:21547,3,20,25
fivb_vis:21547,4,25,21
fivb_vis:21548,1,22,25
fivb_vis:21548,2,25,15
fivb_vis:21548,3,19,25
fivb_vis:21548,4,18,25
fivb_vis:21549,1,26,28
fivb_vis:21549,2,19,25
fivb_vis:21549,3,21,25
fivb_vis:21550,1,25,22
fivb_vis:21550,2,22,25
fivb_vis:21550,3,25,21
fivb_vis:21550,4,25,18
fivb_vis:21551,1,23,25
fivb_vis:21551,2,25,20
fivb_vis:21551,3,25,23
fivb_vis:21551,4,25,19
fivb_vis:21552,1,25,22
fivb_vis:21552,2,25,19
fivb_vis:21552,3,25,14
fivb_vis:21553,1,17,25
fivb_vis:21553,2,25,23
fivb_vis:21553,3,13,25
fivb_vis:21553,4,14,25
fivb_vis:21554,1,22,25
fivb_vis:21554,2,24,26
fivb_vis:21554,3,22,25
fivb_vis:21555,1,25,18
fivb_vis:21555,2,27,25
fivb_vis:21555,3,25,13
fivb_vis:21556,1,17,25
fivb_vis:21556,2,15,25
fivb_vis:21556,3,16,25
fivb_vis:21557,1,13,25
fivb_vis:21557,2,13,25
fivb_vis:21557,3,28,30
fivb_vis:21558,1,26,28
fivb_vis:21558,2,19,25
fivb_vis:21558,3,25,15
fivb_vis:21558,4,25,20
fivb_vis:21558,5,18,16
fivb_vis:21559,1,21,25
fivb_vis:21559,2,20,25
fivb_vis:21559,3,17,25
fivb_vis:21560,1,18,25
fivb_vis:21560,2,12,25
fivb_vis:21560,3,25,23
fivb_vis:21560,4,25,19
fivb_vis:21560,5,4,15
fivb_vis:21561,1,17,25
fivb_vis:21561,2,15,25
fivb_vis:21561,3,21,25
fivb_vis:21562,1,25,22
fivb_vis:21562,2,25,23
fivb_vis:21562,3,24,26
fivb_vis:21562,4,25,22
fivb_vis:21563,1,22,25
fivb_vis:21563,2,25,20
fivb_vis:21563,3,19,25
fivb_vis:21563,4,21,25
fivb_vis:21564,1,25,21
fivb_vis:21564,2,30,32
fivb_vis:21564,3,25,19
fivb_vis:21564,4,31,29
fivb_vis:21565,1,25,22
fivb_vis:21565,2,10,25
fivb_vis:21565,3,25,20
fivb_vis:21565,4,13,25
fivb_vis:21565,5,9,15
fivb_vis:21566,1,18,25
fivb_vis:21566,2,25,22
fivb_vis:21566,3,15,25
fivb_vis:21566,4,23,25
fivb_vis:21567,1,18,25
fivb_vis:21567,2,17,25
fivb_vis:21567,3,19,25
fivb_vis:21568,1,25,22
fivb_vis:21568,2,13,25
fivb_vis:21568,3,25,13
fivb_vis:21568,4,25,19
fivb_vis:21569,1,25,23
fivb_vis:21569,2,25,14
fivb_vis:21569,3,25,22
fivb_vis:21570,1,22,25
fivb_vis:21570,2,25,19
fivb_vis:21570,3,28,26
fivb_vis:21570,4,22,25
fivb_vis:21570,5,15,13
fivb_vis:21571,1,13,25
fivb_vis:21571,2,13,25
fivb_vis:21571,3,17,25
fivb_vis:21572,1,19,25
fivb_vis:21572,2,21,25
fivb_vis:21572,3,13,25
fivb_vis:21573,1,23,25
fivb_vis:21573,2,20,25
fivb_vis:21573,3,25,17
fivb_vis:21573,4,25,20
fivb_vis:21573,5,27,25
fivb_vis:21574,1,25,21
fivb_vis:21574,2,18,25
fivb_vis:21574,3,25,23
fivb_vis:21574,4,22,25
fivb_vis:21574,5,15,7
fivb_vis:21575,1,25,17
fivb_vis:21575,2,25,18
fivb_vis:21575,3,25,11
fivb_vis:21576,1,23,25
fivb_vis:21576,2,25,21
fivb_vis:21576,3,25,23
fivb_vis:21576,4,20,25
fivb_vis:21576,5,8,15
fivb_vis:21577,1,25,17
fivb_vis:21577,2,17,25
fivb_vis:21577,3,25,21
fivb_vis:21577,4,9,25
fivb_vis:21577,5,9,15
fivb_vis:21578,1,24,26
fivb_vis:21578,2,20,25
fivb_vis:21578,3,19,25
fivb_vis:21579,1,12,25
fivb_vis:21579,2,25,19
fivb_vis:21579,3,25,16
fivb_vis:21579,4,10,25
fivb_vis:21579,5,17,15
fivb_vis:21580,1,11,25
fivb_vis:21580,2,15,25
fivb_vis:21580,3,25,27
fivb_vis:21581,1,14,25
fivb_vis:21581,2,25,19
fivb_vis:21581,3,23,25
fivb_vis:21581,4,13,25
fivb_vis:21582,1,25,19
fivb_vis:21582,2,20,25
fivb_vis:21582,3,31,29
fivb_vis:21582,4,26,28
fivb_vis:21582,5,12,15
fivb_vis:21583,1,22,25
fivb_vis:21583,2,18,25
fivb_vis:21583,3,27,29
fivb_vis:21584,1,19,25
fivb_vis:21584,2,21,25
fivb_vis:21584,3,9,25
fivb_vis:21585,1,22,25
fivb_vis:21585,2,18,25
fivb_vis:21585,3,25,22
fivb_vis:21585,4,23,25
fivb_vis:21586,1,21,25
fivb_vis:21586,2,16,25
fivb_vis:21586,3,23,25
fivb_vis:21587,1,13,25
fivb_vis:21587,2,26,28
fivb_vis:21587,3,17,25
fivb_vis:21588,1,20,25
fivb_vis:21588,2,18,25
fivb_vis:21588,3,25,20
fivb_vis:21588,4,25,18
fivb_vis:21588,5,15,12
fivb_vis:21589,1,17,25
fivb_vis:21589,2,25,23
fivb_vis:21589,3,15,25
fivb_vis:21589,4,15,25
fivb_vis:21590,1,25,18
fivb_vis:21590,2,25,23
fivb_vis:21590,3,20,25
fivb_vis:21590,4,15,25
fivb_vis:21590,5,11,15
fivb_vis:21591,1,27,25
fivb_vis:21591,2,25,18
fivb_vis:21591,3,15,25
fivb_vis:21591,4,20,25
fivb_vis:21591,5,15,13
fivb_vis:21592,1,23,25
fivb_vis:21592,2,25,17
fivb_vis:21592,3,27,25
fivb_vis:21592,4,28,30
fivb_vis:21592,5,11,15
fivb_vis:21593,1,27,29
fivb_vis:21593,2,25,23
fivb_vis:21593,3,15,25
fivb_vis:21593,4,22,25
fivb_vis:21594,1,22,25
fivb_vis:21594,2,26,24
fivb_vis:21594,3,16,25
fivb_vis:21594,4,15,25
fivb_vis:21595,1,25,17
fivb_vis:21595,2,23,25
fivb_vis:21595,3,25,17
fivb_vis:21595,4,12,25
fivb_vis:21595,5,10,15
fivb_vis:21596,1,25,27
fivb_vis:21596,2,19,25
fivb_vis:21596,3,26,28
fivb_vis:21597,1,22,25
fivb_vis:21597,2,20,25
fivb_vis:21597,3,25,22
fivb_vis:21597,4,25,22
fivb_vis:21597,5,11,15
fivb_vis:21598,1,19,25
fivb_vis:21598,2,20,25
fivb_vis:21598,3,18,25
fivb_vis:21599,1,21,25
fivb_vis:21599,2,25,22
fivb_vis:21599,3,15,25
fivb_vis:21599,4,26,24
fivb_vis:21599,5,14,16
fivb_vis:21600,1,14,25
fivb_vis:21600,2,18,25
fivb_vis:21600,3,25,27
fivb_vis:21601,1,25,20
fivb_vis:21601,2,20,25
fivb_vis:21601,3,17,25
fivb_vis:21601,4,18,25
fivb_vis:21602,1,16,25
fivb_vis:21602,2,18,25
fivb_vis:21602,3,24,26
fivb_vis:21603,1,25,20
fivb_vis:21603,2,23,25
fivb_vis:21603,3,25,17
fivb_vis:21603,4,25,23
fivb_vis:21604,1,19,25
fivb_vis:21604,2,22,25
fivb_vis:21604,3,11,25
fivb_vis:21605,1,23,25
fivb_vis:21605,2,25,16
fivb_vis:21605,3,15,25
fivb_vis:21605,4,25,20
fivb_vis:21605,5,17,19
fivb_vis:21606,1,16,25
fivb_vis:21606,2,25,20
fivb_vis:21606,3,29,31
fivb_vis:21606,4,12,25
fivb_vis:21607,1,25,21
fivb_vis:21607,2,25,19
fivb_vis:21607,3,25,20
fivb_vis:21608,1,20,25
fivb_vis:21608,2,23,25
fivb_vis:21608,3,23,25
fivb_vis:21609,1,16,25
fivb_vis:21609,2,16,25
fivb_vis:21609,3,20,25
fivb_vis:21610,1,25,18
fivb_vis:21610,2,25,16
fivb_vis:21610,3,32,30
fivb_vis:21611,1,15,25
fivb_vis:21611,2,12,25
fivb_vis:21611,3,25,18
fivb_vis:21611,4,22,25
fivb_vis:21612,1,23,25
fivb_vis:21612,2,18,25
fivb_vis:21612,3,20,25
fivb_vis:21613,1,18,25
fivb_vis:21613,2,22,25
fivb_vis:21613,3,19,25
fivb_vis:21614,1,11,25
fivb_vis:21614,2,13,25
fivb_vis:21614,3,17,25
fivb_vis:21615,1,21,25
fivb_vis:21615,2,25,16
fivb_vis:21615,3,16,25
fivb_vis:21615,4,25,15
fivb_vis:21615,5,15,13
fivb_vis:21616,1,26,24
fivb_vis:21616,2,25,13
fivb_vis:21616,3,21,25
fivb_vis:21616,4,22,25
fivb_vis:21616,5,15,9
fivb_vis:21617,1,22,25
fivb_vis:21617,2,17,25
fivb_vis:21617,3,20,25
fivb_vis:21618,1,22,25
fivb_vis:21618,2,25,13
fivb_vis:21618,3,21,25
fivb_vis:21618,4,25,22
fivb_vis:21618,5,18,16
fivb_vis:21619,1,23,25
fivb_vis:21619,2,25,19
fivb_vis:21619,3,21,25
fivb_vis:21619,4,25,23
fivb_vis:21619,5,10,15
fivb_vis:21620,1,21,25
fivb_vis:21620,2,30,32
fivb_vis:21620,3,11,25
fivb_vis:21621,1,25,19
fivb_vis:21621,2,17,25
fivb_vis:21621,3,25,19
fivb_vis:21621,4,20,25
fivb_vis:21621,5,14,16
fivb_vis:21622,1,22,25
fivb_vis:21622,2,24,26
fivb_vis:21622,3,25,20
fivb_vis:21622,4,25,21
fivb_vis:21622,5,13,15
fivb_vis:21623,1,18,25
fivb_vis:21623,2,25,23
fivb_vis:21623,3,23,25
fivb_vis:21623,4,15,25
fivb_vis:21624,1,25,22
fivb_vis:21624,2,22,25
fivb_vis:21624,3,22,25
fivb_vis:21624,4,23,25
fivb_vis:21625,1,25,22
fivb_vis:21625,2,22,25
fivb_vis:21625,3,26,28
fivb_vis:21625,4,18,25
fivb_vis:21626,1,25,19
fivb_vis:21626,2,25,15
fivb_vis:21626,3,25,18
fivb_vis:21627,1,24,26
fivb_vis:21627,2,25,20
fivb_vis:21627,3,23,25
fivb_vis:21627,4,25,23
fivb_vis:21627,5,15,13
fivb_vis:21628,1,19,25
fivb_vis:21628,2,16,25
fivb_vis:21628,3,21,25
fivb_vis:21629,1,22,25
fivb_vis:21629,2,25,17
fivb_vis:21629,3,25,22
fivb_vis:21629,4,22,25
fivb_vis:21629,5,13,15
fivb_vis:21630,1,26,28
fivb_vis:21630,2,25,21
fivb_vis:21630,3,25,27
fivb_vis:21630,4,15,25
fivb_vis:21631,1,21,25
fivb_vis:21631,2,29,27
fivb_vis:21631,3,10,25
fivb_vis:21631,4,19,25
fivb_vis:21632,1,25,18
fivb_vis:21632,2,19,25
fivb_vis:21632,3,14,25
fivb_vis:21632,4,26,28
fivb_vis:21633,1,23,25
fivb_vis:21633,2,16,25
fivb_vis:21633,3,19,25
fivb_vis:21634,1,25,17
fivb_vis:21634,2,26,24
fivb_vis:21634,3,25,20
fivb_vis:21635,1,24,26
fivb_vis:21635,2,22,25
fivb_vis:21635,3,25,22
fivb_vis:21635,4,22,25
fivb_vis:21636,1,24,26
fivb_vis:21636,2,19,25
fivb_vis:21636,3,11,25
fivb_vis:21637,1,25,23
fivb_vis:21637,2,19,25
fivb_vis:21637,3,16,25
fivb_vis:21637,4,20,25
fivb_vis:21638,1,25,23
fivb_vis:21638,2,21,25
fivb_vis:21638,3,25,17
fivb_vis:21638,4,21,25
fivb_vis:21638,5,11,15
fivb_vis:21639,1,21,25
fivb_vis:21639,2,25,27
fivb_vis:21639,3,22,25
fivb_vis:21640,1,24,26
fivb_vis:21640,2,19,25
fivb_vis:21640,3,16,25
fivb_vis:21641,1,25,22
fivb_vis:21641,2,25,21
fivb_vis:21641,3,4,25
fivb_vis:21641,4,25,20
fivb_vis:21642,1,21,25
fivb_vis:21642,2,18,25
fivb_vis:21642,3,23,25
fivb_vis:21643,1,22,25
fivb_vis:21643,2,15,25
fivb_vis:21643,3,25,22
fivb_vis:21643,4,23,25
fivb_vis:21644,1,22,25
fivb_vis:21644,2,25,21
fivb_vis:21644,3,17,25
fivb_vis:21644,4,22,25
fivb_vis:21645,1,22,25
fivb_vis:21645,2,21,25
fivb_vis:21645,3,25,21
fivb_vis:21645,4,22,25
fivb_vis:21646,1,23,25
fivb_vis:21646,2,25,23
fivb_vis:21646,3,25,14
fivb_vis:21646,4,19,25
fivb_vis:21646,5,10,15
fivb_vis:21647,1,19,25
fivb_vis:21647,2,25,21
fivb_vis:21647,3,25,21
fivb_vis:21647,4,20,25
fivb_vis:21647,5,11,15
fivb_vis:21648,1,25,22
fivb_vis:21648,2,26,24
fivb_vis:21648,3,21,25
fivb_vis:21648,4,17,25
fivb_vis:21648,5,16,18
fivb_vis:21649,1,24,26
fivb_vis:21649,2,25,23
fivb_vis:21649,3,25,20
fivb_vis:21649,4,21,25
fivb_vis:21649,5,17,19
fivb_vis:21650,1,22,25
fivb_vis:21650,2,20,25
fivb_vis:21650,3,25,21
fivb_vis:21650,4,25,23
fivb_vis:21650,5,13,15
fivb_vis:21651,1,25,21
fivb_vis:21651,2,23,25
fivb_vis:21651,3,25,23
fivb_vis:21651,4,25,22
fivb_vis:21652,1,25,19
fivb_vis:21652,2,23,25
fivb_vis:21652,3,17,25
fivb_vis:21652,4,21,25
fivb_vis:21653,1,17,25
fivb_vis:21653,2,19,25
fivb_vis:21653,3,21,25
fivb_vis:21654,1,23,25
fivb_vis:21654,2,26,28
fivb_vis:21654,3,18,25
fivb_vis:21655,1,25,20
fivb_vis:21655,2,25,13
fivb_vis:21655,3,21,25
fivb_vis:21655,4,25,21
fivb_vis:21656,1,25,18
fivb_vis:21656,2,25,20
fivb_vis:21656,3,25,18
fivb_vis:21657,1,25,17
fivb_vis:21657,2,23,25
fivb_vis:21657,3,28,30
fivb_vis:21657,4,25,23
fivb_vis:21657,5,13,15
fivb_vis:21658,1,18,25
fivb_vis:21658,2,19,25
fivb_vis:21658,3,25,21
fivb_vis:21658,4,25,16
fivb_vis:21658,5,18,16
fivb_vis:21659,1,13,25
fivb_vis:21659,2,19,25
fivb_vis:21659,3,17,25
fivb_vis:21660,1,17,25
fivb_vis:21660,2,18,25
fivb_vis:21660,3,20,25
fivb_vis:21661,1,25,22
fivb_vis:21661,2,25,21
fivb_vis:21661,3,28,26
fivb_vis:21662,1,17,25
fivb_vis:21662,2,25,20
fivb_vis:21662,3,19,25
fivb_vis:21662,4,25,19
fivb_vis:21662,5,15,12
fivb_vis:21663,1,25,19
fivb_vis:21663,2,26,24
fivb_vis:21663,3,25,14
fivb_vis:21664,1,25,21
fivb_vis:21664,2,16,25
fivb_vis:21664,3,25,20
fivb_vis:21664,4,22,25
fivb_vis:21664,5,15,9
fivb_vis:21665,1,25,18
fivb_vis:21665,2,25,16
fivb_vis:21665,3,25,14
fivb_vis:21666,1,23,25
fivb_vis:21666,2,25,21
fivb_vis:21666,3,25,18
fivb_vis:21666,4,19,25
fivb_vis:21666,5,15,8
fivb_vis:21667,1,25,15
fivb_vis:21667,2,24,26
fivb_vis:21667,3,25,16
fivb_vis:21667,4,25,23
fivb_vis:21668,1,22,25
fivb_vis:21668,2,25,18
fivb_vis:21668,3,25,22
fivb_vis:21668,4,25,22
fivb_vis:1916,1,25,18
fivb_vis:1916,2,28,30
fivb_vis:1916,3,25,19
fivb_vis:1916,4,25,14
fivb_vis:1917,1,25,18
fivb_vis:1917,2,25,21
fivb_vis:1917,3,20,25
fivb_vis:1917,4,24,26
fivb_vis:1917,5,15,13
fivb_vis:1918,1,20,25
fivb_vis:1918,2,19,25
fivb_vis:1918,3,15,25
fivb_vis:1919,1,14,25
fivb_vis:1919,2,22,25
fivb_vis:1919,3,23,25
fivb_vis:1920,1,18,25
fivb_vis:1920,2,25,9
fivb_vis:1920,3,14,25
fivb_vis:1920,4,25,18
fivb_vis:1920,5,15,10
fivb_vis:1921,1,23,25
fivb_vis:1921,2,20,25
fivb_vis:1921,3,18,25
fivb_vis:1922,1,15,25
fivb_vis:1922,2,21,25
fivb_vis:1922,3,18,25
fivb_vis:1923,1,10,25
fivb_vis:1923,2,13,25
fivb_vis:1923,3,9,25
fivb_vis:1924,1,21,25
fivb_vis:1924,2,25,23
fivb_vis:1924,3,16,25
fivb_vis:1924,4,25,27
fivb_vis:1925,1,14,25
fivb_vis:1925,2,17,25
fivb_vis:1925,3,18,25
fivb_vis:1926,1,20,25
fivb_vis:1926,2,25,18
fivb_vis:1926,3,24,26
fivb_vis:1926,4,22,25
fivb_vis:1927,1,5,25
fivb_vis:1927,2,9,25
fivb_vis:1927,3,15,25
fivb_vis:1928,1,25,11
fivb_vis:1928,2,25,16
fivb_vis:1928,3,25,11
fivb_vis:1929,1,25,15
fivb_vis:1929,2,25,21
fivb_vis:1929,3,25,16
fivb_vis:1930,1,10,25
fivb_vis:1930,2,18,25
fivb_vis:1930,3,18,25
fivb_vis:1931,1,10,25
fivb_vis:1931,2,15,25
fivb_vis:1931,3,5,25
fivb_vis:23701,1,8,25
fivb_vis:23701,2,11,25
fivb_vis:23701,3,14,25
fivb_vis:23702,1,25,12
fivb_vis:23702,2,25,10
fivb_vis:23702,3,25,7
fivb_vis:23703,1,25,15
fivb_vis:23703,2,25,13
fivb_vis:23703,3,25,18
fivb_vis:23704,1,25,17
fivb_vis:23704,2,25,9
fivb_vis:23704,3,25,9
fivb_vis:23705,1,24,26
fivb_vis:23705,2,14,25
fivb_vis:23705,3,15,25
fivb_vis:23706,1,25,19
fivb_vis:23706,2,24,26
fivb_vis:23706,3,25,18
fivb_vis:23706,4,20,25
fivb_vis:23706,5,15,13
fivb_vis:1932,1,25,12
fivb_vis:1932,2,25,15
fivb_vis:1932,3,25,7
fivb_vis:1933,1,25,15
fivb_vis:1933,2,25,14
fivb_vis:1933,3,25,9
fivb_vis:1934,1,13,25
fivb_vis:1934,2,13,25
fivb_vis:1934,3,14,25
fivb_vis:1935,1,27,29
fivb_vis:1935,2,8,25
fivb_vis:1935,3,14,25
fivb_vis:1936,1,21,25
fivb_vis:1936,2,23,25
fivb_vis:1936,3,13,25
fivb_vis:1937,1,22,25
fivb_vis:1937,2,25,13
fivb_vis:1937,3,25,15
fivb_vis:1937,4,25,13
fivb_vis:23057,1,20,25
fivb_vis:23057,2,25,19
fivb_vis:23057,3,25,19
fivb_vis:23057,4,25,22
fivb_vis:23058,1,25,21
fivb_vis:23058,2,25,20
fivb_vis:23058,3,18,25
fivb_vis:23058,4,25,21
fivb_vis:23059,1,25,27
fivb_vis:23059,2,25,21
fivb_vis:23059,3,24,26
fivb_vis:23059,4,14,25
fivb_vis:23060,1,25,15
fivb_vis:23060,2,25,14
fivb_vis:23060,3,25,18
fivb_vis:23061,1,26,28
fivb_vis:23061,2,21,25
fivb_vis:23061,3,25,23
fivb_vis:23061,4,27,29
fivb_vis:23062,1,18,25
fivb_vis:23062,2,16,25
fivb_vis:23062,3,20,25
fivb_vis:23063,1,27,29
fivb_vis:23063,2,25,21
fivb_vis:23063,3,19,25
fivb_vis:23063,4,18,25
fivb_vis:23064,1,29,31
fivb_vis:23064,2,25,27
fivb_vis:23064,3,25,19
fivb_vis:23064,4,20,25
fivb_vis:23065,1,11,25
fivb_vis:23065,2,12,25
fivb_vis:23065,3,19,25
fivb_vis:23066,1,25,15
fivb_vis:23066,2,30,28
fivb_vis:23066,3,25,15
fivb_vis:23067,1,25,15
fivb_vis:23067,2,25,19
fivb_vis:23067,3,25,23
fivb_vis:23068,1,25,19
fivb_vis:23068,2,25,21
fivb_vis:23068,3,15,25
fivb_vis:23068,4,21,25
fivb_vis:23068,5,13,15
fivb_vis:23069,1,28,26
fivb_vis:23069,2,21,25
fivb_vis:23069,3,25,17
fivb_vis:23069,4,25,22
fivb_vis:23070,1,26,24
fivb_vis:23070,2,19,25
fivb_vis:23070,3,23,25
fivb_vis:23070,4,25,21
fivb_vis:23070,5,15,13
fivb_vis:23071,1,25,19
fivb_vis:23071,2,23,25
fivb_vis:23071,3,25,21
fivb_vis:23071,4,16,25
fivb_vis:23071,5,16,14
fivb_vis:23072,1,13,25
fivb_vis:23072,2,23,25
fivb_vis:23072,3,24,26
fivb_vis:23073,1,19,25
fivb_vis:23073,2,25,23
fivb_vis:23073,3,16,25
fivb_vis:23073,4,22,25
fivb_vis:23074,1,25,17
fivb_vis:23074,2,25,20
fivb_vis:23074,3,25,19
fivb_vis:1938,1,18,25
fivb_vis:1938,2,22,25
fivb_vis:1938,3,22,25
fivb_vis:1939,1,19,25
fivb_vis:1939,2,27,29
fivb_vis:1939,3,11,25
fivb_vis:1940,1,26,28
fivb_vis:1940,2,25,16
fivb_vis:1940,3,25,20
fivb_vis:1940,4,25,17
fivb_vis:1941,1,25,23
fivb_vis:1941,2,25,12
fivb_vis:1941,3,25,8
fivb_vis:1942,1,25,21
fivb_vis:1942,2,20,25
fivb_vis:1942,3,21,25
fivb_vis:1942,4,28,26
fivb_vis:1942,5,15,13
fivb_vis:1943,1,25,12
fivb_vis:1943,2,25,8
fivb_vis:1943,3,25,9
fivb_vis:1944,1,14,25
fivb_vis:1944,2,25,20
fivb_vis:1944,3,25,21
fivb_vis:1944,4,23,25
fivb_vis:1944,5,10,15
fivb_vis:1945,1,25,16
fivb_vis:1945,2,25,11
fivb_vis:1945,3,25,12
fivb_vis:1946,1,10,25
fivb_vis:1946,2,20,25
fivb_vis:1946,3,13,25
fivb_vis:1947,1,27,25
fivb_vis:1947,2,25,21
fivb_vis:1947,3,13,25
fivb_vis:1947,4,10,25
fivb_vis:1947,5,15,6
fivb_vis:1948,1,16,25
fivb_vis:1948,2,15,25
fivb_vis:1948,3,11,25
fivb_vis:23931,1,24,26
fivb_vis:23931,2,20,25
fivb_vis:23931,3,21,25
fivb_vis:23932,1,27,25
fivb_vis:23932,2,28,26
fivb_vis:23932,3,30,28
fivb_vis:23933,1,25,21
fivb_vis:23933,2,25,16
fivb_vis:23933,3,25,19
fivb_vis:23934,1,25,19
fivb_vis:23934,2,25,18
fivb_vis:23934,3,25,19
fivb_vis:23935,1,25,22
fivb_vis:23935,2,25,20
fivb_vis:23935,3,20,25
fivb_vis:23935,4,25,21
fivb_vis:23936,1,25,23
fivb_vis:23936,2,21,25
fivb_vis:23936,3,25,22
fivb_vis:23936,4,17,25
fivb_vis:23936,5,9,15
fivb_vis:1949,1,25,15
fivb_vis:1949,2,25,23
fivb_vis:1949,3,25,21
fivb_vis:1950,1,25,14
fivb_vis:1950,2,26,24
fivb_vis:1950,3,25,14
fivb_vis:1951,1,25,23
fivb_vis:1951,2,25,21
fivb_vis:1951,3,22,25
fivb_vis:1951,4,22,25
fivb_vis:1951,5,15,11
fivb_vis:1952,1,17,25
fivb_vis:1952,2,15,25
fivb_vis:1952,3,23,25
fivb_vis:1953,1,25,7
fivb_vis:1953,2,25,19
fivb_vis:1953,3,25,15
fivb_vis:1954,1,22,25
fivb_vis:1954,2,25,18
fivb_vis:1954,3,26,24
fivb_vis:1954,4,23,25
fivb_vis:1954,5,15,7
fivb_vis:1955,1,25,18
fivb_vis:1955,2,25,21
fivb_vis:1955,3,25,9
fivb_vis:1956,1,25,23
fivb_vis:1956,2,25,9
fivb_vis:1956,3,25,13
fivb_vis:1957,1,25,15
fivb_vis:1957,2,21,25
fivb_vis:1957,3,25,27
fivb_vis:1957,4,25,19
fivb_vis:1957,5,18,16
fivb_vis:1958,1,26,24
fivb_vis:1958,2,25,14
fivb_vis:1958,3,25,21
fivb_vis:1959,1,14,25
fivb_vis:1959,2,23,25
fivb_vis:1959,3,25,22
fivb_vis:1959,4,25,23
fivb_vis:1959,5,8,15
fivb_vis:23801,1,25,16
fivb_vis:23801,2,25,17
fivb_vis:23801,3,25,22
fivb_vis:23802,1,21,25
fivb_vis:23802,2,25,21
fivb_vis:23802,3,25,19
fivb_vis:23802,4,26,24
fivb_vis:23803,1,18,25
fivb_vis:23803,2,13,25
fivb_vis:23803,3,25,27
fivb_vis:23804,1,20,25
fivb_vis:23804,2,22,25
fivb_vis:23804,3,20,25
fivb_vis:23805,1,25,11
fivb_vis:23805,2,25,20
fivb_vis:23805,3,25,23
fivb_vis:23806,1,25,16
fivb_vis:23806,2,25,19
fivb_vis:23806,3,25,8
fivb_vis:23807,1,25,0
fivb_vis:23807,2,25,0
fivb_vis:23807,3,25,0
fivb_vis:23808,1,25,13
fivb_vis:23808,2,25,20
fivb_vis:23808,3,25,20
fivb_vis:23809,1,25,14
fivb_vis:23809,2,25,15
fivb_vis:23809,3,18,25
fivb_vis:23809,4,25,11
fivb_vis:23810,1,25,16
fivb_vis:23810,2,25,17
fivb_vis:23810,3,25,18
fivb_vis:23811,1,25,20
fivb_vis:23811,2,25,15
fivb_vis:23811,3,25,17
fivb_vis:23812,1,21,25
fivb_vis:23812,2,25,20
fivb_vis:23812,3,25,15
fivb_vis:23812,4,25,19
fivb_vis:23813,1,21,25
fivb_vis:23813,2,16,25
fivb_vis:23813,3,25,21
fivb_vis:23813,4,25,16
fivb_vis:23813,5,12,15
fivb_vis:23814,1,0,25
fivb_vis:23814,2,0,25
fivb_vis:23814,3,0,25
fivb_vis:23815,1,14,25
fivb_vis:23815,2,13,25
fivb_vis:23815,3,12,25
fivb_vis:23816,1,26,24
fivb_vis:23816,2,25,19
fivb_vis:23816,3,25,19
fivb_vis:23817,1,15,25
fivb_vis:23817,2,13,25
fivb_vis:23817,3,20,25
fivb_vis:23818,1,18,25
fivb_vis:23818,2,24,26
fivb_vis:23818,3,15,25
fivb_vis:23819,1,25,11
fivb_vis:23819,2,25,16
fivb_vis:23819,3,25,21
fivb_vis:23820,1,25,15
fivb_vis:23820,2,25,10
fivb_vis:23820,3,25,18
fivb_vis:23821,1,25,11
fivb_vis:23821,2,25,11
fivb_vis:23821,3,25,8
fivb_vis:23822,1,25,0
fivb_vis:23822,2,25,0
fivb_vis:23822,3,25,0
fivb_vis:23823,1,24,26
fivb_vis:23823,2,14,25
fivb_vis:23823,3,16,25
fivb_vis:23824,1,16,25
fivb_vis:23824,2,19,25
fivb_vis:23824,3,16,25
fivb_vis:23825,1,25,0
fivb_vis:23825,2,25,0
fivb_vis:23825,3,25,0
fivb_vis:23826,1,25,21
fivb_vis:23826,2,25,19
fivb_vis:23826,3,25,17
fivb_vis:23827,1,25,23
fivb_vis:23827,2,25,14
fivb_vis:23827,3,23,25
fivb_vis:23827,4,25,17
fivb_vis:23828,1,25,15
fivb_vis:23828,2,25,21
fivb_vis:23828,3,25,19
fivb_vis:23829,1,25,21
fivb_vis:23829,2,27,29
fivb_vis:23829,3,25,22
fivb_vis:23829,4,25,20
fivb_vis:23830,1,25,23
fivb_vis:23830,2,25,20
fivb_vis:23830,3,25,20
fivb_vis:23831,1,25,22
fivb_vis:23831,2,25,19
fivb_vis:23831,3,25,16
fivb_vis:23832,1,25,21
fivb_vis:23832,2,25,16
fivb_vis:23832,3,19,25
fivb_vis:23832,4,18,25
fivb_vis:23832,5,15,13
fivb_vis:23833,1,25,0
fivb_vis:23833,2,25,0
fivb_vis:23833,3,25,0
fivb_vis:23834,1,19,25
fivb_vis:23834,2,24,26
fivb_vis:23834,3,21,25
fivb_vis:23835,1,23,25
fivb_vis:23835,2,17,25
fivb_vis:23835,3,26,24
fivb_vis:23835,4,16,25
fivb_vis:23836,1,16,25
fivb_vis:23836,2,22,25
fivb_vis:23836,3,15,25
fivb_vis:23837,1,17,25
fivb_vis:23837,2,20,25
fivb_vis:23837,3,25,20
fivb_vis:23837,4,25,17
fivb_vis:23837,5,10,15
fivb_vis:23838,1,23,25
fivb_vis:23838,2,19,25
fivb_vis:23838,3,25,22
fivb_vis:23838,4,29,31
fivb_vis:23839,1,25,22
fivb_vis:23839,2,25,15
fivb_vis:23839,3,21,25
fivb_vis:23839,4,25,18
fivb_vis:23840,1,25,23
fivb_vis:23840,2,15,25
fivb_vis:23840,3,12,25
fivb_vis:23840,4,23,25
fivb_vis:23841,1,12,25
fivb_vis:23841,2,25,19
fivb_vis:23841,3,25,23
fivb_vis:23841,4,21,25
fivb_vis:23841,5,16,14
fivb_vis:23842,1,25,0
fivb_vis:23842,2,25,0
fivb_vis:23842,3,25,0
fivb_vis:23843,1,25,27
fivb_vis:23843,2,13,25
fivb_vis:23843,3,25,19
fivb_vis:23843,4,26,24
fivb_vis:23843,5,15,11
fivb_vis:23844,1,23,25
fivb_vis:23844,2,22,25
fivb_vis:23844,3,25,18
fivb_vis:23844,4,25,13
fivb_vis:23844,5,15,12
fivb_vis:23845,1,20,25
fivb_vis:23845,2,25,16
fivb_vis:23845,3,24,26
fivb_vis:23845,4,25,16
fivb_vis:23845,5,10,15
fivb_vis:23846,1,21,25
fivb_vis:23846,2,25,23
fivb_vis:23846,3,25,18
fivb_vis:23846,4,16,25
fivb_vis:23846,5,11,15
fivb_vis:23847,1,20,25
fivb_vis:23847,2,22,25
fivb_vis:23847,3,19,25
fivb_vis:23848,1,25,16
fivb_vis:23848,2,25,19
fivb_vis:23848,3,25,12
fivb_vis:23849,1,25,0
fivb_vis:23849,2,25,0
fivb_vis:23849,3,25,0
fivb_vis:23850,1,25,20
fivb_vis:23850,2,23,25
fivb_vis:23850,3,23,25
fivb_vis:23850,4,25,22
fivb_vis:23850,5,15,13
fivb_vis:23851,1,26,24
fivb_vis:23851,2,25,22
fivb_vis:23851,3,17,25
fivb_vis:23851,4,17,25
fivb_vis:23851,5,10,15
fivb_vis:23852,1,19,25
fivb_vis:23852,2,14,25
fivb_vis:23852,3,26,24
fivb_vis:23852,4,15,25
fivb_vis:23853,1,16,25
fivb_vis:23853,2,25,22
fivb_vis:23853,3,20,25
fivb_vis:23853,4,26,28
fivb_vis:23854,1,25,21
fivb_vis:23854,2,16,25
fivb_vis:23854,3,25,14
fivb_vis:23854,4,23,25
fivb_vis:23854,5,16,14
fivb_vis:23855,1,21,25
fivb_vis:23855,2,25,12
fivb_vis:23855,3,23,25
fivb_vis:23855,4,25,18
fivb_vis:23855,5,10,15
fivb_vis:23856,1,25,22
fivb_vis:23856,2,25,21
fivb_vis:23856,3,28,30
fivb_vis:23856,4,21,25
fivb_vis:23856,5,10,15
fivb_vis:25819,1,25,0
fivb_vis:25819,2,25,0
fivb_vis:25819,3,25,0
fivb_vis:25820,1,11,25
fivb_vis:25820,2,25,20
fivb_vis:25820,3,19,25
fivb_vis:25820,4,25,19
fivb_vis:25820,5,15,13
fivb_vis:25821,1,25,8
fivb_vis:25821,2,25,6
fivb_vis:25821,3,25,5
fivb_vis:25822,1,16,25
fivb_vis:25822,2,25,23
fivb_vis:25822,3,21,25
fivb_vis:25822,4,18,25
fivb_vis:25823,1,25,0
fivb_vis:25823,2,25,0
fivb_vis:25823,3,25,0
fivb_vis:25824,1,25,0
fivb_vis:25824,2,25,0
fivb_vis:25824,3,25,0
fivb_vis:25825,1,25,12
fivb_vis:25825,2,25,10
fivb_vis:25825,3,25,11
fivb_vis:25826,1,25,17
fivb_vis:25826,2,21,25
fivb_vis:25826,3,25,16
fivb_vis:25826,4,25,20
fivb_vis:25827,1,25,0
fivb_vis:25827,2,25,0
fivb_vis:25827,3,25,0
fivb_vis:25828,1,18,25
fivb_vis:25828,2,13,25
fivb_vis:25828,3,14,25
fivb_vis:25829,1,25,2
fivb_vis:25829,2,25,6
fivb_vis:25829,3,25,5
fivb_vis:25830,1,10,25
fivb_vis:25830,2,11,25
fivb_vis:25830,3,17,25
fivb_vis:25831,1,25,0
fivb_vis:25831,2,25,0
fivb_vis:25831,3,25,0
fivb_vis:25832,1,25,7
fivb_vis:25832,2,25,12
fivb_vis:25832,3,25,10
fivb_vis:25833,1,25,19
fivb_vis:25833,2,25,15
fivb_vis:25833,3,25,14
fivb_vis:25834,1,21,25
fivb_vis:25834,2,22,25
fivb_vis:25834,3,22,25
fivb_vis:25835,1,0,25
fivb_vis:25835,2,0,25
fivb_vis:25835,3,0,25
fivb_vis:25836,1,5,25
fivb_vis:25836,2,4,25
fivb_vis:25836,3,4,25
fivb_vis:25837,1,25,17
fivb_vis:25837,2,25,22
fivb_vis:25837,3,25,11
fivb_vis:25838,1,17,25
fivb_vis:25838,2,19,25
fivb_vis:25838,3,12,25
fivb_vis:25839,1,0,25
fivb_vis:25839,2,0,25
fivb_vis:25839,3,0,25
fivb_vis:25840,1,25,17
fivb_vis:25840,2,25,15
fivb_vis:25840,3,25,18
fivb_vis:25841,1,25,18
fivb_vis:25841,2,22,25
fivb_vis:25841,3,25,18
fivb_vis:25841,4,25,23
fivb_vis:25842,1,25,15
fivb_vis:25842,2,25,19
fivb_vis:25842,3,25,13
fivb_vis:25843,1,25,18
fivb_vis:25843,2,25,15
fivb_vis:25843,3,25,19
fivb_vis:25844,1,25,0
fivb_vis:25844,2,25,0
fivb_vis:25844,3,25,0
fivb_vis:25845,1,25,10
fivb_vis:25845,2,25,17
fivb_vis:25845,3,25,6
fivb_vis:25846,1,25,0
fivb_vis:25846,2,25,0
fivb_vis:25846,3,25,0
fivb_vis:25847,1,25,19
fivb_vis:25847,2,25,16
fivb_vis:25847,3,25,19
fivb_vis:25848,1,25,14
fivb_vis:25848,2,25,21
fivb_vis:25848,3,25,15
fivb_vis:25849,1,25,9
fivb_vis:25849,2,25,11
fivb_vis:25849,3,25,8
fivb_vis:25850,1,11,25
fivb_vis:25850,2,12,25
fivb_vis:25850,3,11,25
fivb_vis:25851,1,0,25
fivb_vis:25851,2,0,25
fivb_vis:25851,3,0,25
fivb_vis:25852,1,12,25
fivb_vis:25852,2,15,25
fivb_vis:25852,3,12,25
fivb_vis:25853,1,0,25
fivb_vis:25853,2,0,25
fivb_vis:25853,3,0,25
fivb_vis:25854,1,25,23
fivb_vis:25854,2,16,25
fivb_vis:25854,3,25,17
fivb_vis:25854,4,22,25
fivb_vis:25854,5,17,15
fivb_vis:25855,1,25,23
fivb_vis:25855,2,15,25
fivb_vis:25855,3,25,23
fivb_vis:25855,4,23,25
fivb_vis:25855,5,8,15
fivb_vis:25856,1,25,21
fivb_vis:25856,2,25,23
fivb_vis:25856,3,22,25
fivb_vis:25856,4,23,25
fivb_vis:25856,5,15,10
fivb_vis:25857,1,13,25
fivb_vis:25857,2,7,25
fivb_vis:25857,3,18,25
fivb_vis:25858,1,15,25
fivb_vis:25858,2,18,25
fivb_vis:25858,3,10,25
fivb_vis:25859,1,25,0
fivb_vis:25859,2,25,0
fivb_vis:25859,3,25,0
fivb_vis:25860,1,25,0
fivb_vis:25860,2,25,0
fivb_vis:25860,3,25,0
fivb_vis:25861,1,26,24
fivb_vis:25861,2,25,12
fivb_vis:25861,3,25,14
fivb_vis:25862,1,25,10
fivb_vis:25862,2,25,18
fivb_vis:25862,3,25,10
fivb_vis:25863,1,20,25
fivb_vis:25863,2,19,25
fivb_vis:25863,3,10,25
fivb_vis:25864,1,25,9
fivb_vis:25864,2,25,14
fivb_vis:25864,3,25,14
fivb_vis:25865,1,21,25
fivb_vis:25865,2,25,20
fivb_vis:25865,3,19,25
fivb_vis:25865,4,23,25
fivb_vis:25866,1,25,20
fivb_vis:25866,2,19,25
fivb_vis:25866,3,25,15
fivb_vis:25866,4,22,25
fivb_vis:25866,5,8,15
fivb_vis:25868,1,12,25
fivb_vis:25868,2,7,25
fivb_vis:25868,3,10,25
fivb_vis:25869,1,25,14
fivb_vis:25869,2,25,14
fivb_vis:25869,3,25,15
fivb_vis:25870,1,25,18
fivb_vis:25870,2,25,17
fivb_vis:25870,3,25,18
fivb_vis:25871,1,12,25
fivb_vis:25871,2,23,25
fivb_vis:25871,3,25,15
fivb_vis:25871,4,18,25
fivb_vis:25872,1,25,23
fivb_vis:25872,2,25,20
fivb_vis:25872,3,19,25
fivb_vis:25872,4,25,22
fivb_vis:25873,1,26,28
fivb_vis:25873,2,25,16
fivb_vis:25873,3,25,21
fivb_vis:25873,4,21,25
fivb_vis:25873,5,15,13
fivb_vis:25874,1,28,26
fivb_vis:25874,2,21,25
fivb_vis:25874,3,11,25
fivb_vis:25874,4,25,19
fivb_vis:25874,5,13,15
fivb_vis:1960,1,25,12
fivb_vis:1960,2,25,11
fivb_vis:1960,3,25,15
fivb_vis:1961,1,17,25
fivb_vis:1961,2,16,25
fivb_vis:1961,3,20,25
fivb_vis:1962,1,22,25
fivb_vis:1962,2,14,25
fivb_vis:1962,3,9,25
fivb_vis:1963,1,18,25
fivb_vis:1963,2,19,25
fivb_vis:1963,3,22,25
fivb_vis:1964,1,25,20
fivb_vis:1964,2,25,21
fivb_vis:1964,3,25,11
fivb_vis:1965,1,25,15
fivb_vis:1965,2,25,13
fivb_vis:1965,3,25,10
fivb_vis:1966,1,13,25
fivb_vis:1966,2,16,25
fivb_vis:1966,3,19,25
fivb_vis:1967,1,25,21
fivb_vis:1967,2,24,26
fivb_vis:1967,3,25,20
fivb_vis:1967,4,25,11
fivb_vis:1968,1,18,25
fivb_vis:1968,2,9,25
fivb_vis:1968,3,18,25
fivb_vis:1969,1,25,19
fivb_vis:1969,2,25,18
fivb_vis:1969,3,25,13
fivb_vis:1970,1,25,14
fivb_vis:1970,2,25,23
fivb_vis:1970,3,25,18
fivb_vis:1971,1,12,25
fivb_vis:1971,2,12,25
fivb_vis:1971,3,13,25
fivb_vis:1972,1,14,25
fivb_vis:1972,2,24,26
fivb_vis:1972,3,19,25
fivb_vis:1973,1,25,18
fivb_vis:1973,2,24,26
fivb_vis:1973,3,16,25
fivb_vis:1973,4,16,25
fivb_vis:1974,1,25,11
fivb_vis:1974,2,20,25
fivb_vis:1974,3,24,26
fivb_vis:1974,4,21,25
fivb_vis:1975,1,25,22
fivb_vis:1975,2,25,21
fivb_vis:1975,3,25,12
fivb_vis:1976,1,25,9
fivb_vis:1976,2,25,13
fivb_vis:1976,3,25,16
fivb_vis:1977,1,26,24
fivb_vis:1977,2,16,25
fivb_vis:1977,3,16,25
fivb_vis:1977,4,15,25
fivb_vis:1978,1,16,25
fivb_vis:1978,2,17,25
fivb_vis:1978,3,13,25
fivb_vis:1979,1,16,25
fivb_vis:1979,2,10,25
fivb_vis:1979,3,26,24
fivb_vis:1979,4,22,25
fivb_vis:1980,1,25,6
fivb_vis:1980,2,25,15
fivb_vis:1980,3,25,20
fivb_vis:1981,1,25,17
fivb_vis:1981,2,25,19
fivb_vis:1981,3,25,17
fivb_vis:1982,1,25,10
fivb_vis:1982,2,25,9
fivb_vis:1982,3,25,5
fivb_vis:1983,1,16,25
fivb_vis:1983,2,9,25
fivb_vis:1983,3,23,25
fivb_vis:1984,1,6,25
fivb_vis:1984,2,11,25
fivb_vis:1984,3,12,25
fivb_vis:1985,1,22,25
fivb_vis:1985,2,25,20
fivb_vis:1985,3,25,27
fivb_vis:1985,4,25,21
fivb_vis:1985,5,14,16
fivb_vis:1986,1,25,15
fivb_vis:1986,2,25,9
fivb_vis:1986,3,25,15
fivb_vis:1987,1,25,15
fivb_vis:1987,2,25,13
fivb_vis:1987,3,17,25
fivb_vis:1987,4,25,20
fivb_vis:1988,1,25,14
fivb_vis:1988,2,25,10
fivb_vis:1988,3,25,11
fivb_vis:1989,1,11,25
fivb_vis:1989,2,19,25
fivb_vis:1989,3,13,25
fivb_vis:1990,1,11,25
fivb_vis:1990,2,8,25
fivb_vis:1990,3,9,25
fivb_vis:1991,1,25,22
fivb_vis:1991,2,25,22
fivb_vis:1991,3,16,25
fivb_vis:1991,4,15,25
fivb_vis:1991,5,15,13
fivb_vis:1992,1,25,12
fivb_vis:1992,2,25,10
fivb_vis:1992,3,25,18
fivb_vis:1993,1,26,24
fivb_vis:1993,2,25,17
fivb_vis:1993,3,25,10
fivb_vis:1994,1,25,15
fivb_vis:1994,2,25,7
fivb_vis:1994,3,25,10
fivb_vis:1995,1,12,25
fivb_vis:1995,2,4,25
fivb_vis:1995,3,9,25
fivb_vis:1996,1,18,25
fivb_vis:1996,2,16,25
fivb_vis:1996,3,9,25
fivb_vis:1997,1,23,25
fivb_vis:1997,2,22,25
fivb_vis:1997,3,23,25
fivb_vis:1998,1,25,21
fivb_vis:1998,2,25,19
fivb_vis:1998,3,25,18
fivb_vis:1999,1,25,18
fivb_vis:1999,2,25,19
fivb_vis:1999,3,25,22
fivb_vis:2000,1,25,21
fivb_vis:2000,2,25,15
fivb_vis:2000,3,25,22
fivb_vis:2001,1,14,25
fivb_vis:2001,2,20,25
fivb_vis:2001,3,21,25
fivb_vis:2002,1,25,21
fivb_vis:2002,2,25,21
fivb_vis:2002,3,22,25
fivb_vis:2002,4,25,18
fivb_vis:2003,1,25,16
fivb_vis:2003,2,25,17
fivb_vis:2003,3,25,18
fivb_vis:2004,1,13,25
fivb_vis:2004,2,22,25
fivb_vis:2004,3,25,22
fivb_vis:2004,4,25,20
fivb_vis:2004,5,8,15
fivb_vis:2005,1,25,14
fivb_vis:2005,2,25,20
fivb_vis:2005,3,25,11
fivb_vis:2006,1,25,6
fivb_vis:2006,2,25,9
fivb_vis:2006,3,25,8
fivb_vis:2007,1,25,22
fivb_vis:2007,2,19,25
fivb_vis:2007,3,25,19
fivb_vis:2007,4,25,18
fivb_vis:2008,1,25,21
fivb_vis:2008,2,25,14
fivb_vis:2008,3,25,21
fivb_vis:2009,1,13,25
fivb_vis:2009,2,8,25
fivb_vis:2009,3,26,24
fivb_vis:2009,4,15,25
fivb_vis:2010,1,25,18
fivb_vis:2010,2,25,19
fivb_vis:2010,3,25,11
fivb_vis:2011,1,20,25
fivb_vis:2011,2,25,15
fivb_vis:2011,3,25,19
fivb_vis:2011,4,25,22
fivb_vis:2012,1,25,10
fivb_vis:2012,2,25,13
fivb_vis:2012,3,25,23
fivb_vis:2013,1,25,13
fivb_vis:2013,2,25,17
fivb_vis:2013,3,25,12
fivb_vis:2014,1,25,20
fivb_vis:2014,2,25,8
fivb_vis:2014,3,25,10
fivb_vis:2015,1,25,15
fivb_vis:2015,2,25,21
fivb_vis:2015,3,25,14
fivb_vis:2016,1,29,27
fivb_vis:2016,2,25,15
fivb_vis:2016,3,25,10
fivb_vis:2017,1,25,12
fivb_vis:2017,2,25,19
fivb_vis:2017,3,25,23
fivb_vis:2018,1,20,25
fivb_vis:2018,2,25,18
fivb_vis:2018,3,19,25
fivb_vis:2018,4,25,23
fivb_vis:2018,5,15,9
fivb_vis:2019,1,25,20
fivb_vis:2019,2,25,15
fivb_vis:2019,3,25,20
fivb_vis:26434,1,16,25
fivb_vis:26434,2,20,25
fivb_vis:26434,3,21,25
fivb_vis:26435,1,17,25
fivb_vis:26435,2,25,20
fivb_vis:26435,3,25,20
fivb_vis:26435,4,23,25
fivb_vis:26435,5,10,15
fivb_vis:26436,1,22,25
fivb_vis:26436,2,21,25
fivb_vis:26436,3,22,25
fivb_vis:26437,1,20,25
fivb_vis:26437,2,25,20
fivb_vis:26437,3,20,25
fivb_vis:26437,4,23,25
fivb_vis:26438,1,20,25
fivb_vis:26438,2,26,24
fivb_vis:26438,3,26,24
fivb_vis:26438,4,25,23
fivb_vis:26439,1,25,23
fivb_vis:26439,2,25,20
fivb_vis:26439,3,25,27
fivb_vis:26439,4,26,24
fivb_vis:26440,1,19,25
fivb_vis:26440,2,29,27
fivb_vis:26440,3,23,25
fivb_vis:26440,4,25,23
fivb_vis:26440,5,16,14
fivb_vis:26441,1,25,21
fivb_vis:26441,2,23,25
fivb_vis:26441,3,25,15
fivb_vis:26441,4,25,23
fivb_vis:26442,1,26,24
fivb_vis:26442,2,19,25
fivb_vis:26442,3,25,20
fivb_vis:26442,4,21,25
fivb_vis:26442,5,13,15
fivb_vis:26443,1,17,25
fivb_vis:26443,2,25,21
fivb_vis:26443,3,20,25
fivb_vis:26443,4,22,25
fivb_vis:26444,1,27,25
fivb_vis:26444,2,23,25
fivb_vis:26444,3,26,24
fivb_vis:26444,4,21,25
fivb_vis:26444,5,19,17
fivb_vis:26445,1,25,23
fivb_vis:26445,2,25,19
fivb_vis:26445,3,25,21
fivb_vis:26446,1,20,25
fivb_vis:26446,2,25,20
fivb_vis:26446,3,21,25
fivb_vis:26446,4,31,33
fivb_vis:26447,1,25,19
fivb_vis:26447,2,23,25
fivb_vis:26447,3,25,15
fivb_vis:26447,4,25,20
fivb_vis:26448,1,25,20
fivb_vis:26448,2,25,18
fivb_vis:26448,3,21,25
fivb_vis:26448,4,27,25
fivb_vis:26449,1,25,21
fivb_vis:26449,2,25,20
fivb_vis:26449,3,25,16
fivb_vis:26450,1,25,21
fivb_vis:26450,2,21,25
fivb_vis:26450,3,25,21
fivb_vis:26450,4,22,25
fivb_vis:26450,5,17,15
fivb_vis:26451,1,18,25
fivb_vis:26451,2,26,24
fivb_vis:26451,3,21,25
fivb_vis:26451,4,22,25
fivb_vis:26452,1,22,25
fivb_vis:26452,2,15,25
fivb_vis:26452,3,20,25
fivb_vis:26453,1,25,23
fivb_vis:26453,2,25,19
fivb_vis:26453,3,25,23
fivb_vis:26454,1,25,23
fivb_vis:26454,2,27,25
fivb_vis:26454,3,25,21
fivb_vis:26455,1,23,25
fivb_vis:26455,2,22,25
fivb_vis:26455,3,25,20
fivb_vis:26455,4,21,25
fivb_vis:26456,1,15,25
fivb_vis:26456,2,28,26
fivb_vis:26456,3,25,19
fivb_vis:26456,4,14,25
fivb_vis:26456,5,11,15
fivb_vis:26457,1,25,22
fivb_vis:26457,2,25,18
fivb_vis:26457,3,25,22
fivb_vis:26458,1,23,25
fivb_vis:26458,2,25,23
fivb_vis:26458,3,25,15
fivb_vis:26458,4,25,23
fivb_vis:26459,1,25,20
fivb_vis:26459,2,35,33
fivb_vis:26459,3,24,26
fivb_vis:26459,4,21,25
fivb_vis:26459,5,11,15
fivb_vis:26460,1,27,29
fivb_vis:26460,2,14,25
fivb_vis:26460,3,20,25
fivb_vis:26461,1,25,19
fivb_vis:26461,2,25,18
fivb_vis:26461,3,22,25
fivb_vis:26461,4,21,25
fivb_vis:26461,5,11,15
fivb_vis:26462,1,25,21
fivb_vis:26462,2,25,19
fivb_vis:26462,3,25,23
fivb_vis:26463,1,27,25
fivb_vis:26463,2,16,25
fivb_vis:26463,3,22,25
fivb_vis:26463,4,22,25
fivb_vis:26464,1,25,23
fivb_vis:26464,2,25,22
fivb_vis:26464,3,23,25
fivb_vis:26464,4,17,25
fivb_vis:26464,5,15,12
fivb_vis:26465,1,40,38
fivb_vis:26465,2,19,25
fivb_vis:26465,3,25,20
fivb_vis:26465,4,25,22
fivb_vis:26466,1,28,30
fivb_vis:26466,2,22,25
fivb_vis:26466,3,23,25
fivb_vis:26467,1,21,25
fivb_vis:26467,2,25,17
fivb_vis:26467,3,23,25
fivb_vis:26467,4,25,14
fivb_vis:26467,5,8,15
fivb_vis:26468,1,18,25
fivb_vis:26468,2,24,26
fivb_vis:26468,3,25,19
fivb_vis:26468,4,25,23
fivb_vis:26468,5,15,9
fivb_vis:26469,1,18,25
fivb_vis:26469,2,25,15
fivb_vis:26469,3,19,25
fivb_vis:26469,4,25,18
fivb_vis:26469,5,10,15
fivb_vis:26470,1,16,25
fivb_vis:26470,2,19,25
fivb_vis:26470,3,21,25
fivb_vis:26471,1,18,25
fivb_vis:26471,2,25,20
fivb_vis:26471,3,25,23
fivb_vis:26471,4,19,25
fivb_vis:26471,5,15,9
fivb_vis:26472,1,17,25
fivb_vis:26472,2,15,25
fivb_vis:26472,3,25,22
fivb_vis:26472,4,16,25
fivb_vis:26473,1,25,21
fivb_vis:26473,2,15,25
fivb_vis:26473,3,25,15
fivb_vis:26473,4,18,25
fivb_vis:26473,5,15,13
fivb_vis:26474,1,29,27
fivb_vis:26474,2,22,25
fivb_vis:26474,3,25,22
fivb_vis:26474,4,25,21
fivb_vis:26475,1,21,25
fivb_vis:26475,2,21,25
fivb_vis:26475,3,19,25
fivb_vis:26476,1,21,25
fivb_vis:26476,2,23,25
fivb_vis:26476,3,25,19
fivb_vis:26476,4,28,26
fivb_vis:26476,5,15,13
fivb_vis:26477,1,25,21
fivb_vis:26477,2,23,25
fivb_vis:26477,3,25,21
fivb_vis:26477,4,24,26
fivb_vis:26477,5,17,15
fivb_vis:26478,1,25,23
fivb_vis:26478,2,23,25
fivb_vis:26478,3,25,20
fivb_vis:26478,4,25,23
fivb_vis:26479,1,28,26
fivb_vis:26479,2,21,25
fivb_vis:26479,3,21,25
fivb_vis:26479,4,20,25
fivb_vis:26480,1,25,23
fivb_vis:26480,2,25,19
fivb_vis:26480,3,25,16
fivb_vis:26481,1,23,25
fivb_vis:26481,2,20,25
fivb_vis:26481,3,29,31
fivb_vis:26482,1,26,28
fivb_vis:26482,2,25,19
fivb_vis:26482,3,25,21
fivb_vis:26482,4,19,25
fivb_vis:26482,5,15,11
fivb_vis:26483,1,25,22
fivb_vis:26483,2,21,25
fivb_vis:26483,3,25,27
fivb_vis:26483,4,25,20
fivb_vis:26483,5,15,13
fivb_vis:26484,1,19,25
fivb_vis:26484,2,25,21
fivb_vis:26484,3,17,25
fivb_vis:26484,4,26,24
fivb_vis:26484,5,15,6
fivb_vis:26485,1,22,25
fivb_vis:26485,2,19,25
fivb_vis:26485,3,22,25
fivb_vis:26486,1,25,19
fivb_vis:26486,2,25,23
fivb_vis:26486,3,18,25
fivb_vis:26486,4,25,23
fivb_vis:26487,1,19,25
fivb_vis:26487,2,19,25
fivb_vis:26487,3,25,20
fivb_vis:26487,4,25,23
fivb_vis:26487,5,12,15
fivb_vis:26488,1,22,25
fivb_vis:26488,2,25,19
fivb_vis:26488,3,23,25
fivb_vis:26488,4,19,25
fivb_vis:26489,1,19,25
fivb_vis:26489,2,23,25
fivb_vis:26489,3,25,22
fivb_vis:26489,4,23,25
fivb_vis:26490,1,25,19
fivb_vis:26490,2,13,25
fivb_vis:26490,3,25,23
fivb_vis:26490,4,25,22
fivb_vis:26491,1,25,27
fivb_vis:26491,2,25,22
fivb_vis:26491,3,21,25
fivb_vis:26491,4,25,18
fivb_vis:26491,5,15,11
fivb_vis:26492,1,25,18
fivb_vis:26492,2,21,25
fivb_vis:26492,3,25,20
fivb_vis:26492,4,22,25
fivb_vis:26492,5,13,15
fivb_vis:26493,1,23,25
fivb_vis:26493,2,25,16
fivb_vis:26493,3,25,17
fivb_vis:26493,4,25,15
fivb_vis:26494,1,25,23
fivb_vis:26494,2,25,16
fivb_vis:26494,3,25,22
fivb_vis:26495,1,19,25
fivb_vis:26495,2,21,25
fivb_vis:26495,3,25,21
fivb_vis:26495,4,25,18
fivb_vis:26495,5,18,16
fivb_vis:26496,1,27,25
fivb_vis:26496,2,25,17
fivb_vis:26496,3,25,20
fivb_vis:26497,1,20,25
fivb_vis:26497,2,20,25
fivb_vis:26497,3,25,22
fivb_vis:26497,4,19,25
fivb_vis:26498,1,25,20
fivb_vis:26498,2,18,25
fivb_vis:26498,3,25,23
fivb_vis:26498,4,25,17
fivb_vis:26499,1,25,22
fivb_vis:26499,2,25,21
fivb_vis:26499,3,20,25
fivb_vis:26499,4,30,28
fivb_vis:26500,1,24,26
fivb_vis:26500,2,24,26
fivb_vis:26500,3,17,25
fivb_vis:26501,1,17,25
fivb_vis:26501,2,25,23
fivb_vis:26501,3,26,28
fivb_vis:26501,4,25,22
fivb_vis:26501,5,15,17
fivb_vis:26502,1,30,28
fivb_vis:26502,2,25,19
fivb_vis:26502,3,17,25
fivb_vis:26502,4,33,35
fivb_vis:26502,5,12,15
fivb_vis:26503,1,48,50
fivb_vis:26503,2,26,24
fivb_vis:26503,3,25,19
fivb_vis:26503,4,25,20
fivb_vis:26504,1,12,25
fivb_vis:26504,2,23,25
fivb_vis:26504,3,26,24
fivb_vis:26504,4,17,25
fivb_vis:26505,1,25,23
fivb_vis:26505,2,19,25
fivb_vis:26505,3,18,25
fivb_vis:26505,4,20,25
fivb_vis:26506,1,26,24
fivb_vis:26506,2,25,22
fivb_vis:26506,3,23,25
fivb_vis:26506,4,13,25
fivb_vis:26506,5,17,19
fivb_vis:26507,1,23,25
fivb_vis:26507,2,19,25
fivb_vis:26507,3,20,25
fivb_vis:26508,1,24,26
fivb_vis:26508,2,25,19
fivb_vis:26508,3,25,20
fivb_vis:26508,4,23,25
fivb_vis:26508,5,15,12
fivb_vis:26509,1,17,25
fivb_vis:26509,2,17,25
fivb_vis:26509,3,25,23
fivb_vis:26509,4,26,28
fivb_vis:26510,1,25,22
fivb_vis:26510,2,25,21
fivb_vis:26510,3,29,31
fivb_vis:26510,4,25,19
fivb_vis:26511,1,19,25
fivb_vis:26511,2,17,25
fivb_vis:26511,3,17,25
fivb_vis:26512,1,23,25
fivb_vis:26512,2,19,25
fivb_vis:26512,3,18,25
fivb_vis:26513,1,23,25
fivb_vis:26513,2,23,25
fivb_vis:26513,3,19,25
fivb_vis:26514,1,25,19
fivb_vis:26514,2,25,13
fivb_vis:26514,3,25,20
fivb_vis:26515,1,20,25
fivb_vis:26515,2,22,25
fivb_vis:26515,3,22,25
fivb_vis:26516,1,18,25
fivb_vis:26516,2,24,26
fivb_vis:26516,3,29,27
fivb_vis:26516,4,25,19
fivb_vis:26516,5,15,11
fivb_vis:26517,1,25,22
fivb_vis:26517,2,26,28
fivb_vis:26517,3,18,25
fivb_vis:26517,4,25,20
fivb_vis:26517,5,15,12
fivb_vis:26518,1,22,25
fivb_vis:26518,2,25,17
fivb_vis:26518,3,25,21
fivb_vis:26518,4,25,23
fivb_vis:26519,1,21,25
fivb_vis:26519,2,19,25
fivb_vis:26519,3,20,25
fivb_vis:26520,1,25,23
fivb_vis:26520,2,25,19
fivb_vis:26520,3,25,18
fivb_vis:26521,1,17,25
fivb_vis:26521,2,25,19
fivb_vis:26521,3,22,25
fivb_vis:26521,4,25,21
fivb_vis:26521,5,15,12
fivb_vis:26522,1,25,20
fivb_vis:26522,2,25,22
fivb_vis:26522,3,25,16
fivb_vis:26523,1,25,27
fivb_vis:26523,2,20,25
fivb_vis:26523,3,25,23
fivb_vis:26523,4,25,16
fivb_vis:26523,5,15,11
fivb_vis:26524,1,25,27
fivb_vis:26524,2,19,25
fivb_vis:26524,3,24,26
fivb_vis:26525,1,25,22
fivb_vis:26525,2,14,25
fivb_vis:26525,3,20,25
fivb_vis:26525,4,20,25
fivb_vis:26526,1,22,25
fivb_vis:26526,2,26,28
fivb_vis:26526,3,19,25
fivb_vis:26527,1,22,25
fivb_vis:26527,2,21,25
fivb_vis:26527,3,27,29
fivb_vis:26528,1,22,25
fivb_vis:26528,2,22,25
fivb_vis:26528,3,22,25
fivb_vis:26529,1,22,25
fivb_vis:26529,2,25,20
fivb_vis:26529,3,21,25
fivb_vis:26529,4,23,25
fivb_vis:26530,1,25,21
fivb_vis:26530,2,28,26
fivb_vis:26530,3,16,25
fivb_vis:26530,4,18,25
fivb_vis:26530,5,13,15
fivb_vis:26531,1,25,17
fivb_vis:26531,2,22,25
fivb_vis:26531,3,21,25
fivb_vis:26531,4,18,25
fivb_vis:26532,1,25,27
fivb_vis:26532,2,25,22
fivb_vis:26532,3,24,26
fivb_vis:26532,4,18,25
fivb_vis:26533,1,25,22
fivb_vis:26533,2,25,22
fivb_vis:26533,3,25,19
fivb_vis:26534,1,25,17
fivb_vis:26534,2,19,25
fivb_vis:26534,3,21,25
fivb_vis:26534,4,17,25
fivb_vis:26535,1,25,22
fivb_vis:26535,2,25,22
fivb_vis:26535,3,25,16
fivb_vis:26536,1,17,25
fivb_vis:26536,2,25,22
fivb_vis:26536,3,25,16
fivb_vis:26536,4,25,19
fivb_vis:26537,1,25,23
fivb_vis:26537,2,20,25
fivb_vis:26537,3,25,22
fivb_vis:26537,4,26,24
fivb_vis:26538,1,16,25
fivb_vis:26538,2,20,25
fivb_vis:26538,3,21,25
fivb_vis:26539,1,19,25
fivb_vis:26539,2,21,25
fivb_vis:26539,3,22,25
fivb_vis:26540,1,21,25
fivb_vis:26540,2,22,25
fivb_vis:26540,3,21,25
fivb_vis:26541,1,20,25
fivb_vis:26541,2,21,25
fivb_vis:26541,3,19,25
fivb_vis:26542,1,23,25
fivb_vis:26542,2,25,23
fivb_vis:26542,3,25,16
fivb_vis:26542,4,25,23
fivb_vis:26543,1,22,25
fivb_vis:26543,2,21,25
fivb_vis:26543,3,21,25
fivb_vis:26544,1,25,21
fivb_vis:26544,2,35,33
fivb_vis:26544,3,39,37
fivb_vis:26545,1,25,22
fivb_vis:26545,2,22,25
fivb_vis:26545,3,25,20
fivb_vis:26545,4,25,17
fivb_vis:26546,1,19,25
fivb_vis:26546,2,25,23
fivb_vis:26546,3,25,20
fivb_vis:26546,4,19,25
fivb_vis:26546,5,13,15
fivb_vis:26547,1,16,25
fivb_vis:26547,2,19,25
fivb_vis:26547,3,17,25
fivb_vis:26548,1,21,25
fivb_vis:26548,2,28,26
fivb_vis:26548,3,22,25
fivb_vis:26548,4,22,25
fivb_vis:26549,1,21,25
fivb_vis:26549,2,25,23
fivb_vis:26549,3,27,25
fivb_vis:26549,4,23,25
fivb_vis:26549,5,10,15
fivb_vis:26550,1,20,25
fivb_vis:26550,2,25,22
fivb_vis:26550,3,23,25
fivb_vis:26550,4,25,18
fivb_vis:26550,5,13,15
fivb_vis:26551,1,24,26
fivb_vis:26551,2,22,25
fivb_vis:26551,3,19,25
fivb_vis:26552,1,20,25
fivb_vis:26552,2,20,25
fivb_vis:26552,3,24,26
fivb_vis:26553,1,16,25
fivb_vis:26553,2,17,25
fivb_vis:26553,3,23,25
fivb_vis:26554,1,25,17
fivb_vis:26554,2,20,25
fivb_vis:26554,3,16,25
fivb_vis:26554,4,25,23
fivb_vis:26554,5,11,15
fivb_vis:26555,1,25,22
fivb_vis:26555,2,25,16
fivb_vis:26555,3,27,25
fivb_vis:26556,1,25,23
fivb_vis:26556,2,12,25
fivb_vis:26556,3,22,25
fivb_vis:26556,4,13,25
fivb_vis:26557,1,25,17
fivb_vis:26557,2,25,15
fivb_vis:26557,3,25,27
fivb_vis:26557,4,25,23
fivb_vis:26558,1,26,28
fivb_vis:26558,2,25,22
fivb_vis:26558,3,18,25
fivb_vis:26558,4,18,25
fivb_vis:26559,1,22,25
fivb_vis:26559,2,22,25
fivb_vis:26559,3,20,25
fivb_vis:26560,1,25,14
fivb_vis:26560,2,24,26
fivb_vis:26560,3,25,19
fivb_vis:26560,4,23,25
fivb_vis:26560,5,15,7
fivb_vis:26561,1,23,25
fivb_vis:26561,2,17,25
fivb_vis:26561,3,18,25
fivb_vis:26562,1,25,21
fivb_vis:26562,2,30,28
fivb_vis:26562,3,14,25
fivb_vis:26562,4,19,25
fivb_vis:26562,5,15,13
fivb_vis:26563,1,23,25
fivb_vis:26563,2,25,18
fivb_vis:26563,3,25,11
fivb_vis:26563,4,25,15
fivb_vis:26564,1,25,22
fivb_vis:26564,2,25,22
fivb_vis:26564,3,30,28
fivb_vis:26565,1,20,25
fivb_vis:26565,2,22,25
fivb_vis:26565,3,15,25
fivb_vis:26566,1,25,17
fivb_vis:26566,2,19,25
fivb_vis:26566,3,18,25
fivb_vis:26566,4,25,22
fivb_vis:26566,5,15,17
fivb_vis:26567,1,19,25
fivb_vis:26567,2,19,25
fivb_vis:26567,3,13,25
fivb_vis:26568,1,20,25
fivb_vis:26568,2,25,16
fivb_vis:26568,3,16,25
fivb_vis:26568,4,20,25
fivb_vis:26569,1,22,25
fivb_vis:26569,2,18,25
fivb_vis:26569,3,22,25
fivb_vis:26570,1,21,25
fivb_vis:26570,2,25,23
fivb_vis:26570,3,25,27
fivb_vis:26570,4,25,23
fivb_vis:26570,5,11,15
fivb_vis:26571,1,25,20
fivb_vis:26571,2,25,22
fivb_vis:26571,3,23,25
fivb_vis:26571,4,22,25
fivb_vis:26571,5,14,16
fivb_vis:26572,1,25,21
fivb_vis:26572,2,25,21
fivb_vis:26572,3,25,21
fivb_vis:26573,1,25,23
fivb_vis:26573,2,25,17
fivb_vis:26573,3,25,13
fivb_vis:26574,1,25,16
fivb_vis:26574,2,26,28
fivb_vis:26574,3,25,19
fivb_vis:26574,4,25,15
fivb_vis:26575,1,21,25
fivb_vis:26575,2,25,20
fivb_vis:26575,3,25,19
fivb_vis:26575,4,28,26
fivb_vis:26576,1,20,25
fivb_vis:26576,2,15,25
fivb_vis:26576,3,24,26
fivb_vis:26577,1,14,25
fivb_vis:26577,2,19,25
fivb_vis:26577,3,11,25
fivb_vis:26578,1,25,20
fivb_vis:26578,2,25,22
fivb_vis:26578,3,21,25
fivb_vis:26578,4,20,25
fivb_vis:26578,5,15,12
fivb_vis:26579,1,16,25
fivb_vis:26579,2,25,18
fivb_vis:26579,3,25,23
fivb_vis:26579,4,26,24
fivb_vis:26580,1,20,25
fivb_vis:26580,2,19,25
fivb_vis:26580,3,17,25
fivb_vis:26581,1,25,18
fivb_vis:26581,2,25,15
fivb_vis:26581,3,20,25
fivb_vis:26581,4,19,25
fivb_vis:26581,5,10,15
fivb_vis:26582,1,25,15
fivb_vis:26582,2,25,22
fivb_vis:26582,3,22,25
fivb_vis:26582,4,24,26
fivb_vis:26582,5,15,12
fivb_vis:26583,1,25,22
fivb_vis:26583,2,25,15
fivb_vis:26583,3,25,12
fivb_vis:26584,1,12,25
fivb_vis:26584,2,9,25
fivb_vis:26584,3,25,22
fivb_vis:26584,4,18,25
fivb_vis:26585,1,27,29
fivb_vis:26585,2,20,25
fivb_vis:26585,3,25,23
fivb_vis:26585,4,30,28
fivb_vis:26585,5,12,15
fivb_vis:26586,1,20,25
fivb_vis:26586,2,19,25
fivb_vis:26586,3,12,25
fivb_vis:26587,1,20,25
fivb_vis:26587,2,25,19
fivb_vis:26587,3,25,17
fivb_vis:26587,4,25,20
fivb_vis:26588,1,18,25
fivb_vis:26588,2,21,25
fivb_vis:26588,3,22,25
fivb_vis:26589,1,27,25
fivb_vis:26589,2,23,25
fivb_vis:26589,3,25,18
fivb_vis:26589,4,20,25
fivb_vis:26589,5,6,15
fivb_vis:26590,1,12,25
fivb_vis:26590,2,22,25
fivb_vis:26590,3,23,25
fivb_vis:26591,1,20,25
fivb_vis:26591,2,26,24
fivb_vis:26591,3,18,25
fivb_vis:26591,4,32,30
fivb_vis:26591,5,15,7
fivb_vis:26592,1,22,25
fivb_vis:26592,2,19,25
fivb_vis:26592,3,15,25
fivb_vis:26593,1,23,25
fivb_vis:26593,2,25,19
fivb_vis:26593,3,26,28
fivb_vis:26593,4,25,22
fivb_vis:26593,5,10,15
fivb_vis:26594,1,25,14
fivb_vis:26594,2,25,13
fivb_vis:26594,3,25,23
fivb_vis:26595,1,17,25
fivb_vis:26595,2,12,25
fivb_vis:26595,3,16,25
fivb_vis:26596,1,21,25
fivb_vis:26596,2,13,25
fivb_vis:26596,3,25,22
fivb_vis:26596,4,23,25
fivb_vis:26597,1,14,25
fivb_vis:26597,2,15,25
fivb_vis:26597,3,25,18
fivb_vis:26597,4,25,21
fivb_vis:26597,5,12,15
fivb_vis:26598,1,20,25
fivb_vis:26598,2,25,22
fivb_vis:26598,3,25,23
fivb_vis:26598,4,22,25
fivb_vis:26598,5,13,15
fivb_vis:26599,1,25,22
fivb_vis:26599,2,25,20
fivb_vis:26599,3,25,17
fivb_vis:26600,1,25,17
fivb_vis:26600,2,25,23
fivb_vis:26600,3,25,20
fivb_vis:26601,1,19,25
fivb_vis:26601,2,23,25
fivb_vis:26601,3,18,25
fivb_vis:26602,1,22,25
fivb_vis:26602,2,17,25
fivb_vis:26602,3,20,25
fivb_vis:26603,1,25,15
fivb_vis:26603,2,25,23
fivb_vis:26603,3,27,25
fivb_vis:26604,1,18,25
fivb_vis:26604,2,17,25
fivb_vis:26604,3,19,25
fivb_vis:26605,1,17,25
fivb_vis:26605,2,25,23
fivb_vis:26605,3,23,25
fivb_vis:26605,4,26,28
fivb_vis:26606,1,20,25
fivb_vis:26606,2,19,25
fivb_vis:26606,3,21,25
fivb_vis:26607,1,27,25
fivb_vis:26607,2,25,20
fivb_vis:26607,3,25,16
fivb_vis:26608,1,17,25
fivb_vis:26608,2,17,25
fivb_vis:26608,3,25,14
fivb_vis:26608,4,23,25
fivb_vis:26609,1,25,17
fivb_vis:26609,2,20,25
fivb_vis:26609,3,26,28
fivb_vis:26609,4,23,25
fivb_vis:26610,1,24,26
fivb_vis:26610,2,18,25
fivb_vis:26610,3,25,19
fivb_vis:26610,4,15,25
fivb_vis:26611,1,25,21
fivb_vis:26611,2,22,25
fivb_vis:26611,3,25,18
fivb_vis:26611,4,25,20
fivb_vis:26612,1,18,25
fivb_vis:26612,2,24,26
fivb_vis:26612,3,25,19
fivb_vis:26612,4,25,22
fivb_vis:26612,5,15,13
fivb_vis:26613,1,22,25
fivb_vis:26613,2,25,18
fivb_vis:26613,3,16,25
fivb_vis:26613,4,20,25
fivb_vis:26614,1,25,22
fivb_vis:26614,2,19,25
fivb_vis:26614,3,21,25
fivb_vis:26614,4,25,15
fivb_vis:26614,5,17,15
fivb_vis:26615,1,17,25
fivb_vis:26615,2,24,26
fivb_vis:26615,3,25,18
fivb_vis:26615,4,31,29
fivb_vis:26615,5,15,10
fivb_vis:26616,1,25,17
fivb_vis:26616,2,20,25
fivb_vis:26616,3,21,25
fivb_vis:26616,4,25,18
fivb_vis:26616,5,15,8
fivb_vis:26617,1,25,23
fivb_vis:26617,2,21,25
fivb_vis:26617,3,25,16
fivb_vis:26617,4,11,25
fivb_vis:26617,5,15,13
fivb_vis:26618,1,21,25
fivb_vis:26618,2,23,25
fivb_vis:26618,3,18,25
fivb_vis:26619,1,26,24
fivb_vis:26619,2,28,26
fivb_vis:26619,3,15,25
fivb_vis:26619,4,19,25
fivb_vis:26619,5,16,14
fivb_vis:26620,1,23,25
fivb_vis:26620,2,22,25
fivb_vis:26620,3,15,25
fivb_vis:26621,1,25,21
fivb_vis:26621,2,26,28
fivb_vis:26621,3,23,25
fivb_vis:26621,4,25,16
fivb_vis:26621,5,15,12
fivb_vis:26622,1,27,25
fivb_vis:26622,2,20,25
fivb_vis:26622,3,25,19
fivb_vis:26622,4,25,19
fivb_vis:26623,1,25,19
fivb_vis:26623,2,25,20
fivb_vis:26623,3,14,25
fivb_vis:26623,4,24,26
fivb_vis:26623,5,15,12
fivb_vis:26624,1,21,25
fivb_vis:26624,2,18,25
fivb_vis:26624,3,20,25
fivb_vis:26625,1,15,25
fivb_vis:26625,2,25,23
fivb_vis:26625,3,10,25
fivb_vis:26625,4,21,25
fivb_vis:26626,1,20,25
fivb_vis:26626,2,25,19
fivb_vis:26626,3,19,25
fivb_vis:26626,4,23,25
fivb_vis:26627,1,22,25
fivb_vis:26627,2,18,25
fivb_vis:26627,3,23,25
fivb_vis:26628,1,25,19
fivb_vis:26628,2,17,25
fivb_vis:26628,3,22,25
fivb_vis:26628,4,25,23
fivb_vis:26628,5,11,15
fivb_vis:26629,1,25,22
fivb_vis:26629,2,15,25
fivb_vis:26629,3,22,25
fivb_vis:26629,4,17,25
fivb_vis:26630,1,25,16
fivb_vis:26630,2,25,19
fivb_vis:26630,3,27,25
fivb_vis:26631,1,25,20
fivb_vis:26631,2,20,25
fivb_vis:26631,3,23,25
fivb_vis:26631,4,25,18
fivb_vis:26631,5,12,15
fivb_vis:26632,1,25,10
fivb_vis:26632,2,21,25
fivb_vis:26632,3,17,25
fivb_vis:26632,4,25,27
fivb_vis:26633,1,25,15
fivb_vis:26633,2,25,21
fivb_vis:26633,3,22,25
fivb_vis:26633,4,25,22
fivb_vis:26634,1,25,18
fivb_vis:26634,2,25,22
fivb_vis:26634,3,25,20
fivb_vis:26635,1,21,25
fivb_vis:26635,2,21,25
fivb_vis:26635,3,18,25
fivb_vis:26636,1,25,20
fivb_vis:26636,2,25,22
fivb_vis:26636,3,22,25
fivb_vis:26636,4,23,25
fivb_vis:26636,5,13,15
fivb_vis:26637,1,22,25
fivb_vis:26637,2,25,23
fivb_vis:26637,3,27,29
fivb_vis:26637,4,25,21
fivb_vis:26637,5,15,8
fivb_vis:26638,1,17,25
fivb_vis:26638,2,16,25
fivb_vis:26638,3,25,22
fivb_vis:26638,4,25,19
fivb_vis:26638,5,13,15
fivb_vis:26639,1,20,25
fivb_vis:26639,2,25,23
fivb_vis:26639,3,23,25
fivb_vis:26639,4,26,28
fivb_vis:26640,1,20,25
fivb_vis:26640,2,16,25
fivb_vis:26640,3,19,25
fivb_vis:26641,1,25,16
fivb_vis:26641,2,12,25
fivb_vis:26641,3,19,25
fivb_vis:26641,4,14,25
fivb_vis:26642,1,23,25
fivb_vis:26642,2,23,25
fivb_vis:26642,3,23,25
fivb_vis:26643,1,25,15
fivb_vis:26643,2,25,16
fivb_vis:26643,3,25,17
fivb_vis:26644,1,25,22
fivb_vis:26644,2,29,27
fivb_vis:26644,3,23,25
fivb_vis:26644,4,23,25
fivb_vis:26644,5,5,15
fivb_vis:26645,1,22,25
fivb_vis:26645,2,25,22
fivb_vis:26645,3,22,25
fivb_vis:26645,4,22,25
fivb_vis:26646,1,22,25
fivb_vis:26646,2,25,21
fivb_vis:26646,3,23,25
fivb_vis:26646,4,24,26
fivb_vis:26647,1,25,23
fivb_vis:26647,2,20,25
fivb_vis:26647,3,28,30
fivb_vis:26647,4,22,25
fivb_vis:26648,1,25,20
fivb_vis:26648,2,25,22
fivb_vis:26648,3,25,23
fivb_vis:26649,1,23,25
fivb_vis:26649,2,20,25
fivb_vis:26649,3,13,25
fivb_vis:26650,1,26,24
fivb_vis:26650,2,25,22
fivb_vis:26650,3,25,16
fivb_vis:26651,1,27,25
fivb_vis:26651,2,21,25
fivb_vis:26651,3,19,25
fivb_vis:26651,4,22,25
fivb_vis:26652,1,25,20
fivb_vis:26652,2,17,25
fivb_vis:26652,3,25,22
fivb_vis:26652,4,25,18
fivb_vis:26653,1,20,25
fivb_vis:26653,2,14,25
fivb_vis:26653,3,25,19
fivb_vis:26653,4,25,21
fivb_vis:26653,5,15,13
fivb_vis:26654,1,12,25
fivb_vis:26654,2,25,21
fivb_vis:26654,3,25,22
fivb_vis:26654,4,17,25
fivb_vis:26654,5,18,20
fivb_vis:26655,1,19,25
fivb_vis:26655,2,25,21
fivb_vis:26655,3,25,22
fivb_vis:26655,4,12,25
fivb_vis:26655,5,12,15
fivb_vis:26656,1,20,25
fivb_vis:26656,2,20,25
fivb_vis:26656,3,15,25
fivb_vis:26657,1,25,23
fivb_vis:26657,2,25,19
fivb_vis:26657,3,25,15
fivb_vis:26658,1,25,15
fivb_vis:26658,2,23,25
fivb_vis:26658,3,20,25
fivb_vis:26658,4,25,17
fivb_vis:26658,5,13,15
fivb_vis:26659,1,22,25
fivb_vis:26659,2,25,21
fivb_vis:26659,3,25,21
fivb_vis:26659,4,25,17
fivb_vis:26660,1,24,26
fivb_vis:26660,2,25,22
fivb_vis:26660,3,25,16
fivb_vis:26660,4,25,20
fivb_vis:26661,1,25,21
fivb_vis:26661,2,25,16
fivb_vis:26661,3,25,16
fivb_vis:26662,1,21,25
fivb_vis:26662,2,15,25
fivb_vis:26662,3,20,25
fivb_vis:26663,1,21,25
fivb_vis:26663,2,25,21
fivb_vis:26663,3,26,24
fivb_vis:26663,4,21,25
fivb_vis:26663,5,15,12
fivb_vis:26664,1,16,25
fivb_vis:26664,2,25,23
fivb_vis:26664,3,22,25
fivb_vis:26664,4,13,25
fivb_vis:26665,1,23,25
fivb_vis:26665,2,25,23
fivb_vis:26665,3,26,24
fivb_vis:26665,4,25,21
fivb_vis:2020,1,25,16
fivb_vis:2020,2,19,25
fivb_vis:2020,3,22,25
fivb_vis:2020,4,25,20
fivb_vis:2020,5,12,15
fivb_vis:2021,1,25,14
fivb_vis:2021,2,25,16
fivb_vis:2021,3,25,17
fivb_vis:2022,1,18,25
fivb_vis:2022,2,25,17
fivb_vis:2022,3,25,11
fivb_vis:2022,4,25,17
fivb_vis:2023,1,20,25
fivb_vis:2023,2,25,9
fivb_vis:2023,3,25,16
fivb_vis:2023,4,25,11
fivb_vis:2024,1,25,16
fivb_vis:2024,2,27,25
fivb_vis:2024,3,14,25
fivb_vis:2024,4,25,14
fivb_vis:2025,1,25,14
fivb_vis:2025,2,25,23
fivb_vis:2025,3,25,20
fivb_vis:2026,1,25,11
fivb_vis:2026,2,25,9
fivb_vis:2026,3,25,10
fivb_vis:2027,1,25,17
fivb_vis:2027,2,25,22
fivb_vis:2027,3,25,19
fivb_vis:2028,1,25,23
fivb_vis:2028,2,16,25
fivb_vis:2028,3,25,22
fivb_vis:2028,4,25,21
fivb_vis:2029,1,25,14
fivb_vis:2029,2,25,12
fivb_vis:2029,3,25,12
fivb_vis:2030,1,21,25
fivb_vis:2030,2,23,25
fivb_vis:2030,3,15,25
fivb_vis:2031,1,25,14
fivb_vis:2031,2,25,14
fivb_vis:2031,3,25,16
fivb_vis:2032,1,25,23
fivb_vis:2032,2,25,18
fivb_vis:2032,3,25,20
fivb_vis:2033,1,25,11
fivb_vis:2033,2,25,18
fivb_vis:2033,3,25,20
fivb_vis:2034,1,23,25
fivb_vis:2034,2,14,25
fivb_vis:2034,3,19,25
fivb_vis:2035,1,25,12
fivb_vis:2035,2,25,20
fivb_vis:2035,3,25,22
fivb_vis:2036,1,25,20
fivb_vis:2036,2,18,25
fivb_vis:2036,3,25,17
fivb_vis:2036,4,26,24
fivb_vis:2037,1,17,25
fivb_vis:2037,2,16,25
fivb_vis:2037,3,17,25
fivb_vis:2038,1,25,23
fivb_vis:2038,2,19,25
fivb_vis:2038,3,25,22
fivb_vis:2038,4,25,16
fivb_vis:2039,1,25,20
fivb_vis:2039,2,21,25
fivb_vis:2039,3,18,25
fivb_vis:2039,4,25,20
fivb_vis:2039,5,11,15
fivb_vis:2040,1,17,25
fivb_vis:2040,2,17,25
fivb_vis:2040,3,16,25
fivb_vis:2041,1,25,16
fivb_vis:2041,2,25,7
fivb_vis:2041,3,25,14
fivb_vis:2042,1,25,14
fivb_vis:2042,2,25,21
fivb_vis:2042,3,23,25
fivb_vis:2042,4,19,25
fivb_vis:2042,5,17,15
fivb_vis:2043,1,25,15
fivb_vis:2043,2,25,19
fivb_vis:2043,3,25,22
fivb_vis:2044,1,20,25
fivb_vis:2044,2,20,25
fivb_vis:2044,3,25,18
fivb_vis:2044,4,24,26
fivb_vis:2045,1,16,25
fivb_vis:2045,2,9,25
fivb_vis:2045,3,19,25
fivb_vis:2046,1,25,19
fivb_vis:2046,2,19,25
fivb_vis:2046,3,25,17
fivb_vis:2046,4,19,25
fivb_vis:2046,5,15,11
fivb_vis:2047,1,21,25
fivb_vis:2047,2,25,12
fivb_vis:2047,3,25,27
fivb_vis:2047,4,17,25
fivb_vis:2048,1,23,25
fivb_vis:2048,2,25,14
fivb_vis:2048,3,16,25
fivb_vis:2048,4,25,17
fivb_vis:2048,5,15,7
fivb_vis:2049,1,24,26
fivb_vis:2049,2,25,22
fivb_vis:2049,3,20,25
fivb_vis:2049,4,21,25
fivb_vis:2050,1,25,19
fivb_vis:2050,2,27,25
fivb_vis:2050,3,25,14
fivb_vis:2051,1,9,25
fivb_vis:2051,2,20,25
fivb_vis:2051,3,10,25
fivb_vis:2052,1,21,25
fivb_vis:2052,2,26,24
fivb_vis:2052,3,22,25
fivb_vis:2052,4,25,21
fivb_vis:2052,5,15,13
fivb_vis:2053,1,25,17
fivb_vis:2053,2,25,15
fivb_vis:2053,3,25,17
fivb_vis:2054,1,25,21
fivb_vis:2054,2,25,20
fivb_vis:2054,3,25,21
fivb_vis:2055,1,22,25
fivb_vis:2055,2,14,25
fivb_vis:2055,3,23,25
fivb_vis:2056,1,18,25
fivb_vis:2056,2,19,25
fivb_vis:2056,3,14,25
fivb_vis:2057,1,12,25
fivb_vis:2057,2,10,25
fivb_vis:2057,3,15,25
fivb_vis:2058,1,29,27
fivb_vis:2058,2,25,19
fivb_vis:2058,3,25,13
fivb_vis:2059,1,25,17
fivb_vis:2059,2,25,16
fivb_vis:2059,3,21,25
fivb_vis:2059,4,23,25
fivb_vis:2059,5,9,15
fivb_vis:2060,1,25,15
fivb_vis:2060,2,25,15
fivb_vis:2060,3,25,18
fivb_vis:2061,1,15,25
fivb_vis:2061,2,16,25
fivb_vis:2061,3,10,25
fivb_vis:2062,1,25,18
fivb_vis:2062,2,25,13
fivb_vis:2062,3,22,25
fivb_vis:2062,4,25,19
fivb_vis:2063,1,25,12
fivb_vis:2063,2,25,13
fivb_vis:2063,3,25,20
fivb_vis:2064,1,16,25
fivb_vis:2064,2,25,20
fivb_vis:2064,3,16,25
fivb_vis:2064,4,18,25
fivb_vis:2065,1,25,20
fivb_vis:2065,2,17,25
fivb_vis:2065,3,19,25
fivb_vis:2065,4,25,21
fivb_vis:2065,5,15,10
fivb_vis:2066,1,25,13
fivb_vis:2066,2,25,13
fivb_vis:2066,3,25,5
fivb_vis:2067,1,15,25
fivb_vis:2067,2,15,25
fivb_vis:2067,3,23,25
fivb_vis:2068,1,19,25
fivb_vis:2068,2,25,23
fivb_vis:2068,3,18,25
fivb_vis:2068,4,25,22
fivb_vis:2068,5,15,12
fivb_vis:2069,1,25,13
fivb_vis:2069,2,25,27
fivb_vis:2069,3,25,23
fivb_vis:2069,4,25,18
fivb_vis:2070,1,25,21
fivb_vis:2070,2,19,25
fivb_vis:2070,3,11,25
fivb_vis:2070,4,13,25
fivb_vis:2071,1,25,15
fivb_vis:2071,2,25,17
fivb_vis:2071,3,25,17
fivb_vis:2072,1,25,13
fivb_vis:2072,2,25,21
fivb_vis:2072,3,25,17
fivb_vis:2073,1,24,26
fivb_vis:2073,2,25,23
fivb_vis:2073,3,25,12
fivb_vis:2073,4,19,25
fivb_vis:2073,5,15,10
fivb_vis:2074,1,25,14
fivb_vis:2074,2,25,12
fivb_vis:2074,3,25,8
fivb_vis:2075,1,25,22
fivb_vis:2075,2,23,25
fivb_vis:2075,3,25,22
fivb_vis:2075,4,25,13
fivb_vis:2076,1,21,25
fivb_vis:2076,2,19,25
fivb_vis:2076,3,23,25
fivb_vis:2077,1,25,16
fivb_vis:2077,2,25,12
fivb_vis:2077,3,25,14
fivb_vis:2078,1,20,25
fivb_vis:2078,2,23,25
fivb_vis:2078,3,19,25
fivb_vis:2079,1,28,26
fivb_vis:2079,2,23,25
fivb_vis:2079,3,25,20
fivb_vis:2079,4,25,23
fivb_vis:2080,1,25,22
fivb_vis:2080,2,29,31
fivb_vis:2080,3,23,25
fivb_vis:2080,4,20,25
fivb_vis:2081,1,15,25
fivb_vis:2081,2,25,23
fivb_vis:2081,3,25,22
fivb_vis:2081,4,13,25
fivb_vis:2081,5,10,15
fivb_vis:2082,1,14,25
fivb_vis:2082,2,14,25
fivb_vis:2082,3,18,25
fivb_vis:2083,1,25,17
fivb_vis:2083,2,26,24
fivb_vis:2083,3,25,20
fivb_vis:2084,1,25,13
fivb_vis:2084,2,25,14
fivb_vis:2084,3,25,21
fivb_vis:2085,1,25,27
fivb_vis:2085,2,19,25
fivb_vis:2085,3,16,25
fivb_vis:2086,1,17,25
fivb_vis:2086,2,14,25
fivb_vis:2086,3,20,25
fivb_vis:2087,1,25,19
fivb_vis:2087,2,25,16
fivb_vis:2087,3,25,18
fivb_vis:2088,1,23,25
fivb_vis:2088,2,22,25
fivb_vis:2088,3,17,25
fivb_vis:2089,1,20,25
fivb_vis:2089,2,25,20
fivb_vis:2089,3,23,25
fivb_vis:2089,4,19,25
fivb_vis:2090,1,23,25
fivb_vis:2090,2,25,22
fivb_vis:2090,3,25,20
fivb_vis:2090,4,25,22
fivb_vis:2091,1,25,20
fivb_vis:2091,2,25,18
fivb_vis:2091,3,27,25
fivb_vis:2092,1,16,25
fivb_vis:2092,2,25,23
fivb_vis:2092,3,18,25
fivb_vis:2092,4,18,25
fivb_vis:2093,1,23,25
fivb_vis:2093,2,21,25
fivb_vis:2093,3,25,17
fivb_vis:2093,4,25,10
fivb_vis:2093,5,15,13
fivb_vis:2094,1,25,15
fivb_vis:2094,2,25,17
fivb_vis:2094,3,25,22
fivb_vis:2095,1,16,25
fivb_vis:2095,2,17,25
fivb_vis:2095,3,12,25
fivb_vis:2096,1,25,16
fivb_vis:2096,2,25,15
fivb_vis:2096,3,25,17
fivb_vis:2097,1,25,15
fivb_vis:2097,2,25,17
fivb_vis:2097,3,20,25
fivb_vis:2097,4,25,20
fivb_vis:2098,1,18,25
fivb_vis:2098,2,25,18
fivb_vis:2098,3,25,19
fivb_vis:2098,4,25,23
fivb_vis:2099,1,17,25
fivb_vis:2099,2,16,25
fivb_vis:2099,3,21,25
fivb_vis:2100,1,8,25
fivb_vis:2100,2,11,25
fivb_vis:2100,3,10,25
fivb_vis:2101,1,25,23
fivb_vis:2101,2,24,26
fivb_vis:2101,3,25,16
fivb_vis:2101,4,25,22
fivb_vis:2102,1,25,21
fivb_vis:2102,2,25,15
fivb_vis:2102,3,25,18
fivb_vis:2103,1,25,16
fivb_vis:2103,2,25,17
fivb_vis:2103,3,25,17
fivb_vis:2104,1,19,25
fivb_vis:2104,2,25,19
fivb_vis:2104,3,25,19
fivb_vis:2104,4,26,28
fivb_vis:2104,5,16,14
fivb_vis:2105,1,25,19
fivb_vis:2105,2,25,6
fivb_vis:2105,3,25,13
fivb_vis:2106,1,20,25
fivb_vis:2106,2,25,27
fivb_vis:2106,3,21,25
fivb_vis:2107,1,18,25
fivb_vis:2107,2,22,25
fivb_vis:2107,3,25,19
fivb_vis:2107,4,25,27
fivb_vis:2108,1,13,25
fivb_vis:2108,2,9,25
fivb_vis:2108,3,27,29
fivb_vis:2109,1,21,25
fivb_vis:2109,2,25,23
fivb_vis:2109,3,24,26
fivb_vis:2109,4,25,23
fivb_vis:2109,5,12,15
fivb_vis:2110,1,9,25
fivb_vis:2110,2,11,25
fivb_vis:2110,3,14,25
fivb_vis:2111,1,19,25
fivb_vis:2111,2,21,25
fivb_vis:2111,3,25,19
fivb_vis:2111,4,20,25
fivb_vis:2112,1,25,18
fivb_vis:2112,2,25,21
fivb_vis:2112,3,25,19
fivb_vis:2113,1,25,19
fivb_vis:2113,2,25,17
fivb_vis:2113,3,25,23
fivb_vis:2114,1,17,25
fivb_vis:2114,2,13,25
fivb_vis:2114,3,16,25
fivb_vis:2115,1,17,25
fivb_vis:2115,2,23,25
fivb_vis:2115,3,20,25
fivb_vis:2116,1,19,25
fivb_vis:2116,2,22,25
fivb_vis:2116,3,29,27
fivb_vis:2116,4,25,20
fivb_vis:2116,5,7,15
fivb_vis:2117,1,11,25
fivb_vis:2117,2,13,25
fivb_vis:2117,3,8,25
fivb_vis:2118,1,25,22
fivb_vis:2118,2,22,25
fivb_vis:2118,3,25,20
fivb_vis:2118,4,25,23
fivb_vis:2119,1,25,15
fivb_vis:2119,2,25,16
fivb_vis:2119,3,25,14
fivb_vis:2120,1,26,24
fivb_vis:2120,2,16,25
fivb_vis:2120,3,29,27
fivb_vis:2120,4,24,26
fivb_vis:2120,5,15,10
fivb_vis:2121,1,25,17
fivb_vis:2121,2,20,25
fivb_vis:2121,3,25,11
fivb_vis:2121,4,25,14
fivb_vis:2122,1,25,15
fivb_vis:2122,2,25,17
fivb_vis:2122,3,25,10
fivb_vis:2123,1,25,21
fivb_vis:2123,2,21,25
fivb_vis:2123,3,21,25
fivb_vis:2123,4,14,25
fivb_vis:2125,1,20,25
fivb_vis:2125,2,10,25
fivb_vis:2125,3,12,25
fivb_vis:2126,1,25,18
fivb_vis:2126,2,23,25
fivb_vis:2126,3,23,25
fivb_vis:2126,4,25,18
fivb_vis:2126,5,15,9
fivb_vis:2128,1,25,17
fivb_vis:2128,2,25,18
fivb_vis:2128,3,25,11
fivb_vis:2129,1,25,23
fivb_vis:2129,2,25,21
fivb_vis:2129,3,20,25
fivb_vis:2129,4,16,25
fivb_vis:2129,5,23,25
fivb_vis:2130,1,25,9
fivb_vis:2130,2,25,9
fivb_vis:2130,3,25,15
fivb_vis:2131,1,23,25
fivb_vis:2131,2,17,25
fivb_vis:2131,3,14,25
fivb_vis:2132,1,19,25
fivb_vis:2132,2,23,25
fivb_vis:2132,3,25,16
fivb_vis:2132,4,32,30
fivb_vis:2132,5,15,9
fivb_vis:2133,1,19,25
fivb_vis:2133,2,18,25
fivb_vis:2133,3,25,23
fivb_vis:2133,4,23,25
fivb_vis:2134,1,21,25
fivb_vis:2134,2,25,21
fivb_vis:2134,3,21,25
fivb_vis:2134,4,22,25
fivb_vis:2135,1,25,20
fivb_vis:2135,2,23,25
fivb_vis:2135,3,17,25
fivb_vis:2135,4,12,25
fivb_vis:2136,1,25,27
fivb_vis:2136,2,18,25
fivb_vis:2136,3,20,25
fivb_vis:2137,1,25,20
fivb_vis:2137,2,25,19
fivb_vis:2137,3,25,12
fivb_vis:2138,1,23,25
fivb_vis:2138,2,21,25
fivb_vis:2138,3,13,25
fivb_vis:2139,1,20,25
fivb_vis:2139,2,13,25
fivb_vis:2139,3,12,25
fivb_vis:2140,1,30,28
fivb_vis:2140,2,25,17
fivb_vis:2140,3,25,18
fivb_vis:2141,1,25,9
fivb_vis:2141,2,25,13
fivb_vis:2141,3,25,15
fivb_vis:2142,1,27,25
fivb_vis:2142,2,18,25
fivb_vis:2142,3,25,21
fivb_vis:2142,4,19,25
fivb_vis:2142,5,9,15
fivb_vis:2143,1,25,27
fivb_vis:2143,2,25,19
fivb_vis:2143,3,25,21
fivb_vis:2143,4,25,19
fivb_vis:2144,1,25,10
fivb_vis:2144,2,25,18
fivb_vis:2144,3,25,12
fivb_vis:2145,1,13,25
fivb_vis:2145,2,13,25
fivb_vis:2145,3,12,25
fivb_vis:2146,1,25,22
fivb_vis:2146,2,30,28
fivb_vis:2146,3,26,28
fivb_vis:2146,4,25,18
fivb_vis:2147,1,20,25
fivb_vis:2147,2,25,18
fivb_vis:2147,3,25,21
fivb_vis:2147,4,25,23
fivb_vis:2148,1,14,25
fivb_vis:2148,2,10,25
fivb_vis:2148,3,16,25
fivb_vis:2149,1,25,17
fivb_vis:2149,2,20,25
fivb_vis:2149,3,25,18
fivb_vis:2149,4,25,19
fivb_vis:2150,1,25,13
fivb_vis:2150,2,25,14
fivb_vis:2150,3,25,8
fivb_vis:2151,1,14,25
fivb_vis:2151,2,16,25
fivb_vis:2151,3,15,25
fivb_vis:2152,1,18,25
fivb_vis:2152,2,29,27
fivb_vis:2152,3,18,25
fivb_vis:2152,4,25,22
fivb_vis:2152,5,13,15
fivb_vis:2153,1,25,27
fivb_vis:2153,2,22,25
fivb_vis:2153,3,15,25
fivb_vis:2154,1,22,25
fivb_vis:2154,2,25,16
fivb_vis:2154,3,17,25
fivb_vis:2154,4,25,16
fivb_vis:2154,5,15,10
fivb_vis:2155,1,17,25
fivb_vis:2155,2,7,25
fivb_vis:2155,3,10,25
fivb_vis:2156,1,23,25
fivb_vis:2156,2,19,25
fivb_vis:2156,3,22,25
fivb_vis:2157,1,19,25
fivb_vis:2157,2,22,25
fivb_vis:2157,3,13,25
fivb_vis:2158,1,25,22
fivb_vis:2158,2,23,25
fivb_vis:2158,3,22,25
fivb_vis:2158,4,22,25
fivb_vis:2159,1,17,25
fivb_vis:2159,2,16,25
fivb_vis:2159,3,25,21
fivb_vis:2159,4,17,25
fivb_vis:2160,1,25,16
fivb_vis:2160,2,25,10
fivb_vis:2160,3,25,20
fivb_vis:2161,1,25,23
fivb_vis:2161,2,21,25
fivb_vis:2161,3,23,25
fivb_vis:2161,4,25,23
fivb_vis:2161,5,14,16
fivb_vis:2162,1,20,25
fivb_vis:2162,2,25,23
fivb_vis:2162,3,25,22
fivb_vis:2162,4,25,17
fivb_vis:2163,1,19,25
fivb_vis:2163,2,21,25
fivb_vis:2163,3,23,25
fivb_vis:2164,1,18,25
fivb_vis:2164,2,19,25
fivb_vis:2164,3,13,25
fivb_vis:2165,1,15,25
fivb_vis:2165,2,22,25
fivb_vis:2165,3,14,25
fivb_vis:2166,1,30,28
fivb_vis:2166,2,22,25
fivb_vis:2166,3,25,21
fivb_vis:2166,4,25,17
fivb_vis:2167,1,21,25
fivb_vis:2167,2,20,25
fivb_vis:2167,3,14,25
fivb_vis:2168,1,25,17
fivb_vis:2168,2,25,18
fivb_vis:2168,3,25,16
fivb_vis:2169,1,25,23
fivb_vis:2169,2,25,22
fivb_vis:2169,3,25,22
fivb_vis:2170,1,26,24
fivb_vis:2170,2,25,20
fivb_vis:2170,3,21,25
fivb_vis:2170,4,16,25
fivb_vis:2170,5,17,19
fivb_vis:2171,1,25,19
fivb_vis:2171,2,16,25
fivb_vis:2171,3,25,22
fivb_vis:2171,4,25,27
fivb_vis:2171,5,15,13
fivb_vis:2172,1,19,25
fivb_vis:2172,2,14,25
fivb_vis:2172,3,22,25
fivb_vis:2173,1,18,25
fivb_vis:2173,2,22,25
fivb_vis:2173,3,19,25
fivb_vis:2174,1,18,25
fivb_vis:2174,2,22,25
fivb_vis:2174,3,25,18
fivb_vis:2174,4,25,21
fivb_vis:2174,5,15,11
fivb_vis:2175,1,15,25
fivb_vis:2175,2,13,25
fivb_vis:2175,3,14,25
fivb_vis:2176,1,25,20
fivb_vis:2176,2,25,21
fivb_vis:2176,3,25,17
fivb_vis:2177,1,16,25
fivb_vis:2177,2,22,25
fivb_vis:2177,3,15,25
fivb_vis:2178,1,28,26
fivb_vis:2178,2,25,14
fivb_vis:2178,3,25,22
fivb_vis:2179,1,24,26
fivb_vis:2179,2,22,25
fivb_vis:2179,3,24,26
fivb_vis:2180,1,25,14
fivb_vis:2180,2,25,13
fivb_vis:2180,3,25,22
fivb_vis:2181,1,18,25
fivb_vis:2181,2,26,28
fivb_vis:2181,3,23,25
fivb_vis:2182,1,17,25
fivb_vis:2182,2,26,28
fivb_vis:2182,3,23,25
fivb_vis:2183,1,22,25
fivb_vis:2183,2,26,24
fivb_vis:2183,3,25,19
fivb_vis:2183,4,15,25
fivb_vis:2183,5,13,15
fivb_vis:2184,1,29,27
fivb_vis:2184,2,14,25
fivb_vis:2184,3,25,27
fivb_vis:2184,4,22,25
fivb_vis:2185,1,27,25
fivb_vis:2185,2,23,25
fivb_vis:2185,3,25,19
fivb_vis:2185,4,24,26
fivb_vis:2185,5,11,15
fivb_vis:2186,1,25,21
fivb_vis:2186,2,25,17
fivb_vis:2186,3,23,25
fivb_vis:2186,4,22,25
fivb_vis:2186,5,12,15
fivb_vis:2187,1,25,21
fivb_vis:2187,2,25,18
fivb_vis:2187,3,25,18
fivb_vis:2188,1,19,25
fivb_vis:2188,2,16,25
fivb_vis:2188,3,20,25
fivb_vis:2189,1,25,17
fivb_vis:2189,2,25,14
fivb_vis:2189,3,21,25
fivb_vis:2189,4,25,20
fivb_vis:2190,1,24,26
fivb_vis:2190,2,21,25
fivb_vis:2190,3,28,26
fivb_vis:2190,4,20,25
fivb_vis:2191,1,21,25
fivb_vis:2191,2,27,25
fivb_vis:2191,3,21,25
fivb_vis:2191,4,21,25
fivb_vis:2192,1,15,25
fivb_vis:2192,2,20,25
fivb_vis:2192,3,21,25
fivb_vis:2193,1,25,23
fivb_vis:2193,2,16,25
fivb_vis:2193,3,20,25
fivb_vis:2193,4,25,27
fivb_vis:2194,1,25,22
fivb_vis:2194,2,23,25
fivb_vis:2194,3,25,17
fivb_vis:2194,4,25,16
fivb_vis:2195,1,15,25
fivb_vis:2195,2,19,25
fivb_vis:2195,3,15,25
fivb_vis:2196,1,25,19
fivb_vis:2196,2,25,22
fivb_vis:2196,3,25,22
fivb_vis:2197,1,25,22
fivb_vis:2197,2,25,16
fivb_vis:2197,3,25,23
fivb_vis:2198,1,22,25
fivb_vis:2198,2,22,25
fivb_vis:2198,3,21,25
fivb_vis:2199,1,15,25
fivb_vis:2199,2,25,23
fivb_vis:2199,3,25,18
fivb_vis:2199,4,20,25
fivb_vis:2199,5,15,13
fivb_vis:2200,1,24,26
fivb_vis:2200,2,22,25
fivb_vis:2200,3,24,26
fivb_vis:2201,1,25,22
fivb_vis:2201,2,25,16
fivb_vis:2201,3,21,25
fivb_vis:2201,4,25,21
fivb_vis:2202,1,25,19
fivb_vis:2202,2,25,12
fivb_vis:2202,3,23,25
fivb_vis:2202,4,25,14
fivb_vis:2203,1,20,25
fivb_vis:2203,2,25,27
fivb_vis:2203,3,25,19
fivb_vis:2203,4,17,25
fivb_vis:2204,1,25,23
fivb_vis:2204,2,25,27
fivb_vis:2204,3,21,25
fivb_vis:2204,4,20,25
fivb_vis:2205,1,25,20
fivb_vis:2205,2,28,26
fivb_vis:2205,3,14,25
fivb_vis:2205,4,21,25
fivb_vis:2205,5,18,16
fivb_vis:2206,1,20,25
fivb_vis:2206,2,15,25
fivb_vis:2206,3,19,25
fivb_vis:2207,1,20,25
fivb_vis:2207,2,18,25
fivb_vis:2207,3,25,17
fivb_vis:2207,4,24,26
fivb_vis:2208,1,25,20
fivb_vis:2208,2,25,20
fivb_vis:2208,3,25,20
fivb_vis:2209,1,25,23
fivb_vis:2209,2,25,23
fivb_vis:2209,3,25,19
fivb_vis:2210,1,23,25
fivb_vis:2210,2,25,19
fivb_vis:2210,3,25,17
fivb_vis:2210,4,25,23
fivb_vis:2211,1,25,21
fivb_vis:2211,2,33,31
fivb_vis:2211,3,25,21
fivb_vis:2212,1,16,25
fivb_vis:2212,2,23,25
fivb_vis:2212,3,15,25
fivb_vis:2213,1,25,19
fivb_vis:2213,2,15,25
fivb_vis:2213,3,25,22
fivb_vis:2213,4,23,25
fivb_vis:2213,5,15,13
fivb_vis:2214,1,16,25
fivb_vis:2214,2,19,25
fivb_vis:2214,3,16,25
fivb_vis:2215,1,21,25
fivb_vis:2215,2,25,18
fivb_vis:2215,3,16,25
fivb_vis:2215,4,21,25
fivb_vis:2216,1,20,25
fivb_vis:2216,2,22,25
fivb_vis:2216,3,17,25
fivb_vis:2217,1,25,12
fivb_vis:2217,2,25,18
fivb_vis:2217,3,25,18
fivb_vis:2218,1,18,25
fivb_vis:2218,2,25,14
fivb_vis:2218,3,25,19
fivb_vis:2218,4,25,23
fivb_vis:2219,1,25,20
fivb_vis:2219,2,25,19
fivb_vis:2219,3,21,25
fivb_vis:2219,4,25,13
fivb_vis:2220,1,23,25
fivb_vis:2220,2,14,25
fivb_vis:2220,3,18,25
fivb_vis:2221,1,18,25
fivb_vis:2221,2,14,25
fivb_vis:2221,3,25,18
fivb_vis:2221,4,25,22
fivb_vis:2221,5,10,15
fivb_vis:2222,1,18,25
fivb_vis:2222,2,21,25
fivb_vis:2222,3,21,25
fivb_vis:2223,1,30,28
fivb_vis:2223,2,14,25
fivb_vis:2223,3,27,25
fivb_vis:2223,4,21,25
fivb_vis:2223,5,11,15
fivb_vis:2224,1,17,25
fivb_vis:2224,2,25,20
fivb_vis:2224,3,25,19
fivb_vis:2224,4,25,15
fivb_vis:2225,1,13,25
fivb_vis:2225,2,25,18
fivb_vis:2225,3,25,14
fivb_vis:2225,4,25,21
fivb_vis:2226,1,25,22
fivb_vis:2226,2,25,22
fivb_vis:2226,3,25,22
fivb_vis:2227,1,25,19
fivb_vis:2227,2,25,21
fivb_vis:2227,3,19,25
fivb_vis:2227,4,19,25
fivb_vis:2227,5,17,19
fivb_vis:2482,1,25,21
fivb_vis:2482,2,25,17
fivb_vis:2482,3,25,21
fivb_vis:2483,1,25,20
fivb_vis:2483,2,25,16
fivb_vis:2483,3,25,14
fivb_vis:2484,1,25,14
fivb_vis:2484,2,25,21
fivb_vis:2484,3,25,14
fivb_vis:2485,1,25,21
fivb_vis:2485,2,18,25
fivb_vis:2485,3,19,25
fivb_vis:2485,4,25,20
fivb_vis:2485,5,13,15
fivb_vis:2486,1,25,11
fivb_vis:2486,2,25,20
fivb_vis:2486,3,25,22
fivb_vis:2487,1,22,25
fivb_vis:2487,2,22,25
fivb_vis:2487,3,28,26
fivb_vis:2487,4,19,25
fivb_vis:2488,1,23,25
fivb_vis:2488,2,17,25
fivb_vis:2488,3,18,25
fivb_vis:2489,1,22,25
fivb_vis:2489,2,19,25
fivb_vis:2489,3,25,18
fivb_vis:2489,4,25,22
fivb_vis:2489,5,15,11
fivb_vis:2490,1,25,19
fivb_vis:2490,2,22,25
fivb_vis:2490,3,25,21
fivb_vis:2490,4,24,26
fivb_vis:2490,5,15,10
fivb_vis:2491,1,25,14
fivb_vis:2491,2,25,19
fivb_vis:2491,3,25,22
fivb_vis:2492,1,19,25
fivb_vis:2492,2,23,25
fivb_vis:2492,3,19,25
fivb_vis:2493,1,25,12
fivb_vis:2493,2,25,19
fivb_vis:2493,3,17,25
fivb_vis:2493,4,25,15
fivb_vis:2494,1,25,17
fivb_vis:2494,2,25,12
fivb_vis:2494,3,24,26
fivb_vis:2494,4,25,20
fivb_vis:2495,1,22,25
fivb_vis:2495,2,23,25
fivb_vis:2495,3,19,25
fivb_vis:2496,1,30,28
fivb_vis:2496,2,21,25
fivb_vis:2496,3,25,20
fivb_vis:2496,4,25,19
fivb_vis:2497,1,18,25
fivb_vis:2497,2,15,25
fivb_vis:2497,3,15,25
fivb_vis:2498,1,20,25
fivb_vis:2498,2,17,25
fivb_vis:2498,3,23,25
fivb_vis:2499,1,15,25
fivb_vis:2499,2,25,17
fivb_vis:2499,3,26,24
fivb_vis:2499,4,25,23
fivb_vis:2500,1,21,25
fivb_vis:2500,2,21,25
fivb_vis:2500,3,13,25
fivb_vis:2501,1,25,22
fivb_vis:2501,2,25,21
fivb_vis:2501,3,25,13
fivb_vis:2502,1,25,21
fivb_vis:2502,2,19,25
fivb_vis:2502,3,25,18
fivb_vis:2502,4,25,22
fivb_vis:2503,1,25,22
fivb_vis:2503,2,23,25
fivb_vis:2503,3,25,17
fivb_vis:2503,4,28,30
fivb_vis:2503,5,19,17
fivb_vis:2504,1,25,20
fivb_vis:2504,2,25,22
fivb_vis:2504,3,17,25
fivb_vis:2504,4,25,23
fivb_vis:2505,1,25,20
fivb_vis:2505,2,21,25
fivb_vis:2505,3,25,22
fivb_vis:2505,4,22,25
fivb_vis:2505,5,15,13
fivb_vis:2506,1,32,34
fivb_vis:2506,2,23,25
fivb_vis:2506,3,25,19
fivb_vis:2506,4,25,17
fivb_vis:2506,5,15,13
fivb_vis:2507,1,25,21
fivb_vis:2507,2,25,10
fivb_vis:2507,3,21,25
fivb_vis:2507,4,26,28
fivb_vis:2507,5,15,13
fivb_vis:2508,1,25,23
fivb_vis:2508,2,25,22
fivb_vis:2508,3,25,27
fivb_vis:2508,4,25,23
fivb_vis:2509,1,34,32
fivb_vis:2509,2,18,25
fivb_vis:2509,3,23,25
fivb_vis:2509,4,25,21
fivb_vis:2509,5,15,12
fivb_vis:2510,1,25,21
fivb_vis:2510,2,22,25
fivb_vis:2510,3,21,25
fivb_vis:2510,4,19,25
fivb_vis:2511,1,25,21
fivb_vis:2511,2,14,25
fivb_vis:2511,3,21,25
fivb_vis:2511,4,25,23
fivb_vis:2511,5,11,15
fivb_vis:2512,1,25,22
fivb_vis:2512,2,25,20
fivb_vis:2512,3,25,20
fivb_vis:2513,1,22,25
fivb_vis:2513,2,27,25
fivb_vis:2513,3,25,22
fivb_vis:2513,4,25,20
fivb_vis:2514,1,23,25
fivb_vis:2514,2,25,27
fivb_vis:2514,3,30,28
fivb_vis:2514,4,25,27
fivb_vis:2515,1,17,25
fivb_vis:2515,2,20,25
fivb_vis:2515,3,19,25
fivb_vis:2516,1,27,25
fivb_vis:2516,2,25,22
fivb_vis:2516,3,25,20
fivb_vis:2517,1,19,25
fivb_vis:2517,2,18,25
fivb_vis:2517,3,25,21
fivb_vis:2517,4,23,25
fivb_vis:2528,1,22,25
fivb_vis:2528,2,22,25
fivb_vis:2528,3,18,25
fivb_vis:2529,1,25,16
fivb_vis:2529,2,19,25
fivb_vis:2529,3,22,25
fivb_vis:2529,4,19,25
fivb_vis:2530,1,19,25
fivb_vis:2530,2,22,25
fivb_vis:2530,3,22,25
fivb_vis:2531,1,25,21
fivb_vis:2531,2,25,17
fivb_vis:2531,3,25,18
fivb_vis:2532,1,25,16
fivb_vis:2532,2,17,25
fivb_vis:2532,3,23,25
fivb_vis:2532,4,21,25
fivb_vis:2533,1,16,25
fivb_vis:2533,2,20,25
fivb_vis:2533,3,20,25
fivb_vis:2534,1,17,25
fivb_vis:2534,2,22,25
fivb_vis:2534,3,25,21
fivb_vis:2534,4,25,20
fivb_vis:2534,5,15,13
fivb_vis:2535,1,19,25
fivb_vis:2535,2,22,25
fivb_vis:2535,3,23,25
fivb_vis:2536,1,25,22
fivb_vis:2536,2,25,18
fivb_vis:2536,3,25,17
fivb_vis:2537,1,25,21
fivb_vis:2537,2,18,25
fivb_vis:2537,3,21,25
fivb_vis:2537,4,18,25
fivb_vis:2538,1,17,25
fivb_vis:2538,2,25,27
fivb_vis:2538,3,15,25
fivb_vis:2539,1,25,23
fivb_vis:2539,2,14,25
fivb_vis:2539,3,27,25
fivb_vis:2539,4,20,25
fivb_vis:2539,5,7,15
fivb_vis:2540,1,25,23
fivb_vis:2540,2,25,18
fivb_vis:2540,3,25,19
fivb_vis:2541,1,20,25
fivb_vis:2541,2,30,28
fivb_vis:2541,3,16,25
fivb_vis:2541,4,19,25
fivb_vis:2542,1,25,17
fivb_vis:2542,2,25,18
fivb_vis:2542,3,25,17
fivb_vis:2543,1,25,22
fivb_vis:2543,2,25,16
fivb_vis:2543,3,18,25
fivb_vis:2543,4,25,21
fivb_vis:2544,1,25,22
fivb_vis:2544,2,16,25
fivb_vis:2544,3,25,14
fivb_vis:2544,4,25,19
fivb_vis:2545,1,18,25
fivb_vis:2545,2,20,25
fivb_vis:2545,3,20,25
fivb_vis:2550,1,16,25
fivb_vis:2550,2,14,25
fivb_vis:2550,3,23,25
fivb_vis:2551,1,25,15
fivb_vis:2551,2,21,25
fivb_vis:2551,3,25,22
fivb_vis:2551,4,25,18
fivb_vis:2552,1,20,25
fivb_vis:2552,2,25,22
fivb_vis:2552,3,25,23
fivb_vis:2552,4,21,25
fivb_vis:2552,5,8,15
fivb_vis:2553,1,21,25
fivb_vis:2553,2,25,27
fivb_vis:2553,3,28,26
fivb_vis:2553,4,18,25
fivb_vis:2554,1,25,14
fivb_vis:2554,2,23,25
fivb_vis:2554,3,26,28
fivb_vis:2554,4,22,25
fivb_vis:2555,1,26,28
fivb_vis:2555,2,25,16
fivb_vis:2555,3,21,25
fivb_vis:2555,4,25,27
fivb_vis:2556,1,25,23
fivb_vis:2556,2,25,18
fivb_vis:2556,3,25,13
fivb_vis:2557,1,25,22
fivb_vis:2557,2,15,25
fivb_vis:2557,3,25,22
fivb_vis:2557,4,25,22
fivb_vis:2558,1,25,18
fivb_vis:2558,2,25,20
fivb_vis:2558,3,25,27
fivb_vis:2558,4,25,19
fivb_vis:2559,1,22,25
fivb_vis:2559,2,17,25
fivb_vis:2559,3,15,25
fivb_vis:2560,1,25,17
fivb_vis:2560,2,25,20
fivb_vis:2560,3,25,19
fivb_vis:2561,1,25,22
fivb_vis:2561,2,23,25
fivb_vis:2561,3,28,26
fivb_vis:2561,4,28,30
fivb_vis:2561,5,11,15
fivb_vis:2564,1,25,20
fivb_vis:2564,2,26,24
fivb_vis:2564,3,20,25
fivb_vis:2564,4,25,23
fivb_vis:2565,1,23,25
fivb_vis:2565,2,25,19
fivb_vis:2565,3,25,19
fivb_vis:2565,4,26,24
fivb_vis:2566,1,25,22
fivb_vis:2566,2,25,20
fivb_vis:2566,3,25,23
fivb_vis:2567,1,21,25
fivb_vis:2567,2,20,25
fivb_vis:2567,3,16,25
fivb_vis:2568,1,25,22
fivb_vis:2568,2,17,25
fivb_vis:2568,3,29,31
fivb_vis:2568,4,25,22
fivb_vis:2568,5,14,16
fivb_vis:2569,1,15,25
fivb_vis:2569,2,22,25
fivb_vis:2569,3,25,23
fivb_vis:2569,4,17,25
fivb_vis:2570,1,26,24
fivb_vis:2570,2,26,24
fivb_vis:2570,3,25,21
fivb_vis:2571,1,17,25
fivb_vis:2571,2,23,25
fivb_vis:2571,3,25,16
fivb_vis:2571,4,21,25
fivb_vis:2572,1,25,19
fivb_vis:2572,2,25,21
fivb_vis:2572,3,25,19
fivb_vis:2573,1,25,22
fivb_vis:2573,2,18,25
fivb_vis:2573,3,25,21
fivb_vis:2573,4,25,22
fivb_vis:2574,1,25,21
fivb_vis:2574,2,25,20
fivb_vis:2574,3,26,28
fivb_vis:2574,4,25,19
fivb_vis:2575,1,22,25
fivb_vis:2575,2,14,25
fivb_vis:2575,3,22,25
fivb_vis:28138,1,21,25
fivb_vis:28138,2,22,25
fivb_vis:28138,3,25,23
fivb_vis:28138,4,25,18
fivb_vis:28138,5,11,15
fivb_vis:28139,1,25,17
fivb_vis:28139,2,25,20
fivb_vis:28139,3,22,25
fivb_vis:28139,4,30,28
fivb_vis:28140,1,25,16
fivb_vis:28140,2,25,23
fivb_vis:28140,3,25,21
fivb_vis:28141,1,21,25
fivb_vis:28141,2,24,26
fivb_vis:28141,3,26,24
fivb_vis:28141,4,25,18
fivb_vis:28141,5,15,11
fivb_vis:28142,1,29,27
fivb_vis:28142,2,25,19
fivb_vis:28142,3,28,30
fivb_vis:28142,4,22,25
fivb_vis:28142,5,11,15
fivb_vis:28143,1,18,25
fivb_vis:28143,2,23,25
fivb_vis:28143,3,23,25
fivb_vis:28105,1,19,25
fivb_vis:28105,2,10,25
fivb_vis:28105,3,23,25
fivb_vis:28106,1,25,19
fivb_vis:28106,2,25,16
fivb_vis:28106,3,25,12
fivb_vis:28107,1,25,16
fivb_vis:28107,2,25,17
fivb_vis:28107,3,25,18
fivb_vis:28108,1,20,25
fivb_vis:28108,2,25,20
fivb_vis:28108,3,25,13
fivb_vis:28108,4,25,21
fivb_vis:28109,1,25,7
fivb_vis:28109,2,25,21
fivb_vis:28109,3,22,25
fivb_vis:28109,4,25,18
fivb_vis:28110,1,28,26
fivb_vis:28110,2,19,25
fivb_vis:28110,3,21,25
fivb_vis:28110,4,25,19
fivb_vis:28110,5,11,15
fivb_vis:28159,1,25,14
fivb_vis:28159,2,25,16
fivb_vis:28159,3,25,17
fivb_vis:28160,1,25,20
fivb_vis:28160,2,23,25
fivb_vis:28160,3,25,21
fivb_vis:28160,4,25,19
fivb_vis:28161,1,17,25
fivb_vis:28161,2,21,25
fivb_vis:28161,3,23,25
fivb_vis:28162,1,25,19
fivb_vis:28162,2,25,18
fivb_vis:28162,3,25,23
fivb_vis:28163,1,25,23
fivb_vis:28163,2,22,25
fivb_vis:28163,3,25,22
fivb_vis:28163,4,21,25
fivb_vis:28163,5,24,22
fivb_vis:28164,1,23,25
fivb_vis:28164,2,21,25
fivb_vis:28164,3,25,18
fivb_vis:28164,4,25,22
fivb_vis:28164,5,15,12
fivb_vis:28165,1,18,25
fivb_vis:28165,2,16,25
fivb_vis:28165,3,15,25
fivb_vis:28166,1,18,25
fivb_vis:28166,2,18,25
fivb_vis:28166,3,38,40
fivb_vis:28167,1,25,20
fivb_vis:28167,2,25,22
fivb_vis:28167,3,25,15
fivb_vis:28168,1,25,15
fivb_vis:28168,2,25,18
fivb_vis:28168,3,16,25
fivb_vis:28168,4,26,24
fivb_vis:28169,1,25,27
fivb_vis:28169,2,23,25
fivb_vis:28169,3,25,23
fivb_vis:28169,4,25,18
fivb_vis:28169,5,12,15
fivb_vis:28170,1,25,21
fivb_vis:28170,2,25,22
fivb_vis:28170,3,25,20
fivb_vis:28171,1,24,26
fivb_vis:28171,2,22,25
fivb_vis:28171,3,19,25
fivb_vis:28172,1,25,16
fivb_vis:28172,2,25,22
fivb_vis:28172,3,19,25
fivb_vis:28172,4,25,23
fivb_vis:28173,1,38,40
fivb_vis:28173,2,17,25
fivb_vis:28173,3,25,23
fivb_vis:28173,4,22,25
fivb_vis:28144,1,25,9
fivb_vis:28144,2,25,10
fivb_vis:28144,3,25,13
fivb_vis:28145,1,25,10
fivb_vis:28145,2,25,10
fivb_vis:28145,3,25,15
fivb_vis:28146,1,25,17
fivb_vis:28146,2,25,21
fivb_vis:28146,3,25,18
fivb_vis:28147,1,25,12
fivb_vis:28147,2,25,8
fivb_vis:28147,3,25,6
fivb_vis:28148,1,25,17
fivb_vis:28148,2,25,18
fivb_vis:28148,3,16,25
fivb_vis:28148,4,25,21
fivb_vis:28149,1,15,25
fivb_vis:28149,2,16,25
fivb_vis:28149,3,22,25
fivb_vis:28150,1,13,25
fivb_vis:28150,2,9,25
fivb_vis:28150,3,21,25
fivb_vis:28151,1,20,25
fivb_vis:28151,2,25,20
fivb_vis:28151,3,14,25
fivb_vis:28151,4,17,25
fivb_vis:28152,1,26,24
fivb_vis:28152,2,14,25
fivb_vis:28152,3,23,25
fivb_vis:28152,4,26,28
fivb_vis:28153,1,25,14
fivb_vis:28153,2,25,21
fivb_vis:28153,3,25,18
fivb_vis:28154,1,17,25
fivb_vis:28154,2,18,25
fivb_vis:28154,3,21,25
fivb_vis:28155,1,25,20
fivb_vis:28155,2,25,18
fivb_vis:28155,3,25,6
fivb_vis:28156,1,19,25
fivb_vis:28156,2,14,25
fivb_vis:28156,3,14,25
fivb_vis:28157,1,25,13
fivb_vis:28157,2,30,28
fivb_vis:28157,3,25,13
fivb_vis:28158,1,25,16
fivb_vis:28158,2,25,19
fivb_vis:28158,3,25,15
fivb_vis:2580,1,25,16
fivb_vis:2580,2,25,12
fivb_vis:2580,3,25,18
fivb_vis:2581,1,25,15
fivb_vis:2581,2,25,18
fivb_vis:2581,3,25,14
fivb_vis:2582,1,28,26
fivb_vis:2582,2,25,21
fivb_vis:2582,3,20,25
fivb_vis:2582,4,23,25
fivb_vis:2582,5,12,15
fivb_vis:2583,1,25,15
fivb_vis:2583,2,25,16
fivb_vis:2583,3,25,11
fivb_vis:2584,1,24,26
fivb_vis:2584,2,20,25
fivb_vis:2584,3,14,25
fivb_vis:2585,1,20,25
fivb_vis:2585,2,11,25
fivb_vis:2585,3,18,25
fivb_vis:2586,1,25,21
fivb_vis:2586,2,25,14
fivb_vis:2586,3,25,16
fivb_vis:2587,1,23,25
fivb_vis:2587,2,25,17
fivb_vis:2587,3,25,17
fivb_vis:2587,4,25,21
fivb_vis:2588,1,25,23
fivb_vis:2588,2,34,32
fivb_vis:2588,3,25,21
fivb_vis:2589,1,21,25
fivb_vis:2589,2,25,9
fivb_vis:2589,3,25,17
fivb_vis:2589,4,25,11
fivb_vis:2590,1,19,25
fivb_vis:2590,2,19,25
fivb_vis:2590,3,14,25
fivb_vis:2591,1,19,25
fivb_vis:2591,2,25,14
fivb_vis:2591,3,25,20
fivb_vis:2591,4,25,17
fivb_vis:2592,1,25,18
fivb_vis:2592,2,25,21
fivb_vis:2592,3,25,10
fivb_vis:2593,1,19,25
fivb_vis:2593,2,27,25
fivb_vis:2593,3,26,24
fivb_vis:2593,4,25,22
fivb_vis:2594,1,25,15
fivb_vis:2594,2,25,17
fivb_vis:2594,3,22,25
fivb_vis:2594,4,25,14
fivb_vis:2595,1,25,22
fivb_vis:2595,2,22,25
fivb_vis:2595,3,25,23
fivb_vis:2595,4,20,25
fivb_vis:2595,5,9,15
fivb_vis:2596,1,20,25
fivb_vis:2596,2,23,25
fivb_vis:2596,3,19,25
fivb_vis:2597,1,25,18
fivb_vis:2597,2,21,25
fivb_vis:2597,3,23,25
fivb_vis:2597,4,28,26
fivb_vis:2597,5,12,15
fivb_vis:2598,1,25,16
fivb_vis:2598,2,25,13
fivb_vis:2598,3,25,23
fivb_vis:2599,1,25,16
fivb_vis:2599,2,25,18
fivb_vis:2599,3,20,25
fivb_vis:2599,4,25,16
fivb_vis:2600,1,24,26
fivb_vis:2600,2,17,25
fivb_vis:2600,3,23,25
fivb_vis:2601,1,25,27
fivb_vis:2601,2,25,22
fivb_vis:2601,3,25,11
fivb_vis:2601,4,25,17
fivb_vis:2602,1,27,29
fivb_vis:2602,2,23,25
fivb_vis:2602,3,20,25
fivb_vis:2603,1,25,16
fivb_vis:2603,2,25,19
fivb_vis:2603,3,25,10
fivb_vis:2604,1,21,25
fivb_vis:2604,2,25,16
fivb_vis:2604,3,21,25
fivb_vis:2604,4,18,25
fivb_vis:2605,1,25,14
fivb_vis:2605,2,25,12
fivb_vis:2605,3,25,15
fivb_vis:2606,1,18,25
fivb_vis:2606,2,7,25
fivb_vis:2606,3,14,25
fivb_vis:2607,1,14,25
fivb_vis:2607,2,14,25
fivb_vis:2607,3,17,25
fivb_vis:2608,1,25,9
fivb_vis:2608,2,25,7
fivb_vis:2608,3,25,21
fivb_vis:2609,1,25,19
fivb_vis:2609,2,25,18
fivb_vis:2609,3,25,14
fivb_vis:2610,1,25,20
fivb_vis:2610,2,15,25
fivb_vis:2610,3,25,27
fivb_vis:2610,4,25,23
fivb_vis:2610,5,10,15
fivb_vis:2611,1,15,25
fivb_vis:2611,2,14,25
fivb_vis:2611,3,17,25
fivb_vis:2612,1,23,25
fivb_vis:2612,2,24,26
fivb_vis:2612,3,17,25
fivb_vis:2613,1,25,20
fivb_vis:2613,2,25,14
fivb_vis:2613,3,23,25
fivb_vis:2613,4,23,25
fivb_vis:2613,5,17,15
fivb_vis:2614,1,13,25
fivb_vis:2614,2,16,25
fivb_vis:2614,3,21,25
fivb_vis:2615,1,25,22
fivb_vis:2615,2,25,23
fivb_vis:2615,3,25,23
fivb_vis:2616,1,25,15
fivb_vis:2616,2,25,12
fivb_vis:2616,3,25,21
fivb_vis:2617,1,25,10
fivb_vis:2617,2,25,15
fivb_vis:2617,3,25,16
fivb_vis:2618,1,9,25
fivb_vis:2618,2,13,25
fivb_vis:2618,3,8,25
fivb_vis:2619,1,25,20
fivb_vis:2619,2,25,18
fivb_vis:2619,3,25,20
fivb_vis:2620,1,25,8
fivb_vis:2620,2,25,14
fivb_vis:2620,3,25,11
fivb_vis:2621,1,25,27
fivb_vis:2621,2,27,29
fivb_vis:2621,3,25,23
fivb_vis:2621,4,25,22
fivb_vis:2621,5,17,15
fivb_vis:2622,1,24,26
fivb_vis:2622,2,18,25
fivb_vis:2622,3,21,25
fivb_vis:2623,1,19,25
fivb_vis:2623,2,27,29
fivb_vis:2623,3,25,27
fivb_vis:2624,1,25,17
fivb_vis:2624,2,25,19
fivb_vis:2624,3,25,19
fivb_vis:2625,1,19,25
fivb_vis:2625,2,20,25
fivb_vis:2625,3,25,14
fivb_vis:2625,4,25,17
fivb_vis:2625,5,15,8
fivb_vis:2626,1,25,18
fivb_vis:2626,2,25,17
fivb_vis:2626,3,19,25
fivb_vis:2626,4,25,22
fivb_vis:2627,1,12,25
fivb_vis:2627,2,21,25
fivb_vis:2627,3,14,25
fivb_vis:2628,1,25,18
fivb_vis:2628,2,25,18
fivb_vis:2628,3,32,34
fivb_vis:2628,4,25,19
fivb_vis:2629,1,17,25
fivb_vis:2629,2,16,25
fivb_vis:2629,3,12,25
fivb_vis:2630,1,28,26
fivb_vis:2630,2,29,27
fivb_vis:2630,3,18,25
fivb_vis:2630,4,27,25
fivb_vis:2631,1,12,25
fivb_vis:2631,2,13,25
fivb_vis:2631,3,16,25
fivb_vis:2632,1,20,25
fivb_vis:2632,2,15,25
fivb_vis:2632,3,20,25
fivb_vis:2633,1,16,25
fivb_vis:2633,2,19,25
fivb_vis:2633,3,7,25
fivb_vis:2634,1,19,25
fivb_vis:2634,2,17,25
fivb_vis:2634,3,18,25
fivb_vis:2635,1,25,14
fivb_vis:2635,2,25,15
fivb_vis:2635,3,25,10
fivb_vis:2636,1,28,30
fivb_vis:2636,2,23,25
fivb_vis:2636,3,25,22
fivb_vis:2636,4,23,25
fivb_vis:2637,1,25,21
fivb_vis:2637,2,26,28
fivb_vis:2637,3,11,25
fivb_vis:2637,4,20,25
fivb_vis:2638,1,16,25
fivb_vis:2638,2,25,21
fivb_vis:2638,3,25,21
fivb_vis:2638,4,19,25
fivb_vis:2638,5,15,13
fivb_vis:2639,1,22,25
fivb_vis:2639,2,17,25
fivb_vis:2639,3,19,25
fivb_vis:2641,1,15,25
fivb_vis:2641,2,15,25
fivb_vis:2641,3,20,25
fivb_vis:2642,1,12,25
fivb_vis:2642,2,25,17
fivb_vis:2642,3,25,18
fivb_vis:2642,4,22,25
fivb_vis:2642,5,17,15
fivb_vis:2643,1,19,25
fivb_vis:2643,2,16,25
fivb_vis:2643,3,20,25
fivb_vis:2644,1,23,25
fivb_vis:2644,2,23,25
fivb_vis:2644,3,29,27
fivb_vis:2644,4,12,25
fivb_vis:2645,1,25,19
fivb_vis:2645,2,25,19
fivb_vis:2645,3,25,16
fivb_vis:2646,1,25,12
fivb_vis:2646,2,22,25
fivb_vis:2646,3,25,12
fivb_vis:2646,4,25,20
fivb_vis:2647,1,22,25
fivb_vis:2647,2,32,30
fivb_vis:2647,3,25,8
fivb_vis:2647,4,25,15
fivb_vis:2648,1,20,25
fivb_vis:2648,2,20,25
fivb_vis:2648,3,13,25
fivb_vis:2649,1,26,24
fivb_vis:2649,2,15,25
fivb_vis:2649,3,18,25
fivb_vis:2649,4,23,25
fivb_vis:2650,1,17,25
fivb_vis:2650,2,21,25
fivb_vis:2650,3,31,33
fivb_vis:2651,1,21,25
fivb_vis:2651,2,25,20
fivb_vis:2651,3,25,22
fivb_vis:2651,4,25,22
fivb_vis:2652,1,25,19
fivb_vis:2652,2,23,25
fivb_vis:2652,3,25,19
fivb_vis:2652,4,25,13
fivb_vis:2653,1,23,25
fivb_vis:2653,2,25,20
fivb_vis:2653,3,25,13
fivb_vis:2653,4,25,18
fivb_vis:2654,1,15,25
fivb_vis:2654,2,23,25
fivb_vis:2654,3,25,15
fivb_vis:2654,4,24,26
fivb_vis:2655,1,25,16
fivb_vis:2655,2,24,26
fivb_vis:2655,3,27,25
fivb_vis:2655,4,27,25
fivb_vis:2656,1,8,25
fivb_vis:2656,2,17,25
fivb_vis:2656,3,16,25
fivb_vis:2657,1,15,25
fivb_vis:2657,2,18,25
fivb_vis:2657,3,20,25
fivb_vis:2658,1,21,25
fivb_vis:2658,2,23,25
fivb_vis:2658,3,18,25
fivb_vis:2659,1,19,25
fivb_vis:2659,2,8,25
fivb_vis:2659,3,12,25
fivb_vis:2660,1,25,22
fivb_vis:2660,2,25,17
fivb_vis:2660,3,25,19
fivb_vis:2661,1,25,16
fivb_vis:2661,2,25,13
fivb_vis:2661,3,25,21
fivb_vis:2662,1,17,25
fivb_vis:2662,2,22,25
fivb_vis:2662,3,18,25
fivb_vis:2663,1,25,13
fivb_vis:2663,2,25,12
fivb_vis:2663,3,25,19
fivb_vis:2664,1,22,25
fivb_vis:2664,2,30,28
fivb_vis:2664,3,22,25
fivb_vis:2664,4,23,25
fivb_vis:2665,1,17,25
fivb_vis:2665,2,22,25
fivb_vis:2665,3,21,25
fivb_vis:2666,1,25,23
fivb_vis:2666,2,24,26
fivb_vis:2666,3,27,25
fivb_vis:2666,4,25,22
fivb_vis:2667,1,25,17
fivb_vis:2667,2,25,22
fivb_vis:2667,3,25,16
fivb_vis:2668,1,21,25
fivb_vis:2668,2,14,25
fivb_vis:2668,3,25,23
fivb_vis:2668,4,13,25
fivb_vis:2669,1,25,19
fivb_vis:2669,2,24,26
fivb_vis:2669,3,25,19
fivb_vis:2669,4,25,23
fivb_vis:2670,1,12,25
fivb_vis:2670,2,14,25
fivb_vis:2670,3,25,19
fivb_vis:2670,4,25,27
fivb_vis:2671,1,25,16
fivb_vis:2671,2,24,26
fivb_vis:2671,3,25,21
fivb_vis:2671,4,23,25
fivb_vis:2671,5,22,24
fivb_vis:2672,1,25,16
fivb_vis:2672,2,18,25
fivb_vis:2672,3,20,25
fivb_vis:2672,4,23,25
fivb_vis:2673,1,25,16
fivb_vis:2673,2,13,25
fivb_vis:2673,3,25,19
fivb_vis:2673,4,25,21
fivb_vis:2674,1,22,25
fivb_vis:2674,2,33,35
fivb_vis:2674,3,25,22
fivb_vis:2674,4,25,22
fivb_vis:2674,5,15,11
fivb_vis:2675,1,20,25
fivb_vis:2675,2,15,25
fivb_vis:2675,3,22,25
fivb_vis:2676,1,23,25
fivb_vis:2676,2,18,25
fivb_vis:2676,3,25,14
fivb_vis:2676,4,25,20
fivb_vis:2676,5,11,15
fivb_vis:2677,1,24,26
fivb_vis:2677,2,25,22
fivb_vis:2677,3,25,22
fivb_vis:2677,4,19,25
fivb_vis:2677,5,15,9
fivb_vis:2678,1,25,16
fivb_vis:2678,2,22,25
fivb_vis:2678,3,19,25
fivb_vis:2678,4,22,25
fivb_vis:2679,1,25,23
fivb_vis:2679,2,25,21
fivb_vis:2679,3,25,22
fivb_vis:2680,1,32,30
fivb_vis:2680,2,25,23
fivb_vis:2680,3,25,17
fivb_vis:2681,1,25,23
fivb_vis:2681,2,25,20
fivb_vis:2681,3,25,21
fivb_vis:2682,1,25,20
fivb_vis:2682,2,21,25
fivb_vis:2682,3,22,25
fivb_vis:2682,4,23,25
fivb_vis:2683,1,25,18
fivb_vis:2683,2,23,25
fivb_vis:2683,3,25,21
fivb_vis:2683,4,19,25
fivb_vis:2683,5,8,15
fivb_vis:2684,1,21,25
fivb_vis:2684,2,25,17
fivb_vis:2684,3,20,25
fivb_vis:2684,4,25,14
fivb_vis:2684,5,15,11
fivb_vis:28731,1,32,30
fivb_vis:28731,2,25,19
fivb_vis:28731,3,22,25
fivb_vis:28731,4,25,20
fivb_vis:28732,1,14,25
fivb_vis:28732,2,23,25
fivb_vis:28732,3,21,25
fivb_vis:28733,1,25,22
fivb_vis:28733,2,23,25
fivb_vis:28733,3,25,23
fivb_vis:28733,4,25,22
fivb_vis:28734,1,25,19
fivb_vis:28734,2,25,13
fivb_vis:28734,3,25,16
fivb_vis:28735,1,25,22
fivb_vis:28735,2,25,17
fivb_vis:28735,3,32,30
fivb_vis:28736,1,25,22
fivb_vis:28736,2,23,25
fivb_vis:28736,3,25,23
fivb_vis:28736,4,18,25
fivb_vis:28736,5,15,9
fivb_vis:28737,1,20,25
fivb_vis:28737,2,17,25
fivb_vis:28737,3,17,25
fivb_vis:28738,1,17,25
fivb_vis:28738,2,22,25
fivb_vis:28738,3,25,21
fivb_vis:28738,4,25,19
fivb_vis:28738,5,15,11
fivb_vis:28739,1,25,17
fivb_vis:28739,2,17,25
fivb_vis:28739,3,21,25
fivb_vis:28739,4,22,25
fivb_vis:28740,1,21,25
fivb_vis:28740,2,25,21
fivb_vis:28740,3,25,16
fivb_vis:28740,4,23,25
fivb_vis:28740,5,15,11
fivb_vis:28741,1,25,13
fivb_vis:28741,2,25,17
fivb_vis:28741,3,25,17
fivb_vis:28742,1,20,25
fivb_vis:28742,2,25,22
fivb_vis:28742,3,25,18
fivb_vis:28742,4,19,25
fivb_vis:28742,5,15,7
fivb_vis:28751,1,25,6
fivb_vis:28751,2,25,11
fivb_vis:28751,3,25,4
fivb_vis:28752,1,25,21
fivb_vis:28752,2,25,23
fivb_vis:28752,3,25,22
fivb_vis:28753,1,11,25
fivb_vis:28753,2,26,24
fivb_vis:28753,3,15,25
fivb_vis:28753,4,27,25
fivb_vis:28753,5,9,15
fivb_vis:28754,1,25,11
fivb_vis:28754,2,25,11
fivb_vis:28754,3,25,10
fivb_vis:28755,1,25,10
fivb_vis:28755,2,25,6
fivb_vis:28755,3,25,5
fivb_vis:28756,1,25,20
fivb_vis:28756,2,25,15
fivb_vis:28756,3,25,15
fivb_vis:28757,1,25,19
fivb_vis:28757,2,25,20
fivb_vis:28757,3,25,17
fivb_vis:28758,1,25,23
fivb_vis:28758,2,25,17
fivb_vis:28758,3,25,22
fivb_vis:28759,1,25,7
fivb_vis:28759,2,25,11
fivb_vis:28759,3,25,6
fivb_vis:28760,1,25,4
fivb_vis:28760,2,25,10
fivb_vis:28760,3,25,0
fivb_vis:28761,1,25,22
fivb_vis:28761,2,24,26
fivb_vis:28761,3,25,22
fivb_vis:28761,4,23,25
fivb_vis:28761,5,13,15
fivb_vis:28762,1,21,25
fivb_vis:28762,2,25,19
fivb_vis:28762,3,25,21
fivb_vis:28762,4,25,23
fivb_vis:28763,1,26,24
fivb_vis:28763,2,25,15
fivb_vis:28763,3,25,17
fivb_vis:28764,1,25,21
fivb_vis:28764,2,25,19
fivb_vis:28764,3,25,20
fivb_vis:28765,1,7,25
fivb_vis:28765,2,5,25
fivb_vis:28765,3,5,25
fivb_vis:28766,1,19,25
fivb_vis:28766,2,7,25
fivb_vis:28766,3,15,25
fivb_vis:28767,1,25,19
fivb_vis:28767,2,25,13
fivb_vis:28767,3,25,17
fivb_vis:28768,1,19,25
fivb_vis:28768,2,18,25
fivb_vis:28768,3,10,25
fivb_vis:28769,1,14,25
fivb_vis:28769,2,7,25
fivb_vis:28769,3,13,25
fivb_vis:28770,1,25,16
fivb_vis:28770,2,23,25
fivb_vis:28770,3,23,25
fivb_vis:28770,4,25,17
fivb_vis:28770,5,15,11
fivb_vis:28771,1,26,24
fivb_vis:28771,2,25,17
fivb_vis:28771,3,25,18
fivb_vis:28772,1,25,23
fivb_vis:28772,2,25,23
fivb_vis:28772,3,20,25
fivb_vis:28772,4,18,25
fivb_vis:28772,5,15,10
fivb_vis:28803,1,25,16
fivb_vis:28803,2,25,27
fivb_vis:28803,3,19,25
fivb_vis:28803,4,14,25
fivb_vis:28804,1,25,15
fivb_vis:28804,2,25,15
fivb_vis:28804,3,25,18
fivb_vis:28805,1,25,9
fivb_vis:28805,2,25,15
fivb_vis:28805,3,25,12
fivb_vis:28806,1,20,25
fivb_vis:28806,2,25,22
fivb_vis:28806,3,21,25
fivb_vis:28806,4,17,25
fivb_vis:28807,1,22,25
fivb_vis:28807,2,22,25
fivb_vis:28807,3,23,25
fivb_vis:28808,1,25,4
fivb_vis:28808,2,25,6
fivb_vis:28808,3,25,6
fivb_vis:28809,1,25,21
fivb_vis:28809,2,25,18
fivb_vis:28809,3,25,21
fivb_vis:28810,1,25,5
fivb_vis:28810,2,25,8
fivb_vis:28810,3,25,11
fivb_vis:28811,1,33,31
fivb_vis:28811,2,25,19
fivb_vis:28811,3,25,20
fivb_vis:28812,1,25,19
fivb_vis:28812,2,25,12
fivb_vis:28812,3,25,11
fivb_vis:28813,1,25,16
fivb_vis:28813,2,25,18
fivb_vis:28813,3,25,15
fivb_vis:28814,1,25,14
fivb_vis:28814,2,25,23
fivb_vis:28814,3,25,14
fivb_vis:28815,1,25,22
fivb_vis:28815,2,25,16
fivb_vis:28815,3,23,25
fivb_vis:28815,4,25,11
fivb_vis:28816,1,25,4
fivb_vis:28816,2,25,7
fivb_vis:28816,3,25,5
fivb_vis:28817,1,25,23
fivb_vis:28817,2,25,17
fivb_vis:28817,3,25,21
fivb_vis:28818,1,20,25
fivb_vis:28818,2,25,15
fivb_vis:28818,3,25,11
fivb_vis:28818,4,25,18
fivb_vis:28819,1,25,18
fivb_vis:28819,2,25,17
fivb_vis:28819,3,25,21
fivb_vis:28820,1,25,17
fivb_vis:28820,2,25,16
fivb_vis:28820,3,25,7
fivb_vis:28823,1,25,14
fivb_vis:28823,2,25,21
fivb_vis:28823,3,25,13
fivb_vis:28824,1,25,20
fivb_vis:28824,2,25,18
fivb_vis:28824,3,25,21
fivb_vis:29058,1,25,16
fivb_vis:29058,2,25,17
fivb_vis:29058,3,25,16
fivb_vis:29059,1,21,25
fivb_vis:29059,2,15,25
fivb_vis:29059,3,16,25
fivb_vis:29060,1,25,3
fivb_vis:29060,2,25,15
fivb_vis:29060,3,25,15
fivb_vis:29061,1,25,22
fivb_vis:29061,2,25,20
fivb_vis:29061,3,25,16
fivb_vis:29062,1,25,16
fivb_vis:29062,2,25,20
fivb_vis:29062,3,25,14
fivb_vis:29063,1,18,25
fivb_vis:29063,2,25,23
fivb_vis:29063,3,25,20
fivb_vis:29063,4,25,20
fivb_vis:29064,1,25,14
fivb_vis:29064,2,25,9
fivb_vis:29064,3,25,11
fivb_vis:29065,1,17,25
fivb_vis:29065,2,15,25
fivb_vis:29065,3,16,25
fivb_vis:29066,1,25,14
fivb_vis:29066,2,25,13
fivb_vis:29066,3,25,18
fivb_vis:29067,1,25,18
fivb_vis:29067,2,25,13
fivb_vis:29067,3,25,18
fivb_vis:29068,1,25,19
fivb_vis:29068,2,22,25
fivb_vis:29068,3,25,16
fivb_vis:29068,4,25,21
fivb_vis:29069,1,25,12
fivb_vis:29069,2,25,10
fivb_vis:29069,3,25,8
fivb_vis:29070,1,25,21
fivb_vis:29070,2,21,25
fivb_vis:29070,3,25,11
fivb_vis:29070,4,11,25
fivb_vis:29070,5,18,16
fivb_vis:29071,1,25,18
fivb_vis:29071,2,25,17
fivb_vis:29071,3,25,23
fivb_vis:29072,1,14,25
fivb_vis:29072,2,9,25
fivb_vis:29072,3,16,25
fivb_vis:29073,1,6,25
fivb_vis:29073,2,11,25
fivb_vis:29073,3,13,25
fivb_vis:29074,1,17,25
fivb_vis:29074,2,14,25
fivb_vis:29074,3,20,25
fivb_vis:29075,1,25,12
fivb_vis:29075,2,25,16
fivb_vis:29075,3,25,10
fivb_vis:29076,1,20,25
fivb_vis:29076,2,15,25
fivb_vis:29076,3,16,25
fivb_vis:29077,1,20,25
fivb_vis:29077,2,25,18
fivb_vis:29077,3,27,25
fivb_vis:29077,4,18,25
fivb_vis:29077,5,15,12
fivb_vis:29078,1,17,25
fivb_vis:29078,2,10,25
fivb_vis:29078,3,18,25
fivb_vis:4115,1,18,25
fivb_vis:4115,2,20,25
fivb_vis:4115,3,24,26
fivb_vis:4116,1,31,29
fivb_vis:4116,2,25,18
fivb_vis:4116,3,25,17
fivb_vis:4117,1,21,25
fivb_vis:4117,2,22,25
fivb_vis:4117,3,20,25
fivb_vis:4118,1,25,17
fivb_vis:4118,2,25,22
fivb_vis:4118,3,25,21
fivb_vis:4119,1,25,21
fivb_vis:4119,2,20,25
fivb_vis:4119,3,23,25
fivb_vis:4119,4,14,25
fivb_vis:4120,1,25,17
fivb_vis:4120,2,25,21
fivb_vis:4120,3,25,18
fivb_vis:4121,1,25,15
fivb_vis:4121,2,25,21
fivb_vis:4121,3,20,25
fivb_vis:4121,4,25,18
fivb_vis:4122,1,22,25
fivb_vis:4122,2,27,29
fivb_vis:4122,3,25,13
fivb_vis:4122,4,23,25
fivb_vis:4123,1,25,17
fivb_vis:4123,2,21,25
fivb_vis:4123,3,25,17
fivb_vis:4123,4,25,23
fivb_vis:4124,1,25,23
fivb_vis:4124,2,25,16
fivb_vis:4124,3,25,20
fivb_vis:4125,1,15,25
fivb_vis:4125,2,18,25
fivb_vis:4125,3,20,25
fivb_vis:4126,1,25,21
fivb_vis:4126,2,25,23
fivb_vis:4126,3,25,21
fivb_vis:4127,1,25,22
fivb_vis:4127,2,29,27
fivb_vis:4127,3,18,25
fivb_vis:4127,4,20,25
fivb_vis:4127,5,18,20
fivb_vis:4128,1,23,25
fivb_vis:4128,2,21,25
fivb_vis:4128,3,22,25
fivb_vis:4129,1,25,21
fivb_vis:4129,2,25,15
fivb_vis:4129,3,25,23
fivb_vis:4130,1,25,18
fivb_vis:4130,2,25,20
fivb_vis:4130,3,25,16
fivb_vis:4131,1,25,23
fivb_vis:4131,2,25,27
fivb_vis:4131,3,19,25
fivb_vis:4131,4,17,25
fivb_vis:4132,1,19,25
fivb_vis:4132,2,16,25
fivb_vis:4132,3,20,25
fivb_vis:4133,1,25,15
fivb_vis:4133,2,25,16
fivb_vis:4133,3,25,16
fivb_vis:4134,1,16,25
fivb_vis:4134,2,19,25
fivb_vis:4134,3,18,25
fivb_vis:4135,1,25,21
fivb_vis:4135,2,25,18
fivb_vis:4135,3,21,25
fivb_vis:4135,4,14,25
fivb_vis:4135,5,13,15
fivb_vis:4136,1,27,29
fivb_vis:4136,2,19,25
fivb_vis:4136,3,26,24
fivb_vis:4136,4,25,16
fivb_vis:4136,5,15,8
fivb_vis:4137,1,25,18
fivb_vis:4137,2,21,25
fivb_vis:4137,3,25,19
fivb_vis:4137,4,25,20
fivb_vis:4138,1,22,25
fivb_vis:4138,2,25,15
fivb_vis:4138,3,20,25
fivb_vis:4138,4,25,22
fivb_vis:4138,5,15,9
fivb_vis:4139,1,25,21
fivb_vis:4139,2,25,22
fivb_vis:4139,3,18,25
fivb_vis:4139,4,25,22
fivb_vis:4140,1,25,15
fivb_vis:4140,2,25,20
fivb_vis:4140,3,25,17
fivb_vis:4141,1,30,32
fivb_vis:4141,2,20,25
fivb_vis:4141,3,19,25
fivb_vis:4142,1,18,25
fivb_vis:4142,2,18,25
fivb_vis:4142,3,15,25
fivb_vis:4143,1,25,15
fivb_vis:4143,2,25,19
fivb_vis:4143,3,25,19
fivb_vis:4144,1,25,21
fivb_vis:4144,2,25,22
fivb_vis:4144,3,25,19
fivb_vis:4169,1,25,20
fivb_vis:4169,2,25,16
fivb_vis:4169,3,25,14
fivb_vis:4170,1,17,25
fivb_vis:4170,2,23,25
fivb_vis:4170,3,21,25
fivb_vis:4171,1,19,25
fivb_vis:4171,2,17,25
fivb_vis:4171,3,20,25
fivb_vis:4172,1,26,28
fivb_vis:4172,2,20,25
fivb_vis:4172,3,20,25
fivb_vis:4179,1,21,25
fivb_vis:4179,2,15,25
fivb_vis:4179,3,25,23
fivb_vis:4179,4,23,25
fivb_vis:4180,1,25,21
fivb_vis:4180,2,25,12
fivb_vis:4180,3,25,21
fivb_vis:4188,1,19,25
fivb_vis:4188,2,25,23
fivb_vis:4188,3,22,25
fivb_vis:4188,4,20,25
fivb_vis:4189,1,19,25
fivb_vis:4189,2,20,25
fivb_vis:4189,3,29,27
fivb_vis:4189,4,25,22
fivb_vis:4189,5,15,9
fivb_vis:4085,1,15,25
fivb_vis:4085,2,14,25
fivb_vis:4085,3,7,25
fivb_vis:4086,1,16,25
fivb_vis:4086,2,25,18
fivb_vis:4086,3,25,13
fivb_vis:4086,4,25,12
fivb_vis:4087,1,19,25
fivb_vis:4087,2,10,25
fivb_vis:4087,3,16,25
fivb_vis:4088,1,25,17
fivb_vis:4088,2,23,25
fivb_vis:4088,3,25,19
fivb_vis:4088,4,25,15
fivb_vis:4089,1,25,19
fivb_vis:4089,2,25,17
fivb_vis:4089,3,20,25
fivb_vis:4089,4,25,21
fivb_vis:4090,1,25,18
fivb_vis:4090,2,23,25
fivb_vis:4090,3,25,19
fivb_vis:4090,4,25,27
fivb_vis:4090,5,15,12
fivb_vis:4091,1,25,20
fivb_vis:4091,2,25,20
fivb_vis:4091,3,29,31
fivb_vis:4091,4,25,22
fivb_vis:4092,1,12,25
fivb_vis:4092,2,16,25
fivb_vis:4092,3,25,16
fivb_vis:4092,4,21,25
fivb_vis:4093,1,23,25
fivb_vis:4093,2,15,25
fivb_vis:4093,3,26,24
fivb_vis:4093,4,22,25
fivb_vis:4094,1,25,18
fivb_vis:4094,2,25,17
fivb_vis:4094,3,22,25
fivb_vis:4094,4,25,21
fivb_vis:4095,1,25,22
fivb_vis:4095,2,25,21
fivb_vis:4095,3,20,25
fivb_vis:4095,4,25,22
fivb_vis:4096,1,22,25
fivb_vis:4096,2,25,19
fivb_vis:4096,3,23,25
fivb_vis:4096,4,25,19
fivb_vis:4096,5,15,8
fivb_vis:4097,1,20,25
fivb_vis:4097,2,19,25
fivb_vis:4097,3,23,25
fivb_vis:4098,1,7,25
fivb_vis:4098,2,14,25
fivb_vis:4098,3,15,25
fivb_vis:4099,1,20,25
fivb_vis:4099,2,12,25
fivb_vis:4099,3,21,25
fivb_vis:4100,1,25,27
fivb_vis:4100,2,12,25
fivb_vis:4100,3,12,25
fivb_vis:4101,1,26,24
fivb_vis:4101,2,25,16
fivb_vis:4101,3,31,29
fivb_vis:4102,1,23,25
fivb_vis:4102,2,21,25
fivb_vis:4102,3,21,25
fivb_vis:4103,1,25,16
fivb_vis:4103,2,20,25
fivb_vis:4103,3,25,18
fivb_vis:4103,4,28,30
fivb_vis:4103,5,15,10
fivb_vis:4104,1,25,27
fivb_vis:4104,2,17,25
fivb_vis:4104,3,25,20
fivb_vis:4104,4,19,25
fivb_vis:4105,1,25,16
fivb_vis:4105,2,21,25
fivb_vis:4105,3,25,18
fivb_vis:4105,4,19,25
fivb_vis:4105,5,15,12
fivb_vis:4106,1,9,25
fivb_vis:4106,2,18,25
fivb_vis:4106,3,19,25
fivb_vis:4107,1,25,17
fivb_vis:4107,2,25,20
fivb_vis:4107,3,25,16
fivb_vis:4108,1,11,25
fivb_vis:4108,2,12,25
fivb_vis:4108,3,17,25
fivb_vis:4109,1,15,25
fivb_vis:4109,2,16,25
fivb_vis:4109,3,13,25
fivb_vis:4110,1,28,26
fivb_vis:4110,2,22,25
fivb_vis:4110,3,25,19
fivb_vis:4110,4,22,25
fivb_vis:4110,5,15,10
fivb_vis:4111,1,19,25
fivb_vis:4111,2,14,25
fivb_vis:4111,3,12,25
fivb_vis:4112,1,28,26
fivb_vis:4112,2,19,25
fivb_vis:4112,3,25,22
fivb_vis:4112,4,16,25
fivb_vis:4112,5,11,15
fivb_vis:4113,1,27,25
fivb_vis:4113,2,25,16
fivb_vis:4113,3,25,19
fivb_vis:4114,1,25,10
fivb_vis:4114,2,25,22
fivb_vis:4114,3,25,16
fivb_vis:4165,1,26,24
fivb_vis:4165,2,22,25
fivb_vis:4165,3,25,19
fivb_vis:4165,4,22,25
fivb_vis:4165,5,19,21
fivb_vis:4166,1,28,26
fivb_vis:4166,2,23,25
fivb_vis:4166,3,25,23
fivb_vis:4166,4,23,25
fivb_vis:4166,5,18,16
fivb_vis:4167,1,25,18
fivb_vis:4167,2,21,25
fivb_vis:4167,3,20,25
fivb_vis:4167,4,18,25
fivb_vis:4168,1,25,14
fivb_vis:4168,2,25,21
fivb_vis:4168,3,25,22
fivb_vis:4173,1,25,18
fivb_vis:4173,2,25,15
fivb_vis:4173,3,25,18
fivb_vis:4178,1,20,25
fivb_vis:4178,2,22,25
fivb_vis:4178,3,22,25
fivb_vis:4181,1,25,22
fivb_vis:4181,2,26,24
fivb_vis:4181,3,25,21
fivb_vis:4182,1,11,25
fivb_vis:4182,2,25,17
fivb_vis:4182,3,25,20
fivb_vis:4182,4,25,17
fivb_vis:3532,1,25,13
fivb_vis:3532,2,25,14
fivb_vis:3532,3,25,19
fivb_vis:3533,1,25,18
fivb_vis:3533,2,17,25
fivb_vis:3533,3,18,25
fivb_vis:3533,4,22,25
fivb_vis:3534,1,25,20
fivb_vis:3534,2,23,25
fivb_vis:3534,3,25,18
fivb_vis:3534,4,25,15
fivb_vis:3535,1,27,25
fivb_vis:3535,2,25,22
fivb_vis:3535,3,25,22
fivb_vis:3536,1,19,25
fivb_vis:3536,2,14,25
fivb_vis:3536,3,8,25
fivb_vis:3537,1,25,22
fivb_vis:3537,2,17,25
fivb_vis:3537,3,27,25
fivb_vis:3537,4,25,19
fivb_vis:3538,1,7,25
fivb_vis:3538,2,15,25
fivb_vis:3538,3,20,25
fivb_vis:3539,1,25,20
fivb_vis:3539,2,22,25
fivb_vis:3539,3,21,25
fivb_vis:3539,4,25,21
fivb_vis:3539,5,15,12
fivb_vis:3540,1,25,19
fivb_vis:3540,2,25,11
fivb_vis:3540,3,25,20
fivb_vis:3541,1,20,25
fivb_vis:3541,2,16,25
fivb_vis:3541,3,15,25
fivb_vis:3542,1,16,25
fivb_vis:3542,2,25,27
fivb_vis:3542,3,20,25
fivb_vis:3543,1,25,15
fivb_vis:3543,2,25,16
fivb_vis:3543,3,25,9
fivb_vis:3544,1,26,28
fivb_vis:3544,2,13,25
fivb_vis:3544,3,12,25
fivb_vis:3545,1,25,18
fivb_vis:3545,2,25,12
fivb_vis:3545,3,20,25
fivb_vis:3545,4,25,16
fivb_vis:3546,1,20,25
fivb_vis:3546,2,25,19
fivb_vis:3546,3,20,25
fivb_vis:3546,4,25,23
fivb_vis:3546,5,15,13
fivb_vis:3547,1,25,19
fivb_vis:3547,2,22,25
fivb_vis:3547,3,11,25
fivb_vis:3547,4,11,25
fivb_vis:3548,1,21,25
fivb_vis:3548,2,25,23
fivb_vis:3548,3,23,25
fivb_vis:3548,4,21,25
fivb_vis:3549,1,25,10
fivb_vis:3549,2,25,12
fivb_vis:3549,3,25,13
fivb_vis:3550,1,23,25
fivb_vis:3550,2,25,13
fivb_vis:3550,3,25,19
fivb_vis:3550,4,25,18
fivb_vis:3551,1,25,19
fivb_vis:3551,2,25,10
fivb_vis:3551,3,25,19
fivb_vis:3552,1,25,8
fivb_vis:3552,2,25,10
fivb_vis:3552,3,25,17
fivb_vis:3553,1,25,16
fivb_vis:3553,2,25,13
fivb_vis:3553,3,25,21
fivb_vis:3554,1,25,22
fivb_vis:3554,2,18,25
fivb_vis:3554,3,25,18
fivb_vis:3554,4,13,25
fivb_vis:3554,5,8,15
fivb_vis:3555,1,22,25
fivb_vis:3555,2,26,24
fivb_vis:3555,3,23,25
fivb_vis:3555,4,25,23
fivb_vis:3555,5,11,15
fivb_vis:3556,1,10,25
fivb_vis:3556,2,18,25
fivb_vis:3556,3,23,25
fivb_vis:3557,1,14,25
fivb_vis:3557,2,14,25
fivb_vis:3557,3,15,25
fivb_vis:3558,1,20,25
fivb_vis:3558,2,19,25
fivb_vis:3558,3,16,25
fivb_vis:3559,1,21,25
fivb_vis:3559,2,15,25
fivb_vis:3559,3,14,25
fivb_vis:3560,1,21,25
fivb_vis:3560,2,21,25
fivb_vis:3560,3,25,18
fivb_vis:3560,4,25,19
fivb_vis:3560,5,15,12
fivb_vis:3561,1,32,30
fivb_vis:3561,2,25,19
fivb_vis:3561,3,26,24
fivb_vis:3562,1,25,15
fivb_vis:3562,2,25,12
fivb_vis:3562,3,25,17
fivb_vis:3563,1,23,25
fivb_vis:3563,2,27,25
fivb_vis:3563,3,25,21
fivb_vis:3563,4,20,25
fivb_vis:3563,5,15,17
fivb_vis:3564,1,22,25
fivb_vis:3564,2,20,25
fivb_vis:3564,3,21,25
fivb_vis:3565,1,25,18
fivb_vis:3565,2,25,14
fivb_vis:3565,3,26,28
fivb_vis:3565,4,25,19
fivb_vis:3566,1,10,25
fivb_vis:3566,2,8,25
fivb_vis:3566,3,19,25
fivb_vis:3567,1,12,25
fivb_vis:3567,2,15,25
fivb_vis:3567,3,19,25
fivb_vis:3568,1,25,23
fivb_vis:3568,2,25,16
fivb_vis:3568,3,25,22
fivb_vis:3569,1,21,25
fivb_vis:3569,2,25,19
fivb_vis:3569,3,25,23
fivb_vis:3569,4,25,23
fivb_vis:3570,1,25,21
fivb_vis:3570,2,25,18
fivb_vis:3570,3,25,17
fivb_vis:3571,1,30,28
fivb_vis:3571,2,22,25
fivb_vis:3571,3,25,14
fivb_vis:3571,4,18,25
fivb_vis:3571,5,15,12
fivb_vis:3572,1,26,24
fivb_vis:3572,2,25,13
fivb_vis:3572,3,25,16
fivb_vis:3573,1,12,25
fivb_vis:3573,2,12,25
fivb_vis:3573,3,9,25
fivb_vis:3574,1,29,27
fivb_vis:3574,2,25,19
fivb_vis:3574,3,25,20
fivb_vis:3575,1,25,12
fivb_vis:3575,2,25,8
fivb_vis:3575,3,25,16
fivb_vis:3576,1,26,24
fivb_vis:3576,2,25,19
fivb_vis:3576,3,25,23
fivb_vis:3577,1,22,25
fivb_vis:3577,2,17,25
fivb_vis:3577,3,18,25
fivb_vis:3578,1,19,25
fivb_vis:3578,2,25,20
fivb_vis:3578,3,25,16
fivb_vis:3578,4,25,23
fivb_vis:3579,1,21,25
fivb_vis:3579,2,19,25
fivb_vis:3579,3,14,25
fivb_vis:3580,1,21,25
fivb_vis:3580,2,29,31
fivb_vis:3580,3,25,18
fivb_vis:3580,4,25,19
fivb_vis:3580,5,10,15
fivb_vis:3581,1,22,25
fivb_vis:3581,2,22,25
fivb_vis:3581,3,25,21
fivb_vis:3581,4,25,13
fivb_vis:3581,5,15,13
fivb_vis:3582,1,25,11
fivb_vis:3582,2,25,10
fivb_vis:3582,3,25,9
fivb_vis:3583,1,14,25
fivb_vis:3583,2,19,25
fivb_vis:3583,3,25,23
fivb_vis:3583,4,25,22
fivb_vis:3583,5,15,12
fivb_vis:3584,1,17,25
fivb_vis:3584,2,21,25
fivb_vis:3584,3,15,25
fivb_vis:3585,1,20,25
fivb_vis:3585,2,19,25
fivb_vis:3585,3,9,25
fivb_vis:3586,1,25,7
fivb_vis:3586,2,25,15
fivb_vis:3586,3,25,10
fivb_vis:3587,1,23,25
fivb_vis:3587,2,15,25
fivb_vis:3587,3,25,22
fivb_vis:3587,4,21,25
fivb_vis:3588,1,25,20
fivb_vis:3588,2,23,25
fivb_vis:3588,3,25,27
fivb_vis:3588,4,25,17
fivb_vis:3588,5,15,12
fivb_vis:3589,1,25,19
fivb_vis:3589,2,25,17
fivb_vis:3589,3,26,28
fivb_vis:3589,4,21,25
fivb_vis:3589,5,15,12
fivb_vis:3590,1,18,25
fivb_vis:3590,2,8,25
fivb_vis:3590,3,13,25
fivb_vis:3591,1,15,25
fivb_vis:3591,2,18,25
fivb_vis:3591,3,23,25
fivb_vis:3592,1,25,6
fivb_vis:3592,2,25,10
fivb_vis:3592,3,25,17
fivb_vis:3593,1,25,18
fivb_vis:3593,2,25,18
fivb_vis:3593,3,25,21
fivb_vis:3594,1,29,27
fivb_vis:3594,2,25,23
fivb_vis:3594,3,25,18
fivb_vis:3595,1,19,25
fivb_vis:3595,2,14,25
fivb_vis:3595,3,18,25
fivb_vis:3596,1,21,25
fivb_vis:3596,2,10,25
fivb_vis:3596,3,17,25
fivb_vis:3597,1,17,25
fivb_vis:3597,2,26,28
fivb_vis:3597,3,23,25
fivb_vis:3606,1,20,25
fivb_vis:3606,2,13,25
fivb_vis:3606,3,18,25
fivb_vis:3607,1,25,21
fivb_vis:3607,2,25,23
fivb_vis:3607,3,25,16
fivb_vis:3608,1,17,25
fivb_vis:3608,2,25,20
fivb_vis:3608,3,25,23
fivb_vis:3608,4,25,15
fivb_vis:3609,1,14,25
fivb_vis:3609,2,23,25
fivb_vis:3609,3,21,25
fivb_vis:3610,1,25,22
fivb_vis:3610,2,22,25
fivb_vis:3610,3,22,25
fivb_vis:3610,4,21,25
fivb_vis:3611,1,19,25
fivb_vis:3611,2,13,25
fivb_vis:3611,3,19,25
fivb_vis:3612,1,25,17
fivb_vis:3612,2,25,17
fivb_vis:3612,3,25,22
fivb_vis:3613,1,25,21
fivb_vis:3613,2,18,25
fivb_vis:3613,3,19,25
fivb_vis:3613,4,28,30
fivb_vis:3614,1,25,22
fivb_vis:3614,2,21,25
fivb_vis:3614,3,11,25
fivb_vis:3614,4,25,15
fivb_vis:3614,5,15,12
fivb_vis:3615,1,22,25
fivb_vis:3615,2,15,25
fivb_vis:3615,3,20,25
fivb_vis:3616,1,25,17
fivb_vis:3616,2,25,18
fivb_vis:3616,3,16,25
fivb_vis:3616,4,25,16
fivb_vis:3617,1,25,18
fivb_vis:3617,2,25,20
fivb_vis:3617,3,25,18
fivb_vis:3618,1,25,17
fivb_vis:3618,2,18,25
fivb_vis:3618,3,21,25
fivb_vis:3618,4,25,21
fivb_vis:3618,5,15,11
fivb_vis:3619,1,18,25
fivb_vis:3619,2,25,20
fivb_vis:3619,3,25,23
fivb_vis:3619,4,25,22
fivb_vis:3620,1,21,25
fivb_vis:3620,2,23,25
fivb_vis:3620,3,22,25
fivb_vis:3621,1,20,25
fivb_vis:3621,2,20,25
fivb_vis:3621,3,18,25
fivb_vis:3622,1,25,16
fivb_vis:3622,2,20,25
fivb_vis:3622,3,18,25
fivb_vis:3622,4,25,21
fivb_vis:3622,5,22,20
fivb_vis:3623,1,18,25
fivb_vis:3623,2,18,25
fivb_vis:3623,3,24,26
fivb_vis:3624,1,17,25
fivb_vis:3624,2,25,16
fivb_vis:3624,3,25,21
fivb_vis:3624,4,25,17
fivb_vis:3625,1,25,23
fivb_vis:3625,2,26,28
fivb_vis:3625,3,25,8
fivb_vis:3625,4,24,26
fivb_vis:3625,5,11,15
fivb_vis:3626,1,25,21
fivb_vis:3626,2,25,22
fivb_vis:3626,3,18,25
fivb_vis:3626,4,22,25
fivb_vis:3626,5,15,12
fivb_vis:3627,1,19,25
fivb_vis:3627,2,20,25
fivb_vis:3627,3,20,25
fivb_vis:3628,1,25,16
fivb_vis:3628,2,25,19
fivb_vis:3628,3,25,22
fivb_vis:3629,1,25,10
fivb_vis:3629,2,25,18
fivb_vis:3629,3,25,14
fivb_vis:3630,1,15,25
fivb_vis:3630,2,25,21
fivb_vis:3630,3,24,26
fivb_vis:3630,4,25,16
fivb_vis:3630,5,15,12
fivb_vis:3631,1,17,25
fivb_vis:3631,2,25,21
fivb_vis:3631,3,25,22
fivb_vis:3631,4,25,17
fivb_vis:3632,1,25,23
fivb_vis:3632,2,21,25
fivb_vis:3632,3,19,25
fivb_vis:3632,4,18,25
fivb_vis:3633,1,25,18
fivb_vis:3633,2,25,17
fivb_vis:3633,3,23,25
fivb_vis:3633,4,25,9
fivb_vis:3634,1,25,23
fivb_vis:3634,2,10,25
fivb_vis:3634,3,18,25
fivb_vis:3634,4,25,19
fivb_vis:3634,5,8,15
fivb_vis:3635,1,39,41
fivb_vis:3635,2,22,25
fivb_vis:3635,3,25,22
fivb_vis:3635,4,21,25
fivb_vis:3636,1,15,25
fivb_vis:3636,2,25,27
fivb_vis:3636,3,14,25
fivb_vis:3637,1,17,25
fivb_vis:3637,2,25,20
fivb_vis:3637,3,25,21
fivb_vis:3637,4,25,19
fivb_vis:3638,1,27,29
fivb_vis:3638,2,25,17
fivb_vis:3638,3,25,23
fivb_vis:3638,4,25,12
fivb_vis:3639,1,16,25
fivb_vis:3639,2,16,25
fivb_vis:3639,3,15,25
fivb_vis:3640,1,22,25
fivb_vis:3640,2,20,25
fivb_vis:3640,3,21,25
fivb_vis:3641,1,25,21
fivb_vis:3641,2,19,25
fivb_vis:3641,3,25,20
fivb_vis:3641,4,25,17
fivb_vis:3642,1,25,18
fivb_vis:3642,2,25,21
fivb_vis:3642,3,25,15
fivb_vis:3643,1,25,15
fivb_vis:3643,2,25,20
fivb_vis:3643,3,25,18
fivb_vis:3644,1,25,23
fivb_vis:3644,2,25,20
fivb_vis:3644,3,26,24
fivb_vis:3645,1,23,25
fivb_vis:3645,2,22,25
fivb_vis:3645,3,19,25
fivb_vis:3646,1,17,25
fivb_vis:3646,2,25,22
fivb_vis:3646,3,25,23
fivb_vis:3646,4,20,25
fivb_vis:3646,5,15,12
fivb_vis:3647,1,20,25
fivb_vis:3647,2,18,25
fivb_vis:3647,3,25,22
fivb_vis:3647,4,20,25
fivb_vis:3648,1,25,21
fivb_vis:3648,2,26,24
fivb_vis:3648,3,25,21
fivb_vis:3649,1,19,25
fivb_vis:3649,2,19,25
fivb_vis:3649,3,17,25
fivb_vis:3650,1,37,39
fivb_vis:3650,2,16,25
fivb_vis:3650,3,15,25
fivb_vis:3651,1,23,25
fivb_vis:3651,2,27,25
fivb_vis:3651,3,18,25
fivb_vis:3651,4,12,25
fivb_vis:3652,1,36,34
fivb_vis:3652,2,20,25
fivb_vis:3652,3,19,25
fivb_vis:3652,4,20,25
fivb_vis:3653,1,27,25
fivb_vis:3653,2,20,25
fivb_vis:3653,3,25,20
fivb_vis:3653,4,25,22
fivb_vis:3654,1,20,25
fivb_vis:3654,2,18,25
fivb_vis:3654,3,16,25
fivb_vis:3655,1,17,25
fivb_vis:3655,2,20,25
fivb_vis:3655,3,25,23
fivb_vis:3655,4,25,21
fivb_vis:3655,5,15,12
fivb_vis:3656,1,23,25
fivb_vis:3656,2,16,25
fivb_vis:3656,3,23,25
fivb_vis:3657,1,25,20
fivb_vis:3657,2,19,25
fivb_vis:3657,3,25,22
fivb_vis:3657,4,28,26
fivb_vis:3658,1,25,21
fivb_vis:3658,2,18,25
fivb_vis:3658,3,26,28
fivb_vis:3658,4,25,20
fivb_vis:3658,5,15,13
fivb_vis:3659,1,29,27
fivb_vis:3659,2,14,25
fivb_vis:3659,3,17,25
fivb_vis:3659,4,25,20
fivb_vis:3659,5,12,15
fivb_vis:3660,1,29,31
fivb_vis:3660,2,21,25
fivb_vis:3660,3,18,25
fivb_vis:3661,1,25,18
fivb_vis:3661,2,25,21
fivb_vis:3661,3,18,25
fivb_vis:3661,4,19,25
fivb_vis:3661,5,12,15
fivb_vis:3662,1,22,25
fivb_vis:3662,2,24,26
fivb_vis:3662,3,22,25
fivb_vis:3663,1,24,26
fivb_vis:3663,2,25,18
fivb_vis:3663,3,25,19
fivb_vis:3663,4,25,12
fivb_vis:3664,1,25,20
fivb_vis:3664,2,25,21
fivb_vis:3664,3,25,17
fivb_vis:3665,1,20,25
fivb_vis:3665,2,25,14
fivb_vis:3665,3,18,25
fivb_vis:3665,4,25,22
fivb_vis:3665,5,11,15
fivb_vis:3666,1,23,25
fivb_vis:3666,2,25,23
fivb_vis:3666,3,22,25
fivb_vis:3666,4,25,17
fivb_vis:3666,5,15,17
fivb_vis:3667,1,13,25
fivb_vis:3667,2,17,25
fivb_vis:3667,3,25,20
fivb_vis:3667,4,18,25
fivb_vis:3668,1,21,25
fivb_vis:3668,2,19,25
fivb_vis:3668,3,22,25
fivb_vis:3669,1,26,24
fivb_vis:3669,2,23,25
fivb_vis:3669,3,25,23
fivb_vis:3669,4,25,20
fivb_vis:3670,1,25,23
fivb_vis:3670,2,31,29
fivb_vis:3670,3,25,18
fivb_vis:3671,1,25,23
fivb_vis:3671,2,25,17
fivb_vis:3671,3,25,19
fivb_vis:3839,1,19,25
fivb_vis:3839,2,15,25
fivb_vis:3839,3,16,25
fivb_vis:3840,1,19,25
fivb_vis:3840,2,18,25
fivb_vis:3840,3,16,25
fivb_vis:3841,1,25,19
fivb_vis:3841,2,25,23
fivb_vis:3841,3,25,20
fivb_vis:3842,1,25,13
fivb_vis:3842,2,25,21
fivb_vis:3842,3,25,18
fivb_vis:3843,1,19,25
fivb_vis:3843,2,17,25
fivb_vis:3843,3,20,25
fivb_vis:3844,1,19,25
fivb_vis:3844,2,21,25
fivb_vis:3844,3,15,25
fivb_vis:3845,1,25,16
fivb_vis:3845,2,25,23
fivb_vis:3845,3,25,23
fivb_vis:3846,1,25,16
fivb_vis:3846,2,25,13
fivb_vis:3846,3,25,14
fivb_vis:3847,1,19,25
fivb_vis:3847,2,20,25
fivb_vis:3847,3,20,25
fivb_vis:3848,1,19,25
fivb_vis:3848,2,18,25
fivb_vis:3848,3,20,25
fivb_vis:3849,1,25,16
fivb_vis:3849,2,21,25
fivb_vis:3849,3,13,25
fivb_vis:3849,4,20,25
fivb_vis:3850,1,25,17
fivb_vis:3850,2,25,18
fivb_vis:3850,3,25,21
fivb_vis:3851,1,17,25
fivb_vis:3851,2,16,25
fivb_vis:3851,3,9,25
fivb_vis:3852,1,16,25
fivb_vis:3852,2,18,25
fivb_vis:3852,3,20,25
fivb_vis:3853,1,25,21
fivb_vis:3853,2,25,23
fivb_vis:3853,3,25,19
fivb_vis:3854,1,18,25
fivb_vis:3854,2,25,22
fivb_vis:3854,3,17,25
fivb_vis:3854,4,13,25
fivb_vis:3855,1,25,19
fivb_vis:3855,2,25,19
fivb_vis:3855,3,25,20
fivb_vis:3856,1,25,18
fivb_vis:3856,2,25,11
fivb_vis:3856,3,14,25
fivb_vis:3856,4,25,22
fivb_vis:3857,1,25,8
fivb_vis:3857,2,25,12
fivb_vis:3857,3,25,18
fivb_vis:3858,1,25,23
fivb_vis:3858,2,18,25
fivb_vis:3858,3,25,16
fivb_vis:3858,4,23,25
fivb_vis:3858,5,17,15
fivb_vis:3859,1,16,25
fivb_vis:3859,2,18,25
fivb_vis:3859,3,25,22
fivb_vis:3859,4,21,25
fivb_vis:3860,1,25,27
fivb_vis:3860,2,17,25
fivb_vis:3860,3,21,25
fivb_vis:3861,1,18,25
fivb_vis:3861,2,22,25
fivb_vis:3861,3,20,25
fivb_vis:3862,1,22,25
fivb_vis:3862,2,20,25
fivb_vis:3862,3,20,25
fivb_vis:3863,1,23,25
fivb_vis:3863,2,23,25
fivb_vis:3863,3,25,18
fivb_vis:3863,4,21,25
fivb_vis:3864,1,25,14
fivb_vis:3864,2,25,17
fivb_vis:3864,3,25,17
fivb_vis:3865,1,25,11
fivb_vis:3865,2,25,18
fivb_vis:3865,3,25,21
fivb_vis:3866,1,25,18
fivb_vis:3866,2,21,25
fivb_vis:3866,3,25,19
fivb_vis:3866,4,21,25
fivb_vis:3866,5,9,15
fivb_vis:3870,1,25,14
fivb_vis:3870,2,25,22
fivb_vis:3870,3,25,18
fivb_vis:3871,1,23,25
fivb_vis:3871,2,19,25
fivb_vis:3871,3,17,25
fivb_vis:3872,1,25,17
fivb_vis:3872,2,25,18
fivb_vis:3872,3,25,16
fivb_vis:3873,1,19,25
fivb_vis:3873,2,23,25
fivb_vis:3873,3,16,25
fivb_vis:3874,1,25,14
fivb_vis:3874,2,25,19
fivb_vis:3874,3,25,20
fivb_vis:3875,1,25,23
fivb_vis:3875,2,21,25
fivb_vis:3875,3,31,29
fivb_vis:3875,4,15,25
fivb_vis:3875,5,13,15
fivb_vis:3876,1,23,25
fivb_vis:3876,2,22,25
fivb_vis:3876,3,25,17
fivb_vis:3876,4,12,25
fivb_vis:3877,1,25,20
fivb_vis:3877,2,25,20
fivb_vis:3877,3,32,30
fivb_vis:3878,1,20,25
fivb_vis:3878,2,20,25
fivb_vis:3878,3,21,25
fivb_vis:3879,1,25,17
fivb_vis:3879,2,18,25
fivb_vis:3879,3,18,25
fivb_vis:3879,4,23,25
fivb_vis:3880,1,25,15
fivb_vis:3880,2,25,13
fivb_vis:3880,3,25,21
fivb_vis:3881,1,25,22
fivb_vis:3881,2,24,26
fivb_vis:3881,3,25,20
fivb_vis:3881,4,19,25
fivb_vis:3881,5,15,6
fivb_vis:3882,1,24,26
fivb_vis:3882,2,16,25
fivb_vis:3882,3,25,22
fivb_vis:3882,4,20,25
fivb_vis:3883,1,18,25
fivb_vis:3883,2,19,25
fivb_vis:3883,3,18,25
fivb_vis:3884,1,25,27
fivb_vis:3884,2,22,25
fivb_vis:3884,3,15,25
fivb_vis:3885,1,19,25
fivb_vis:3885,2,27,25
fivb_vis:3885,3,18,25
fivb_vis:3885,4,18,25
fivb_vis:3886,1,25,16
fivb_vis:3886,2,25,16
fivb_vis:3886,3,25,20
fivb_vis:3887,1,25,19
fivb_vis:3887,2,25,17
fivb_vis:3887,3,25,18
fivb_vis:3888,1,25,21
fivb_vis:3888,2,22,25
fivb_vis:3888,3,25,20
fivb_vis:3888,4,14,25
fivb_vis:3888,5,15,13
fivb_vis:3889,1,25,22
fivb_vis:3889,2,25,23
fivb_vis:3889,3,25,12
fivb_vis:3890,1,28,30
fivb_vis:3890,2,28,30
fivb_vis:3890,3,22,25
fivb_vis:3891,1,18,25
fivb_vis:3891,2,26,28
fivb_vis:3891,3,25,19
fivb_vis:3891,4,21,25
fivb_vis:3892,1,25,22
fivb_vis:3892,2,25,17
fivb_vis:3892,3,23,25
fivb_vis:3892,4,25,20
fivb_vis:3893,1,22,25
fivb_vis:3893,2,25,21
fivb_vis:3893,3,25,19
fivb_vis:3893,4,25,16
fivb_vis:3894,1,25,14
fivb_vis:3894,2,25,13
fivb_vis:3894,3,25,23
fivb_vis:3895,1,12,25
fivb_vis:3895,2,20,25
fivb_vis:3895,3,13,25
fivb_vis:3896,1,15,25
fivb_vis:3896,2,25,18
fivb_vis:3896,3,19,25
fivb_vis:3896,4,25,16
fivb_vis:3896,5,15,12
fivb_vis:3897,1,22,25
fivb_vis:3897,2,33,35
fivb_vis:3897,3,22,25
fivb_vis:3898,1,22,25
fivb_vis:3898,2,25,18
fivb_vis:3898,3,15,25
fivb_vis:3898,4,21,25
fivb_vis:3899,1,17,25
fivb_vis:3899,2,12,25
fivb_vis:3899,3,21,25
fivb_vis:3900,1,25,13
fivb_vis:3900,2,25,22
fivb_vis:3900,3,26,24
fivb_vis:3901,1,19,25
fivb_vis:3901,2,28,26
fivb_vis:3901,3,23,25
fivb_vis:3901,4,25,27
fivb_vis:3902,1,25,21
fivb_vis:3902,2,20,25
fivb_vis:3902,3,19,25
fivb_vis:3902,4,13,25
fivb_vis:3903,1,25,16
fivb_vis:3903,2,25,18
fivb_vis:3903,3,20,25
fivb_vis:3903,4,25,12
fivb_vis:3904,1,29,27
fivb_vis:3904,2,23,25
fivb_vis:3904,3,23,25
fivb_vis:3904,4,21,25
fivb_vis:3905,1,16,25
fivb_vis:3905,2,19,25
fivb_vis:3905,3,15,25
fivb_vis:3906,1,19,25
fivb_vis:3906,2,13,25
fivb_vis:3906,3,23,25
fivb_vis:3907,1,25,21
fivb_vis:3907,2,25,17
fivb_vis:3907,3,21,25
fivb_vis:3907,4,17,25
fivb_vis:3907,5,20,18
fivb_vis:3908,1,25,12
fivb_vis:3908,2,25,22
fivb_vis:3908,3,25,20
fivb_vis:3909,1,25,22
fivb_vis:3909,2,23,25
fivb_vis:3909,3,25,23
fivb_vis:3909,4,25,21
fivb_vis:3432,1,25,14
fivb_vis:3432,2,25,16
fivb_vis:3432,3,26,24
fivb_vis:3433,1,25,10
fivb_vis:3433,2,25,23
fivb_vis:3433,3,25,14
fivb_vis:3434,1,25,17
fivb_vis:3434,2,25,15
fivb_vis:3434,3,25,19
fivb_vis:3435,1,20,25
fivb_vis:3435,2,21,25
fivb_vis:3435,3,17,25
fivb_vis:3436,1,25,23
fivb_vis:3436,2,25,22
fivb_vis:3436,3,12,25
fivb_vis:3436,4,15,25
fivb_vis:3436,5,11,15
fivb_vis:3437,1,25,23
fivb_vis:3437,2,17,25
fivb_vis:3437,3,26,24
fivb_vis:3437,4,17,25
fivb_vis:3437,5,9,15
fivb_vis:3438,1,23,25
fivb_vis:3438,2,10,25
fivb_vis:3438,3,18,25
fivb_vis:3440,1,25,20
fivb_vis:3440,2,25,23
fivb_vis:3440,3,25,14
fivb_vis:3442,1,25,12
fivb_vis:3442,2,25,10
fivb_vis:3442,3,25,15
fivb_vis:3446,1,13,25
fivb_vis:3446,2,15,25
fivb_vis:3446,3,7,25
fivb_vis:3448,1,14,25
fivb_vis:3448,2,16,25
fivb_vis:3448,3,11,25
fivb_vis:3449,1,25,15
fivb_vis:3449,2,29,27
fivb_vis:3449,3,25,22
fivb_vis:3450,1,16,25
fivb_vis:3450,2,18,25
fivb_vis:3450,3,26,28
fivb_vis:3453,1,25,11
fivb_vis:3453,2,25,8
fivb_vis:3453,3,25,19
fivb_vis:3454,1,20,25
fivb_vis:3454,2,17,25
fivb_vis:3454,3,13,25
fivb_vis:3684,1,25,5
fivb_vis:3684,2,25,5
fivb_vis:3684,3,25,7
fivb_vis:3685,1,25,15
fivb_vis:3685,2,25,7
fivb_vis:3685,3,25,12
fivb_vis:3686,1,25,18
fivb_vis:3686,2,25,14
fivb_vis:3686,3,25,21
fivb_vis:3687,1,25,21
fivb_vis:3687,2,25,23
fivb_vis:3687,3,25,14
fivb_vis:3688,1,25,4
fivb_vis:3688,2,25,6
fivb_vis:3688,3,25,4
fivb_vis:3689,1,25,22
fivb_vis:3689,2,25,15
fivb_vis:3689,3,25,6
fivb_vis:3691,1,25,14
fivb_vis:3691,2,25,19
fivb_vis:3691,3,25,23
fivb_vis:3692,1,25,9
fivb_vis:3692,2,25,10
fivb_vis:3692,3,25,8
fivb_vis:3693,1,25,19
fivb_vis:3693,2,25,22
fivb_vis:3693,3,15,25
fivb_vis:3693,4,25,13
fivb_vis:3694,1,22,25
fivb_vis:3694,2,26,24
fivb_vis:3694,3,25,19
fivb_vis:3694,4,25,19
fivb_vis:3695,1,17,25
fivb_vis:3695,2,14,25
fivb_vis:3695,3,9,25
fivb_vis:3696,1,25,12
fivb_vis:3696,2,25,12
fivb_vis:3696,3,25,9
fivb_vis:3697,1,17,25
fivb_vis:3697,2,18,25
fivb_vis:3697,3,18,25
fivb_vis:3698,1,11,25
fivb_vis:3698,2,9,25
fivb_vis:3698,3,11,25
fivb_vis:3699,1,23,25
fivb_vis:3699,2,25,17
fivb_vis:3699,3,25,19
fivb_vis:3699,4,25,22
fivb_vis:3700,1,25,15
fivb_vis:3700,2,25,18
fivb_vis:3700,3,25,15
fivb_vis:3701,1,13,25
fivb_vis:3701,2,16,25
fivb_vis:3701,3,24,26
fivb_vis:3702,1,10,25
fivb_vis:3702,2,15,25
fivb_vis:3702,3,23,25
fivb_vis:3703,1,15,25
fivb_vis:3703,2,21,25
fivb_vis:3703,3,22,25
fivb_vis:3704,1,25,20
fivb_vis:3704,2,20,25
fivb_vis:3704,3,25,14
fivb_vis:3704,4,23,25
fivb_vis:3704,5,15,11
fivb_vis:3705,1,18,25
fivb_vis:3705,2,23,25
fivb_vis:3705,3,29,27
fivb_vis:3705,4,20,25
fivb_vis:4944,1,25,12
fivb_vis:4944,2,25,10
fivb_vis:4944,3,25,11
fivb_vis:4945,1,25,16
fivb_vis:4945,2,25,12
fivb_vis:4945,3,25,7
fivb_vis:4946,1,25,10
fivb_vis:4946,2,25,10
fivb_vis:4946,3,25,10
fivb_vis:4947,1,25,18
fivb_vis:4947,2,25,14
fivb_vis:4947,3,25,23
fivb_vis:4948,1,25,17
fivb_vis:4948,2,22,25
fivb_vis:4948,3,25,22
fivb_vis:4948,4,25,22
fivb_vis:4949,1,25,19
fivb_vis:4949,2,25,17
fivb_vis:4949,3,25,9
fivb_vis:4950,1,25,10
fivb_vis:4950,2,25,17
fivb_vis:4950,3,25,20
fivb_vis:4951,1,25,19
fivb_vis:4951,2,25,12
fivb_vis:4951,3,25,23
fivb_vis:4952,1,25,22
fivb_vis:4952,2,25,15
fivb_vis:4952,3,25,12
fivb_vis:4953,1,18,25
fivb_vis:4953,2,21,25
fivb_vis:4953,3,23,25
fivb_vis:4954,1,25,17
fivb_vis:4954,2,25,17
fivb_vis:4954,3,25,22
fivb_vis:4955,1,25,21
fivb_vis:4955,2,21,25
fivb_vis:4955,3,23,25
fivb_vis:4955,4,25,16
fivb_vis:4955,5,15,12
fivb_vis:4956,1,17,25
fivb_vis:4956,2,20,25
fivb_vis:4956,3,20,25
fivb_vis:4957,1,25,13
fivb_vis:4957,2,24,26
fivb_vis:4957,3,25,20
fivb_vis:4957,4,25,16
fivb_vis:4958,1,25,14
fivb_vis:4958,2,25,17
fivb_vis:4958,3,25,21
fivb_vis:4959,1,25,23
fivb_vis:4959,2,25,22
fivb_vis:4959,3,26,24
fivb_vis:4960,1,29,27
fivb_vis:4960,2,27,25
fivb_vis:4960,3,20,25
fivb_vis:4960,4,25,27
fivb_vis:4960,5,12,15
fivb_vis:4961,1,25,23
fivb_vis:4961,2,25,20
fivb_vis:4961,3,25,14
fivb_vis:4931,1,25,13
fivb_vis:4931,2,25,6
fivb_vis:4931,3,25,20
fivb_vis:4932,1,25,9
fivb_vis:4932,2,25,15
fivb_vis:4932,3,25,12
fivb_vis:4933,1,25,9
fivb_vis:4933,2,25,12
fivb_vis:4933,3,25,11
fivb_vis:4934,1,25,18
fivb_vis:4934,2,25,23
fivb_vis:4934,3,23,25
fivb_vis:4934,4,21,25
fivb_vis:4934,5,18,16
fivb_vis:4935,1,25,14
fivb_vis:4935,2,25,9
fivb_vis:4935,3,25,14
fivb_vis:4936,1,25,13
fivb_vis:4936,2,25,20
fivb_vis:4936,3,25,13
fivb_vis:4937,1,9,25
fivb_vis:4937,2,13,25
fivb_vis:4937,3,12,25
fivb_vis:4938,1,19,25
fivb_vis:4938,2,28,26
fivb_vis:4938,3,25,23
fivb_vis:4938,4,13,25
fivb_vis:4938,5,15,8
fivb_vis:4939,1,25,16
fivb_vis:4939,2,25,15
fivb_vis:4939,3,25,6
fivb_vis:4940,1,27,25
fivb_vis:4940,2,25,11
fivb_vis:4940,3,25,22
fivb_vis:4941,1,25,22
fivb_vis:4941,2,25,14
fivb_vis:4941,3,25,15
fivb_vis:4942,1,23,25
fivb_vis:4942,2,19,25
fivb_vis:4942,3,22,25
fivb_vis:4943,1,19,25
fivb_vis:4943,2,24,26
fivb_vis:4943,3,25,21
fivb_vis:4943,4,19,25
fivb_vis:419,1,25,16
fivb_vis:419,2,25,20
fivb_vis:419,3,25,18
fivb_vis:420,1,25,18
fivb_vis:420,2,17,25
fivb_vis:420,3,25,20
fivb_vis:420,4,25,19
fivb_vis:421,1,13,25
fivb_vis:421,2,21,25
fivb_vis:421,3,26,28
fivb_vis:428,1,25,14
fivb_vis:428,2,25,18
fivb_vis:428,3,25,21
fivb_vis:429,1,25,10
fivb_vis:429,2,25,13
fivb_vis:429,3,25,15
fivb_vis:430,1,11,25
fivb_vis:430,2,15,25
fivb_vis:430,3,19,25
fivb_vis:432,1,22,25
fivb_vis:432,2,13,25
fivb_vis:432,3,15,25
fivb_vis:433,1,25,19
fivb_vis:433,2,27,25
fivb_vis:433,3,20,25
fivb_vis:433,4,25,22
fivb_vis:434,1,17,25
fivb_vis:434,2,18,25
fivb_vis:434,3,25,22
fivb_vis:434,4,25,19
fivb_vis:434,5,5,15
fivb_vis:435,1,25,21
fivb_vis:435,2,25,11
fivb_vis:435,3,25,10
fivb_vis:436,1,25,15
fivb_vis:436,2,25,23
fivb_vis:436,3,25,14
fivb_vis:437,1,22,25
fivb_vis:437,2,20,25
fivb_vis:437,3,21,25
fivb_vis:438,1,27,25
fivb_vis:438,2,21,25
fivb_vis:438,3,21,25
fivb_vis:438,4,25,27
fivb_vis:439,1,25,21
fivb_vis:439,2,25,22
fivb_vis:439,3,25,21
fivb_vis:440,1,25,21
fivb_vis:440,2,25,17
fivb_vis:440,3,25,17
fivb_vis:441,1,25,21
fivb_vis:441,2,27,25
fivb_vis:441,3,25,17
fivb_vis:442,1,26,24
fivb_vis:442,2,26,24
fivb_vis:442,3,25,20
fivb_vis:443,1,25,21
fivb_vis:443,2,22,25
fivb_vis:443,3,34,32
fivb_vis:443,4,25,21
fivb_vis:444,1,25,15
fivb_vis:444,2,25,23
fivb_vis:444,3,25,21
fivb_vis:445,1,25,22
fivb_vis:445,2,26,24
fivb_vis:445,3,24,26
fivb_vis:445,4,24,26
fivb_vis:445,5,14,16
fivb_vis:446,1,13,25
fivb_vis:446,2,21,25
fivb_vis:446,3,22,25
fivb_vis:447,1,25,11
fivb_vis:447,2,25,11
fivb_vis:447,3,25,12
fivb_vis:448,1,23,25
fivb_vis:448,2,25,20
fivb_vis:448,3,16,25
fivb_vis:448,4,19,25
fivb_vis:449,1,25,16
fivb_vis:449,2,25,19
fivb_vis:449,3,25,13
fivb_vis:450,1,14,25
fivb_vis:450,2,25,23
fivb_vis:450,3,11,25
fivb_vis:450,4,20,25
fivb_vis:451,1,25,13
fivb_vis:451,2,25,12
fivb_vis:451,3,25,16
fivb_vis:452,1,28,30
fivb_vis:452,2,25,13
fivb_vis:452,3,25,21
fivb_vis:452,4,18,25
fivb_vis:452,5,18,16
fivb_vis:453,1,22,25
fivb_vis:453,2,13,25
fivb_vis:453,3,18,25
fivb_vis:454,1,26,24
fivb_vis:454,2,25,19
fivb_vis:454,3,24,26
fivb_vis:454,4,25,23
fivb_vis:455,1,25,18
fivb_vis:455,2,24,26
fivb_vis:455,3,20,25
fivb_vis:455,4,25,20
fivb_vis:455,5,15,13
fivb_vis:456,1,25,16
fivb_vis:456,2,25,18
fivb_vis:456,3,28,26
fivb_vis:457,1,25,18
fivb_vis:457,2,20,25
fivb_vis:457,3,25,23
fivb_vis:457,4,25,19
fivb_vis:458,1,25,20
fivb_vis:458,2,25,22
fivb_vis:458,3,25,18
fivb_vis:459,1,25,23
fivb_vis:459,2,22,25
fivb_vis:459,3,26,24
fivb_vis:459,4,28,30
fivb_vis:459,5,15,11
fivb_vis:460,1,21,25
fivb_vis:460,2,25,19
fivb_vis:460,3,25,21
fivb_vis:460,4,25,19
fivb_vis:461,1,25,19
fivb_vis:461,2,28,30
fivb_vis:461,3,23,25
fivb_vis:461,4,21,25
fivb_vis:462,1,25,18
fivb_vis:462,2,25,19
fivb_vis:462,3,25,13
fivb_vis:463,1,11,25
fivb_vis:463,2,18,25
fivb_vis:463,3,13,25
fivb_vis:464,1,25,23
fivb_vis:464,2,25,20
fivb_vis:464,3,20,25
fivb_vis:464,4,25,21
fivb_vis:465,1,25,16
fivb_vis:465,2,25,23
fivb_vis:465,3,25,22
fivb_vis:466,1,25,20
fivb_vis:466,2,22,25
fivb_vis:466,3,25,27
fivb_vis:466,4,29,27
fivb_vis:466,5,8,15
fivb_vis:467,1,25,22
fivb_vis:467,2,25,18
fivb_vis:467,3,25,17
fivb_vis:468,1,31,29
fivb_vis:468,2,25,18
fivb_vis:468,3,25,11
fivb_vis:469,1,25,18
fivb_vis:469,2,25,12
fivb_vis:469,3,25,17
fivb_vis:470,1,25,17
fivb_vis:470,2,25,21
fivb_vis:470,3,25,13
fivb_vis:471,1,19,25
fivb_vis:471,2,23,25
fivb_vis:471,3,25,22
fivb_vis:471,4,20,25
fivb_vis:472,1,27,29
fivb_vis:472,2,18,25
fivb_vis:472,3,24,26
fivb_vis:3011,1,22,25
fivb_vis:3011,2,23,25
fivb_vis:3011,3,16,25
fivb_vis:3012,1,25,16
fivb_vis:3012,2,17,25
fivb_vis:3012,3,16,25
fivb_vis:3012,4,24,26
fivb_vis:3013,1,15,25
fivb_vis:3013,2,20,25
fivb_vis:3013,3,25,21
fivb_vis:3013,4,23,25
fivb_vis:3046,1,34,32
fivb_vis:3046,2,25,16
fivb_vis:3046,3,25,22
fivb_vis:3047,1,19,25
fivb_vis:3047,2,22,25
fivb_vis:3047,3,12,25
fivb_vis:3048,1,25,19
fivb_vis:3048,2,25,17
fivb_vis:3048,3,25,18
fivb_vis:3049,1,22,25
fivb_vis:3049,2,18,25
fivb_vis:3049,3,18,25
fivb_vis:3050,1,25,23
fivb_vis:3050,2,26,24
fivb_vis:3050,3,25,17
fivb_vis:3051,1,25,23
fivb_vis:3051,2,25,10
fivb_vis:3051,3,27,25
fivb_vis:3052,1,21,25
fivb_vis:3052,2,11,25
fivb_vis:3052,3,14,25
fivb_vis:3053,1,18,25
fivb_vis:3053,2,25,21
fivb_vis:3053,3,22,25
fivb_vis:3053,4,23,25
fivb_vis:473,1,25,15
fivb_vis:473,2,25,22
fivb_vis:473,3,25,19
fivb_vis:474,1,25,15
fivb_vis:474,2,25,23
fivb_vis:474,3,25,18
fivb_vis:475,1,19,25
fivb_vis:475,2,20,25
fivb_vis:475,3,20,25
fivb_vis:476,1,25,16
fivb_vis:476,2,25,16
fivb_vis:476,3,25,16
fivb_vis:477,1,25,22
fivb_vis:477,2,25,20
fivb_vis:477,3,25,19
fivb_vis:478,1,22,25
fivb_vis:478,2,25,17
fivb_vis:478,3,28,30
fivb_vis:478,4,17,25
fivb_vis:3706,1,25,21
fivb_vis:3706,2,25,13
fivb_vis:3706,3,25,15
fivb_vis:3707,1,25,17
fivb_vis:3707,2,25,18
fivb_vis:3707,3,25,20
fivb_vis:3708,1,25,20
fivb_vis:3708,2,25,18
fivb_vis:3708,3,25,18
fivb_vis:3710,1,25,15
fivb_vis:3710,2,25,21
fivb_vis:3710,3,25,15
fivb_vis:3711,1,25,18
fivb_vis:3711,2,19,25
fivb_vis:3711,3,25,21
fivb_vis:3711,4,25,22
fivb_vis:3712,1,25,19
fivb_vis:3712,2,25,20
fivb_vis:3712,3,25,13
fivb_vis:3713,1,25,14
fivb_vis:3713,2,25,9
fivb_vis:3713,3,25,9
fivb_vis:3716,1,18,25
fivb_vis:3716,2,23,25
fivb_vis:3716,3,19,25
fivb_vis:3717,1,21,25
fivb_vis:3717,2,17,25
fivb_vis:3717,3,21,25
fivb_vis:3718,1,25,23
fivb_vis:3718,2,25,19
fivb_vis:3718,3,25,14
fivb_vis:3730,1,21,25
fivb_vis:3730,2,23,25
fivb_vis:3730,3,25,20
fivb_vis:3730,4,19,25
fivb_vis:3827,1,19,25
fivb_vis:3827,2,19,25
fivb_vis:3827,3,16,25
fivb_vis:3828,1,25,21
fivb_vis:3828,2,22,25
fivb_vis:3828,3,27,25
fivb_vis:3828,4,25,19
fivb_vis:3829,1,22,25
fivb_vis:3829,2,25,23
fivb_vis:3829,3,19,25
fivb_vis:3829,4,25,23
fivb_vis:3829,5,15,11
fivb_vis:3830,1,21,25
fivb_vis:3830,2,25,18
fivb_vis:3830,3,25,17
fivb_vis:3830,4,25,16
fivb_vis:3833,1,18,25
fivb_vis:3833,2,23,25
fivb_vis:3833,3,25,15
fivb_vis:3833,4,22,25
fivb_vis:3834,1,25,21
fivb_vis:3834,2,25,16
fivb_vis:3834,3,25,21
fivb_vis:3836,1,26,28
fivb_vis:3836,2,18,25
fivb_vis:3836,3,20,25
fivb_vis:479,1,19,25
fivb_vis:479,2,25,22
fivb_vis:479,3,18,25
fivb_vis:479,4,25,17
fivb_vis:479,5,15,12
fivb_vis:480,1,25,20
fivb_vis:480,2,17,25
fivb_vis:480,3,25,21
fivb_vis:480,4,25,16
fivb_vis:481,1,23,25
fivb_vis:481,2,18,25
fivb_vis:481,3,25,16
fivb_vis:481,4,25,19
fivb_vis:481,5,15,5
fivb_vis:482,1,25,17
fivb_vis:482,2,25,22
fivb_vis:482,3,22,25
fivb_vis:482,4,25,17
fivb_vis:483,1,18,25
fivb_vis:483,2,14,25
fivb_vis:483,3,25,23
fivb_vis:483,4,16,25
fivb_vis:484,1,25,23
fivb_vis:484,2,25,16
fivb_vis:484,3,25,22
fivb_vis:3725,1,25,11
fivb_vis:3725,2,25,6
fivb_vis:3725,3,25,9
fivb_vis:3726,1,25,11
fivb_vis:3726,2,25,18
fivb_vis:3726,3,25,19
fivb_vis:3727,1,11,25
fivb_vis:3727,2,15,25
fivb_vis:3727,3,22,25
fivb_vis:3728,1,17,25
fivb_vis:3728,2,15,25
fivb_vis:3728,3,21,25
fivb_vis:3729,1,25,21
fivb_vis:3729,2,25,14
fivb_vis:3729,3,25,19
fivb_vis:3831,1,25,19
fivb_vis:3831,2,15,25
fivb_vis:3831,3,22,25
fivb_vis:3831,4,25,11
fivb_vis:3831,5,17,15
fivb_vis:3832,1,25,14
fivb_vis:3832,2,25,15
fivb_vis:3832,3,25,23
fivb_vis:3837,1,25,18
fivb_vis:3837,2,20,25
fivb_vis:3837,3,25,20
fivb_vis:3837,4,24,26
fivb_vis:3837,5,13,15
fivb_vis:3838,1,12,25
fivb_vis:3838,2,16,25
fivb_vis:3838,3,9,25
fivb_vis:485,1,14,25
fivb_vis:485,2,25,21
fivb_vis:485,3,22,25
fivb_vis:485,4,14,25
fivb_vis:486,1,26,24
fivb_vis:486,2,19,25
fivb_vis:486,3,25,18
fivb_vis:486,4,22,25
fivb_vis:486,5,11,15
fivb_vis:487,1,25,23
fivb_vis:487,2,13,25
fivb_vis:487,3,25,22
fivb_vis:487,4,25,17
fivb_vis:3867,1,25,14
fivb_vis:3867,2,25,15
fivb_vis:3867,3,25,16
fivb_vis:3985,1,25,22
fivb_vis:3985,2,26,24
fivb_vis:3985,3,26,28
fivb_vis:3985,4,25,22
fivb_vis:488,1,26,24
fivb_vis:488,2,25,21
fivb_vis:488,3,25,23
fivb_vis:489,1,25,12
fivb_vis:489,2,25,19
fivb_vis:489,3,25,18
fivb_vis:4152,1,21,25
fivb_vis:4152,2,15,25
fivb_vis:4152,3,18,25
fivb_vis:4154,1,25,18
fivb_vis:4154,2,25,19
fivb_vis:4154,3,25,12
fivb_vis:4155,1,25,15
fivb_vis:4155,2,25,17
fivb_vis:4155,3,25,21
fivb_vis:4162,1,25,11
fivb_vis:4162,2,25,18
fivb_vis:4162,3,25,12
fivb_vis:4234,1,25,20
fivb_vis:4234,2,25,15
fivb_vis:4234,3,21,25
fivb_vis:4234,4,25,15
fivb_vis:4235,1,25,18
fivb_vis:4235,2,25,14
fivb_vis:4235,3,17,25
fivb_vis:4235,4,22,25
fivb_vis:4235,5,8,15
fivb_vis:4236,1,25,17
fivb_vis:4236,2,25,14
fivb_vis:4236,3,25,13
fivb_vis:3682,1,19,25
fivb_vis:3682,2,25,16
fivb_vis:3682,3,25,20
fivb_vis:3682,4,25,16
fivb_vis:3683,1,27,25
fivb_vis:3683,2,18,25
fivb_vis:3683,3,26,28
fivb_vis:3683,4,17,25
fivb_vis:4305,1,25,16
fivb_vis:4305,2,27,25
fivb_vis:4305,3,25,16
fivb_vis:4306,1,25,15
fivb_vis:4306,2,25,22
fivb_vis:4306,3,25,22
fivb_vis:4307,1,25,18
fivb_vis:4307,2,25,20
fivb_vis:4307,3,25,18
fivb_vis:4308,1,22,25
fivb_vis:4308,2,25,20
fivb_vis:4308,3,25,21
fivb_vis:4308,4,25,21
fivb_vis:4270,1,16,25
fivb_vis:4270,2,23,25
fivb_vis:4270,3,13,25
fivb_vis:4302,1,25,10
fivb_vis:4302,2,25,15
fivb_vis:4302,3,25,7
fivb_vis:4303,1,25,7
fivb_vis:4303,2,25,15
fivb_vis:4303,3,25,14
fivb_vis:4304,1,25,11
fivb_vis:4304,2,25,8
fivb_vis:4304,3,25,6
fivb_vis:497,1,15,25
fivb_vis:497,2,14,25
fivb_vis:497,3,16,25
fivb_vis:498,1,17,25
fivb_vis:498,2,13,25
fivb_vis:498,3,31,33
fivb_vis:500,1,25,14
fivb_vis:500,2,22,25
fivb_vis:500,3,25,16
fivb_vis:500,4,17,25
fivb_vis:500,5,18,16
fivb_vis:501,1,25,22
fivb_vis:501,2,25,21
fivb_vis:501,3,16,25
fivb_vis:501,4,25,23
fivb_vis:502,1,25,14
fivb_vis:502,2,25,15
fivb_vis:502,3,25,18
fivb_vis:503,1,13,25
fivb_vis:503,2,23,25
fivb_vis:503,3,12,25
fivb_vis:504,1,25,18
fivb_vis:504,2,29,27
fivb_vis:504,3,22,25
fivb_vis:504,4,19,25
fivb_vis:504,5,15,11
fivb_vis:505,1,25,27
fivb_vis:505,2,21,25
fivb_vis:505,3,18,25
fivb_vis:506,1,22,25
fivb_vis:506,2,25,14
fivb_vis:506,3,25,21
fivb_vis:506,4,25,20
fivb_vis:507,1,22,25
fivb_vis:507,2,26,28
fivb_vis:507,3,25,15
fivb_vis:507,4,22,25
fivb_vis:508,1,23,25
fivb_vis:508,2,25,21
fivb_vis:508,3,25,19
fivb_vis:508,4,22,25
fivb_vis:508,5,12,15
fivb_vis:509,1,25,16
fivb_vis:509,2,25,21
fivb_vis:509,3,18,25
fivb_vis:509,4,25,21
fivb_vis:510,1,25,20
fivb_vis:510,2,14,25
fivb_vis:510,3,23,25
fivb_vis:510,4,28,26
fivb_vis:510,5,18,16
fivb_vis:511,1,24,26
fivb_vis:511,2,19,25
fivb_vis:511,3,19,25
fivb_vis:512,1,13,25
fivb_vis:512,2,25,21
fivb_vis:512,3,26,24
fivb_vis:512,4,25,22
fivb_vis:513,1,25,23
fivb_vis:513,2,25,21
fivb_vis:513,3,25,19
fivb_vis:514,1,19,25
fivb_vis:514,2,25,16
fivb_vis:514,3,22,25
fivb_vis:514,4,25,17
fivb_vis:514,5,15,13
fivb_vis:515,1,22,25
fivb_vis:515,2,25,23
fivb_vis:515,3,18,25
fivb_vis:515,4,19,25
fivb_vis:516,1,25,18
fivb_vis:516,2,25,13
fivb_vis:516,3,25,13
fivb_vis:517,1,25,22
fivb_vis:517,2,20,25
fivb_vis:517,3,13,25
fivb_vis:517,4,25,13
fivb_vis:517,5,12,15
fivb_vis:518,1,25,21
fivb_vis:518,2,18,25
fivb_vis:518,3,25,20
fivb_vis:518,4,25,22
fivb_vis:519,1,24,26
fivb_vis:519,2,19,25
fivb_vis:519,3,20,25
fivb_vis:520,1,22,25
fivb_vis:520,2,21,25
fivb_vis:520,3,23,25
fivb_vis:521,1,25,19
fivb_vis:521,2,25,22
fivb_vis:521,3,25,22
fivb_vis:522,1,19,25
fivb_vis:522,2,25,18
fivb_vis:522,3,32,30
fivb_vis:522,4,24,26
fivb_vis:522,5,15,13
fivb_vis:523,1,25,12
fivb_vis:523,2,25,23
fivb_vis:523,3,25,18
fivb_vis:524,1,21,25
fivb_vis:524,2,25,20
fivb_vis:524,3,16,25
fivb_vis:524,4,21,25
fivb_vis:7125,1,25,20
fivb_vis:7125,2,25,20
fivb_vis:7125,3,25,15
fivb_vis:7126,1,23,25
fivb_vis:7126,2,25,19
fivb_vis:7126,3,25,14
fivb_vis:7126,4,25,18
fivb_vis:7127,1,25,18
fivb_vis:7127,2,25,20
fivb_vis:7127,3,25,17
fivb_vis:7128,1,23,25
fivb_vis:7128,2,17,25
fivb_vis:7128,3,23,25
fivb_vis:7129,1,25,17
fivb_vis:7129,2,25,19
fivb_vis:7129,3,22,25
fivb_vis:7129,4,25,18
fivb_vis:7130,1,25,23
fivb_vis:7130,2,26,24
fivb_vis:7130,3,25,18
fivb_vis:7131,1,18,25
fivb_vis:7131,2,25,18
fivb_vis:7131,3,18,25
fivb_vis:7131,4,21,25
fivb_vis:7132,1,25,18
fivb_vis:7132,2,25,12
fivb_vis:7132,3,25,22
fivb_vis:7133,1,28,26
fivb_vis:7133,2,20,25
fivb_vis:7133,3,25,23
fivb_vis:7133,4,25,23
fivb_vis:7134,1,25,17
fivb_vis:7134,2,25,23
fivb_vis:7134,3,23,25
fivb_vis:7134,4,20,25
fivb_vis:7134,5,18,16
fivb_vis:7135,1,22,25
fivb_vis:7135,2,15,25
fivb_vis:7135,3,22,25
fivb_vis:7136,1,24,26
fivb_vis:7136,2,25,18
fivb_vis:7136,3,25,22
fivb_vis:7136,4,25,17
fivb_vis:7137,1,25,21
fivb_vis:7137,2,31,29
fivb_vis:7137,3,25,16
fivb_vis:7138,1,25,11
fivb_vis:7138,2,25,17
fivb_vis:7138,3,25,9
fivb_vis:7139,1,25,21
fivb_vis:7139,2,25,19
fivb_vis:7139,3,37,35
fivb_vis:7140,1,19,25
fivb_vis:7140,2,16,25
fivb_vis:7140,3,19,25
fivb_vis:7141,1,25,17
fivb_vis:7141,2,25,13
fivb_vis:7141,3,25,17
fivb_vis:7142,1,20,25
fivb_vis:7142,2,23,25
fivb_vis:7142,3,25,20
fivb_vis:7142,4,20,25
fivb_vis:7143,1,28,26
fivb_vis:7143,2,25,22
fivb_vis:7143,3,25,16
fivb_vis:7144,1,25,16
fivb_vis:7144,2,25,14
fivb_vis:7144,3,25,16
fivb_vis:7145,1,18,25
fivb_vis:7145,2,25,16
fivb_vis:7145,3,18,25
fivb_vis:7145,4,25,22
fivb_vis:7145,5,13,15
fivb_vis:7146,1,25,22
fivb_vis:7146,2,25,22
fivb_vis:7146,3,14,25
fivb_vis:7146,4,25,22
fivb_vis:7147,1,25,20
fivb_vis:7147,2,25,13
fivb_vis:7147,3,25,22
fivb_vis:7148,1,25,23
fivb_vis:7148,2,23,25
fivb_vis:7148,3,22,25
fivb_vis:7148,4,15,25
fivb_vis:7149,1,25,16
fivb_vis:7149,2,25,19
fivb_vis:7149,3,25,20
fivb_vis:7150,1,25,23
fivb_vis:7150,2,25,11
fivb_vis:7150,3,25,19
fivb_vis:7151,1,25,23
fivb_vis:7151,2,25,16
fivb_vis:7151,3,25,20
fivb_vis:7152,1,25,18
fivb_vis:7152,2,25,15
fivb_vis:7152,3,25,17
fivb_vis:7153,1,23,25
fivb_vis:7153,2,17,25
fivb_vis:7153,3,25,16
fivb_vis:7153,4,21,25
fivb_vis:7154,1,25,22
fivb_vis:7154,2,22,25
fivb_vis:7154,3,25,20
fivb_vis:7154,4,25,23
fivb_vis:7155,1,31,29
fivb_vis:7155,2,25,19
fivb_vis:7155,3,25,17
fivb_vis:7156,1,25,23
fivb_vis:7156,2,25,22
fivb_vis:7156,3,25,20
fivb_vis:7157,1,15,25
fivb_vis:7157,2,20,25
fivb_vis:7157,3,18,25
fivb_vis:7158,1,25,22
fivb_vis:7158,2,17,25
fivb_vis:7158,3,25,19
fivb_vis:7158,4,25,23
fivb_vis:7159,1,30,28
fivb_vis:7159,2,26,28
fivb_vis:7159,3,9,25
fivb_vis:7159,4,25,22
fivb_vis:7159,5,15,9
fivb_vis:7160,1,21,25
fivb_vis:7160,2,20,25
fivb_vis:7160,3,17,25
fivb_vis:7161,1,23,25
fivb_vis:7161,2,21,25
fivb_vis:7161,3,25,19
fivb_vis:7161,4,25,19
fivb_vis:7161,5,15,13
fivb_vis:7162,1,22,25
fivb_vis:7162,2,26,28
fivb_vis:7162,3,24,26
fivb_vis:7163,1,25,19
fivb_vis:7163,2,15,25
fivb_vis:7163,3,17,25
fivb_vis:7163,4,21,25
fivb_vis:7164,1,23,25
fivb_vis:7164,2,25,21
fivb_vis:7164,3,25,18
fivb_vis:7164,4,22,25
fivb_vis:7164,5,13,15
fivb_vis:7165,1,25,14
fivb_vis:7165,2,25,21
fivb_vis:7165,3,25,13
fivb_vis:7166,1,25,17
fivb_vis:7166,2,25,22
fivb_vis:7166,3,25,17
fivb_vis:7167,1,25,13
fivb_vis:7167,2,25,10
fivb_vis:7167,3,25,16
fivb_vis:7168,1,27,25
fivb_vis:7168,2,25,20
fivb_vis:7168,3,25,23
fivb_vis:7169,1,25,21
fivb_vis:7169,2,25,21
fivb_vis:7169,3,25,16
fivb_vis:7170,1,25,20
fivb_vis:7170,2,25,15
fivb_vis:7170,3,25,17
fivb_vis:7171,1,18,25
fivb_vis:7171,2,25,18
fivb_vis:7171,3,21,25
fivb_vis:7171,4,25,20
fivb_vis:7171,5,15,8
fivb_vis:7172,1,29,27
fivb_vis:7172,2,25,18
fivb_vis:7172,3,25,20
fivb_vis:7173,1,25,23
fivb_vis:7173,2,23,25
fivb_vis:7173,3,25,23
fivb_vis:7173,4,25,14
fivb_vis:7174,1,25,16
fivb_vis:7174,2,25,19
fivb_vis:7174,3,25,11
fivb_vis:7175,1,25,20
fivb_vis:7175,2,25,17
fivb_vis:7175,3,25,18
fivb_vis:7176,1,21,25
fivb_vis:7176,2,20,25
fivb_vis:7176,3,20,25
fivb_vis:7177,1,25,17
fivb_vis:7177,2,21,25
fivb_vis:7177,3,25,18
fivb_vis:7177,4,25,19
fivb_vis:7178,1,25,19
fivb_vis:7178,2,25,22
fivb_vis:7178,3,25,23
fivb_vis:7179,1,25,18
fivb_vis:7179,2,25,20
fivb_vis:7179,3,25,23
fivb_vis:7180,1,25,18
fivb_vis:7180,2,25,18
fivb_vis:7180,3,25,22
fivb_vis:7181,1,19,25
fivb_vis:7181,2,19,25
fivb_vis:7181,3,22,25
fivb_vis:7182,1,19,25
fivb_vis:7182,2,25,19
fivb_vis:7182,3,26,28
fivb_vis:7182,4,25,21
fivb_vis:7182,5,15,13
fivb_vis:7183,1,25,22
fivb_vis:7183,2,25,22
fivb_vis:7183,3,23,25
fivb_vis:7183,4,25,20
fivb_vis:7184,1,25,14
fivb_vis:7184,2,25,22
fivb_vis:7184,3,25,16
fivb_vis:7185,1,25,14
fivb_vis:7185,2,30,28
fivb_vis:7185,3,25,18
fivb_vis:7186,1,25,17
fivb_vis:7186,2,25,13
fivb_vis:7186,3,27,25
fivb_vis:7187,1,22,25
fivb_vis:7187,2,20,25
fivb_vis:7187,3,25,22
fivb_vis:7187,4,25,18
fivb_vis:7187,5,8,15
fivb_vis:7188,1,25,16
fivb_vis:7188,2,25,22
fivb_vis:7188,3,25,20
fivb_vis:7189,1,25,14
fivb_vis:7189,2,25,13
fivb_vis:7189,3,25,22
fivb_vis:7190,1,22,25
fivb_vis:7190,2,25,17
fivb_vis:7190,3,25,19
fivb_vis:7190,4,25,19
fivb_vis:7191,1,25,23
fivb_vis:7191,2,25,16
fivb_vis:7191,3,26,24
fivb_vis:7192,1,25,23
fivb_vis:7192,2,25,21
fivb_vis:7192,3,25,21
fivb_vis:7193,1,25,15
fivb_vis:7193,2,23,25
fivb_vis:7193,3,22,25
fivb_vis:7193,4,25,22
fivb_vis:7193,5,13,15
fivb_vis:7194,1,19,25
fivb_vis:7194,2,14,25
fivb_vis:7194,3,25,23
fivb_vis:7194,4,20,25
fivb_vis:7195,1,9,25
fivb_vis:7195,2,22,25
fivb_vis:7195,3,21,25
fivb_vis:7196,1,16,25
fivb_vis:7196,2,23,25
fivb_vis:7196,3,22,25
fivb_vis:7197,1,27,25
fivb_vis:7197,2,23,25
fivb_vis:7197,3,29,27
fivb_vis:7197,4,25,23
fivb_vis:7198,1,20,25
fivb_vis:7198,2,25,17
fivb_vis:7198,3,25,21
fivb_vis:7198,4,16,25
fivb_vis:7198,5,15,13
fivb_vis:7199,1,23,25
fivb_vis:7199,2,27,25
fivb_vis:7199,3,22,25
fivb_vis:7199,4,19,25
fivb_vis:7200,1,19,25
fivb_vis:7200,2,25,17
fivb_vis:7200,3,25,22
fivb_vis:7200,4,25,23
fivb_vis:525,1,19,25
fivb_vis:525,2,23,25
fivb_vis:525,3,20,25
fivb_vis:526,1,25,23
fivb_vis:526,2,22,25
fivb_vis:526,3,15,25
fivb_vis:526,4,24,26
fivb_vis:527,1,25,16
fivb_vis:527,2,25,20
fivb_vis:527,3,27,25
fivb_vis:528,1,25,23
fivb_vis:528,2,20,25
fivb_vis:528,3,25,21
fivb_vis:528,4,19,25
fivb_vis:528,5,10,15
fivb_vis:529,1,23,25
fivb_vis:529,2,22,25
fivb_vis:529,3,20,25
fivb_vis:530,1,29,27
fivb_vis:530,2,26,28
fivb_vis:530,3,26,28
fivb_vis:530,4,25,20
fivb_vis:530,5,17,19
fivb_vis:531,1,27,25
fivb_vis:531,2,25,18
fivb_vis:531,3,25,16
fivb_vis:532,1,25,22
fivb_vis:532,2,25,23
fivb_vis:532,3,16,25
fivb_vis:532,4,25,20
fivb_vis:533,1,33,31
fivb_vis:533,2,25,23
fivb_vis:533,3,25,22
fivb_vis:534,1,32,34
fivb_vis:534,2,25,23
fivb_vis:534,3,25,22
fivb_vis:534,4,25,17
fivb_vis:535,1,20,25
fivb_vis:535,2,30,28
fivb_vis:535,3,20,25
fivb_vis:535,4,25,22
fivb_vis:535,5,11,15
fivb_vis:536,1,20,25
fivb_vis:536,2,25,19
fivb_vis:536,3,18,25
fivb_vis:536,4,19,25
fivb_vis:537,1,21,25
fivb_vis:537,2,25,27
fivb_vis:537,3,25,23
fivb_vis:537,4,23,25
fivb_vis:538,1,25,18
fivb_vis:538,2,25,22
fivb_vis:538,3,25,16
fivb_vis:539,1,17,25
fivb_vis:539,2,19,25
fivb_vis:539,3,21,25
fivb_vis:540,1,23,25
fivb_vis:540,2,17,25
fivb_vis:540,3,22,25
fivb_vis:541,1,25,22
fivb_vis:541,2,25,16
fivb_vis:541,3,26,24
fivb_vis:542,1,23,25
fivb_vis:542,2,25,13
fivb_vis:542,3,25,23
fivb_vis:542,4,25,21
fivb_vis:543,1,25,15
fivb_vis:543,2,25,22
fivb_vis:543,3,25,14
fivb_vis:544,1,21,25
fivb_vis:544,2,23,25
fivb_vis:544,3,24,26
fivb_vis:545,1,25,16
fivb_vis:545,2,22,25
fivb_vis:545,3,25,12
fivb_vis:545,4,13,25
fivb_vis:545,5,15,8
fivb_vis:546,1,25,23
fivb_vis:546,2,16,25
fivb_vis:546,3,18,25
fivb_vis:546,4,23,25
fivb_vis:547,1,20,25
fivb_vis:547,2,18,25
fivb_vis:547,3,25,22
fivb_vis:547,4,20,25
fivb_vis:548,1,25,16
fivb_vis:548,2,25,23
fivb_vis:548,3,25,15
fivb_vis:549,1,27,25
fivb_vis:549,2,25,18
fivb_vis:549,3,20,25
fivb_vis:549,4,25,15
fivb_vis:550,1,25,19
fivb_vis:550,2,26,28
fivb_vis:550,3,25,15
fivb_vis:550,4,25,19
fivb_vis:551,1,23,25
fivb_vis:551,2,25,23
fivb_vis:551,3,21,25
fivb_vis:551,4,25,21
fivb_vis:551,5,12,15
fivb_vis:552,1,25,17
fivb_vis:552,2,25,19
fivb_vis:552,3,25,21
fivb_vis:553,1,25,22
fivb_vis:553,2,21,25
fivb_vis:553,3,17,25
fivb_vis:553,4,14,25
fivb_vis:554,1,25,17
fivb_vis:554,2,25,15
fivb_vis:554,3,22,25
fivb_vis:554,4,25,18
fivb_vis:555,1,25,17
fivb_vis:555,2,23,25
fivb_vis:555,3,21,25
fivb_vis:555,4,27,25
fivb_vis:555,5,15,13
fivb_vis:556,1,15,25
fivb_vis:556,2,23,25
fivb_vis:556,3,22,25
fivb_vis:557,1,26,28
fivb_vis:557,2,25,13
fivb_vis:557,3,31,29
fivb_vis:557,4,25,20
fivb_vis:558,1,22,25
fivb_vis:558,2,25,18
fivb_vis:558,3,25,19
fivb_vis:558,4,25,20
fivb_vis:559,1,18,25
fivb_vis:559,2,23,25
fivb_vis:559,3,23,25
fivb_vis:560,1,25,16
fivb_vis:560,2,25,14
fivb_vis:560,3,25,18
fivb_vis:561,1,16,25
fivb_vis:561,2,20,25
fivb_vis:561,3,17,25
fivb_vis:562,1,25,18
fivb_vis:562,2,25,20
fivb_vis:562,3,25,13
fivb_vis:563,1,12,25
fivb_vis:563,2,21,25
fivb_vis:563,3,19,25
fivb_vis:564,1,25,19
fivb_vis:564,2,25,14
fivb_vis:564,3,25,20
fivb_vis:565,1,25,21
fivb_vis:565,2,25,17
fivb_vis:565,3,25,21
fivb_vis:566,1,16,25
fivb_vis:566,2,20,25
fivb_vis:566,3,12,25
fivb_vis:567,1,11,25
fivb_vis:567,2,12,25
fivb_vis:567,3,25,21
fivb_vis:567,4,14,25
fivb_vis:568,1,25,22
fivb_vis:568,2,31,29
fivb_vis:568,3,25,19
fivb_vis:569,1,25,20
fivb_vis:569,2,25,20
fivb_vis:569,3,23,25
fivb_vis:569,4,21,25
fivb_vis:569,5,15,13
fivb_vis:570,1,25,9
fivb_vis:570,2,25,14
fivb_vis:570,3,25,16
fivb_vis:571,1,22,25
fivb_vis:571,2,24,26
fivb_vis:571,3,25,10
fivb_vis:571,4,25,17
fivb_vis:571,5,18,16
fivb_vis:572,1,25,23
fivb_vis:572,2,25,13
fivb_vis:572,3,21,25
fivb_vis:572,4,25,20
fivb_vis:573,1,25,5
fivb_vis:573,2,25,13
fivb_vis:573,3,25,20
fivb_vis:574,1,24,26
fivb_vis:574,2,25,13
fivb_vis:574,3,17,25
fivb_vis:574,4,25,23
fivb_vis:574,5,15,12
fivb_vis:575,1,25,11
fivb_vis:575,2,25,13
fivb_vis:575,3,25,11
fivb_vis:576,1,25,14
fivb_vis:576,2,25,18
fivb_vis:576,3,25,9
fivb_vis:577,1,25,13
fivb_vis:577,2,25,14
fivb_vis:577,3,25,11
fivb_vis:578,1,25,23
fivb_vis:578,2,25,22
fivb_vis:578,3,25,23
fivb_vis:4335,1,11,25
fivb_vis:4335,2,25,18
fivb_vis:4335,3,17,25
fivb_vis:4335,4,13,25
fivb_vis:4336,1,25,12
fivb_vis:4336,2,25,22
fivb_vis:4336,3,25,19
fivb_vis:4337,1,24,26
fivb_vis:4337,2,25,18
fivb_vis:4337,3,26,24
fivb_vis:4337,4,25,17
fivb_vis:4338,1,25,8
fivb_vis:4338,2,25,9
fivb_vis:4338,3,25,9
fivb_vis:4339,1,25,14
fivb_vis:4339,2,25,18
fivb_vis:4339,3,25,15
fivb_vis:4340,1,25,11
fivb_vis:4340,2,25,19
fivb_vis:4340,3,25,11
fivb_vis:4341,1,25,16
fivb_vis:4341,2,25,20
fivb_vis:4341,3,25,18
fivb_vis:4342,1,25,10
fivb_vis:4342,2,25,15
fivb_vis:4342,3,25,11
fivb_vis:4327,1,26,28
fivb_vis:4327,2,25,16
fivb_vis:4327,3,25,20
fivb_vis:4327,4,25,18
fivb_vis:4328,1,25,27
fivb_vis:4328,2,25,18
fivb_vis:4328,3,25,17
fivb_vis:4328,4,25,15
fivb_vis:4329,1,25,22
fivb_vis:4329,2,25,13
fivb_vis:4329,3,25,11
fivb_vis:4330,1,23,25
fivb_vis:4330,2,25,19
fivb_vis:4330,3,22,25
fivb_vis:4330,4,24,26
fivb_vis:4331,1,25,19
fivb_vis:4331,2,18,25
fivb_vis:4331,3,18,25
fivb_vis:4331,4,22,25
fivb_vis:4332,1,25,22
fivb_vis:4332,2,25,23
fivb_vis:4332,3,25,18
fivb_vis:4333,1,25,16
fivb_vis:4333,2,25,22
fivb_vis:4333,3,25,21
fivb_vis:4334,1,27,25
fivb_vis:4334,2,25,13
fivb_vis:4334,3,17,25
fivb_vis:4334,4,25,20
fivb_vis:4456,1,11,25
fivb_vis:4456,2,17,25
fivb_vis:4456,3,16,25
fivb_vis:4457,1,17,25
fivb_vis:4457,2,18,25
fivb_vis:4457,3,23,25
fivb_vis:579,1,16,25
fivb_vis:579,2,13,25
fivb_vis:579,3,17,25
fivb_vis:580,1,25,11
fivb_vis:580,2,25,23
fivb_vis:580,3,25,13
fivb_vis:581,1,24,26
fivb_vis:581,2,23,25
fivb_vis:581,3,21,25
fivb_vis:582,1,27,25
fivb_vis:582,2,21,25
fivb_vis:582,3,25,20
fivb_vis:582,4,25,18
fivb_vis:583,1,30,28
fivb_vis:583,2,25,8
fivb_vis:583,3,25,15
fivb_vis:584,1,25,14
fivb_vis:584,2,22,25
fivb_vis:584,3,15,25
fivb_vis:584,4,25,18
fivb_vis:584,5,15,12
fivb_vis:585,1,25,23
fivb_vis:585,2,23,25
fivb_vis:585,3,16,25
fivb_vis:585,4,26,24
fivb_vis:585,5,17,15
fivb_vis:586,1,25,22
fivb_vis:586,2,23,25
fivb_vis:586,3,19,25
fivb_vis:586,4,22,25
fivb_vis:587,1,25,15
fivb_vis:587,2,25,18
fivb_vis:587,3,12,25
fivb_vis:587,4,25,19
fivb_vis:588,1,25,18
fivb_vis:588,2,25,22
fivb_vis:588,3,25,15
fivb_vis:589,1,25,16
fivb_vis:589,2,18,25
fivb_vis:589,3,22,25
fivb_vis:589,4,17,25
fivb_vis:590,1,25,22
fivb_vis:590,2,25,22
fivb_vis:590,3,22,25
fivb_vis:590,4,18,25
fivb_vis:590,5,11,15
fivb_vis:591,1,25,16
fivb_vis:591,2,25,23
fivb_vis:591,3,25,20
fivb_vis:592,1,15,25
fivb_vis:592,2,19,25
fivb_vis:592,3,16,25
fivb_vis:593,1,13,25
fivb_vis:593,2,20,25
fivb_vis:593,3,16,25
fivb_vis:594,1,25,18
fivb_vis:594,2,25,15
fivb_vis:594,3,25,17
fivb_vis:595,1,25,11
fivb_vis:595,2,25,20
fivb_vis:595,3,25,18
fivb_vis:596,1,11,25
fivb_vis:596,2,15,25
fivb_vis:596,3,14,25
fivb_vis:597,1,25,19
fivb_vis:597,2,18,25
fivb_vis:597,3,22,25
fivb_vis:597,4,22,25
fivb_vis:598,1,25,16
fivb_vis:598,2,25,16
fivb_vis:598,3,25,20
fivb_vis:599,1,25,22
fivb_vis:599,2,25,23
fivb_vis:599,3,22,25
fivb_vis:599,4,25,18
fivb_vis:600,1,25,13
fivb_vis:600,2,25,14
fivb_vis:600,3,25,16
fivb_vis:601,1,25,18
fivb_vis:601,2,20,25
fivb_vis:601,3,25,23
fivb_vis:601,4,34,36
fivb_vis:601,5,15,9
fivb_vis:602,1,25,15
fivb_vis:602,2,25,22
fivb_vis:602,3,25,17
fivb_vis:603,1,25,18
fivb_vis:603,2,24,26
fivb_vis:603,3,25,17
fivb_vis:603,4,22,25
fivb_vis:603,5,15,13
fivb_vis:604,1,17,25
fivb_vis:604,2,24,26
fivb_vis:604,3,21,25
fivb_vis:605,1,20,25
fivb_vis:605,2,12,25
fivb_vis:605,3,25,14
fivb_vis:605,4,25,21
fivb_vis:605,5,15,12
fivb_vis:606,1,23,25
fivb_vis:606,2,13,25
fivb_vis:606,3,15,25
fivb_vis:607,1,25,15
fivb_vis:607,2,25,20
fivb_vis:607,3,28,30
fivb_vis:607,4,20,25
fivb_vis:607,5,16,14
fivb_vis:608,1,25,27
fivb_vis:608,2,28,26
fivb_vis:608,3,25,15
fivb_vis:608,4,25,17
fivb_vis:609,1,25,17
fivb_vis:609,2,30,28
fivb_vis:609,3,25,27
fivb_vis:609,4,14,25
fivb_vis:609,5,13,15
fivb_vis:610,1,25,27
fivb_vis:610,2,19,25
fivb_vis:610,3,25,22
fivb_vis:610,4,18,25
fivb_vis:611,1,25,23
fivb_vis:611,2,25,17
fivb_vis:611,3,25,20
fivb_vis:612,1,18,25
fivb_vis:612,2,25,19
fivb_vis:612,3,21,25
fivb_vis:612,4,14,25
fivb_vis:613,1,19,25
fivb_vis:613,2,25,22
fivb_vis:613,3,25,17
fivb_vis:613,4,22,25
fivb_vis:613,5,15,13
fivb_vis:614,1,25,16
fivb_vis:614,2,28,26
fivb_vis:614,3,25,21
fivb_vis:615,1,25,21
fivb_vis:615,2,25,15
fivb_vis:615,3,25,14
fivb_vis:616,1,25,22
fivb_vis:616,2,16,25
fivb_vis:616,3,23,25
fivb_vis:616,4,29,27
fivb_vis:616,5,15,13
fivb_vis:617,1,20,25
fivb_vis:617,2,22,25
fivb_vis:617,3,19,25
fivb_vis:618,1,25,17
fivb_vis:618,2,23,25
fivb_vis:618,3,25,20
fivb_vis:618,4,25,22
fivb_vis:619,1,22,25
fivb_vis:619,2,12,25
fivb_vis:619,3,15,25
fivb_vis:620,1,24,26
fivb_vis:620,2,21,25
fivb_vis:620,3,25,19
fivb_vis:620,4,25,9
fivb_vis:620,5,15,10
fivb_vis:621,1,17,25
fivb_vis:621,2,25,20
fivb_vis:621,3,19,25
fivb_vis:621,4,26,28
fivb_vis:622,1,25,19
fivb_vis:622,2,25,20
fivb_vis:622,3,25,22
fivb_vis:623,1,25,8
fivb_vis:623,2,25,10
fivb_vis:623,3,25,6
fivb_vis:624,1,17,25
fivb_vis:624,2,21,25
fivb_vis:624,3,25,27
fivb_vis:625,1,12,25
fivb_vis:625,2,14,25
fivb_vis:625,3,11,25
fivb_vis:626,1,22,25
fivb_vis:626,2,19,25
fivb_vis:626,3,11,25
fivb_vis:627,1,16,25
fivb_vis:627,2,19,25
fivb_vis:627,3,15,25
fivb_vis:5343,1,25,19
fivb_vis:5343,2,25,18
fivb_vis:5343,3,25,18
fivb_vis:5344,1,16,25
fivb_vis:5344,2,25,23
fivb_vis:5344,3,21,25
fivb_vis:5344,4,22,25
fivb_vis:5345,1,23,25
fivb_vis:5345,2,17,25
fivb_vis:5345,3,19,25
fivb_vis:5346,1,21,25
fivb_vis:5346,2,25,17
fivb_vis:5346,3,16,25
fivb_vis:5346,4,25,21
fivb_vis:5346,5,11,15
fivb_vis:5347,1,22,25
fivb_vis:5347,2,15,25
fivb_vis:5347,3,18,25
fivb_vis:5348,1,23,25
fivb_vis:5348,2,22,25
fivb_vis:5348,3,24,26
fivb_vis:5349,1,25,21
fivb_vis:5349,2,25,19
fivb_vis:5349,3,25,17
fivb_vis:5350,1,25,21
fivb_vis:5350,2,25,19
fivb_vis:5350,3,25,21
fivb_vis:5351,1,18,25
fivb_vis:5351,2,21,25
fivb_vis:5351,3,27,25
fivb_vis:5351,4,25,23
fivb_vis:5351,5,15,12
fivb_vis:5352,1,16,25
fivb_vis:5352,2,17,25
fivb_vis:5352,3,21,25
fivb_vis:5353,1,24,26
fivb_vis:5353,2,26,24
fivb_vis:5353,3,25,21
fivb_vis:5353,4,25,18
fivb_vis:5354,1,25,20
fivb_vis:5354,2,25,20
fivb_vis:5354,3,23,25
fivb_vis:5354,4,33,31
fivb_vis:5355,1,17,25
fivb_vis:5355,2,25,20
fivb_vis:5355,3,21,25
fivb_vis:5355,4,21,25
fivb_vis:5356,1,23,25
fivb_vis:5356,2,19,25
fivb_vis:5356,3,25,19
fivb_vis:5356,4,25,18
fivb_vis:5356,5,15,17
fivb_vis:5357,1,25,22
fivb_vis:5357,2,25,21
fivb_vis:5357,3,31,33
fivb_vis:5357,4,25,14
fivb_vis:5358,1,25,19
fivb_vis:5358,2,25,17
fivb_vis:5358,3,25,20
fivb_vis:5359,1,17,25
fivb_vis:5359,2,19,25
fivb_vis:5359,3,22,25
fivb_vis:5360,1,25,20
fivb_vis:5360,2,25,20
fivb_vis:5360,3,23,25
fivb_vis:5360,4,13,25
fivb_vis:5360,5,12,15
fivb_vis:5361,1,16,25
fivb_vis:5361,2,21,25
fivb_vis:5361,3,19,25
fivb_vis:5362,1,25,17
fivb_vis:5362,2,17,25
fivb_vis:5362,3,25,20
fivb_vis:5362,4,24,26
fivb_vis:5362,5,8,15
fivb_vis:5363,1,25,22
fivb_vis:5363,2,26,24
fivb_vis:5363,3,25,15
fivb_vis:5364,1,25,20
fivb_vis:5364,2,19,25
fivb_vis:5364,3,20,25
fivb_vis:5364,4,20,25
fivb_vis:5365,1,18,25
fivb_vis:5365,2,10,25
fivb_vis:5365,3,17,25
fivb_vis:5366,1,22,25
fivb_vis:5366,2,15,25
fivb_vis:5366,3,15,25
fivb_vis:5367,1,17,25
fivb_vis:5367,2,18,25
fivb_vis:5367,3,23,25
fivb_vis:5368,1,15,25
fivb_vis:5368,2,8,25
fivb_vis:5368,3,20,25
fivb_vis:5369,1,25,23
fivb_vis:5369,2,25,22
fivb_vis:5369,3,22,25
fivb_vis:5369,4,25,17
fivb_vis:5370,1,18,25
fivb_vis:5370,2,25,14
fivb_vis:5370,3,19,25
fivb_vis:5370,4,27,29
fivb_vis:5371,1,25,20
fivb_vis:5371,2,25,13
fivb_vis:5371,3,25,14
fivb_vis:5372,1,26,28
fivb_vis:5372,2,25,15
fivb_vis:5372,3,25,16
fivb_vis:5372,4,28,26
fivb_vis:5373,1,21,25
fivb_vis:5373,2,25,23
fivb_vis:5373,3,14,25
fivb_vis:5373,4,22,25
fivb_vis:5374,1,23,25
fivb_vis:5374,2,23,25
fivb_vis:5374,3,19,25
fivb_vis:5375,1,25,13
fivb_vis:5375,2,25,19
fivb_vis:5375,3,21,25
fivb_vis:5375,4,25,12
fivb_vis:5376,1,25,14
fivb_vis:5376,2,25,19
fivb_vis:5376,3,25,22
fivb_vis:5377,1,27,25
fivb_vis:5377,2,25,21
fivb_vis:5377,3,26,24
fivb_vis:5378,1,21,25
fivb_vis:5378,2,25,20
fivb_vis:5378,3,25,14
fivb_vis:5378,4,25,17
fivb_vis:5379,1,25,18
fivb_vis:5379,2,25,19
fivb_vis:5379,3,25,18
fivb_vis:5380,1,16,25
fivb_vis:5380,2,25,20
fivb_vis:5380,3,25,23
fivb_vis:5380,4,20,25
fivb_vis:5380,5,15,13
fivb_vis:5381,1,25,22
fivb_vis:5381,2,26,24
fivb_vis:5381,3,23,25
fivb_vis:5381,4,20,25
fivb_vis:5381,5,15,11
fivb_vis:5382,1,25,19
fivb_vis:5382,2,17,25
fivb_vis:5382,3,15,25
fivb_vis:5382,4,21,25
fivb_vis:5383,1,20,25
fivb_vis:5383,2,17,25
fivb_vis:5383,3,22,25
fivb_vis:5384,1,20,25
fivb_vis:5384,2,25,19
fivb_vis:5384,3,24,26
fivb_vis:5384,4,19,25
fivb_vis:5385,1,17,25
fivb_vis:5385,2,18,25
fivb_vis:5385,3,19,25
fivb_vis:5386,1,23,25
fivb_vis:5386,2,15,25
fivb_vis:5386,3,25,21
fivb_vis:5386,4,20,25
fivb_vis:5387,1,27,25
fivb_vis:5387,2,23,25
fivb_vis:5387,3,16,25
fivb_vis:5387,4,22,25
fivb_vis:5388,1,25,21
fivb_vis:5388,2,13,25
fivb_vis:5388,3,21,25
fivb_vis:5388,4,25,17
fivb_vis:5388,5,13,15
fivb_vis:5389,1,22,25
fivb_vis:5389,2,11,25
fivb_vis:5389,3,21,25
fivb_vis:5390,1,19,25
fivb_vis:5390,2,25,19
fivb_vis:5390,3,25,23
fivb_vis:5390,4,25,22
fivb_vis:5391,1,25,20
fivb_vis:5391,2,23,25
fivb_vis:5391,3,21,25
fivb_vis:5391,4,25,16
fivb_vis:5391,5,15,9
fivb_vis:5392,1,18,25
fivb_vis:5392,2,14,25
fivb_vis:5392,3,20,25
fivb_vis:5393,1,25,16
fivb_vis:5393,2,20,25
fivb_vis:5393,3,21,25
fivb_vis:5393,4,25,21
fivb_vis:5393,5,10,15
fivb_vis:5394,1,25,14
fivb_vis:5394,2,21,25
fivb_vis:5394,3,25,20
fivb_vis:5394,4,22,25
fivb_vis:5394,5,15,12
fivb_vis:5395,1,25,20
fivb_vis:5395,2,25,20
fivb_vis:5395,3,25,23
fivb_vis:5396,1,25,13
fivb_vis:5396,2,25,16
fivb_vis:5396,3,25,21
fivb_vis:5397,1,26,24
fivb_vis:5397,2,27,25
fivb_vis:5397,3,25,17
fivb_vis:5398,1,25,17
fivb_vis:5398,2,25,22
fivb_vis:5398,3,25,14
fivb_vis:5399,1,25,21
fivb_vis:5399,2,24,26
fivb_vis:5399,3,29,27
fivb_vis:5399,4,25,17
fivb_vis:5400,1,22,25
fivb_vis:5400,2,25,23
fivb_vis:5400,3,25,18
fivb_vis:5400,4,25,17
fivb_vis:5401,1,20,25
fivb_vis:5401,2,23,25
fivb_vis:5401,3,25,20
fivb_vis:5401,4,25,23
fivb_vis:5401,5,15,11
fivb_vis:5402,1,18,25
fivb_vis:5402,2,20,25
fivb_vis:5402,3,25,23
fivb_vis:5402,4,17,25
fivb_vis:5680,1,27,29
fivb_vis:5680,2,22,25
fivb_vis:5680,3,27,25
fivb_vis:5680,4,23,25
fivb_vis:5681,1,25,21
fivb_vis:5681,2,17,25
fivb_vis:5681,3,27,29
fivb_vis:5681,4,18,25
fivb_vis:5682,1,25,15
fivb_vis:5682,2,25,21
fivb_vis:5682,3,25,21
fivb_vis:5683,1,10,25
fivb_vis:5683,2,18,25
fivb_vis:5683,3,16,25
fivb_vis:5684,1,25,19
fivb_vis:5684,2,29,27
fivb_vis:5684,3,25,22
fivb_vis:5685,1,23,25
fivb_vis:5685,2,21,25
fivb_vis:5685,3,25,21
fivb_vis:5685,4,17,25
fivb_vis:5686,1,25,19
fivb_vis:5686,2,25,22
fivb_vis:5686,3,25,17
fivb_vis:5687,1,27,25
fivb_vis:5687,2,18,25
fivb_vis:5687,3,25,23
fivb_vis:5687,4,11,25
fivb_vis:5687,5,13,15
fivb_vis:5688,1,19,25
fivb_vis:5688,2,25,18
fivb_vis:5688,3,25,20
fivb_vis:5688,4,26,24
fivb_vis:5689,1,15,25
fivb_vis:5689,2,23,25
fivb_vis:5689,3,16,25
fivb_vis:5690,1,25,14
fivb_vis:5690,2,25,23
fivb_vis:5690,3,25,18
fivb_vis:5691,1,25,27
fivb_vis:5691,2,25,27
fivb_vis:5691,3,19,25
fivb_vis:5692,1,25,23
fivb_vis:5692,2,29,31
fivb_vis:5692,3,17,25
fivb_vis:5692,4,21,25
fivb_vis:5693,1,22,25
fivb_vis:5693,2,18,25
fivb_vis:5693,3,32,30
fivb_vis:5693,4,17,25
fivb_vis:5694,1,25,16
fivb_vis:5694,2,25,15
fivb_vis:5694,3,23,25
fivb_vis:5694,4,25,17
fivb_vis:5695,1,18,25
fivb_vis:5695,2,25,23
fivb_vis:5695,3,15,25
fivb_vis:5695,4,19,25
fivb_vis:5696,1,25,17
fivb_vis:5696,2,25,16
fivb_vis:5696,3,24,26
fivb_vis:5696,4,19,25
fivb_vis:5696,5,16,14
fivb_vis:5697,1,17,25
fivb_vis:5697,2,25,21
fivb_vis:5697,3,30,28
fivb_vis:5697,4,25,21
fivb_vis:5698,1,25,19
fivb_vis:5698,2,25,23
fivb_vis:5698,3,29,27
fivb_vis:5699,1,25,22
fivb_vis:5699,2,22,25
fivb_vis:5699,3,23,25
fivb_vis:5699,4,25,20
fivb_vis:5699,5,14,16
fivb_vis:5700,1,27,25
fivb_vis:5700,2,23,25
fivb_vis:5700,3,23,25
fivb_vis:5700,4,20,25
fivb_vis:5701,1,15,25
fivb_vis:5701,2,19,25
fivb_vis:5701,3,20,25
fivb_vis:5702,1,17,25
fivb_vis:5702,2,18,25
fivb_vis:5702,3,24,26
fivb_vis:5703,1,25,23
fivb_vis:5703,2,25,18
fivb_vis:5703,3,30,28
fivb_vis:5704,1,25,18
fivb_vis:5704,2,21,25
fivb_vis:5704,3,25,23
fivb_vis:5704,4,22,25
fivb_vis:5704,5,15,12
fivb_vis:5705,1,19,25
fivb_vis:5705,2,28,26
fivb_vis:5705,3,25,20
fivb_vis:5705,4,23,25
fivb_vis:5705,5,15,11
fivb_vis:5706,1,25,21
fivb_vis:5706,2,24,26
fivb_vis:5706,3,25,19
fivb_vis:5706,4,25,19
fivb_vis:5707,1,25,18
fivb_vis:5707,2,25,21
fivb_vis:5707,3,25,18
fivb_vis:5708,1,25,27
fivb_vis:5708,2,25,22
fivb_vis:5708,3,22,25
fivb_vis:5708,4,18,25
fivb_vis:5709,1,23,25
fivb_vis:5709,2,14,25
fivb_vis:5709,3,25,21
fivb_vis:5709,4,18,25
fivb_vis:5710,1,28,26
fivb_vis:5710,2,25,22
fivb_vis:5710,3,25,23
fivb_vis:5711,1,25,19
fivb_vis:5711,2,20,25
fivb_vis:5711,3,25,18
fivb_vis:5711,4,20,25
fivb_vis:5711,5,11,15
fivb_vis:5712,1,25,15
fivb_vis:5712,2,26,24
fivb_vis:5712,3,25,22
fivb_vis:5713,1,25,22
fivb_vis:5713,2,22,25
fivb_vis:5713,3,14,25
fivb_vis:5713,4,25,18
fivb_vis:5713,5,17,15
fivb_vis:5714,1,25,15
fivb_vis:5714,2,25,21
fivb_vis:5714,3,25,19
fivb_vis:5715,1,25,22
fivb_vis:5715,2,25,20
fivb_vis:5715,3,25,21
fivb_vis:5716,1,25,20
fivb_vis:5716,2,25,23
fivb_vis:5716,3,22,25
fivb_vis:5716,4,19,25
fivb_vis:5716,5,15,9
fivb_vis:5717,1,25,22
fivb_vis:5717,2,25,22
fivb_vis:5717,3,21,25
fivb_vis:5717,4,22,25
fivb_vis:5717,5,15,11
fivb_vis:5718,1,19,25
fivb_vis:5718,2,21,25
fivb_vis:5718,3,18,25
fivb_vis:5719,1,18,25
fivb_vis:5719,2,25,23
fivb_vis:5719,3,23,25
fivb_vis:5719,4,25,22
fivb_vis:5719,5,12,15
fivb_vis:5720,1,24,26
fivb_vis:5720,2,26,28
fivb_vis:5720,3,25,23
fivb_vis:5720,4,21,25
fivb_vis:5721,1,21,25
fivb_vis:5721,2,24,26
fivb_vis:5721,3,23,25
fivb_vis:5723,1,25,18
fivb_vis:5723,2,22,25
fivb_vis:5723,3,23,25
fivb_vis:5723,4,22,25
fivb_vis:628,1,21,25
fivb_vis:628,2,15,25
fivb_vis:628,3,15,25
fivb_vis:629,1,25,12
fivb_vis:629,2,25,16
fivb_vis:629,3,25,13
fivb_vis:630,1,19,25
fivb_vis:630,2,19,25
fivb_vis:630,3,15,25
fivb_vis:631,1,11,25
fivb_vis:631,2,11,25
fivb_vis:631,3,11,25
fivb_vis:632,1,21,25
fivb_vis:632,2,21,25
fivb_vis:632,3,20,25
fivb_vis:633,1,25,13
fivb_vis:633,2,23,25
fivb_vis:633,3,25,18
fivb_vis:633,4,24,26
fivb_vis:633,5,15,8
fivb_vis:5589,1,17,25
fivb_vis:5589,2,28,26
fivb_vis:5589,3,24,26
fivb_vis:5589,4,19,25
fivb_vis:5590,1,25,12
fivb_vis:5590,2,25,15
fivb_vis:5590,3,20,25
fivb_vis:5590,4,25,14
fivb_vis:5591,1,25,21
fivb_vis:5591,2,25,17
fivb_vis:5591,3,25,21
fivb_vis:5592,1,25,23
fivb_vis:5592,2,25,18
fivb_vis:5592,3,25,20
fivb_vis:5593,1,22,25
fivb_vis:5593,2,25,21
fivb_vis:5593,3,25,21
fivb_vis:5593,4,24,26
fivb_vis:5593,5,15,13
fivb_vis:5594,1,25,15
fivb_vis:5594,2,20,25
fivb_vis:5594,3,25,19
fivb_vis:5594,4,25,22
fivb_vis:5595,1,25,18
fivb_vis:5595,2,25,19
fivb_vis:5595,3,25,22
fivb_vis:5596,1,25,17
fivb_vis:5596,2,20,25
fivb_vis:5596,3,25,20
fivb_vis:5596,4,21,25
fivb_vis:5596,5,9,15
fivb_vis:5597,1,25,11
fivb_vis:5597,2,25,13
fivb_vis:5597,3,25,8
fivb_vis:5598,1,25,19
fivb_vis:5598,2,25,22
fivb_vis:5598,3,25,16
fivb_vis:5599,1,19,25
fivb_vis:5599,2,25,11
fivb_vis:5599,3,25,20
fivb_vis:5599,4,25,14
fivb_vis:5600,1,15,25
fivb_vis:5600,2,12,25
fivb_vis:5600,3,16,25
fivb_vis:5601,1,25,14
fivb_vis:5601,2,25,19
fivb_vis:5601,3,25,10
fivb_vis:5602,1,25,10
fivb_vis:5602,2,25,12
fivb_vis:5602,3,25,17
fivb_vis:5603,1,20,25
fivb_vis:5603,2,15,25
fivb_vis:5603,3,22,25
fivb_vis:5604,1,25,13
fivb_vis:5604,2,25,16
fivb_vis:5604,3,25,17
fivb_vis:5605,1,25,12
fivb_vis:5605,2,25,13
fivb_vis:5605,3,25,14
fivb_vis:5606,1,14,25
fivb_vis:5606,2,15,25
fivb_vis:5606,3,18,25
fivb_vis:5607,1,25,17
fivb_vis:5607,2,25,22
fivb_vis:5607,3,25,13
fivb_vis:5608,1,22,25
fivb_vis:5608,2,25,22
fivb_vis:5608,3,20,25
fivb_vis:5608,4,23,25
fivb_vis:5609,1,24,26
fivb_vis:5609,2,15,25
fivb_vis:5609,3,11,25
fivb_vis:5610,1,25,19
fivb_vis:5610,2,23,25
fivb_vis:5610,3,25,19
fivb_vis:5610,4,18,25
fivb_vis:5610,5,15,12
fivb_vis:5611,1,20,25
fivb_vis:5611,2,22,25
fivb_vis:5611,3,18,25
fivb_vis:5612,1,25,22
fivb_vis:5612,2,27,25
fivb_vis:5612,3,25,19
fivb_vis:5613,1,25,7
fivb_vis:5613,2,25,12
fivb_vis:5613,3,25,7
fivb_vis:5614,1,14,25
fivb_vis:5614,2,8,25
fivb_vis:5614,3,18,25
fivb_vis:5615,1,27,25
fivb_vis:5615,2,36,34
fivb_vis:5615,3,26,24
fivb_vis:5616,1,20,25
fivb_vis:5616,2,26,24
fivb_vis:5616,3,24,26
fivb_vis:5616,4,25,16
fivb_vis:5616,5,15,17
fivb_vis:5617,1,22,25
fivb_vis:5617,2,13,25
fivb_vis:5617,3,25,22
fivb_vis:5617,4,26,24
fivb_vis:5617,5,17,19
fivb_vis:5618,1,17,25
fivb_vis:5618,2,13,25
fivb_vis:5618,3,24,26
fivb_vis:5619,1,13,25
fivb_vis:5619,2,21,25
fivb_vis:5619,3,16,25
fivb_vis:5620,1,19,25
fivb_vis:5620,2,24,26
fivb_vis:5620,3,23,25
fivb_vis:5621,1,17,25
fivb_vis:5621,2,17,25
fivb_vis:5621,3,16,25
fivb_vis:5622,1,25,20
fivb_vis:5622,2,23,25
fivb_vis:5622,3,18,25
fivb_vis:5622,4,27,25
fivb_vis:5622,5,12,15
fivb_vis:5623,1,27,29
fivb_vis:5623,2,21,25
fivb_vis:5623,3,18,25
fivb_vis:5624,1,21,25
fivb_vis:5624,2,22,25
fivb_vis:5624,3,19,25
fivb_vis:5625,1,6,25
fivb_vis:5625,2,25,21
fivb_vis:5625,3,16,25
fivb_vis:5625,4,13,25
fivb_vis:5626,1,25,16
fivb_vis:5626,2,25,20
fivb_vis:5626,3,25,23
fivb_vis:5627,1,12,25
fivb_vis:5627,2,16,25
fivb_vis:5627,3,21,25
fivb_vis:5628,1,21,25
fivb_vis:5628,2,12,25
fivb_vis:5628,3,21,25
fivb_vis:5629,1,25,13
fivb_vis:5629,2,25,20
fivb_vis:5629,3,19,25
fivb_vis:5629,4,25,18
fivb_vis:5630,1,25,7
fivb_vis:5630,2,26,28
fivb_vis:5630,3,25,21
fivb_vis:5630,4,25,15
fivb_vis:5631,1,19,25
fivb_vis:5631,2,25,13
fivb_vis:5631,3,27,25
fivb_vis:5631,4,25,16
fivb_vis:5632,1,25,21
fivb_vis:5632,2,25,20
fivb_vis:5632,3,25,19
fivb_vis:5633,1,21,25
fivb_vis:5633,2,25,17
fivb_vis:5633,3,25,10
fivb_vis:5633,4,25,18
fivb_vis:5634,1,17,25
fivb_vis:5634,2,22,25
fivb_vis:5634,3,25,19
fivb_vis:5634,4,25,21
fivb_vis:5634,5,15,10
fivb_vis:5635,1,25,15
fivb_vis:5635,2,25,23
fivb_vis:5635,3,25,20
fivb_vis:5636,1,25,15
fivb_vis:5636,2,25,11
fivb_vis:5636,3,25,18
fivb_vis:5637,1,19,25
fivb_vis:5637,2,18,25
fivb_vis:5637,3,21,25
fivb_vis:5638,1,18,25
fivb_vis:5638,2,18,25
fivb_vis:5638,3,12,25
fivb_vis:5639,1,30,32
fivb_vis:5639,2,17,25
fivb_vis:5639,3,17,25
fivb_vis:5640,1,25,20
fivb_vis:5640,2,25,27
fivb_vis:5640,3,25,20
fivb_vis:5640,4,25,22
fivb_vis:5641,1,17,25
fivb_vis:5641,2,25,23
fivb_vis:5641,3,9,25
fivb_vis:5641,4,25,21
fivb_vis:5641,5,15,11
fivb_vis:5642,1,25,17
fivb_vis:5642,2,25,16
fivb_vis:5642,3,25,18
fivb_vis:5643,1,25,15
fivb_vis:5643,2,25,22
fivb_vis:5643,3,25,20
fivb_vis:5644,1,16,25
fivb_vis:5644,2,25,18
fivb_vis:5644,3,27,25
fivb_vis:5644,4,17,25
fivb_vis:5644,5,11,15
fivb_vis:5645,1,15,25
fivb_vis:5645,2,25,16
fivb_vis:5645,3,21,25
fivb_vis:5645,4,25,16
fivb_vis:5645,5,8,15
fivb_vis:5646,1,24,26
fivb_vis:5646,2,25,21
fivb_vis:5646,3,25,19
fivb_vis:5646,4,25,23
fivb_vis:5647,1,34,32
fivb_vis:5647,2,25,19
fivb_vis:5647,3,29,31
fivb_vis:5647,4,26,24
fivb_vis:5648,1,25,20
fivb_vis:5648,2,25,17
fivb_vis:5648,3,25,19
fivb_vis:5724,1,25,17
fivb_vis:5724,2,25,22
fivb_vis:5724,3,22,25
fivb_vis:5724,4,22,25
fivb_vis:5724,5,15,6
fivb_vis:5725,1,18,25
fivb_vis:5725,2,25,23
fivb_vis:5725,3,25,27
fivb_vis:5725,4,25,20
fivb_vis:5725,5,15,8
fivb_vis:5726,1,25,22
fivb_vis:5726,2,25,23
fivb_vis:5726,3,25,23
fivb_vis:5727,1,29,27
fivb_vis:5727,2,19,25
fivb_vis:5727,3,23,25
fivb_vis:5727,4,15,25
fivb_vis:5728,1,25,19
fivb_vis:5728,2,25,21
fivb_vis:5728,3,21,25
fivb_vis:5728,4,25,23
fivb_vis:5729,1,16,25
fivb_vis:5729,2,23,25
fivb_vis:5729,3,23,25
fivb_vis:5730,1,25,22
fivb_vis:5730,2,25,22
fivb_vis:5730,3,25,18
fivb_vis:5731,1,23,25
fivb_vis:5731,2,15,25
fivb_vis:5731,3,28,26
fivb_vis:5731,4,19,25
fivb_vis:5732,1,23,25
fivb_vis:5732,2,25,11
fivb_vis:5732,3,25,21
fivb_vis:5732,4,25,17
fivb_vis:5733,1,25,23
fivb_vis:5733,2,24,26
fivb_vis:5733,3,19,25
fivb_vis:5733,4,25,16
fivb_vis:5733,5,11,15
fivb_vis:5734,1,25,13
fivb_vis:5734,2,25,15
fivb_vis:5734,3,25,20
fivb_vis:5735,1,19,25
fivb_vis:5735,2,25,27
fivb_vis:5735,3,25,22
fivb_vis:5735,4,25,22
fivb_vis:5735,5,15,13
fivb_vis:5736,1,25,18
fivb_vis:5736,2,25,22
fivb_vis:5736,3,25,18
fivb_vis:5737,1,12,25
fivb_vis:5737,2,15,25
fivb_vis:5737,3,15,25
fivb_vis:5738,1,23,25
fivb_vis:5738,2,25,20
fivb_vis:5738,3,25,16
fivb_vis:5738,4,25,16
fivb_vis:5739,1,17,25
fivb_vis:5739,2,19,25
fivb_vis:5739,3,16,25
fivb_vis:5740,1,19,25
fivb_vis:5740,2,19,25
fivb_vis:5740,3,25,22
fivb_vis:5740,4,25,20
fivb_vis:5740,5,10,15
fivb_vis:5741,1,25,20
fivb_vis:5741,2,25,15
fivb_vis:5741,3,25,21
fivb_vis:5742,1,22,25
fivb_vis:5742,2,20,25
fivb_vis:5742,3,22,25
fivb_vis:5743,1,23,25
fivb_vis:5743,2,25,17
fivb_vis:5743,3,25,16
fivb_vis:5743,4,25,20
fivb_vis:5744,1,25,23
fivb_vis:5744,2,25,20
fivb_vis:5744,3,25,19
fivb_vis:5745,1,25,23
fivb_vis:5745,2,23,25
fivb_vis:5745,3,13,25
fivb_vis:5745,4,23,25
fivb_vis:5746,1,25,17
fivb_vis:5746,2,25,27
fivb_vis:5746,3,25,19
fivb_vis:5746,4,27,25
fivb_vis:5747,1,25,22
fivb_vis:5747,2,25,15
fivb_vis:5747,3,25,13
fivb_vis:5748,1,21,25
fivb_vis:5748,2,23,25
fivb_vis:5748,3,25,19
fivb_vis:5748,4,25,23
fivb_vis:5748,5,12,15
fivb_vis:5749,1,25,15
fivb_vis:5749,2,25,23
fivb_vis:5749,3,25,19
fivb_vis:5750,1,26,28
fivb_vis:5750,2,18,25
fivb_vis:5750,3,17,25
fivb_vis:5751,1,25,15
fivb_vis:5751,2,25,13
fivb_vis:5751,3,25,14
fivb_vis:5752,1,22,25
fivb_vis:5752,2,25,18
fivb_vis:5752,3,26,24
fivb_vis:5752,4,25,17
fivb_vis:5753,1,12,25
fivb_vis:5753,2,23,25
fivb_vis:5753,3,25,23
fivb_vis:5753,4,18,25
fivb_vis:5754,1,25,23
fivb_vis:5754,2,25,22
fivb_vis:5754,3,25,21
fivb_vis:5755,1,26,24
fivb_vis:5755,2,21,25
fivb_vis:5755,3,23,25
fivb_vis:5755,4,16,25
fivb_vis:5756,1,25,23
fivb_vis:5756,2,25,22
fivb_vis:5756,3,25,20
fivb_vis:5757,1,25,19
fivb_vis:5757,2,25,16
fivb_vis:5757,3,25,15
fivb_vis:5758,1,25,19
fivb_vis:5758,2,25,23
fivb_vis:5758,3,15,25
fivb_vis:5758,4,25,23
fivb_vis:5759,1,22,25
fivb_vis:5759,2,23,25
fivb_vis:5759,3,25,23
fivb_vis:5759,4,25,23
fivb_vis:5759,5,15,12
fivb_vis:5760,1,25,12
fivb_vis:5760,2,25,17
fivb_vis:5760,3,12,25
fivb_vis:5760,4,25,23
fivb_vis:5761,1,25,19
fivb_vis:5761,2,25,21
fivb_vis:5761,3,25,17
fivb_vis:5762,1,21,25
fivb_vis:5762,2,20,25
fivb_vis:5762,3,25,20
fivb_vis:5762,4,28,30
fivb_vis:5763,1,25,18
fivb_vis:5763,2,29,27
fivb_vis:5763,3,25,20
fivb_vis:5764,1,15,25
fivb_vis:5764,2,13,25
fivb_vis:5764,3,25,22
fivb_vis:5764,4,25,22
fivb_vis:5764,5,7,15
fivb_vis:5765,1,25,27
fivb_vis:5765,2,20,25
fivb_vis:5765,3,25,16
fivb_vis:5765,4,24,26
fivb_vis:6218,1,15,25
fivb_vis:6218,2,18,25
fivb_vis:6218,3,18,25
fivb_vis:6219,1,27,25
fivb_vis:6219,2,25,23
fivb_vis:6219,3,12,25
fivb_vis:6219,4,25,22
fivb_vis:6220,1,16,25
fivb_vis:6220,2,19,25
fivb_vis:6220,3,12,25
fivb_vis:6221,1,25,15
fivb_vis:6221,2,25,22
fivb_vis:6221,3,25,15
fivb_vis:6222,1,25,19
fivb_vis:6222,2,23,25
fivb_vis:6222,3,15,25
fivb_vis:6222,4,19,25
fivb_vis:6223,1,25,16
fivb_vis:6223,2,25,13
fivb_vis:6223,3,25,16
fivb_vis:6224,1,26,28
fivb_vis:6224,2,24,26
fivb_vis:6224,3,17,25
fivb_vis:6225,1,25,15
fivb_vis:6225,2,25,21
fivb_vis:6225,3,25,23
fivb_vis:6226,1,25,12
fivb_vis:6226,2,18,25
fivb_vis:6226,3,21,25
fivb_vis:6226,4,25,23
fivb_vis:6226,5,13,15
fivb_vis:6227,1,25,19
fivb_vis:6227,2,25,18
fivb_vis:6227,3,25,18
fivb_vis:6228,1,25,5
fivb_vis:6228,2,25,11
fivb_vis:6228,3,25,8
fivb_vis:6229,1,25,20
fivb_vis:6229,2,22,25
fivb_vis:6229,3,18,25
fivb_vis:6229,4,25,19
fivb_vis:6229,5,15,6
fivb_vis:6230,1,25,21
fivb_vis:6230,2,25,22
fivb_vis:6230,3,19,25
fivb_vis:6230,4,25,15
fivb_vis:6231,1,25,16
fivb_vis:6231,2,25,21
fivb_vis:6231,3,25,21
fivb_vis:6232,1,15,25
fivb_vis:6232,2,12,25
fivb_vis:6232,3,16,25
fivb_vis:6233,1,25,23
fivb_vis:6233,2,25,17
fivb_vis:6233,3,25,23
fivb_vis:6234,1,10,25
fivb_vis:6234,2,17,25
fivb_vis:6234,3,10,25
fivb_vis:6235,1,8,25
fivb_vis:6235,2,9,25
fivb_vis:6235,3,19,25
fivb_vis:6236,1,10,25
fivb_vis:6236,2,10,25
fivb_vis:6236,3,16,25
fivb_vis:6237,1,22,25
fivb_vis:6237,2,22,25
fivb_vis:6237,3,25,18
fivb_vis:6237,4,23,25
fivb_vis:6238,1,25,15
fivb_vis:6238,2,25,20
fivb_vis:6238,3,25,12
fivb_vis:6239,1,25,17
fivb_vis:6239,2,25,15
fivb_vis:6239,3,25,12
fivb_vis:6240,1,25,7
fivb_vis:6240,2,25,11
fivb_vis:6240,3,25,3
fivb_vis:6241,1,23,25
fivb_vis:6241,2,25,15
fivb_vis:6241,3,25,20
fivb_vis:6241,4,25,23
fivb_vis:6242,1,25,19
fivb_vis:6242,2,25,13
fivb_vis:6242,3,25,18
fivb_vis:6243,1,12,25
fivb_vis:6243,2,17,25
fivb_vis:6243,3,20,25
fivb_vis:6244,1,18,25
fivb_vis:6244,2,25,20
fivb_vis:6244,3,32,30
fivb_vis:6244,4,15,25
fivb_vis:6244,5,13,15
fivb_vis:6245,1,7,25
fivb_vis:6245,2,2,25
fivb_vis:6245,3,5,25
fivb_vis:6246,1,11,25
fivb_vis:6246,2,18,25
fivb_vis:6246,3,17,25
fivb_vis:6247,1,16,25
fivb_vis:6247,2,19,25
fivb_vis:6247,3,16,25
fivb_vis:6248,1,18,25
fivb_vis:6248,2,22,25
fivb_vis:6248,3,22,25
fivb_vis:6249,1,25,20
fivb_vis:6249,2,26,24
fivb_vis:6249,3,25,22
fivb_vis:6250,1,25,19
fivb_vis:6250,2,25,21
fivb_vis:6250,3,25,15
fivb_vis:6251,1,25,11
fivb_vis:6251,2,25,8
fivb_vis:6251,3,25,11
fivb_vis:6252,1,15,25
fivb_vis:6252,2,16,25
fivb_vis:6252,3,13,25
fivb_vis:6253,1,19,25
fivb_vis:6253,2,10,25
fivb_vis:6253,3,14,25
fivb_vis:6254,1,25,18
fivb_vis:6254,2,25,19
fivb_vis:6254,3,22,25
fivb_vis:6254,4,25,17
fivb_vis:6255,1,25,22
fivb_vis:6255,2,25,22
fivb_vis:6255,3,14,25
fivb_vis:6255,4,23,25
fivb_vis:6255,5,12,15
fivb_vis:6256,1,25,17
fivb_vis:6256,2,26,24
fivb_vis:6256,3,25,17
fivb_vis:6257,1,25,17
fivb_vis:6257,2,25,16
fivb_vis:6257,3,25,14
fivb_vis:6258,1,16,25
fivb_vis:6258,2,19,25
fivb_vis:6258,3,14,25
fivb_vis:6259,1,7,25
fivb_vis:6259,2,15,25
fivb_vis:6259,3,14,25
fivb_vis:6260,1,25,14
fivb_vis:6260,2,25,10
fivb_vis:6260,3,25,20
fivb_vis:6261,1,25,18
fivb_vis:6261,2,17,25
fivb_vis:6261,3,23,25
fivb_vis:6261,4,18,25
fivb_vis:6262,1,26,24
fivb_vis:6262,2,17,25
fivb_vis:6262,3,14,25
fivb_vis:6262,4,25,21
fivb_vis:6262,5,9,15
fivb_vis:6263,1,25,14
fivb_vis:6263,2,25,11
fivb_vis:6263,3,25,11
fivb_vis:6264,1,14,25
fivb_vis:6264,2,15,25
fivb_vis:6264,3,20,25
fivb_vis:6265,1,15,25
fivb_vis:6265,2,11,25
fivb_vis:6265,3,15,25
fivb_vis:6266,1,16,25
fivb_vis:6266,2,17,25
fivb_vis:6266,3,19,25
fivb_vis:6267,1,25,17
fivb_vis:6267,2,31,29
fivb_vis:6267,3,25,23
fivb_vis:6268,1,25,8
fivb_vis:6268,2,25,10
fivb_vis:6268,3,25,6
fivb_vis:6269,1,16,25
fivb_vis:6269,2,25,20
fivb_vis:6269,3,21,25
fivb_vis:6269,4,25,22
fivb_vis:6269,5,15,12
fivb_vis:6270,1,22,25
fivb_vis:6270,2,19,25
fivb_vis:6270,3,15,25
fivb_vis:6271,1,16,25
fivb_vis:6271,2,16,25
fivb_vis:6271,3,19,25
fivb_vis:6272,1,25,11
fivb_vis:6272,2,25,12
fivb_vis:6272,3,25,7
fivb_vis:6273,1,23,25
fivb_vis:6273,2,15,25
fivb_vis:6273,3,25,23
fivb_vis:6273,4,20,25
fivb_vis:6274,1,25,20
fivb_vis:6274,2,23,25
fivb_vis:6274,3,20,25
fivb_vis:6274,4,10,25
fivb_vis:6275,1,13,25
fivb_vis:6275,2,25,16
fivb_vis:6275,3,25,18
fivb_vis:6275,4,25,19
fivb_vis:6276,1,11,25
fivb_vis:6276,2,14,25
fivb_vis:6276,3,19,25
fivb_vis:6277,1,21,25
fivb_vis:6277,2,17,25
fivb_vis:6277,3,20,25
fivb_vis:6278,1,25,5
fivb_vis:6278,2,25,6
fivb_vis:6278,3,25,8
fivb_vis:6279,1,10,25
fivb_vis:6279,2,19,25
fivb_vis:6279,3,17,25
fivb_vis:6280,1,17,25
fivb_vis:6280,2,25,22
fivb_vis:6280,3,21,25
fivb_vis:6280,4,22,25
fivb_vis:6281,1,23,25
fivb_vis:6281,2,29,27
fivb_vis:6281,3,25,27
fivb_vis:6281,4,25,23
fivb_vis:6281,5,15,13
fivb_vis:6282,1,16,25
fivb_vis:6282,2,19,25
fivb_vis:6282,3,25,20
fivb_vis:6282,4,25,23
fivb_vis:6282,5,4,15
fivb_vis:6283,1,25,22
fivb_vis:6283,2,18,25
fivb_vis:6283,3,16,25
fivb_vis:6283,4,30,28
fivb_vis:6283,5,15,13
fivb_vis:6151,1,19,25
fivb_vis:6151,2,20,25
fivb_vis:6151,3,25,22
fivb_vis:6151,4,13,25
fivb_vis:6152,1,25,23
fivb_vis:6152,2,25,12
fivb_vis:6152,3,25,15
fivb_vis:6153,1,25,19
fivb_vis:6153,2,23,25
fivb_vis:6153,3,25,18
fivb_vis:6153,4,17,25
fivb_vis:6153,5,15,7
fivb_vis:6154,1,25,27
fivb_vis:6154,2,25,22
fivb_vis:6154,3,25,22
fivb_vis:6154,4,26,24
fivb_vis:6155,1,29,27
fivb_vis:6155,2,25,16
fivb_vis:6155,3,25,15
fivb_vis:6156,1,25,17
fivb_vis:6156,2,25,15
fivb_vis:6156,3,25,20
fivb_vis:6157,1,17,25
fivb_vis:6157,2,18,25
fivb_vis:6157,3,15,25
fivb_vis:6158,1,22,25
fivb_vis:6158,2,23,25
fivb_vis:6158,3,25,21
fivb_vis:6158,4,26,24
fivb_vis:6158,5,12,15
fivb_vis:6159,1,25,23
fivb_vis:6159,2,21,25
fivb_vis:6159,3,25,11
fivb_vis:6159,4,25,14
fivb_vis:6160,1,32,30
fivb_vis:6160,2,15,25
fivb_vis:6160,3,26,24
fivb_vis:6160,4,13,25
fivb_vis:6160,5,10,15
fivb_vis:6161,1,17,25
fivb_vis:6161,2,25,21
fivb_vis:6161,3,14,25
fivb_vis:6161,4,20,25
fivb_vis:6162,1,26,28
fivb_vis:6162,2,27,25
fivb_vis:6162,3,25,19
fivb_vis:6162,4,25,22
fivb_vis:6163,1,20,25
fivb_vis:6163,2,26,24
fivb_vis:6163,3,25,22
fivb_vis:6163,4,25,13
fivb_vis:6164,1,21,25
fivb_vis:6164,2,20,25
fivb_vis:6164,3,17,25
fivb_vis:6165,1,25,17
fivb_vis:6165,2,25,21
fivb_vis:6165,3,25,27
fivb_vis:6165,4,25,18
fivb_vis:6166,1,25,20
fivb_vis:6166,2,25,17
fivb_vis:6166,3,25,15
fivb_vis:6167,1,18,25
fivb_vis:6167,2,25,19
fivb_vis:6167,3,21,25
fivb_vis:6167,4,25,27
fivb_vis:6168,1,25,17
fivb_vis:6168,2,25,16
fivb_vis:6168,3,29,27
fivb_vis:6169,1,25,18
fivb_vis:6169,2,25,23
fivb_vis:6169,3,29,27
fivb_vis:6170,1,23,25
fivb_vis:6170,2,26,24
fivb_vis:6170,3,25,23
fivb_vis:6170,4,20,25
fivb_vis:6170,5,15,13
fivb_vis:6171,1,25,17
fivb_vis:6171,2,25,15
fivb_vis:6171,3,25,21
fivb_vis:6172,1,18,25
fivb_vis:6172,2,23,25
fivb_vis:6172,3,25,15
fivb_vis:6172,4,25,20
fivb_vis:6172,5,15,11
fivb_vis:6173,1,25,19
fivb_vis:6173,2,18,25
fivb_vis:6173,3,25,22
fivb_vis:6173,4,26,28
fivb_vis:6173,5,13,15
fivb_vis:6174,1,25,19
fivb_vis:6174,2,21,25
fivb_vis:6174,3,25,18
fivb_vis:6174,4,25,20
fivb_vis:6175,1,20,25
fivb_vis:6175,2,13,25
fivb_vis:6175,3,21,25
fivb_vis:6176,1,32,34
fivb_vis:6176,2,25,14
fivb_vis:6176,3,25,21
fivb_vis:6176,4,27,29
fivb_vis:6176,5,20,18
fivb_vis:6177,1,25,21
fivb_vis:6177,2,25,20
fivb_vis:6177,3,25,15
fivb_vis:6178,1,27,25
fivb_vis:6178,2,23,25
fivb_vis:6178,3,16,25
fivb_vis:6178,4,23,25
fivb_vis:6179,1,25,20
fivb_vis:6179,2,25,19
fivb_vis:6179,3,25,20
fivb_vis:6180,1,24,26
fivb_vis:6180,2,18,25
fivb_vis:6180,3,20,25
fivb_vis:6181,1,25,18
fivb_vis:6181,2,25,16
fivb_vis:6181,3,25,20
fivb_vis:6182,1,25,19
fivb_vis:6182,2,25,23
fivb_vis:6182,3,25,21
fivb_vis:6183,1,25,21
fivb_vis:6183,2,25,19
fivb_vis:6183,3,25,19
fivb_vis:6184,1,18,25
fivb_vis:6184,2,19,25
fivb_vis:6184,3,21,25
fivb_vis:6185,1,25,23
fivb_vis:6185,2,15,25
fivb_vis:6185,3,19,25
fivb_vis:6185,4,19,25
fivb_vis:6186,1,24,26
fivb_vis:6186,2,16,25
fivb_vis:6186,3,18,25
fivb_vis:6187,1,20,25
fivb_vis:6187,2,25,19
fivb_vis:6187,3,25,22
fivb_vis:6187,4,25,21
fivb_vis:6188,1,25,18
fivb_vis:6188,2,25,23
fivb_vis:6188,3,25,22
fivb_vis:6189,1,33,31
fivb_vis:6189,2,26,24
fivb_vis:6189,3,25,19
fivb_vis:6190,1,20,25
fivb_vis:6190,2,23,25
fivb_vis:6190,3,18,25
fivb_vis:6191,1,21,25
fivb_vis:6191,2,16,25
fivb_vis:6191,3,19,25
fivb_vis:6192,1,21,25
fivb_vis:6192,2,23,25
fivb_vis:6192,3,16,25
fivb_vis:6193,1,25,14
fivb_vis:6193,2,25,19
fivb_vis:6193,3,29,27
fivb_vis:6194,1,25,16
fivb_vis:6194,2,25,22
fivb_vis:6194,3,25,18
fivb_vis:6195,1,25,22
fivb_vis:6195,2,25,23
fivb_vis:6195,3,18,25
fivb_vis:6195,4,21,25
fivb_vis:6195,5,12,15
fivb_vis:6196,1,20,25
fivb_vis:6196,2,24,26
fivb_vis:6196,3,18,25
fivb_vis:6197,1,21,25
fivb_vis:6197,2,25,23
fivb_vis:6197,3,27,29
fivb_vis:6197,4,22,25
fivb_vis:6198,1,15,25
fivb_vis:6198,2,22,25
fivb_vis:6198,3,17,25
fivb_vis:6199,1,25,15
fivb_vis:6199,2,26,24
fivb_vis:6199,3,25,18
fivb_vis:6200,1,24,26
fivb_vis:6200,2,22,25
fivb_vis:6200,3,21,25
fivb_vis:6201,1,25,17
fivb_vis:6201,2,19,25
fivb_vis:6201,3,23,25
fivb_vis:6201,4,15,25
fivb_vis:6202,1,23,25
fivb_vis:6202,2,25,21
fivb_vis:6202,3,23,25
fivb_vis:6202,4,25,17
fivb_vis:6202,5,15,11
fivb_vis:6203,1,25,18
fivb_vis:6203,2,25,22
fivb_vis:6203,3,25,23
fivb_vis:6204,1,27,25
fivb_vis:6204,2,27,25
fivb_vis:6204,3,25,22
fivb_vis:6205,1,22,25
fivb_vis:6205,2,25,20
fivb_vis:6205,3,25,21
fivb_vis:6205,4,20,25
fivb_vis:6205,5,16,14
fivb_vis:6206,1,26,24
fivb_vis:6206,2,25,27
fivb_vis:6206,3,21,25
fivb_vis:6206,4,19,25
fivb_vis:6207,1,25,23
fivb_vis:6207,2,26,24
fivb_vis:6207,3,25,17
fivb_vis:6208,1,25,18
fivb_vis:6208,2,20,25
fivb_vis:6208,3,25,18
fivb_vis:6208,4,25,20
fivb_vis:6209,1,25,23
fivb_vis:6209,2,29,27
fivb_vis:6209,3,26,24
fivb_vis:6210,1,25,19
fivb_vis:6210,2,25,17
fivb_vis:6210,3,25,19
fivb_vis:6211,1,26,24
fivb_vis:6211,2,22,25
fivb_vis:6211,3,25,22
fivb_vis:6211,4,25,19
fivb_vis:6212,1,29,27
fivb_vis:6212,2,17,25
fivb_vis:6212,3,25,21
fivb_vis:6212,4,17,25
fivb_vis:6212,5,13,15
fivb_vis:6213,1,25,20
fivb_vis:6213,2,25,21
fivb_vis:6213,3,17,25
fivb_vis:6213,4,25,20
fivb_vis:6214,1,18,25
fivb_vis:6214,2,11,25
fivb_vis:6214,3,23,25
fivb_vis:6215,1,25,19
fivb_vis:6215,2,25,21
fivb_vis:6215,3,25,17
fivb_vis:6216,1,25,16
fivb_vis:6216,2,25,21
fivb_vis:6216,3,22,25
fivb_vis:6216,4,25,21
fivb_vis:634,1,25,14
fivb_vis:634,2,25,15
fivb_vis:634,3,25,20
fivb_vis:635,1,25,13
fivb_vis:635,2,25,10
fivb_vis:635,3,25,12
fivb_vis:636,1,13,25
fivb_vis:636,2,17,25
fivb_vis:636,3,13,25
fivb_vis:637,1,14,25
fivb_vis:637,2,9,25
fivb_vis:637,3,13,25
fivb_vis:638,1,17,25
fivb_vis:638,2,18,25
fivb_vis:638,3,25,21
fivb_vis:638,4,25,17
fivb_vis:638,5,8,15
fivb_vis:639,1,25,21
fivb_vis:639,2,25,19
fivb_vis:639,3,26,24
fivb_vis:7119,1,14,25
fivb_vis:7119,2,15,25
fivb_vis:7119,3,13,25
fivb_vis:7120,1,25,10
fivb_vis:7120,2,25,11
fivb_vis:7120,3,25,12
fivb_vis:7121,1,25,14
fivb_vis:7121,2,23,25
fivb_vis:7121,3,25,14
fivb_vis:7121,4,25,16
fivb_vis:7122,1,25,17
fivb_vis:7122,2,26,24
fivb_vis:7122,3,25,18
fivb_vis:7123,1,16,25
fivb_vis:7123,2,12,25
fivb_vis:7123,3,18,25
fivb_vis:7124,1,25,8
fivb_vis:7124,2,25,23
fivb_vis:7124,3,25,15
fivb_vis:7039,1,25,21
fivb_vis:7039,2,25,21
fivb_vis:7039,3,25,21
fivb_vis:7040,1,25,21
fivb_vis:7040,2,25,16
fivb_vis:7040,3,25,21
fivb_vis:7041,1,25,14
fivb_vis:7041,2,22,25
fivb_vis:7041,3,26,24
fivb_vis:7041,4,25,21
fivb_vis:7042,1,22,25
fivb_vis:7042,2,25,21
fivb_vis:7042,3,25,22
fivb_vis:7042,4,25,22
fivb_vis:7043,1,25,23
fivb_vis:7043,2,18,25
fivb_vis:7043,3,19,25
fivb_vis:7043,4,23,25
fivb_vis:7044,1,25,23
fivb_vis:7044,2,23,25
fivb_vis:7044,3,23,25
fivb_vis:7044,4,25,19
fivb_vis:7044,5,18,20
fivb_vis:640,1,18,25
fivb_vis:640,2,19,25
fivb_vis:640,3,22,25
fivb_vis:641,1,25,13
fivb_vis:641,2,25,21
fivb_vis:641,3,25,18
fivb_vis:642,1,25,18
fivb_vis:642,2,25,10
fivb_vis:642,3,25,14
fivb_vis:643,1,22,25
fivb_vis:643,2,22,25
fivb_vis:643,3,25,17
fivb_vis:643,4,25,18
fivb_vis:643,5,15,12
fivb_vis:644,1,14,25
fivb_vis:644,2,16,25
fivb_vis:644,3,20,25
fivb_vis:645,1,15,25
fivb_vis:645,2,18,25
fivb_vis:645,3,17,25
fivb_vis:646,1,25,17
fivb_vis:646,2,25,23
fivb_vis:646,3,23,25
fivb_vis:646,4,18,25
fivb_vis:646,5,11,15
fivb_vis:647,1,25,15
fivb_vis:647,2,25,15
fivb_vis:647,3,25,10
fivb_vis:648,1,18,25
fivb_vis:648,2,16,25
fivb_vis:648,3,23,25
fivb_vis:649,1,25,19
fivb_vis:649,2,25,16
fivb_vis:649,3,25,18
fivb_vis:650,1,14,25
fivb_vis:650,2,25,22
fivb_vis:650,3,25,21
fivb_vis:650,4,21,25
fivb_vis:650,5,13,15
fivb_vis:651,1,25,15
fivb_vis:651,2,25,16
fivb_vis:651,3,25,23
fivb_vis:652,1,23,25
fivb_vis:652,2,21,25
fivb_vis:652,3,23,25
fivb_vis:653,1,15,25
fivb_vis:653,2,12,25
fivb_vis:653,3,15,25
fivb_vis:654,1,25,19
fivb_vis:654,2,22,25
fivb_vis:654,3,22,25
fivb_vis:654,4,16,25
fivb_vis:655,1,25,15
fivb_vis:655,2,25,15
fivb_vis:655,3,25,14
fivb_vis:656,1,25,16
fivb_vis:656,2,25,22
fivb_vis:656,3,23,25
fivb_vis:656,4,25,23
fivb_vis:657,1,15,25
fivb_vis:657,2,16,25
fivb_vis:657,3,16,25
fivb_vis:5158,1,25,17
fivb_vis:5158,2,25,20
fivb_vis:5158,3,25,8
fivb_vis:5159,1,25,13
fivb_vis:5159,2,25,9
fivb_vis:5159,3,25,9
fivb_vis:5166,1,12,25
fivb_vis:5166,2,25,23
fivb_vis:5166,3,25,19
fivb_vis:5166,4,30,28
fivb_vis:5169,1,25,12
fivb_vis:5169,2,25,14
fivb_vis:5169,3,25,16
fivb_vis:5175,1,18,25
fivb_vis:5175,2,18,25
fivb_vis:5175,3,19,25
fivb_vis:5177,1,25,7
fivb_vis:5177,2,25,10
fivb_vis:5177,3,25,15
fivb_vis:5184,1,25,15
fivb_vis:5184,2,23,25
fivb_vis:5184,3,25,18
fivb_vis:5184,4,21,25
fivb_vis:5184,5,12,15
fivb_vis:5185,1,25,18
fivb_vis:5185,2,25,22
fivb_vis:5185,3,25,15
fivb_vis:5155,1,25,17
fivb_vis:5155,2,20,25
fivb_vis:5155,3,25,13
fivb_vis:5155,4,25,16
fivb_vis:5156,1,25,10
fivb_vis:5156,2,25,18
fivb_vis:5156,3,25,11
fivb_vis:5160,1,19,25
fivb_vis:5160,2,19,25
fivb_vis:5160,3,27,25
fivb_vis:5160,4,22,25
fivb_vis:5163,1,25,16
fivb_vis:5163,2,25,12
fivb_vis:5163,3,25,9
fivb_vis:5171,1,16,25
fivb_vis:5171,2,25,16
fivb_vis:5171,3,18,25
fivb_vis:5171,4,25,23
fivb_vis:5171,5,15,11
fivb_vis:5173,1,25,12
fivb_vis:5173,2,25,13
fivb_vis:5173,3,25,16
fivb_vis:5179,1,25,21
fivb_vis:5179,2,22,25
fivb_vis:5179,3,25,21
fivb_vis:5179,4,23,25
fivb_vis:5179,5,15,13
fivb_vis:5181,1,25,18
fivb_vis:5181,2,25,5
fivb_vis:5181,3,25,5
fivb_vis:711,1,22,25
fivb_vis:711,2,25,20
fivb_vis:711,3,23,25
fivb_vis:711,4,25,20
fivb_vis:711,5,29,27
fivb_vis:712,1,16,25
fivb_vis:712,2,22,25
fivb_vis:712,3,17,25
fivb_vis:713,1,25,22
fivb_vis:713,2,21,25
fivb_vis:713,3,25,18
fivb_vis:713,4,22,25
fivb_vis:713,5,14,16
fivb_vis:714,1,17,25
fivb_vis:714,2,19,25
fivb_vis:714,3,17,25
fivb_vis:715,1,25,21
fivb_vis:715,2,19,25
fivb_vis:715,3,25,20
fivb_vis:715,4,25,17
fivb_vis:716,1,26,28
fivb_vis:716,2,28,30
fivb_vis:716,3,20,25
fivb_vis:717,1,22,25
fivb_vis:717,2,26,28
fivb_vis:717,3,10,25
fivb_vis:718,1,25,19
fivb_vis:718,2,25,21
fivb_vis:718,3,23,25
fivb_vis:718,4,25,23
fivb_vis:719,1,25,15
fivb_vis:719,2,25,20
fivb_vis:719,3,25,21
fivb_vis:720,1,25,19
fivb_vis:720,2,25,18
fivb_vis:720,3,23,25
fivb_vis:720,4,25,18
fivb_vis:721,1,25,21
fivb_vis:721,2,20,25
fivb_vis:721,3,25,17
fivb_vis:721,4,25,22
fivb_vis:722,1,30,28
fivb_vis:722,2,25,17
fivb_vis:722,3,25,16
fivb_vis:723,1,22,25
fivb_vis:723,2,25,15
fivb_vis:723,3,25,12
fivb_vis:723,4,25,16
fivb_vis:724,1,26,24
fivb_vis:724,2,25,22
fivb_vis:724,3,25,20
fivb_vis:725,1,19,25
fivb_vis:725,2,21,25
fivb_vis:725,3,21,25
fivb_vis:726,1,19,25
fivb_vis:726,2,25,18
fivb_vis:726,3,27,25
fivb_vis:726,4,25,17
fivb_vis:727,1,21,25
fivb_vis:727,2,25,20
fivb_vis:727,3,27,25
fivb_vis:727,4,25,20
fivb_vis:728,1,25,18
fivb_vis:728,2,25,14
fivb_vis:728,3,25,17
fivb_vis:729,1,16,25
fivb_vis:729,2,14,25
fivb_vis:729,3,19,25
fivb_vis:730,1,25,22
fivb_vis:730,2,35,37
fivb_vis:730,3,26,24
fivb_vis:730,4,25,22
fivb_vis:731,1,25,23
fivb_vis:731,2,25,19
fivb_vis:731,3,26,24
fivb_vis:732,1,19,25
fivb_vis:732,2,21,25
fivb_vis:732,3,19,25
fivb_vis:733,1,25,13
fivb_vis:733,2,25,21
fivb_vis:733,3,25,17
fivb_vis:734,1,27,29
fivb_vis:734,2,25,20
fivb_vis:734,3,30,28
fivb_vis:734,4,22,25
fivb_vis:734,5,12,15
fivb_vis:735,1,25,17
fivb_vis:735,2,23,25
fivb_vis:735,3,21,25
fivb_vis:735,4,25,22
fivb_vis:735,5,15,9
fivb_vis:736,1,25,21
fivb_vis:736,2,21,25
fivb_vis:736,3,25,14
fivb_vis:736,4,25,23
fivb_vis:737,1,19,25
fivb_vis:737,2,20,25
fivb_vis:737,3,23,25
fivb_vis:738,1,18,25
fivb_vis:738,2,22,25
fivb_vis:738,3,18,25
fivb_vis:739,1,25,14
fivb_vis:739,2,25,21
fivb_vis:739,3,25,19
fivb_vis:740,1,22,25
fivb_vis:740,2,18,25
fivb_vis:740,3,19,25
fivb_vis:741,1,19,25
fivb_vis:741,2,22,25
fivb_vis:741,3,25,16
fivb_vis:741,4,25,21
fivb_vis:741,5,15,13
fivb_vis:742,1,21,25
fivb_vis:742,2,13,25
fivb_vis:742,3,15,25
fivb_vis:743,1,25,17
fivb_vis:743,2,19,25
fivb_vis:743,3,21,25
fivb_vis:743,4,25,23
fivb_vis:743,5,15,9
fivb_vis:744,1,25,22
fivb_vis:744,2,19,25
fivb_vis:744,3,19,25
fivb_vis:744,4,17,25
fivb_vis:745,1,25,20
fivb_vis:745,2,25,20
fivb_vis:745,3,25,19
fivb_vis:746,1,25,19
fivb_vis:746,2,25,19
fivb_vis:746,3,25,21
fivb_vis:747,1,24,26
fivb_vis:747,2,22,25
fivb_vis:747,3,18,25
fivb_vis:748,1,19,25
fivb_vis:748,2,18,25
fivb_vis:748,3,19,25
fivb_vis:749,1,23,25
fivb_vis:749,2,23,25
fivb_vis:749,3,21,25
fivb_vis:750,1,18,25
fivb_vis:750,2,15,25
fivb_vis:750,3,18,25
fivb_vis:751,1,17,25
fivb_vis:751,2,19,25
fivb_vis:751,3,13,25
fivb_vis:752,1,25,19
fivb_vis:752,2,25,16
fivb_vis:752,3,25,21
fivb_vis:753,1,25,22
fivb_vis:753,2,25,19
fivb_vis:753,3,16,25
fivb_vis:753,4,25,21
fivb_vis:754,1,22,25
fivb_vis:754,2,21,25
fivb_vis:754,3,19,25
fivb_vis:755,1,26,24
fivb_vis:755,2,19,25
fivb_vis:755,3,18,25
fivb_vis:755,4,19,25
fivb_vis:756,1,17,25
fivb_vis:756,2,12,25
fivb_vis:756,3,19,25
fivb_vis:757,1,26,24
fivb_vis:757,2,22,25
fivb_vis:757,3,25,15
fivb_vis:757,4,25,17
fivb_vis:758,1,25,20
fivb_vis:758,2,25,17
fivb_vis:758,3,25,20
fivb_vis:759,1,20,25
fivb_vis:759,2,22,25
fivb_vis:759,3,16,25
fivb_vis:760,1,25,21
fivb_vis:760,2,23,25
fivb_vis:760,3,25,22
fivb_vis:760,4,22,25
fivb_vis:760,5,15,12
fivb_vis:761,1,18,25
fivb_vis:761,2,25,27
fivb_vis:761,3,19,25
fivb_vis:762,1,25,17
fivb_vis:762,2,25,17
fivb_vis:762,3,25,23
fivb_vis:763,1,21,25
fivb_vis:763,2,25,16
fivb_vis:763,3,25,19
fivb_vis:763,4,25,22
fivb_vis:764,1,21,25
fivb_vis:764,2,19,25
fivb_vis:764,3,20,25
fivb_vis:765,1,16,25
fivb_vis:765,2,19,25
fivb_vis:765,3,18,25
fivb_vis:766,1,25,22
fivb_vis:766,2,25,22
fivb_vis:766,3,25,18
fivb_vis:767,1,25,22
fivb_vis:767,2,20,25
fivb_vis:767,3,20,25
fivb_vis:767,4,20,25
fivb_vis:768,1,25,21
fivb_vis:768,2,18,25
fivb_vis:768,3,25,21
fivb_vis:768,4,25,22
fivb_vis:769,1,25,22
fivb_vis:769,2,25,17
fivb_vis:769,3,28,26
fivb_vis:770,1,25,21
fivb_vis:770,2,15,25
fivb_vis:770,3,25,18
fivb_vis:770,4,25,21
fivb_vis:771,1,17,25
fivb_vis:771,2,22,25
fivb_vis:771,3,23,25
fivb_vis:772,1,25,23
fivb_vis:772,2,20,25
fivb_vis:772,3,22,25
fivb_vis:772,4,25,17
fivb_vis:772,5,15,8
fivb_vis:773,1,25,23
fivb_vis:773,2,21,25
fivb_vis:773,3,19,25
fivb_vis:773,4,18,25
fivb_vis:774,1,25,16
fivb_vis:774,2,25,22
fivb_vis:774,3,21,25
fivb_vis:774,4,25,18
fivb_vis:775,1,21,25
fivb_vis:775,2,25,18
fivb_vis:775,3,26,24
fivb_vis:775,4,20,25
fivb_vis:775,5,15,8
fivb_vis:776,1,14,25
fivb_vis:776,2,25,23
fivb_vis:776,3,21,25
fivb_vis:776,4,22,25
fivb_vis:5157,1,16,25
fivb_vis:5157,2,17,25
fivb_vis:5157,3,13,25
fivb_vis:5164,1,25,22
fivb_vis:5164,2,19,25
fivb_vis:5164,3,25,23
fivb_vis:5164,4,25,15
fivb_vis:5167,1,25,11
fivb_vis:5167,2,25,10
fivb_vis:5167,3,25,12
fivb_vis:5161,1,25,17
fivb_vis:5161,2,23,25
fivb_vis:5161,3,20,25
fivb_vis:5161,4,25,18
fivb_vis:5161,5,13,15
fivb_vis:5168,1,25,17
fivb_vis:5168,2,25,12
fivb_vis:5168,3,25,18
fivb_vis:5172,1,25,21
fivb_vis:5172,2,25,20
fivb_vis:5172,3,23,25
fivb_vis:5172,4,25,23
fivb_vis:5174,1,25,13
fivb_vis:5174,2,25,11
fivb_vis:5174,3,25,21
fivb_vis:5178,1,26,28
fivb_vis:5178,2,25,23
fivb_vis:5178,3,25,20
fivb_vis:5178,4,25,19
fivb_vis:5183,1,25,14
fivb_vis:5183,2,25,16
fivb_vis:5183,3,25,12
fivb_vis:5187,1,19,25
fivb_vis:5187,2,28,26
fivb_vis:5187,3,20,25
fivb_vis:5187,4,19,25
fivb_vis:5188,1,25,14
fivb_vis:5188,2,25,15
fivb_vis:5188,3,25,16
fivb_vis:5162,1,25,12
fivb_vis:5162,2,25,14
fivb_vis:5162,3,25,19
fivb_vis:5165,1,25,9
fivb_vis:5165,2,25,10
fivb_vis:5165,3,25,9
fivb_vis:5170,1,25,22
fivb_vis:5170,2,25,14
fivb_vis:5170,3,25,19
fivb_vis:5176,1,25,16
fivb_vis:5176,2,25,20
fivb_vis:5176,3,22,25
fivb_vis:5176,4,25,16
fivb_vis:5180,1,25,11
fivb_vis:5180,2,25,16
fivb_vis:5180,3,25,21
fivb_vis:5182,1,25,12
fivb_vis:5182,2,25,9
fivb_vis:5182,3,25,11
fivb_vis:5186,1,25,13
fivb_vis:5186,2,25,10
fivb_vis:5186,3,25,11
fivb_vis:5189,1,25,16
fivb_vis:5189,2,25,19
fivb_vis:5189,3,25,17
fivb_vis:5443,1,25,14
fivb_vis:5443,2,25,17
fivb_vis:5443,3,25,11
fivb_vis:5444,1,25,17
fivb_vis:5444,2,25,16
fivb_vis:5444,3,25,15
fivb_vis:5445,1,13,25
fivb_vis:5445,2,15,25
fivb_vis:5445,3,20,25
fivb_vis:5446,1,26,24
fivb_vis:5446,2,25,19
fivb_vis:5446,3,25,13
fivb_vis:5449,1,25,16
fivb_vis:5449,2,24,26
fivb_vis:5449,3,25,10
fivb_vis:5449,4,25,19
fivb_vis:5450,1,25,22
fivb_vis:5450,2,25,15
fivb_vis:5450,3,25,21
fivb_vis:5453,1,25,19
fivb_vis:5453,2,25,19
fivb_vis:5453,3,23,25
fivb_vis:5453,4,25,18
fivb_vis:5454,1,12,25
fivb_vis:5454,2,14,25
fivb_vis:5454,3,19,25
fivb_vis:5455,1,26,24
fivb_vis:5455,2,22,25
fivb_vis:5455,3,26,28
fivb_vis:5455,4,18,25
fivb_vis:5456,1,14,25
fivb_vis:5456,2,29,31
fivb_vis:5456,3,17,25
fivb_vis:777,1,25,21
fivb_vis:777,2,25,20
fivb_vis:777,3,25,21
fivb_vis:778,1,19,25
fivb_vis:778,2,34,32
fivb_vis:778,3,28,26
fivb_vis:778,4,21,25
fivb_vis:778,5,15,13
fivb_vis:779,1,13,25
fivb_vis:779,2,21,25
fivb_vis:779,3,26,24
fivb_vis:779,4,26,24
fivb_vis:779,5,12,15
fivb_vis:780,1,25,21
fivb_vis:780,2,19,25
fivb_vis:780,3,15,25
fivb_vis:780,4,22,25
fivb_vis:781,1,22,25
fivb_vis:781,2,22,25
fivb_vis:781,3,25,22
fivb_vis:781,4,17,25
fivb_vis:782,1,20,25
fivb_vis:782,2,25,22
fivb_vis:782,3,25,21
fivb_vis:782,4,30,28
fivb_vis:783,1,18,25
fivb_vis:783,2,25,20
fivb_vis:783,3,21,25
fivb_vis:783,4,18,25
fivb_vis:784,1,25,23
fivb_vis:784,2,25,19
fivb_vis:784,3,25,22
fivb_vis:785,1,25,20
fivb_vis:785,2,24,26
fivb_vis:785,3,16,25
fivb_vis:785,4,25,16
fivb_vis:785,5,8,15
fivb_vis:786,1,25,21
fivb_vis:786,2,26,24
fivb_vis:786,3,25,21
fivb_vis:787,1,22,25
fivb_vis:787,2,18,25
fivb_vis:787,3,23,25
fivb_vis:788,1,25,22
fivb_vis:788,2,24,26
fivb_vis:788,3,17,25
fivb_vis:788,4,28,26
fivb_vis:788,5,15,13
fivb_vis:789,1,21,25
fivb_vis:789,2,22,25
fivb_vis:789,3,22,25
fivb_vis:790,1,27,29
fivb_vis:790,2,19,25
fivb_vis:790,3,25,21
fivb_vis:790,4,25,20
fivb_vis:790,5,15,12
fivb_vis:791,1,25,22
fivb_vis:791,2,22,25
fivb_vis:791,3,20,25
fivb_vis:791,4,25,23
fivb_vis:791,5,13,15
fivb_vis:792,1,25,19
fivb_vis:792,2,25,18
fivb_vis:792,3,25,16
fivb_vis:793,1,23,25
fivb_vis:793,2,28,30
fivb_vis:793,3,26,24
fivb_vis:793,4,24,26
fivb_vis:794,1,25,14
fivb_vis:794,2,25,23
fivb_vis:794,3,25,20
fivb_vis:795,1,20,25
fivb_vis:795,2,25,23
fivb_vis:795,3,17,25
fivb_vis:795,4,20,25
fivb_vis:796,1,22,25
fivb_vis:796,2,19,25
fivb_vis:796,3,23,25
fivb_vis:797,1,30,28
fivb_vis:797,2,25,22
fivb_vis:797,3,25,21
fivb_vis:798,1,25,15
fivb_vis:798,2,29,27
fivb_vis:798,3,25,20
fivb_vis:799,1,25,16
fivb_vis:799,2,22,25
fivb_vis:799,3,25,18
fivb_vis:799,4,25,22
fivb_vis:800,1,28,26
fivb_vis:800,2,23,25
fivb_vis:800,3,16,25
fivb_vis:800,4,23,25
fivb_vis:801,1,25,22
fivb_vis:801,2,21,25
fivb_vis:801,3,25,17
fivb_vis:801,4,17,25
fivb_vis:801,5,15,17
fivb_vis:802,1,25,13
fivb_vis:802,2,25,19
fivb_vis:802,3,26,24
fivb_vis:803,1,23,25
fivb_vis:803,2,20,25
fivb_vis:803,3,25,21
fivb_vis:803,4,34,36
fivb_vis:804,1,25,15
fivb_vis:804,2,25,19
fivb_vis:804,3,25,20
fivb_vis:805,1,22,25
fivb_vis:805,2,26,28
fivb_vis:805,3,21,25
fivb_vis:806,1,20,25
fivb_vis:806,2,25,22
fivb_vis:806,3,25,23
fivb_vis:806,4,29,27
fivb_vis:807,1,25,16
fivb_vis:807,2,15,25
fivb_vis:807,3,25,20
fivb_vis:807,4,25,23
fivb_vis:808,1,25,22
fivb_vis:808,2,17,25
fivb_vis:808,3,22,25
fivb_vis:808,4,17,25
fivb_vis:809,1,25,15
fivb_vis:809,2,21,25
fivb_vis:809,3,25,21
fivb_vis:809,4,25,19
fivb_vis:810,1,22,25
fivb_vis:810,2,25,23
fivb_vis:810,3,18,25
fivb_vis:810,4,21,25
fivb_vis:811,1,21,25
fivb_vis:811,2,12,25
fivb_vis:811,3,23,25
fivb_vis:812,1,19,25
fivb_vis:812,2,20,25
fivb_vis:812,3,21,25
fivb_vis:813,1,25,22
fivb_vis:813,2,25,22
fivb_vis:813,3,30,32
fivb_vis:813,4,20,25
fivb_vis:813,5,16,18
fivb_vis:814,1,22,25
fivb_vis:814,2,22,25
fivb_vis:814,3,23,25
fivb_vis:815,1,25,16
fivb_vis:815,2,22,25
fivb_vis:815,3,27,25
fivb_vis:815,4,27,25
fivb_vis:816,1,25,19
fivb_vis:816,2,20,25
fivb_vis:816,3,25,22
fivb_vis:816,4,21,25
fivb_vis:816,5,15,12
fivb_vis:817,1,19,25
fivb_vis:817,2,19,25
fivb_vis:817,3,23,25
fivb_vis:818,1,22,25
fivb_vis:818,2,25,21
fivb_vis:818,3,28,26
fivb_vis:818,4,25,22
fivb_vis:819,1,19,25
fivb_vis:819,2,18,25
fivb_vis:819,3,23,25
fivb_vis:820,1,25,20
fivb_vis:820,2,25,14
fivb_vis:820,3,25,19
fivb_vis:821,1,22,25
fivb_vis:821,2,25,17
fivb_vis:821,3,25,22
fivb_vis:821,4,25,18
fivb_vis:822,1,15,25
fivb_vis:822,2,29,27
fivb_vis:822,3,25,21
fivb_vis:822,4,21,25
fivb_vis:822,5,13,15
fivb_vis:823,1,25,22
fivb_vis:823,2,23,25
fivb_vis:823,3,25,21
fivb_vis:823,4,25,18
fivb_vis:824,1,25,16
fivb_vis:824,2,25,18
fivb_vis:824,3,25,18
fivb_vis:825,1,17,25
fivb_vis:825,2,13,25
fivb_vis:825,3,25,21
fivb_vis:825,4,24,26
fivb_vis:826,1,25,18
fivb_vis:826,2,29,31
fivb_vis:826,3,25,20
fivb_vis:826,4,25,20
fivb_vis:827,1,25,18
fivb_vis:827,2,25,21
fivb_vis:827,3,25,23
fivb_vis:828,1,25,13
fivb_vis:828,2,25,21
fivb_vis:828,3,25,22
fivb_vis:829,1,25,21
fivb_vis:829,2,25,19
fivb_vis:829,3,21,25
fivb_vis:829,4,25,17
fivb_vis:830,1,25,20
fivb_vis:830,2,25,22
fivb_vis:830,3,22,25
fivb_vis:830,4,25,23
fivb_vis:831,1,20,25
fivb_vis:831,2,25,22
fivb_vis:831,3,25,20
fivb_vis:831,4,25,21
fivb_vis:832,1,25,19
fivb_vis:832,2,25,22
fivb_vis:832,3,25,23
fivb_vis:833,1,13,25
fivb_vis:833,2,25,22
fivb_vis:833,3,21,25
fivb_vis:833,4,15,25
fivb_vis:834,1,19,25
fivb_vis:834,2,23,25
fivb_vis:834,3,24,26
fivb_vis:835,1,18,25
fivb_vis:835,2,18,25
fivb_vis:835,3,17,25
fivb_vis:836,1,13,25
fivb_vis:836,2,21,25
fivb_vis:836,3,13,25
fivb_vis:837,1,18,25
fivb_vis:837,2,23,25
fivb_vis:837,3,25,20
fivb_vis:837,4,23,25
fivb_vis:838,1,18,25
fivb_vis:838,2,20,25
fivb_vis:838,3,14,25
fivb_vis:839,1,23,25
fivb_vis:839,2,25,21
fivb_vis:839,3,25,17
fivb_vis:839,4,25,22
fivb_vis:840,1,25,22
fivb_vis:840,2,25,18
fivb_vis:840,3,25,23
fivb_vis:841,1,25,19
fivb_vis:841,2,25,18
fivb_vis:841,3,25,23
fivb_vis:842,1,25,19
fivb_vis:842,2,25,23
fivb_vis:842,3,25,18
fivb_vis:843,1,23,25
fivb_vis:843,2,22,25
fivb_vis:843,3,16,25
fivb_vis:844,1,22,25
fivb_vis:844,2,18,25
fivb_vis:844,3,20,25
fivb_vis:845,1,20,25
fivb_vis:845,2,16,25
fivb_vis:845,3,15,25
fivb_vis:846,1,18,25
fivb_vis:846,2,16,25
fivb_vis:846,3,26,24
fivb_vis:846,4,17,25
fivb_vis:847,1,23,25
fivb_vis:847,2,23,25
fivb_vis:847,3,25,22
fivb_vis:847,4,25,23
fivb_vis:847,5,15,6
fivb_vis:848,1,25,21
fivb_vis:848,2,25,17
fivb_vis:848,3,25,17
fivb_vis:849,1,25,22
fivb_vis:849,2,25,20
fivb_vis:849,3,26,24
fivb_vis:850,1,17,25
fivb_vis:850,2,25,12
fivb_vis:850,3,24,26
fivb_vis:850,4,25,17
fivb_vis:850,5,15,11
fivb_vis:851,1,22,25
fivb_vis:851,2,25,23
fivb_vis:851,3,20,25
fivb_vis:851,4,18,25
fivb_vis:852,1,20,25
fivb_vis:852,2,15,25
fivb_vis:852,3,25,23
fivb_vis:852,4,15,25
fivb_vis:853,1,25,22
fivb_vis:853,2,25,21
fivb_vis:853,3,25,16
fivb_vis:854,1,25,20
fivb_vis:854,2,25,27
fivb_vis:854,3,21,25
fivb_vis:854,4,25,21
fivb_vis:854,5,15,12
fivb_vis:855,1,26,28
fivb_vis:855,2,16,25
fivb_vis:855,3,21,25
fivb_vis:856,1,19,25
fivb_vis:856,2,19,25
fivb_vis:856,3,25,22
fivb_vis:856,4,25,20
fivb_vis:856,5,15,11
fivb_vis:857,1,25,23
fivb_vis:857,2,25,20
fivb_vis:857,3,25,20
fivb_vis:858,1,25,23
fivb_vis:858,2,25,22
fivb_vis:858,3,22,25
fivb_vis:858,4,22,25
fivb_vis:858,5,10,15
fivb_vis:859,1,28,30
fivb_vis:859,2,25,15
fivb_vis:859,3,26,24
fivb_vis:859,4,24,26
fivb_vis:859,5,13,15
fivb_vis:860,1,31,29
fivb_vis:860,2,26,24
fivb_vis:860,3,24,26
fivb_vis:860,4,26,24
fivb_vis:861,1,40,38
fivb_vis:861,2,26,28
fivb_vis:861,3,25,16
fivb_vis:861,4,22,25
fivb_vis:861,5,11,15
fivb_vis:862,1,25,19
fivb_vis:862,2,25,18
fivb_vis:862,3,21,25
fivb_vis:862,4,20,25
fivb_vis:862,5,13,15
fivb_vis:863,1,20,25
fivb_vis:863,2,18,25
fivb_vis:863,3,20,25
fivb_vis:864,1,28,26
fivb_vis:864,2,25,19
fivb_vis:864,3,25,19
fivb_vis:865,1,25,22
fivb_vis:865,2,20,25
fivb_vis:865,3,25,22
fivb_vis:865,4,25,16
fivb_vis:866,1,25,23
fivb_vis:866,2,25,17
fivb_vis:866,3,17,25
fivb_vis:866,4,23,25
fivb_vis:866,5,15,10
fivb_vis:867,1,23,25
fivb_vis:867,2,27,25
fivb_vis:867,3,21,25
fivb_vis:867,4,13,25
fivb_vis:868,1,22,25
fivb_vis:868,2,17,25
fivb_vis:868,3,22,25
fivb_vis:869,1,25,20
fivb_vis:869,2,26,28
fivb_vis:869,3,25,23
fivb_vis:869,4,25,23
fivb_vis:870,1,25,19
fivb_vis:870,2,15,25
fivb_vis:870,3,25,22
fivb_vis:870,4,25,12
fivb_vis:871,1,23,25
fivb_vis:871,2,22,25
fivb_vis:871,3,20,25
fivb_vis:872,1,25,23
fivb_vis:872,2,25,27
fivb_vis:872,3,25,18
fivb_vis:872,4,25,12
fivb_vis:873,1,19,25
fivb_vis:873,2,25,23
fivb_vis:873,3,19,25
fivb_vis:873,4,18,25
fivb_vis:874,1,25,21
fivb_vis:874,2,24,26
fivb_vis:874,3,12,25
fivb_vis:874,4,25,21
fivb_vis:874,5,15,9
fivb_vis:875,1,25,17
fivb_vis:875,2,25,18
fivb_vis:875,3,25,27
fivb_vis:875,4,20,25
fivb_vis:875,5,17,15
fivb_vis:876,1,17,25
fivb_vis:876,2,25,18
fivb_vis:876,3,22,25
fivb_vis:876,4,21,25
fivb_vis:877,1,25,19
fivb_vis:877,2,25,17
fivb_vis:877,3,30,28
fivb_vis:878,1,25,18
fivb_vis:878,2,22,25
fivb_vis:878,3,25,18
fivb_vis:878,4,25,17
fivb_vis:879,1,22,25
fivb_vis:879,2,25,23
fivb_vis:879,3,25,23
fivb_vis:879,4,25,23
fivb_vis:880,1,12,25
fivb_vis:880,2,22,25
fivb_vis:880,3,17,25
fivb_vis:6140,1,25,22
fivb_vis:6140,2,25,18
fivb_vis:6140,3,25,17
fivb_vis:6141,1,25,15
fivb_vis:6141,2,25,12
fivb_vis:6141,3,25,17
fivb_vis:6142,1,12,25
fivb_vis:6142,2,20,25
fivb_vis:6142,3,13,25
fivb_vis:6143,1,25,17
fivb_vis:6143,2,25,22
fivb_vis:6143,3,25,15
fivb_vis:6144,1,22,25
fivb_vis:6144,2,25,19
fivb_vis:6144,3,25,21
fivb_vis:6144,4,21,25
fivb_vis:6144,5,15,17
fivb_vis:896,1,25,27
fivb_vis:896,2,22,25
fivb_vis:896,3,22,25
fivb_vis:897,1,23,25
fivb_vis:897,2,16,25
fivb_vis:897,3,17,25
fivb_vis:898,1,22,25
fivb_vis:898,2,27,25
fivb_vis:898,3,25,16
fivb_vis:898,4,25,10
fivb_vis:899,1,25,14
fivb_vis:899,2,20,25
fivb_vis:899,3,21,25
fivb_vis:899,4,26,28
fivb_vis:900,1,24,26
fivb_vis:900,2,24,26
fivb_vis:900,3,28,26
fivb_vis:900,4,25,19
fivb_vis:900,5,15,9
fivb_vis:901,1,24,26
fivb_vis:901,2,25,21
fivb_vis:901,3,25,23
fivb_vis:901,4,25,21
fivb_vis:902,1,26,28
fivb_vis:902,2,17,25
fivb_vis:902,3,15,25
fivb_vis:903,1,19,25
fivb_vis:903,2,18,25
fivb_vis:903,3,20,25
fivb_vis:904,1,25,21
fivb_vis:904,2,25,18
fivb_vis:904,3,25,12
fivb_vis:905,1,18,25
fivb_vis:905,2,19,25
fivb_vis:905,3,25,16
fivb_vis:905,4,25,14
fivb_vis:905,5,11,15
fivb_vis:906,1,25,21
fivb_vis:906,2,25,23
fivb_vis:906,3,25,21
fivb_vis:907,1,24,26
fivb_vis:907,2,25,22
fivb_vis:907,3,25,16
fivb_vis:907,4,25,18
fivb_vis:908,1,25,22
fivb_vis:908,2,25,20
fivb_vis:908,3,25,18
fivb_vis:909,1,17,25
fivb_vis:909,2,18,25
fivb_vis:909,3,22,25
fivb_vis:910,1,30,32
fivb_vis:910,2,22,25
fivb_vis:910,3,26,24
fivb_vis:910,4,18,25
fivb_vis:6714,1,25,14
fivb_vis:6714,2,25,13
fivb_vis:6714,3,25,18
fivb_vis:6715,1,25,13
fivb_vis:6715,2,25,10
fivb_vis:6715,3,25,10
fivb_vis:6716,1,25,22
fivb_vis:6716,2,25,16
fivb_vis:6716,3,25,22
fivb_vis:6717,1,11,25
fivb_vis:6717,2,13,25
fivb_vis:6717,3,12,25
fivb_vis:6718,1,16,25
fivb_vis:6718,2,19,25
fivb_vis:6718,3,13,25
fivb_vis:6719,1,25,21
fivb_vis:6719,2,25,18
fivb_vis:6719,3,25,19
fivb_vis:6720,1,20,25
fivb_vis:6720,2,25,18
fivb_vis:6720,3,25,23
fivb_vis:6720,4,25,21
fivb_vis:6721,1,23,25
fivb_vis:6721,2,17,25
fivb_vis:6721,3,23,25
fivb_vis:6722,1,18,25
fivb_vis:6722,2,17,25
fivb_vis:6722,3,14,25
fivb_vis:6723,1,25,17
fivb_vis:6723,2,25,19
fivb_vis:6723,3,25,19
fivb_vis:6724,1,25,20
fivb_vis:6724,2,25,13
fivb_vis:6724,3,25,22
fivb_vis:6725,1,23,25
fivb_vis:6725,2,25,20
fivb_vis:6725,3,25,23
fivb_vis:6725,4,21,25
fivb_vis:6725,5,6,15
fivb_vis:6726,1,20,25
fivb_vis:6726,2,25,20
fivb_vis:6726,3,25,23
fivb_vis:6726,4,25,22
fivb_vis:6727,1,27,25
fivb_vis:6727,2,25,13
fivb_vis:6727,3,25,23
fivb_vis:6728,1,23,25
fivb_vis:6728,2,21,25
fivb_vis:6728,3,19,25
fivb_vis:6729,1,25,23
fivb_vis:6729,2,19,25
fivb_vis:6729,3,25,18
fivb_vis:6729,4,25,17
fivb_vis:6702,1,15,25
fivb_vis:6702,2,11,25
fivb_vis:6702,3,13,25
fivb_vis:6703,1,25,19
fivb_vis:6703,2,25,19
fivb_vis:6703,3,18,25
fivb_vis:6703,4,20,25
fivb_vis:6703,5,15,13
fivb_vis:6704,1,22,25
fivb_vis:6704,2,25,18
fivb_vis:6704,3,25,22
fivb_vis:6704,4,20,25
fivb_vis:6704,5,12,15
fivb_vis:6705,1,25,16
fivb_vis:6705,2,25,12
fivb_vis:6705,3,25,23
fivb_vis:7017,1,17,25
fivb_vis:7017,2,25,13
fivb_vis:7017,3,25,23
fivb_vis:7017,4,25,23
fivb_vis:7018,1,25,18
fivb_vis:7018,2,25,18
fivb_vis:7018,3,25,15
fivb_vis:7019,1,27,25
fivb_vis:7019,2,16,25
fivb_vis:7019,3,24,26
fivb_vis:7019,4,20,25
fivb_vis:7020,1,25,14
fivb_vis:7020,2,24,26
fivb_vis:7020,3,25,12
fivb_vis:7020,4,25,14
fivb_vis:7021,1,32,30
fivb_vis:7021,2,25,17
fivb_vis:7021,3,25,20
fivb_vis:7022,1,25,19
fivb_vis:7022,2,25,19
fivb_vis:7022,3,25,18
fivb_vis:7023,1,25,19
fivb_vis:7023,2,25,23
fivb_vis:7023,3,25,16
fivb_vis:7024,1,25,22
fivb_vis:7024,2,25,20
fivb_vis:7024,3,33,31
fivb_vis:7025,1,25,16
fivb_vis:7025,2,25,22
fivb_vis:7025,3,25,23
fivb_vis:7026,1,15,25
fivb_vis:7026,2,22,25
fivb_vis:7026,3,23,25
fivb_vis:7027,1,25,23
fivb_vis:7027,2,25,16
fivb_vis:7027,3,24,26
fivb_vis:7027,4,24,26
fivb_vis:7027,5,10,15
fivb_vis:7028,1,15,25
fivb_vis:7028,2,21,25
fivb_vis:7028,3,21,25
fivb_vis:7063,1,17,25
fivb_vis:7063,2,20,25
fivb_vis:7063,3,27,25
fivb_vis:7063,4,18,25
fivb_vis:7064,1,26,24
fivb_vis:7064,2,26,28
fivb_vis:7064,3,25,16
fivb_vis:7064,4,25,20
fivb_vis:7065,1,12,25
fivb_vis:7065,2,25,21
fivb_vis:7065,3,14,25
fivb_vis:7065,4,8,25
fivb_vis:7066,1,25,23
fivb_vis:7066,2,25,10
fivb_vis:7066,3,25,14
fivb_vis:7067,1,17,25
fivb_vis:7067,2,25,16
fivb_vis:7067,3,25,17
fivb_vis:7067,4,25,16
fivb_vis:7068,1,25,22
fivb_vis:7068,2,25,16
fivb_vis:7068,3,26,24
fivb_vis:7069,1,27,29
fivb_vis:7069,2,23,25
fivb_vis:7069,3,21,25
fivb_vis:7070,1,25,14
fivb_vis:7070,2,25,15
fivb_vis:7070,3,25,11
fivb_vis:7071,1,25,19
fivb_vis:7071,2,22,25
fivb_vis:7071,3,23,25
fivb_vis:7071,4,23,25
fivb_vis:7072,1,22,25
fivb_vis:7072,2,23,25
fivb_vis:7072,3,23,25
fivb_vis:7073,1,14,25
fivb_vis:7073,2,16,25
fivb_vis:7073,3,20,25
fivb_vis:7074,1,28,26
fivb_vis:7074,2,25,17
fivb_vis:7074,3,17,25
fivb_vis:7074,4,25,19
fivb_vis:7075,1,19,25
fivb_vis:7075,2,16,25
fivb_vis:7075,3,17,25
fivb_vis:7076,1,16,25
fivb_vis:7076,2,11,25
fivb_vis:7076,3,21,25
fivb_vis:7077,1,25,22
fivb_vis:7077,2,25,18
fivb_vis:7077,3,25,21
fivb_vis:7078,1,20,25
fivb_vis:7078,2,25,23
fivb_vis:7078,3,23,25
fivb_vis:7078,4,25,23
fivb_vis:7078,5,15,13
fivb_vis:7079,1,25,18
fivb_vis:7079,2,25,19
fivb_vis:7079,3,25,15
fivb_vis:7080,1,18,25
fivb_vis:7080,2,25,22
fivb_vis:7080,3,25,14
fivb_vis:7080,4,25,21
fivb_vis:7081,1,21,25
fivb_vis:7081,2,21,25
fivb_vis:7081,3,14,25
fivb_vis:7082,1,22,25
fivb_vis:7082,2,16,25
fivb_vis:7082,3,25,27
fivb_vis:7083,1,25,19
fivb_vis:7083,2,25,22
fivb_vis:7083,3,27,29
fivb_vis:7083,4,24,26
fivb_vis:7083,5,12,15
fivb_vis:7084,1,20,25
fivb_vis:7084,2,25,22
fivb_vis:7084,3,12,25
fivb_vis:7084,4,20,25
fivb_vis:7085,1,16,25
fivb_vis:7085,2,14,25
fivb_vis:7085,3,17,25
fivb_vis:7086,1,25,23
fivb_vis:7086,2,25,27
fivb_vis:7086,3,25,27
fivb_vis:7086,4,25,21
fivb_vis:7086,5,9,15
fivb_vis:7087,1,25,23
fivb_vis:7087,2,25,11
fivb_vis:7087,3,28,26
fivb_vis:7088,1,25,17
fivb_vis:7088,2,26,24
fivb_vis:7088,3,25,23
fivb_vis:7089,1,25,22
fivb_vis:7089,2,25,16
fivb_vis:7089,3,25,19
fivb_vis:7090,1,25,20
fivb_vis:7090,2,13,25
fivb_vis:7090,3,25,21
fivb_vis:7090,4,30,32
fivb_vis:7090,5,11,15
fivb_vis:7091,1,25,19
fivb_vis:7091,2,25,17
fivb_vis:7091,3,25,18
fivb_vis:7092,1,13,25
fivb_vis:7092,2,25,22
fivb_vis:7092,3,23,25
fivb_vis:7092,4,21,25
fivb_vis:7093,1,25,18
fivb_vis:7093,2,17,25
fivb_vis:7093,3,25,21
fivb_vis:7093,4,18,25
fivb_vis:7093,5,15,9
fivb_vis:7094,1,26,28
fivb_vis:7094,2,25,20
fivb_vis:7094,3,25,19
fivb_vis:7094,4,25,19
fivb_vis:7095,1,29,27
fivb_vis:7095,2,25,19
fivb_vis:7095,3,20,25
fivb_vis:7095,4,21,25
fivb_vis:7095,5,14,16
fivb_vis:7096,1,25,19
fivb_vis:7096,2,20,25
fivb_vis:7096,3,10,25
fivb_vis:7096,4,19,25
fivb_vis:7097,1,25,22
fivb_vis:7097,2,25,13
fivb_vis:7097,3,29,31
fivb_vis:7097,4,17,25
fivb_vis:7097,5,12,15
fivb_vis:7098,1,20,25
fivb_vis:7098,2,22,25
fivb_vis:7098,3,23,25
fivb_vis:7099,1,19,25
fivb_vis:7099,2,26,24
fivb_vis:7099,3,25,20
fivb_vis:7099,4,27,29
fivb_vis:7099,5,11,15
fivb_vis:7100,1,25,16
fivb_vis:7100,2,25,18
fivb_vis:7100,3,25,15
fivb_vis:7101,1,20,25
fivb_vis:7101,2,18,25
fivb_vis:7101,3,22,25
fivb_vis:7102,1,25,22
fivb_vis:7102,2,25,16
fivb_vis:7102,3,25,23
fivb_vis:7103,1,20,25
fivb_vis:7103,2,20,25
fivb_vis:7103,3,25,27
fivb_vis:7104,1,25,22
fivb_vis:7104,2,25,18
fivb_vis:7104,3,16,25
fivb_vis:7104,4,44,42
fivb_vis:7105,1,28,26
fivb_vis:7105,2,25,20
fivb_vis:7105,3,16,25
fivb_vis:7105,4,17,25
fivb_vis:7105,5,10,15
fivb_vis:7106,1,20,25
fivb_vis:7106,2,25,19
fivb_vis:7106,3,22,25
fivb_vis:7106,4,25,27
fivb_vis:7107,1,17,25
fivb_vis:7107,2,17,25
fivb_vis:7107,3,16,25
fivb_vis:7108,1,26,24
fivb_vis:7108,2,22,25
fivb_vis:7108,3,25,19
fivb_vis:7108,4,17,25
fivb_vis:7108,5,18,16
fivb_vis:7109,1,25,21
fivb_vis:7109,2,25,17
fivb_vis:7109,3,25,18
fivb_vis:7110,1,25,23
fivb_vis:7110,2,25,19
fivb_vis:7110,3,29,27
fivb_vis:7111,1,23,25
fivb_vis:7111,2,22,25
fivb_vis:7111,3,25,20
fivb_vis:7111,4,24,26
fivb_vis:7112,1,21,25
fivb_vis:7112,2,25,23
fivb_vis:7112,3,11,25
fivb_vis:7112,4,25,20
fivb_vis:7112,5,9,15
fivb_vis:7113,1,20,25
fivb_vis:7113,2,18,25
fivb_vis:7113,3,25,20
fivb_vis:7113,4,32,34
fivb_vis:7114,1,25,23
fivb_vis:7114,2,19,25
fivb_vis:7114,3,21,25
fivb_vis:7114,4,19,25
fivb_vis:7115,1,25,23
fivb_vis:7115,2,27,29
fivb_vis:7115,3,21,25
fivb_vis:7115,4,25,18
fivb_vis:7115,5,15,8
fivb_vis:7116,1,25,16
fivb_vis:7116,2,20,25
fivb_vis:7116,3,24,26
fivb_vis:7116,4,25,20
fivb_vis:7116,5,15,9
fivb_vis:7117,1,21,25
fivb_vis:7117,2,15,25
fivb_vis:7117,3,25,27
fivb_vis:7118,1,18,25
fivb_vis:7118,2,23,25
fivb_vis:7118,3,23,25
fivb_vis:7529,1,25,19
fivb_vis:7529,2,16,25
fivb_vis:7529,3,18,25
fivb_vis:7529,4,17,25
fivb_vis:7530,1,12,25
fivb_vis:7530,2,21,25
fivb_vis:7530,3,17,25
fivb_vis:7531,1,25,23
fivb_vis:7531,2,25,17
fivb_vis:7531,3,25,21
fivb_vis:7532,1,25,11
fivb_vis:7532,2,25,12
fivb_vis:7532,3,25,11
fivb_vis:7533,1,25,6
fivb_vis:7533,2,25,7
fivb_vis:7533,3,25,11
fivb_vis:7534,1,23,25
fivb_vis:7534,2,25,23
fivb_vis:7534,3,25,19
fivb_vis:7534,4,23,25
fivb_vis:7534,5,15,11
fivb_vis:7508,1,18,25
fivb_vis:7508,2,16,25
fivb_vis:7508,3,16,25
fivb_vis:7509,1,24,26
fivb_vis:7509,2,25,27
fivb_vis:7509,3,22,25
fivb_vis:7510,1,13,25
fivb_vis:7510,2,25,18
fivb_vis:7510,3,25,27
fivb_vis:7510,4,25,18
fivb_vis:7510,5,14,16
fivb_vis:7511,1,17,25
fivb_vis:7511,2,15,25
fivb_vis:7511,3,17,25
fivb_vis:7512,1,25,15
fivb_vis:7512,2,25,19
fivb_vis:7512,3,25,20
fivb_vis:7513,1,15,25
fivb_vis:7513,2,18,25
fivb_vis:7513,3,20,25
fivb_vis:7514,1,29,31
fivb_vis:7514,2,12,25
fivb_vis:7514,3,21,25
fivb_vis:7515,1,25,15
fivb_vis:7515,2,25,18
fivb_vis:7515,3,25,16
fivb_vis:7516,1,21,25
fivb_vis:7516,2,12,25
fivb_vis:7516,3,25,20
fivb_vis:7516,4,17,25
fivb_vis:7517,1,25,18
fivb_vis:7517,2,23,25
fivb_vis:7517,3,21,25
fivb_vis:7517,4,21,25
fivb_vis:7518,1,18,25
fivb_vis:7518,2,25,18
fivb_vis:7518,3,22,25
fivb_vis:7518,4,25,27
fivb_vis:7519,1,29,27
fivb_vis:7519,2,21,25
fivb_vis:7519,3,25,22
fivb_vis:7519,4,25,20
fivb_vis:7520,1,26,24
fivb_vis:7520,2,25,22
fivb_vis:7520,3,25,20
fivb_vis:7521,1,25,19
fivb_vis:7521,2,23,25
fivb_vis:7521,3,23,25
fivb_vis:7521,4,25,18
fivb_vis:7521,5,15,7
fivb_vis:7522,1,25,17
fivb_vis:7522,2,21,25
fivb_vis:7522,3,25,10
fivb_vis:7522,4,22,25
fivb_vis:7522,5,15,12
fivb_vis:7523,1,26,24
fivb_vis:7523,2,23,25
fivb_vis:7523,3,18,25
fivb_vis:7523,4,25,22
fivb_vis:7523,5,13,15
fivb_vis:7524,1,25,13
fivb_vis:7524,2,25,22
fivb_vis:7524,3,25,18
fivb_vis:7525,1,25,20
fivb_vis:7525,2,25,19
fivb_vis:7525,3,25,19
fivb_vis:7526,1,16,25
fivb_vis:7526,2,14,25
fivb_vis:7526,3,22,25
fivb_vis:7527,1,15,25
fivb_vis:7527,2,13,25
fivb_vis:7527,3,12,25
fivb_vis:7528,1,25,16
fivb_vis:7528,2,26,24
fivb_vis:7528,3,25,15
fivb_vis:7354,1,25,14
fivb_vis:7354,2,25,21
fivb_vis:7354,3,25,15
fivb_vis:7355,1,11,25
fivb_vis:7355,2,21,25
fivb_vis:7355,3,14,25
fivb_vis:7356,1,25,3
fivb_vis:7356,2,25,11
fivb_vis:7356,3,25,9
fivb_vis:7535,1,25,21
fivb_vis:7535,2,25,16
fivb_vis:7535,3,25,20
fivb_vis:7536,1,19,25
fivb_vis:7536,2,25,20
fivb_vis:7536,3,24,26
fivb_vis:7536,4,18,25
fivb_vis:7537,1,25,18
fivb_vis:7537,2,25,22
fivb_vis:7537,3,25,19
fivb_vis:7538,1,16,25
fivb_vis:7538,2,18,25
fivb_vis:7538,3,24,26
fivb_vis:7539,1,17,25
fivb_vis:7539,2,25,19
fivb_vis:7539,3,25,23
fivb_vis:7539,4,23,25
fivb_vis:7539,5,16,14
fivb_vis:7540,1,19,25
fivb_vis:7540,2,25,21
fivb_vis:7540,3,13,25
fivb_vis:7540,4,19,25
